method,noise_sigma,noise_trial,task_id,receiver_id,seed,n_injected,n_positive_injected,n_harmful_injected,n_positive_total,method_reward,validation_precision,false_rejection,total_tau_true,total_tau_observed
smtr_tci,0.0,0,10,agent1,0,3,3,0,3,3.0,1.0,0.0,3.0,3.0
smtr_tci,0.0,0,10,agent1,1,1,1,0,1,1.0,1.0,0.0,1.0,1.0
smtr_tci,0.0,0,10,agent1,2,1,1,0,1,1.0,1.0,0.0,1.0,1.0
smtr_tci,0.0,0,100,agent1,1,0,0,0,0,0.0,0.0,0.0,0.0,0.0
smtr_tci,0.0,0,100,agent1,2,0,0,0,0,0.0,0.0,0.0,0.0,0.0
smtr_tci,0.0,0,11,agent1,1,0,0,0,0,0.0,0.0,0.0,0.0,0.0
smtr_tci,0.0,0,11,agent1,2,1,1,0,1,1.0,1.0,0.0,1.0,1.0
smtr_tci,0.0,0,13,agent1,2,0,0,0,0,1.0,0.0,0.0,0.0,0.0
smtr_tci,0.0,0,16,agent1,0,0,0,0,0,1.0,0.0,0.0,0.0,0.0
smtr_tci,0.0,0,16,agent1,1,0,0,0,0,1.0,0.0,0.0,0.0,0.0
smtr_tci,0.0,0,17,agent1,0,0,0,0,0,0.0,0.0,0.0,0.0,0.0
smtr_tci,0.0,0,17,agent1,1,1,1,0,1,1.0,1.0,0.0,1.0,1.0
smtr_tci,0.0,0,19,agent1,0,0,0,0,0,1.0,0.0,0.0,0.0,0.0
smtr_tci,0.0,0,19,agent1,1,1,1,0,1,1.0,1.0,0.0,1.0,1.0
smtr_tci,0.0,0,19,agent1,2,0,0,0,0,0.0,0.0,0.0,0.0,0.0
smtr_tci,0.0,0,2,agent1,2,1,1,0,1,1.0,1.0,0.0,1.0,1.0
smtr_tci,0.0,0,21,agent1,0,0,0,0,0,0.0,0.0,0.0,0.0,0.0
smtr_tci,0.0,0,21,agent1,2,1,1,0,1,1.0,1.0,0.0,1.0,1.0
smtr_tci,0.0,0,22,agent1,0,0,0,0,0,1.0,0.0,0.0,0.0,0.0
smtr_tci,0.0,0,22,agent1,1,0,0,0,0,1.0,0.0,0.0,0.0,0.0
smtr_tci,0.0,0,23,agent1,0,1,1,0,1,1.0,1.0,0.0,1.0,1.0
smtr_tci,0.0,0,23,agent1,1,2,2,0,2,2.0,1.0,0.0,2.0,2.0
smtr_tci,0.0,0,23,agent1,2,2,2,0,2,2.0,1.0,0.0,2.0,2.0
smtr_tci,0.0,0,26,agent1,0,0,0,0,0,1.0,0.0,0.0,0.0,0.0
smtr_tci,0.0,0,26,agent1,1,0,0,0,0,1.0,0.0,0.0,0.0,0.0
smtr_tci,0.0,0,26,agent1,2,0,0,0,0,1.0,0.0,0.0,0.0,0.0
smtr_tci,0.0,0,27,agent1,0,0,0,0,0,1.0,0.0,0.0,0.0,0.0
smtr_tci,0.0,0,27,agent1,1,0,0,0,0,1.0,0.0,0.0,0.0,0.0
smtr_tci,0.0,0,27,agent1,2,0,0,0,0,1.0,0.0,0.0,0.0,0.0
smtr_tci,0.0,0,29,agent1,0,1,1,0,1,1.0,1.0,0.0,1.0,1.0
smtr_tci,0.0,0,29,agent1,1,0,0,0,0,0.0,0.0,0.0,0.0,0.0
smtr_tci,0.0,0,3,agent1,0,0,0,0,0,1.0,0.0,0.0,0.0,0.0
smtr_tci,0.0,0,3,agent1,1,1,1,0,1,1.0,1.0,0.0,1.0,1.0
smtr_tci,0.0,0,30,agent1,2,0,0,0,0,1.0,0.0,0.0,0.0,0.0
smtr_tci,0.0,0,31,agent1,1,0,0,0,0,0.0,0.0,0.0,0.0,0.0
smtr_tci,0.0,0,31,agent1,2,0,0,0,0,1.0,0.0,0.0,0.0,0.0
smtr_tci,0.0,0,32,agent1,0,0,0,0,0,1.0,0.0,0.0,0.0,0.0
smtr_tci,0.0,0,32,agent1,1,2,2,0,2,2.0,1.0,0.0,2.0,2.0
smtr_tci,0.0,0,33,agent1,1,2,2,0,2,2.0,1.0,0.0,2.0,2.0
smtr_tci,0.0,0,33,agent1,2,0,0,0,0,0.0,0.0,0.0,0.0,0.0
smtr_tci,0.0,0,34,agent1,0,0,0,0,0,0.0,0.0,0.0,0.0,0.0
smtr_tci,0.0,0,34,agent1,1,2,2,0,2,2.0,1.0,0.0,2.0,2.0
smtr_tci,0.0,0,34,agent1,2,2,2,0,2,2.0,1.0,0.0,2.0,2.0
smtr_tci,0.0,0,36,agent1,0,0,0,0,0,1.0,0.0,0.0,0.0,0.0
smtr_tci,0.0,0,36,agent1,1,0,0,0,0,1.0,0.0,0.0,0.0,0.0
smtr_tci,0.0,0,36,agent1,2,0,0,0,0,1.0,0.0,0.0,0.0,0.0
smtr_tci,0.0,0,37,agent1,0,0,0,0,0,1.0,0.0,0.0,0.0,0.0
smtr_tci,0.0,0,37,agent1,1,0,0,0,0,1.0,0.0,0.0,0.0,0.0
smtr_tci,0.0,0,37,agent1,2,0,0,0,0,1.0,0.0,0.0,0.0,0.0
smtr_tci,0.0,0,41,agent1,0,0,0,0,0,1.0,0.0,0.0,0.0,0.0
smtr_tci,0.0,0,41,agent1,1,4,4,0,4,4.0,1.0,0.0,4.0,4.0
smtr_tci,0.0,0,41,agent1,2,0,0,0,0,1.0,0.0,0.0,0.0,0.0
smtr_tci,0.0,0,42,agent1,0,0,0,0,0,1.0,0.0,0.0,0.0,0.0
smtr_tci,0.0,0,42,agent1,1,0,0,0,0,1.0,0.0,0.0,0.0,0.0
smtr_tci,0.0,0,42,agent1,2,0,0,0,0,1.0,0.0,0.0,0.0,0.0
smtr_tci,0.0,0,48,agent1,0,0,0,0,0,1.0,0.0,0.0,0.0,0.0
smtr_tci,0.0,0,48,agent1,2,0,0,0,0,1.0,0.0,0.0,0.0,0.0
smtr_tci,0.0,0,51,agent1,0,0,0,0,0,0.0,0.0,0.0,0.0,0.0
smtr_tci,0.0,0,51,agent1,1,0,0,0,0,0.0,0.0,0.0,0.0,0.0
smtr_tci,0.0,0,51,agent1,2,1,1,0,1,1.0,1.0,0.0,1.0,1.0
smtr_tci,0.0,0,57,agent1,0,0,0,0,0,0.0,0.0,0.0,0.0,0.0
smtr_tci,0.0,0,57,agent1,1,0,0,0,0,0.0,0.0,0.0,0.0,0.0
smtr_tci,0.0,0,57,agent1,2,0,0,0,0,0.0,0.0,0.0,0.0,0.0
smtr_tci,0.0,0,60,agent1,0,0,0,0,0,1.0,0.0,0.0,0.0,0.0
smtr_tci,0.0,0,60,agent1,1,0,0,0,0,1.0,0.0,0.0,0.0,0.0
smtr_tci,0.0,0,60,agent1,2,0,0,0,0,1.0,0.0,0.0,0.0,0.0
smtr_tci,0.0,0,61,agent1,0,0,0,0,0,0.0,0.0,0.0,0.0,0.0
smtr_tci,0.0,0,61,agent1,1,0,0,0,0,0.0,0.0,0.0,0.0,0.0
smtr_tci,0.0,0,61,agent1,2,0,0,0,0,0.0,0.0,0.0,0.0,0.0
smtr_tci,0.0,0,63,agent1,0,0,0,0,0,0.0,0.0,0.0,0.0,0.0
smtr_tci,0.0,0,63,agent1,1,0,0,0,0,0.0,0.0,0.0,0.0,0.0
smtr_tci,0.0,0,63,agent1,2,0,0,0,0,0.0,0.0,0.0,0.0,0.0
smtr_tci,0.0,0,64,agent1,0,0,0,0,0,0.0,0.0,0.0,0.0,0.0
smtr_tci,0.0,0,64,agent1,2,0,0,0,0,0.0,0.0,0.0,0.0,0.0
smtr_tci,0.0,0,65,agent1,0,0,0,0,0,1.0,0.0,0.0,0.0,0.0
smtr_tci,0.0,0,65,agent1,1,0,0,0,0,1.0,0.0,0.0,0.0,0.0
smtr_tci,0.0,0,65,agent1,2,0,0,0,0,1.0,0.0,0.0,0.0,0.0
smtr_tci,0.0,0,68,agent1,0,0,0,0,0,0.0,0.0,0.0,0.0,0.0
smtr_tci,0.0,0,68,agent1,1,0,0,0,0,0.0,0.0,0.0,0.0,0.0
smtr_tci,0.0,0,68,agent1,2,0,0,0,0,0.0,0.0,0.0,0.0,0.0
smtr_tci,0.0,0,69,agent1,0,0,0,0,0,1.0,0.0,0.0,0.0,0.0
smtr_tci,0.0,0,69,agent1,1,0,0,0,0,1.0,0.0,0.0,0.0,0.0
smtr_tci,0.0,0,69,agent1,2,4,4,0,4,4.0,1.0,0.0,4.0,4.0
smtr_tci,0.0,0,70,agent1,0,0,0,0,0,0.0,0.0,0.0,0.0,0.0
smtr_tci,0.0,0,70,agent1,1,0,0,0,0,0.0,0.0,0.0,0.0,0.0
smtr_tci,0.0,0,72,agent1,0,0,0,0,0,1.0,0.0,0.0,0.0,0.0
smtr_tci,0.0,0,72,agent1,1,0,0,0,0,1.0,0.0,0.0,0.0,0.0
smtr_tci,0.0,0,72,agent1,2,0,0,0,0,1.0,0.0,0.0,0.0,0.0
smtr_tci,0.0,0,73,agent1,1,0,0,0,0,0.0,0.0,0.0,0.0,0.0
smtr_tci,0.0,0,73,agent1,2,0,0,0,0,0.0,0.0,0.0,0.0,0.0
smtr_tci,0.0,0,75,agent1,0,0,0,0,0,0.0,0.0,0.0,0.0,0.0
smtr_tci,0.0,0,75,agent1,1,0,0,0,0,0.0,0.0,0.0,0.0,0.0
smtr_tci,0.0,0,75,agent1,2,0,0,0,0,0.0,0.0,0.0,0.0,0.0
smtr_tci,0.0,0,76,agent1,1,0,0,0,0,1.0,0.0,0.0,0.0,0.0
smtr_tci,0.0,0,77,agent1,0,0,0,0,0,0.0,0.0,0.0,0.0,0.0
smtr_tci,0.0,0,77,agent1,2,0,0,0,0,0.0,0.0,0.0,0.0,0.0
smtr_tci,0.0,0,79,agent1,0,0,0,0,0,0.0,0.0,0.0,0.0,0.0
smtr_tci,0.0,0,79,agent1,2,0,0,0,0,0.0,0.0,0.0,0.0,0.0
smtr_tci,0.0,0,8,agent1,0,0,0,0,0,1.0,0.0,0.0,0.0,0.0
smtr_tci,0.0,0,80,agent1,0,0,0,0,0,0.0,0.0,0.0,0.0,0.0
smtr_tci,0.0,0,80,agent1,1,0,0,0,0,0.0,0.0,0.0,0.0,0.0
smtr_tci,0.0,0,80,agent1,2,0,0,0,0,0.0,0.0,0.0,0.0,0.0
smtr_tci,0.0,0,82,agent1,0,0,0,0,0,0.0,0.0,0.0,0.0,0.0
smtr_tci,0.0,0,82,agent1,1,0,0,0,0,0.0,0.0,0.0,0.0,0.0
smtr_tci,0.0,0,84,agent1,0,0,0,0,0,0.0,0.0,0.0,0.0,0.0
smtr_tci,0.0,0,84,agent1,1,0,0,0,0,0.0,0.0,0.0,0.0,0.0
smtr_tci,0.0,0,84,agent1,2,0,0,0,0,0.0,0.0,0.0,0.0,0.0
smtr_tci,0.0,0,85,agent1,0,0,0,0,0,0.0,0.0,0.0,0.0,0.0
smtr_tci,0.0,0,85,agent1,1,0,0,0,0,0.0,0.0,0.0,0.0,0.0
smtr_tci,0.0,0,87,agent1,0,0,0,0,0,0.0,0.0,0.0,0.0,0.0
smtr_tci,0.0,0,87,agent1,2,0,0,0,0,0.0,0.0,0.0,0.0,0.0
smtr_tci,0.0,0,88,agent1,1,0,0,0,0,0.0,0.0,0.0,0.0,0.0
smtr_tci,0.0,0,88,agent1,2,0,0,0,0,0.0,0.0,0.0,0.0,0.0
smtr_tci,0.0,0,89,agent1,1,0,0,0,0,0.0,0.0,0.0,0.0,0.0
smtr_tci,0.0,0,89,agent1,2,0,0,0,0,0.0,0.0,0.0,0.0,0.0
smtr_tci,0.0,0,9,agent1,0,4,4,0,4,4.0,1.0,0.0,4.0,4.0
smtr_tci,0.0,0,9,agent1,1,0,0,0,0,1.0,0.0,0.0,0.0,0.0
smtr_tci,0.0,0,9,agent1,2,0,0,0,0,1.0,0.0,0.0,0.0,0.0
smtr_tci,0.0,1,10,agent1,0,3,3,0,3,3.0,1.0,0.0,3.0,3.0
smtr_tci,0.0,1,10,agent1,1,1,1,0,1,1.0,1.0,0.0,1.0,1.0
smtr_tci,0.0,1,10,agent1,2,1,1,0,1,1.0,1.0,0.0,1.0,1.0
smtr_tci,0.0,1,100,agent1,1,0,0,0,0,0.0,0.0,0.0,0.0,0.0
smtr_tci,0.0,1,100,agent1,2,0,0,0,0,0.0,0.0,0.0,0.0,0.0
smtr_tci,0.0,1,11,agent1,1,0,0,0,0,0.0,0.0,0.0,0.0,0.0
smtr_tci,0.0,1,11,agent1,2,1,1,0,1,1.0,1.0,0.0,1.0,1.0
smtr_tci,0.0,1,13,agent1,2,0,0,0,0,1.0,0.0,0.0,0.0,0.0
smtr_tci,0.0,1,16,agent1,0,0,0,0,0,1.0,0.0,0.0,0.0,0.0
smtr_tci,0.0,1,16,agent1,1,0,0,0,0,1.0,0.0,0.0,0.0,0.0
smtr_tci,0.0,1,17,agent1,0,0,0,0,0,0.0,0.0,0.0,0.0,0.0
smtr_tci,0.0,1,17,agent1,1,1,1,0,1,1.0,1.0,0.0,1.0,1.0
smtr_tci,0.0,1,19,agent1,0,0,0,0,0,1.0,0.0,0.0,0.0,0.0
smtr_tci,0.0,1,19,agent1,1,1,1,0,1,1.0,1.0,0.0,1.0,1.0
smtr_tci,0.0,1,19,agent1,2,0,0,0,0,0.0,0.0,0.0,0.0,0.0
smtr_tci,0.0,1,2,agent1,2,1,1,0,1,1.0,1.0,0.0,1.0,1.0
smtr_tci,0.0,1,21,agent1,0,0,0,0,0,0.0,0.0,0.0,0.0,0.0
smtr_tci,0.0,1,21,agent1,2,1,1,0,1,1.0,1.0,0.0,1.0,1.0
smtr_tci,0.0,1,22,agent1,0,0,0,0,0,1.0,0.0,0.0,0.0,0.0
smtr_tci,0.0,1,22,agent1,1,0,0,0,0,1.0,0.0,0.0,0.0,0.0
smtr_tci,0.0,1,23,agent1,0,1,1,0,1,1.0,1.0,0.0,1.0,1.0
smtr_tci,0.0,1,23,agent1,1,2,2,0,2,2.0,1.0,0.0,2.0,2.0
smtr_tci,0.0,1,23,agent1,2,2,2,0,2,2.0,1.0,0.0,2.0,2.0
smtr_tci,0.0,1,26,agent1,0,0,0,0,0,1.0,0.0,0.0,0.0,0.0
smtr_tci,0.0,1,26,agent1,1,0,0,0,0,1.0,0.0,0.0,0.0,0.0
smtr_tci,0.0,1,26,agent1,2,0,0,0,0,1.0,0.0,0.0,0.0,0.0
smtr_tci,0.0,1,27,agent1,0,0,0,0,0,1.0,0.0,0.0,0.0,0.0
smtr_tci,0.0,1,27,agent1,1,0,0,0,0,1.0,0.0,0.0,0.0,0.0
smtr_tci,0.0,1,27,agent1,2,0,0,0,0,1.0,0.0,0.0,0.0,0.0
smtr_tci,0.0,1,29,agent1,0,1,1,0,1,1.0,1.0,0.0,1.0,1.0
smtr_tci,0.0,1,29,agent1,1,0,0,0,0,0.0,0.0,0.0,0.0,0.0
smtr_tci,0.0,1,3,agent1,0,0,0,0,0,1.0,0.0,0.0,0.0,0.0
smtr_tci,0.0,1,3,agent1,1,1,1,0,1,1.0,1.0,0.0,1.0,1.0
smtr_tci,0.0,1,30,agent1,2,0,0,0,0,1.0,0.0,0.0,0.0,0.0
smtr_tci,0.0,1,31,agent1,1,0,0,0,0,0.0,0.0,0.0,0.0,0.0
smtr_tci,0.0,1,31,agent1,2,0,0,0,0,1.0,0.0,0.0,0.0,0.0
smtr_tci,0.0,1,32,agent1,0,0,0,0,0,1.0,0.0,0.0,0.0,0.0
smtr_tci,0.0,1,32,agent1,1,2,2,0,2,2.0,1.0,0.0,2.0,2.0
smtr_tci,0.0,1,33,agent1,1,2,2,0,2,2.0,1.0,0.0,2.0,2.0
smtr_tci,0.0,1,33,agent1,2,0,0,0,0,0.0,0.0,0.0,0.0,0.0
smtr_tci,0.0,1,34,agent1,0,0,0,0,0,0.0,0.0,0.0,0.0,0.0
smtr_tci,0.0,1,34,agent1,1,2,2,0,2,2.0,1.0,0.0,2.0,2.0
smtr_tci,0.0,1,34,agent1,2,2,2,0,2,2.0,1.0,0.0,2.0,2.0
smtr_tci,0.0,1,36,agent1,0,0,0,0,0,1.0,0.0,0.0,0.0,0.0
smtr_tci,0.0,1,36,agent1,1,0,0,0,0,1.0,0.0,0.0,0.0,0.0
smtr_tci,0.0,1,36,agent1,2,0,0,0,0,1.0,0.0,0.0,0.0,0.0
smtr_tci,0.0,1,37,agent1,0,0,0,0,0,1.0,0.0,0.0,0.0,0.0
smtr_tci,0.0,1,37,agent1,1,0,0,0,0,1.0,0.0,0.0,0.0,0.0
smtr_tci,0.0,1,37,agent1,2,0,0,0,0,1.0,0.0,0.0,0.0,0.0
smtr_tci,0.0,1,41,agent1,0,0,0,0,0,1.0,0.0,0.0,0.0,0.0
smtr_tci,0.0,1,41,agent1,1,4,4,0,4,4.0,1.0,0.0,4.0,4.0
smtr_tci,0.0,1,41,agent1,2,0,0,0,0,1.0,0.0,0.0,0.0,0.0
smtr_tci,0.0,1,42,agent1,0,0,0,0,0,1.0,0.0,0.0,0.0,0.0
smtr_tci,0.0,1,42,agent1,1,0,0,0,0,1.0,0.0,0.0,0.0,0.0
smtr_tci,0.0,1,42,agent1,2,0,0,0,0,1.0,0.0,0.0,0.0,0.0
smtr_tci,0.0,1,48,agent1,0,0,0,0,0,1.0,0.0,0.0,0.0,0.0
smtr_tci,0.0,1,48,agent1,2,0,0,0,0,1.0,0.0,0.0,0.0,0.0
smtr_tci,0.0,1,51,agent1,0,0,0,0,0,0.0,0.0,0.0,0.0,0.0
smtr_tci,0.0,1,51,agent1,1,0,0,0,0,0.0,0.0,0.0,0.0,0.0
smtr_tci,0.0,1,51,agent1,2,1,1,0,1,1.0,1.0,0.0,1.0,1.0
smtr_tci,0.0,1,57,agent1,0,0,0,0,0,0.0,0.0,0.0,0.0,0.0
smtr_tci,0.0,1,57,agent1,1,0,0,0,0,0.0,0.0,0.0,0.0,0.0
smtr_tci,0.0,1,57,agent1,2,0,0,0,0,0.0,0.0,0.0,0.0,0.0
smtr_tci,0.0,1,60,agent1,0,0,0,0,0,1.0,0.0,0.0,0.0,0.0
smtr_tci,0.0,1,60,agent1,1,0,0,0,0,1.0,0.0,0.0,0.0,0.0
smtr_tci,0.0,1,60,agent1,2,0,0,0,0,1.0,0.0,0.0,0.0,0.0
smtr_tci,0.0,1,61,agent1,0,0,0,0,0,0.0,0.0,0.0,0.0,0.0
smtr_tci,0.0,1,61,agent1,1,0,0,0,0,0.0,0.0,0.0,0.0,0.0
smtr_tci,0.0,1,61,agent1,2,0,0,0,0,0.0,0.0,0.0,0.0,0.0
smtr_tci,0.0,1,63,agent1,0,0,0,0,0,0.0,0.0,0.0,0.0,0.0
smtr_tci,0.0,1,63,agent1,1,0,0,0,0,0.0,0.0,0.0,0.0,0.0
smtr_tci,0.0,1,63,agent1,2,0,0,0,0,0.0,0.0,0.0,0.0,0.0
smtr_tci,0.0,1,64,agent1,0,0,0,0,0,0.0,0.0,0.0,0.0,0.0
smtr_tci,0.0,1,64,agent1,2,0,0,0,0,0.0,0.0,0.0,0.0,0.0
smtr_tci,0.0,1,65,agent1,0,0,0,0,0,1.0,0.0,0.0,0.0,0.0
smtr_tci,0.0,1,65,agent1,1,0,0,0,0,1.0,0.0,0.0,0.0,0.0
smtr_tci,0.0,1,65,agent1,2,0,0,0,0,1.0,0.0,0.0,0.0,0.0
smtr_tci,0.0,1,68,agent1,0,0,0,0,0,0.0,0.0,0.0,0.0,0.0
smtr_tci,0.0,1,68,agent1,1,0,0,0,0,0.0,0.0,0.0,0.0,0.0
smtr_tci,0.0,1,68,agent1,2,0,0,0,0,0.0,0.0,0.0,0.0,0.0
smtr_tci,0.0,1,69,agent1,0,0,0,0,0,1.0,0.0,0.0,0.0,0.0
smtr_tci,0.0,1,69,agent1,1,0,0,0,0,1.0,0.0,0.0,0.0,0.0
smtr_tci,0.0,1,69,agent1,2,4,4,0,4,4.0,1.0,0.0,4.0,4.0
smtr_tci,0.0,1,70,agent1,0,0,0,0,0,0.0,0.0,0.0,0.0,0.0
smtr_tci,0.0,1,70,agent1,1,0,0,0,0,0.0,0.0,0.0,0.0,0.0
smtr_tci,0.0,1,72,agent1,0,0,0,0,0,1.0,0.0,0.0,0.0,0.0
smtr_tci,0.0,1,72,agent1,1,0,0,0,0,1.0,0.0,0.0,0.0,0.0
smtr_tci,0.0,1,72,agent1,2,0,0,0,0,1.0,0.0,0.0,0.0,0.0
smtr_tci,0.0,1,73,agent1,1,0,0,0,0,0.0,0.0,0.0,0.0,0.0
smtr_tci,0.0,1,73,agent1,2,0,0,0,0,0.0,0.0,0.0,0.0,0.0
smtr_tci,0.0,1,75,agent1,0,0,0,0,0,0.0,0.0,0.0,0.0,0.0
smtr_tci,0.0,1,75,agent1,1,0,0,0,0,0.0,0.0,0.0,0.0,0.0
smtr_tci,0.0,1,75,agent1,2,0,0,0,0,0.0,0.0,0.0,0.0,0.0
smtr_tci,0.0,1,76,agent1,1,0,0,0,0,1.0,0.0,0.0,0.0,0.0
smtr_tci,0.0,1,77,agent1,0,0,0,0,0,0.0,0.0,0.0,0.0,0.0
smtr_tci,0.0,1,77,agent1,2,0,0,0,0,0.0,0.0,0.0,0.0,0.0
smtr_tci,0.0,1,79,agent1,0,0,0,0,0,0.0,0.0,0.0,0.0,0.0
smtr_tci,0.0,1,79,agent1,2,0,0,0,0,0.0,0.0,0.0,0.0,0.0
smtr_tci,0.0,1,8,agent1,0,0,0,0,0,1.0,0.0,0.0,0.0,0.0
smtr_tci,0.0,1,80,agent1,0,0,0,0,0,0.0,0.0,0.0,0.0,0.0
smtr_tci,0.0,1,80,agent1,1,0,0,0,0,0.0,0.0,0.0,0.0,0.0
smtr_tci,0.0,1,80,agent1,2,0,0,0,0,0.0,0.0,0.0,0.0,0.0
smtr_tci,0.0,1,82,agent1,0,0,0,0,0,0.0,0.0,0.0,0.0,0.0
smtr_tci,0.0,1,82,agent1,1,0,0,0,0,0.0,0.0,0.0,0.0,0.0
smtr_tci,0.0,1,84,agent1,0,0,0,0,0,0.0,0.0,0.0,0.0,0.0
smtr_tci,0.0,1,84,agent1,1,0,0,0,0,0.0,0.0,0.0,0.0,0.0
smtr_tci,0.0,1,84,agent1,2,0,0,0,0,0.0,0.0,0.0,0.0,0.0
smtr_tci,0.0,1,85,agent1,0,0,0,0,0,0.0,0.0,0.0,0.0,0.0
smtr_tci,0.0,1,85,agent1,1,0,0,0,0,0.0,0.0,0.0,0.0,0.0
smtr_tci,0.0,1,87,agent1,0,0,0,0,0,0.0,0.0,0.0,0.0,0.0
smtr_tci,0.0,1,87,agent1,2,0,0,0,0,0.0,0.0,0.0,0.0,0.0
smtr_tci,0.0,1,88,agent1,1,0,0,0,0,0.0,0.0,0.0,0.0,0.0
smtr_tci,0.0,1,88,agent1,2,0,0,0,0,0.0,0.0,0.0,0.0,0.0
smtr_tci,0.0,1,89,agent1,1,0,0,0,0,0.0,0.0,0.0,0.0,0.0
smtr_tci,0.0,1,89,agent1,2,0,0,0,0,0.0,0.0,0.0,0.0,0.0
smtr_tci,0.0,1,9,agent1,0,4,4,0,4,4.0,1.0,0.0,4.0,4.0
smtr_tci,0.0,1,9,agent1,1,0,0,0,0,1.0,0.0,0.0,0.0,0.0
smtr_tci,0.0,1,9,agent1,2,0,0,0,0,1.0,0.0,0.0,0.0,0.0
smtr_tci,0.0,2,10,agent1,0,3,3,0,3,3.0,1.0,0.0,3.0,3.0
smtr_tci,0.0,2,10,agent1,1,1,1,0,1,1.0,1.0,0.0,1.0,1.0
smtr_tci,0.0,2,10,agent1,2,1,1,0,1,1.0,1.0,0.0,1.0,1.0
smtr_tci,0.0,2,100,agent1,1,0,0,0,0,0.0,0.0,0.0,0.0,0.0
smtr_tci,0.0,2,100,agent1,2,0,0,0,0,0.0,0.0,0.0,0.0,0.0
smtr_tci,0.0,2,11,agent1,1,0,0,0,0,0.0,0.0,0.0,0.0,0.0
smtr_tci,0.0,2,11,agent1,2,1,1,0,1,1.0,1.0,0.0,1.0,1.0
smtr_tci,0.0,2,13,agent1,2,0,0,0,0,1.0,0.0,0.0,0.0,0.0
smtr_tci,0.0,2,16,agent1,0,0,0,0,0,1.0,0.0,0.0,0.0,0.0
smtr_tci,0.0,2,16,agent1,1,0,0,0,0,1.0,0.0,0.0,0.0,0.0
smtr_tci,0.0,2,17,agent1,0,0,0,0,0,0.0,0.0,0.0,0.0,0.0
smtr_tci,0.0,2,17,agent1,1,1,1,0,1,1.0,1.0,0.0,1.0,1.0
smtr_tci,0.0,2,19,agent1,0,0,0,0,0,1.0,0.0,0.0,0.0,0.0
smtr_tci,0.0,2,19,agent1,1,1,1,0,1,1.0,1.0,0.0,1.0,1.0
smtr_tci,0.0,2,19,agent1,2,0,0,0,0,0.0,0.0,0.0,0.0,0.0
smtr_tci,0.0,2,2,agent1,2,1,1,0,1,1.0,1.0,0.0,1.0,1.0
smtr_tci,0.0,2,21,agent1,0,0,0,0,0,0.0,0.0,0.0,0.0,0.0
smtr_tci,0.0,2,21,agent1,2,1,1,0,1,1.0,1.0,0.0,1.0,1.0
smtr_tci,0.0,2,22,agent1,0,0,0,0,0,1.0,0.0,0.0,0.0,0.0
smtr_tci,0.0,2,22,agent1,1,0,0,0,0,1.0,0.0,0.0,0.0,0.0
smtr_tci,0.0,2,23,agent1,0,1,1,0,1,1.0,1.0,0.0,1.0,1.0
smtr_tci,0.0,2,23,agent1,1,2,2,0,2,2.0,1.0,0.0,2.0,2.0
smtr_tci,0.0,2,23,agent1,2,2,2,0,2,2.0,1.0,0.0,2.0,2.0
smtr_tci,0.0,2,26,agent1,0,0,0,0,0,1.0,0.0,0.0,0.0,0.0
smtr_tci,0.0,2,26,agent1,1,0,0,0,0,1.0,0.0,0.0,0.0,0.0
smtr_tci,0.0,2,26,agent1,2,0,0,0,0,1.0,0.0,0.0,0.0,0.0
smtr_tci,0.0,2,27,agent1,0,0,0,0,0,1.0,0.0,0.0,0.0,0.0
smtr_tci,0.0,2,27,agent1,1,0,0,0,0,1.0,0.0,0.0,0.0,0.0
smtr_tci,0.0,2,27,agent1,2,0,0,0,0,1.0,0.0,0.0,0.0,0.0
smtr_tci,0.0,2,29,agent1,0,1,1,0,1,1.0,1.0,0.0,1.0,1.0
smtr_tci,0.0,2,29,agent1,1,0,0,0,0,0.0,0.0,0.0,0.0,0.0
smtr_tci,0.0,2,3,agent1,0,0,0,0,0,1.0,0.0,0.0,0.0,0.0
smtr_tci,0.0,2,3,agent1,1,1,1,0,1,1.0,1.0,0.0,1.0,1.0
smtr_tci,0.0,2,30,agent1,2,0,0,0,0,1.0,0.0,0.0,0.0,0.0
smtr_tci,0.0,2,31,agent1,1,0,0,0,0,0.0,0.0,0.0,0.0,0.0
smtr_tci,0.0,2,31,agent1,2,0,0,0,0,1.0,0.0,0.0,0.0,0.0
smtr_tci,0.0,2,32,agent1,0,0,0,0,0,1.0,0.0,0.0,0.0,0.0
smtr_tci,0.0,2,32,agent1,1,2,2,0,2,2.0,1.0,0.0,2.0,2.0
smtr_tci,0.0,2,33,agent1,1,2,2,0,2,2.0,1.0,0.0,2.0,2.0
smtr_tci,0.0,2,33,agent1,2,0,0,0,0,0.0,0.0,0.0,0.0,0.0
smtr_tci,0.0,2,34,agent1,0,0,0,0,0,0.0,0.0,0.0,0.0,0.0
smtr_tci,0.0,2,34,agent1,1,2,2,0,2,2.0,1.0,0.0,2.0,2.0
smtr_tci,0.0,2,34,agent1,2,2,2,0,2,2.0,1.0,0.0,2.0,2.0
smtr_tci,0.0,2,36,agent1,0,0,0,0,0,1.0,0.0,0.0,0.0,0.0
smtr_tci,0.0,2,36,agent1,1,0,0,0,0,1.0,0.0,0.0,0.0,0.0
smtr_tci,0.0,2,36,agent1,2,0,0,0,0,1.0,0.0,0.0,0.0,0.0
smtr_tci,0.0,2,37,agent1,0,0,0,0,0,1.0,0.0,0.0,0.0,0.0
smtr_tci,0.0,2,37,agent1,1,0,0,0,0,1.0,0.0,0.0,0.0,0.0
smtr_tci,0.0,2,37,agent1,2,0,0,0,0,1.0,0.0,0.0,0.0,0.0
smtr_tci,0.0,2,41,agent1,0,0,0,0,0,1.0,0.0,0.0,0.0,0.0
smtr_tci,0.0,2,41,agent1,1,4,4,0,4,4.0,1.0,0.0,4.0,4.0
smtr_tci,0.0,2,41,agent1,2,0,0,0,0,1.0,0.0,0.0,0.0,0.0
smtr_tci,0.0,2,42,agent1,0,0,0,0,0,1.0,0.0,0.0,0.0,0.0
smtr_tci,0.0,2,42,agent1,1,0,0,0,0,1.0,0.0,0.0,0.0,0.0
smtr_tci,0.0,2,42,agent1,2,0,0,0,0,1.0,0.0,0.0,0.0,0.0
smtr_tci,0.0,2,48,agent1,0,0,0,0,0,1.0,0.0,0.0,0.0,0.0
smtr_tci,0.0,2,48,agent1,2,0,0,0,0,1.0,0.0,0.0,0.0,0.0
smtr_tci,0.0,2,51,agent1,0,0,0,0,0,0.0,0.0,0.0,0.0,0.0
smtr_tci,0.0,2,51,agent1,1,0,0,0,0,0.0,0.0,0.0,0.0,0.0
smtr_tci,0.0,2,51,agent1,2,1,1,0,1,1.0,1.0,0.0,1.0,1.0
smtr_tci,0.0,2,57,agent1,0,0,0,0,0,0.0,0.0,0.0,0.0,0.0
smtr_tci,0.0,2,57,agent1,1,0,0,0,0,0.0,0.0,0.0,0.0,0.0
smtr_tci,0.0,2,57,agent1,2,0,0,0,0,0.0,0.0,0.0,0.0,0.0
smtr_tci,0.0,2,60,agent1,0,0,0,0,0,1.0,0.0,0.0,0.0,0.0
smtr_tci,0.0,2,60,agent1,1,0,0,0,0,1.0,0.0,0.0,0.0,0.0
smtr_tci,0.0,2,60,agent1,2,0,0,0,0,1.0,0.0,0.0,0.0,0.0
smtr_tci,0.0,2,61,agent1,0,0,0,0,0,0.0,0.0,0.0,0.0,0.0
smtr_tci,0.0,2,61,agent1,1,0,0,0,0,0.0,0.0,0.0,0.0,0.0
smtr_tci,0.0,2,61,agent1,2,0,0,0,0,0.0,0.0,0.0,0.0,0.0
smtr_tci,0.0,2,63,agent1,0,0,0,0,0,0.0,0.0,0.0,0.0,0.0
smtr_tci,0.0,2,63,agent1,1,0,0,0,0,0.0,0.0,0.0,0.0,0.0
smtr_tci,0.0,2,63,agent1,2,0,0,0,0,0.0,0.0,0.0,0.0,0.0
smtr_tci,0.0,2,64,agent1,0,0,0,0,0,0.0,0.0,0.0,0.0,0.0
smtr_tci,0.0,2,64,agent1,2,0,0,0,0,0.0,0.0,0.0,0.0,0.0
smtr_tci,0.0,2,65,agent1,0,0,0,0,0,1.0,0.0,0.0,0.0,0.0
smtr_tci,0.0,2,65,agent1,1,0,0,0,0,1.0,0.0,0.0,0.0,0.0
smtr_tci,0.0,2,65,agent1,2,0,0,0,0,1.0,0.0,0.0,0.0,0.0
smtr_tci,0.0,2,68,agent1,0,0,0,0,0,0.0,0.0,0.0,0.0,0.0
smtr_tci,0.0,2,68,agent1,1,0,0,0,0,0.0,0.0,0.0,0.0,0.0
smtr_tci,0.0,2,68,agent1,2,0,0,0,0,0.0,0.0,0.0,0.0,0.0
smtr_tci,0.0,2,69,agent1,0,0,0,0,0,1.0,0.0,0.0,0.0,0.0
smtr_tci,0.0,2,69,agent1,1,0,0,0,0,1.0,0.0,0.0,0.0,0.0
smtr_tci,0.0,2,69,agent1,2,4,4,0,4,4.0,1.0,0.0,4.0,4.0
smtr_tci,0.0,2,70,agent1,0,0,0,0,0,0.0,0.0,0.0,0.0,0.0
smtr_tci,0.0,2,70,agent1,1,0,0,0,0,0.0,0.0,0.0,0.0,0.0
smtr_tci,0.0,2,72,agent1,0,0,0,0,0,1.0,0.0,0.0,0.0,0.0
smtr_tci,0.0,2,72,agent1,1,0,0,0,0,1.0,0.0,0.0,0.0,0.0
smtr_tci,0.0,2,72,agent1,2,0,0,0,0,1.0,0.0,0.0,0.0,0.0
smtr_tci,0.0,2,73,agent1,1,0,0,0,0,0.0,0.0,0.0,0.0,0.0
smtr_tci,0.0,2,73,agent1,2,0,0,0,0,0.0,0.0,0.0,0.0,0.0
smtr_tci,0.0,2,75,agent1,0,0,0,0,0,0.0,0.0,0.0,0.0,0.0
smtr_tci,0.0,2,75,agent1,1,0,0,0,0,0.0,0.0,0.0,0.0,0.0
smtr_tci,0.0,2,75,agent1,2,0,0,0,0,0.0,0.0,0.0,0.0,0.0
smtr_tci,0.0,2,76,agent1,1,0,0,0,0,1.0,0.0,0.0,0.0,0.0
smtr_tci,0.0,2,77,agent1,0,0,0,0,0,0.0,0.0,0.0,0.0,0.0
smtr_tci,0.0,2,77,agent1,2,0,0,0,0,0.0,0.0,0.0,0.0,0.0
smtr_tci,0.0,2,79,agent1,0,0,0,0,0,0.0,0.0,0.0,0.0,0.0
smtr_tci,0.0,2,79,agent1,2,0,0,0,0,0.0,0.0,0.0,0.0,0.0
smtr_tci,0.0,2,8,agent1,0,0,0,0,0,1.0,0.0,0.0,0.0,0.0
smtr_tci,0.0,2,80,agent1,0,0,0,0,0,0.0,0.0,0.0,0.0,0.0
smtr_tci,0.0,2,80,agent1,1,0,0,0,0,0.0,0.0,0.0,0.0,0.0
smtr_tci,0.0,2,80,agent1,2,0,0,0,0,0.0,0.0,0.0,0.0,0.0
smtr_tci,0.0,2,82,agent1,0,0,0,0,0,0.0,0.0,0.0,0.0,0.0
smtr_tci,0.0,2,82,agent1,1,0,0,0,0,0.0,0.0,0.0,0.0,0.0
smtr_tci,0.0,2,84,agent1,0,0,0,0,0,0.0,0.0,0.0,0.0,0.0
smtr_tci,0.0,2,84,agent1,1,0,0,0,0,0.0,0.0,0.0,0.0,0.0
smtr_tci,0.0,2,84,agent1,2,0,0,0,0,0.0,0.0,0.0,0.0,0.0
smtr_tci,0.0,2,85,agent1,0,0,0,0,0,0.0,0.0,0.0,0.0,0.0
smtr_tci,0.0,2,85,agent1,1,0,0,0,0,0.0,0.0,0.0,0.0,0.0
smtr_tci,0.0,2,87,agent1,0,0,0,0,0,0.0,0.0,0.0,0.0,0.0
smtr_tci,0.0,2,87,agent1,2,0,0,0,0,0.0,0.0,0.0,0.0,0.0
smtr_tci,0.0,2,88,agent1,1,0,0,0,0,0.0,0.0,0.0,0.0,0.0
smtr_tci,0.0,2,88,agent1,2,0,0,0,0,0.0,0.0,0.0,0.0,0.0
smtr_tci,0.0,2,89,agent1,1,0,0,0,0,0.0,0.0,0.0,0.0,0.0
smtr_tci,0.0,2,89,agent1,2,0,0,0,0,0.0,0.0,0.0,0.0,0.0
smtr_tci,0.0,2,9,agent1,0,4,4,0,4,4.0,1.0,0.0,4.0,4.0
smtr_tci,0.0,2,9,agent1,1,0,0,0,0,1.0,0.0,0.0,0.0,0.0
smtr_tci,0.0,2,9,agent1,2,0,0,0,0,1.0,0.0,0.0,0.0,0.0
smtr_tci,0.0,3,10,agent1,0,3,3,0,3,3.0,1.0,0.0,3.0,3.0
smtr_tci,0.0,3,10,agent1,1,1,1,0,1,1.0,1.0,0.0,1.0,1.0
smtr_tci,0.0,3,10,agent1,2,1,1,0,1,1.0,1.0,0.0,1.0,1.0
smtr_tci,0.0,3,100,agent1,1,0,0,0,0,0.0,0.0,0.0,0.0,0.0
smtr_tci,0.0,3,100,agent1,2,0,0,0,0,0.0,0.0,0.0,0.0,0.0
smtr_tci,0.0,3,11,agent1,1,0,0,0,0,0.0,0.0,0.0,0.0,0.0
smtr_tci,0.0,3,11,agent1,2,1,1,0,1,1.0,1.0,0.0,1.0,1.0
smtr_tci,0.0,3,13,agent1,2,0,0,0,0,1.0,0.0,0.0,0.0,0.0
smtr_tci,0.0,3,16,agent1,0,0,0,0,0,1.0,0.0,0.0,0.0,0.0
smtr_tci,0.0,3,16,agent1,1,0,0,0,0,1.0,0.0,0.0,0.0,0.0
smtr_tci,0.0,3,17,agent1,0,0,0,0,0,0.0,0.0,0.0,0.0,0.0
smtr_tci,0.0,3,17,agent1,1,1,1,0,1,1.0,1.0,0.0,1.0,1.0
smtr_tci,0.0,3,19,agent1,0,0,0,0,0,1.0,0.0,0.0,0.0,0.0
smtr_tci,0.0,3,19,agent1,1,1,1,0,1,1.0,1.0,0.0,1.0,1.0
smtr_tci,0.0,3,19,agent1,2,0,0,0,0,0.0,0.0,0.0,0.0,0.0
smtr_tci,0.0,3,2,agent1,2,1,1,0,1,1.0,1.0,0.0,1.0,1.0
smtr_tci,0.0,3,21,agent1,0,0,0,0,0,0.0,0.0,0.0,0.0,0.0
smtr_tci,0.0,3,21,agent1,2,1,1,0,1,1.0,1.0,0.0,1.0,1.0
smtr_tci,0.0,3,22,agent1,0,0,0,0,0,1.0,0.0,0.0,0.0,0.0
smtr_tci,0.0,3,22,agent1,1,0,0,0,0,1.0,0.0,0.0,0.0,0.0
smtr_tci,0.0,3,23,agent1,0,1,1,0,1,1.0,1.0,0.0,1.0,1.0
smtr_tci,0.0,3,23,agent1,1,2,2,0,2,2.0,1.0,0.0,2.0,2.0
smtr_tci,0.0,3,23,agent1,2,2,2,0,2,2.0,1.0,0.0,2.0,2.0
smtr_tci,0.0,3,26,agent1,0,0,0,0,0,1.0,0.0,0.0,0.0,0.0
smtr_tci,0.0,3,26,agent1,1,0,0,0,0,1.0,0.0,0.0,0.0,0.0
smtr_tci,0.0,3,26,agent1,2,0,0,0,0,1.0,0.0,0.0,0.0,0.0
smtr_tci,0.0,3,27,agent1,0,0,0,0,0,1.0,0.0,0.0,0.0,0.0
smtr_tci,0.0,3,27,agent1,1,0,0,0,0,1.0,0.0,0.0,0.0,0.0
smtr_tci,0.0,3,27,agent1,2,0,0,0,0,1.0,0.0,0.0,0.0,0.0
smtr_tci,0.0,3,29,agent1,0,1,1,0,1,1.0,1.0,0.0,1.0,1.0
smtr_tci,0.0,3,29,agent1,1,0,0,0,0,0.0,0.0,0.0,0.0,0.0
smtr_tci,0.0,3,3,agent1,0,0,0,0,0,1.0,0.0,0.0,0.0,0.0
smtr_tci,0.0,3,3,agent1,1,1,1,0,1,1.0,1.0,0.0,1.0,1.0
smtr_tci,0.0,3,30,agent1,2,0,0,0,0,1.0,0.0,0.0,0.0,0.0
smtr_tci,0.0,3,31,agent1,1,0,0,0,0,0.0,0.0,0.0,0.0,0.0
smtr_tci,0.0,3,31,agent1,2,0,0,0,0,1.0,0.0,0.0,0.0,0.0
smtr_tci,0.0,3,32,agent1,0,0,0,0,0,1.0,0.0,0.0,0.0,0.0
smtr_tci,0.0,3,32,agent1,1,2,2,0,2,2.0,1.0,0.0,2.0,2.0
smtr_tci,0.0,3,33,agent1,1,2,2,0,2,2.0,1.0,0.0,2.0,2.0
smtr_tci,0.0,3,33,agent1,2,0,0,0,0,0.0,0.0,0.0,0.0,0.0
smtr_tci,0.0,3,34,agent1,0,0,0,0,0,0.0,0.0,0.0,0.0,0.0
smtr_tci,0.0,3,34,agent1,1,2,2,0,2,2.0,1.0,0.0,2.0,2.0
smtr_tci,0.0,3,34,agent1,2,2,2,0,2,2.0,1.0,0.0,2.0,2.0
smtr_tci,0.0,3,36,agent1,0,0,0,0,0,1.0,0.0,0.0,0.0,0.0
smtr_tci,0.0,3,36,agent1,1,0,0,0,0,1.0,0.0,0.0,0.0,0.0
smtr_tci,0.0,3,36,agent1,2,0,0,0,0,1.0,0.0,0.0,0.0,0.0
smtr_tci,0.0,3,37,agent1,0,0,0,0,0,1.0,0.0,0.0,0.0,0.0
smtr_tci,0.0,3,37,agent1,1,0,0,0,0,1.0,0.0,0.0,0.0,0.0
smtr_tci,0.0,3,37,agent1,2,0,0,0,0,1.0,0.0,0.0,0.0,0.0
smtr_tci,0.0,3,41,agent1,0,0,0,0,0,1.0,0.0,0.0,0.0,0.0
smtr_tci,0.0,3,41,agent1,1,4,4,0,4,4.0,1.0,0.0,4.0,4.0
smtr_tci,0.0,3,41,agent1,2,0,0,0,0,1.0,0.0,0.0,0.0,0.0
smtr_tci,0.0,3,42,agent1,0,0,0,0,0,1.0,0.0,0.0,0.0,0.0
smtr_tci,0.0,3,42,agent1,1,0,0,0,0,1.0,0.0,0.0,0.0,0.0
smtr_tci,0.0,3,42,agent1,2,0,0,0,0,1.0,0.0,0.0,0.0,0.0
smtr_tci,0.0,3,48,agent1,0,0,0,0,0,1.0,0.0,0.0,0.0,0.0
smtr_tci,0.0,3,48,agent1,2,0,0,0,0,1.0,0.0,0.0,0.0,0.0
smtr_tci,0.0,3,51,agent1,0,0,0,0,0,0.0,0.0,0.0,0.0,0.0
smtr_tci,0.0,3,51,agent1,1,0,0,0,0,0.0,0.0,0.0,0.0,0.0
smtr_tci,0.0,3,51,agent1,2,1,1,0,1,1.0,1.0,0.0,1.0,1.0
smtr_tci,0.0,3,57,agent1,0,0,0,0,0,0.0,0.0,0.0,0.0,0.0
smtr_tci,0.0,3,57,agent1,1,0,0,0,0,0.0,0.0,0.0,0.0,0.0
smtr_tci,0.0,3,57,agent1,2,0,0,0,0,0.0,0.0,0.0,0.0,0.0
smtr_tci,0.0,3,60,agent1,0,0,0,0,0,1.0,0.0,0.0,0.0,0.0
smtr_tci,0.0,3,60,agent1,1,0,0,0,0,1.0,0.0,0.0,0.0,0.0
smtr_tci,0.0,3,60,agent1,2,0,0,0,0,1.0,0.0,0.0,0.0,0.0
smtr_tci,0.0,3,61,agent1,0,0,0,0,0,0.0,0.0,0.0,0.0,0.0
smtr_tci,0.0,3,61,agent1,1,0,0,0,0,0.0,0.0,0.0,0.0,0.0
smtr_tci,0.0,3,61,agent1,2,0,0,0,0,0.0,0.0,0.0,0.0,0.0
smtr_tci,0.0,3,63,agent1,0,0,0,0,0,0.0,0.0,0.0,0.0,0.0
smtr_tci,0.0,3,63,agent1,1,0,0,0,0,0.0,0.0,0.0,0.0,0.0
smtr_tci,0.0,3,63,agent1,2,0,0,0,0,0.0,0.0,0.0,0.0,0.0
smtr_tci,0.0,3,64,agent1,0,0,0,0,0,0.0,0.0,0.0,0.0,0.0
smtr_tci,0.0,3,64,agent1,2,0,0,0,0,0.0,0.0,0.0,0.0,0.0
smtr_tci,0.0,3,65,agent1,0,0,0,0,0,1.0,0.0,0.0,0.0,0.0
smtr_tci,0.0,3,65,agent1,1,0,0,0,0,1.0,0.0,0.0,0.0,0.0
smtr_tci,0.0,3,65,agent1,2,0,0,0,0,1.0,0.0,0.0,0.0,0.0
smtr_tci,0.0,3,68,agent1,0,0,0,0,0,0.0,0.0,0.0,0.0,0.0
smtr_tci,0.0,3,68,agent1,1,0,0,0,0,0.0,0.0,0.0,0.0,0.0
smtr_tci,0.0,3,68,agent1,2,0,0,0,0,0.0,0.0,0.0,0.0,0.0
smtr_tci,0.0,3,69,agent1,0,0,0,0,0,1.0,0.0,0.0,0.0,0.0
smtr_tci,0.0,3,69,agent1,1,0,0,0,0,1.0,0.0,0.0,0.0,0.0
smtr_tci,0.0,3,69,agent1,2,4,4,0,4,4.0,1.0,0.0,4.0,4.0
smtr_tci,0.0,3,70,agent1,0,0,0,0,0,0.0,0.0,0.0,0.0,0.0
smtr_tci,0.0,3,70,agent1,1,0,0,0,0,0.0,0.0,0.0,0.0,0.0
smtr_tci,0.0,3,72,agent1,0,0,0,0,0,1.0,0.0,0.0,0.0,0.0
smtr_tci,0.0,3,72,agent1,1,0,0,0,0,1.0,0.0,0.0,0.0,0.0
smtr_tci,0.0,3,72,agent1,2,0,0,0,0,1.0,0.0,0.0,0.0,0.0
smtr_tci,0.0,3,73,agent1,1,0,0,0,0,0.0,0.0,0.0,0.0,0.0
smtr_tci,0.0,3,73,agent1,2,0,0,0,0,0.0,0.0,0.0,0.0,0.0
smtr_tci,0.0,3,75,agent1,0,0,0,0,0,0.0,0.0,0.0,0.0,0.0
smtr_tci,0.0,3,75,agent1,1,0,0,0,0,0.0,0.0,0.0,0.0,0.0
smtr_tci,0.0,3,75,agent1,2,0,0,0,0,0.0,0.0,0.0,0.0,0.0
smtr_tci,0.0,3,76,agent1,1,0,0,0,0,1.0,0.0,0.0,0.0,0.0
smtr_tci,0.0,3,77,agent1,0,0,0,0,0,0.0,0.0,0.0,0.0,0.0
smtr_tci,0.0,3,77,agent1,2,0,0,0,0,0.0,0.0,0.0,0.0,0.0
smtr_tci,0.0,3,79,agent1,0,0,0,0,0,0.0,0.0,0.0,0.0,0.0
smtr_tci,0.0,3,79,agent1,2,0,0,0,0,0.0,0.0,0.0,0.0,0.0
smtr_tci,0.0,3,8,agent1,0,0,0,0,0,1.0,0.0,0.0,0.0,0.0
smtr_tci,0.0,3,80,agent1,0,0,0,0,0,0.0,0.0,0.0,0.0,0.0
smtr_tci,0.0,3,80,agent1,1,0,0,0,0,0.0,0.0,0.0,0.0,0.0
smtr_tci,0.0,3,80,agent1,2,0,0,0,0,0.0,0.0,0.0,0.0,0.0
smtr_tci,0.0,3,82,agent1,0,0,0,0,0,0.0,0.0,0.0,0.0,0.0
smtr_tci,0.0,3,82,agent1,1,0,0,0,0,0.0,0.0,0.0,0.0,0.0
smtr_tci,0.0,3,84,agent1,0,0,0,0,0,0.0,0.0,0.0,0.0,0.0
smtr_tci,0.0,3,84,agent1,1,0,0,0,0,0.0,0.0,0.0,0.0,0.0
smtr_tci,0.0,3,84,agent1,2,0,0,0,0,0.0,0.0,0.0,0.0,0.0
smtr_tci,0.0,3,85,agent1,0,0,0,0,0,0.0,0.0,0.0,0.0,0.0
smtr_tci,0.0,3,85,agent1,1,0,0,0,0,0.0,0.0,0.0,0.0,0.0
smtr_tci,0.0,3,87,agent1,0,0,0,0,0,0.0,0.0,0.0,0.0,0.0
smtr_tci,0.0,3,87,agent1,2,0,0,0,0,0.0,0.0,0.0,0.0,0.0
smtr_tci,0.0,3,88,agent1,1,0,0,0,0,0.0,0.0,0.0,0.0,0.0
smtr_tci,0.0,3,88,agent1,2,0,0,0,0,0.0,0.0,0.0,0.0,0.0
smtr_tci,0.0,3,89,agent1,1,0,0,0,0,0.0,0.0,0.0,0.0,0.0
smtr_tci,0.0,3,89,agent1,2,0,0,0,0,0.0,0.0,0.0,0.0,0.0
smtr_tci,0.0,3,9,agent1,0,4,4,0,4,4.0,1.0,0.0,4.0,4.0
smtr_tci,0.0,3,9,agent1,1,0,0,0,0,1.0,0.0,0.0,0.0,0.0
smtr_tci,0.0,3,9,agent1,2,0,0,0,0,1.0,0.0,0.0,0.0,0.0
smtr_tci,0.0,4,10,agent1,0,3,3,0,3,3.0,1.0,0.0,3.0,3.0
smtr_tci,0.0,4,10,agent1,1,1,1,0,1,1.0,1.0,0.0,1.0,1.0
smtr_tci,0.0,4,10,agent1,2,1,1,0,1,1.0,1.0,0.0,1.0,1.0
smtr_tci,0.0,4,100,agent1,1,0,0,0,0,0.0,0.0,0.0,0.0,0.0
smtr_tci,0.0,4,100,agent1,2,0,0,0,0,0.0,0.0,0.0,0.0,0.0
smtr_tci,0.0,4,11,agent1,1,0,0,0,0,0.0,0.0,0.0,0.0,0.0
smtr_tci,0.0,4,11,agent1,2,1,1,0,1,1.0,1.0,0.0,1.0,1.0
smtr_tci,0.0,4,13,agent1,2,0,0,0,0,1.0,0.0,0.0,0.0,0.0
smtr_tci,0.0,4,16,agent1,0,0,0,0,0,1.0,0.0,0.0,0.0,0.0
smtr_tci,0.0,4,16,agent1,1,0,0,0,0,1.0,0.0,0.0,0.0,0.0
smtr_tci,0.0,4,17,agent1,0,0,0,0,0,0.0,0.0,0.0,0.0,0.0
smtr_tci,0.0,4,17,agent1,1,1,1,0,1,1.0,1.0,0.0,1.0,1.0
smtr_tci,0.0,4,19,agent1,0,0,0,0,0,1.0,0.0,0.0,0.0,0.0
smtr_tci,0.0,4,19,agent1,1,1,1,0,1,1.0,1.0,0.0,1.0,1.0
smtr_tci,0.0,4,19,agent1,2,0,0,0,0,0.0,0.0,0.0,0.0,0.0
smtr_tci,0.0,4,2,agent1,2,1,1,0,1,1.0,1.0,0.0,1.0,1.0
smtr_tci,0.0,4,21,agent1,0,0,0,0,0,0.0,0.0,0.0,0.0,0.0
smtr_tci,0.0,4,21,agent1,2,1,1,0,1,1.0,1.0,0.0,1.0,1.0
smtr_tci,0.0,4,22,agent1,0,0,0,0,0,1.0,0.0,0.0,0.0,0.0
smtr_tci,0.0,4,22,agent1,1,0,0,0,0,1.0,0.0,0.0,0.0,0.0
smtr_tci,0.0,4,23,agent1,0,1,1,0,1,1.0,1.0,0.0,1.0,1.0
smtr_tci,0.0,4,23,agent1,1,2,2,0,2,2.0,1.0,0.0,2.0,2.0
smtr_tci,0.0,4,23,agent1,2,2,2,0,2,2.0,1.0,0.0,2.0,2.0
smtr_tci,0.0,4,26,agent1,0,0,0,0,0,1.0,0.0,0.0,0.0,0.0
smtr_tci,0.0,4,26,agent1,1,0,0,0,0,1.0,0.0,0.0,0.0,0.0
smtr_tci,0.0,4,26,agent1,2,0,0,0,0,1.0,0.0,0.0,0.0,0.0
smtr_tci,0.0,4,27,agent1,0,0,0,0,0,1.0,0.0,0.0,0.0,0.0
smtr_tci,0.0,4,27,agent1,1,0,0,0,0,1.0,0.0,0.0,0.0,0.0
smtr_tci,0.0,4,27,agent1,2,0,0,0,0,1.0,0.0,0.0,0.0,0.0
smtr_tci,0.0,4,29,agent1,0,1,1,0,1,1.0,1.0,0.0,1.0,1.0
smtr_tci,0.0,4,29,agent1,1,0,0,0,0,0.0,0.0,0.0,0.0,0.0
smtr_tci,0.0,4,3,agent1,0,0,0,0,0,1.0,0.0,0.0,0.0,0.0
smtr_tci,0.0,4,3,agent1,1,1,1,0,1,1.0,1.0,0.0,1.0,1.0
smtr_tci,0.0,4,30,agent1,2,0,0,0,0,1.0,0.0,0.0,0.0,0.0
smtr_tci,0.0,4,31,agent1,1,0,0,0,0,0.0,0.0,0.0,0.0,0.0
smtr_tci,0.0,4,31,agent1,2,0,0,0,0,1.0,0.0,0.0,0.0,0.0
smtr_tci,0.0,4,32,agent1,0,0,0,0,0,1.0,0.0,0.0,0.0,0.0
smtr_tci,0.0,4,32,agent1,1,2,2,0,2,2.0,1.0,0.0,2.0,2.0
smtr_tci,0.0,4,33,agent1,1,2,2,0,2,2.0,1.0,0.0,2.0,2.0
smtr_tci,0.0,4,33,agent1,2,0,0,0,0,0.0,0.0,0.0,0.0,0.0
smtr_tci,0.0,4,34,agent1,0,0,0,0,0,0.0,0.0,0.0,0.0,0.0
smtr_tci,0.0,4,34,agent1,1,2,2,0,2,2.0,1.0,0.0,2.0,2.0
smtr_tci,0.0,4,34,agent1,2,2,2,0,2,2.0,1.0,0.0,2.0,2.0
smtr_tci,0.0,4,36,agent1,0,0,0,0,0,1.0,0.0,0.0,0.0,0.0
smtr_tci,0.0,4,36,agent1,1,0,0,0,0,1.0,0.0,0.0,0.0,0.0
smtr_tci,0.0,4,36,agent1,2,0,0,0,0,1.0,0.0,0.0,0.0,0.0
smtr_tci,0.0,4,37,agent1,0,0,0,0,0,1.0,0.0,0.0,0.0,0.0
smtr_tci,0.0,4,37,agent1,1,0,0,0,0,1.0,0.0,0.0,0.0,0.0
smtr_tci,0.0,4,37,agent1,2,0,0,0,0,1.0,0.0,0.0,0.0,0.0
smtr_tci,0.0,4,41,agent1,0,0,0,0,0,1.0,0.0,0.0,0.0,0.0
smtr_tci,0.0,4,41,agent1,1,4,4,0,4,4.0,1.0,0.0,4.0,4.0
smtr_tci,0.0,4,41,agent1,2,0,0,0,0,1.0,0.0,0.0,0.0,0.0
smtr_tci,0.0,4,42,agent1,0,0,0,0,0,1.0,0.0,0.0,0.0,0.0
smtr_tci,0.0,4,42,agent1,1,0,0,0,0,1.0,0.0,0.0,0.0,0.0
smtr_tci,0.0,4,42,agent1,2,0,0,0,0,1.0,0.0,0.0,0.0,0.0
smtr_tci,0.0,4,48,agent1,0,0,0,0,0,1.0,0.0,0.0,0.0,0.0
smtr_tci,0.0,4,48,agent1,2,0,0,0,0,1.0,0.0,0.0,0.0,0.0
smtr_tci,0.0,4,51,agent1,0,0,0,0,0,0.0,0.0,0.0,0.0,0.0
smtr_tci,0.0,4,51,agent1,1,0,0,0,0,0.0,0.0,0.0,0.0,0.0
smtr_tci,0.0,4,51,agent1,2,1,1,0,1,1.0,1.0,0.0,1.0,1.0
smtr_tci,0.0,4,57,agent1,0,0,0,0,0,0.0,0.0,0.0,0.0,0.0
smtr_tci,0.0,4,57,agent1,1,0,0,0,0,0.0,0.0,0.0,0.0,0.0
smtr_tci,0.0,4,57,agent1,2,0,0,0,0,0.0,0.0,0.0,0.0,0.0
smtr_tci,0.0,4,60,agent1,0,0,0,0,0,1.0,0.0,0.0,0.0,0.0
smtr_tci,0.0,4,60,agent1,1,0,0,0,0,1.0,0.0,0.0,0.0,0.0
smtr_tci,0.0,4,60,agent1,2,0,0,0,0,1.0,0.0,0.0,0.0,0.0
smtr_tci,0.0,4,61,agent1,0,0,0,0,0,0.0,0.0,0.0,0.0,0.0
smtr_tci,0.0,4,61,agent1,1,0,0,0,0,0.0,0.0,0.0,0.0,0.0
smtr_tci,0.0,4,61,agent1,2,0,0,0,0,0.0,0.0,0.0,0.0,0.0
smtr_tci,0.0,4,63,agent1,0,0,0,0,0,0.0,0.0,0.0,0.0,0.0
smtr_tci,0.0,4,63,agent1,1,0,0,0,0,0.0,0.0,0.0,0.0,0.0
smtr_tci,0.0,4,63,agent1,2,0,0,0,0,0.0,0.0,0.0,0.0,0.0
smtr_tci,0.0,4,64,agent1,0,0,0,0,0,0.0,0.0,0.0,0.0,0.0
smtr_tci,0.0,4,64,agent1,2,0,0,0,0,0.0,0.0,0.0,0.0,0.0
smtr_tci,0.0,4,65,agent1,0,0,0,0,0,1.0,0.0,0.0,0.0,0.0
smtr_tci,0.0,4,65,agent1,1,0,0,0,0,1.0,0.0,0.0,0.0,0.0
smtr_tci,0.0,4,65,agent1,2,0,0,0,0,1.0,0.0,0.0,0.0,0.0
smtr_tci,0.0,4,68,agent1,0,0,0,0,0,0.0,0.0,0.0,0.0,0.0
smtr_tci,0.0,4,68,agent1,1,0,0,0,0,0.0,0.0,0.0,0.0,0.0
smtr_tci,0.0,4,68,agent1,2,0,0,0,0,0.0,0.0,0.0,0.0,0.0
smtr_tci,0.0,4,69,agent1,0,0,0,0,0,1.0,0.0,0.0,0.0,0.0
smtr_tci,0.0,4,69,agent1,1,0,0,0,0,1.0,0.0,0.0,0.0,0.0
smtr_tci,0.0,4,69,agent1,2,4,4,0,4,4.0,1.0,0.0,4.0,4.0
smtr_tci,0.0,4,70,agent1,0,0,0,0,0,0.0,0.0,0.0,0.0,0.0
smtr_tci,0.0,4,70,agent1,1,0,0,0,0,0.0,0.0,0.0,0.0,0.0
smtr_tci,0.0,4,72,agent1,0,0,0,0,0,1.0,0.0,0.0,0.0,0.0
smtr_tci,0.0,4,72,agent1,1,0,0,0,0,1.0,0.0,0.0,0.0,0.0
smtr_tci,0.0,4,72,agent1,2,0,0,0,0,1.0,0.0,0.0,0.0,0.0
smtr_tci,0.0,4,73,agent1,1,0,0,0,0,0.0,0.0,0.0,0.0,0.0
smtr_tci,0.0,4,73,agent1,2,0,0,0,0,0.0,0.0,0.0,0.0,0.0
smtr_tci,0.0,4,75,agent1,0,0,0,0,0,0.0,0.0,0.0,0.0,0.0
smtr_tci,0.0,4,75,agent1,1,0,0,0,0,0.0,0.0,0.0,0.0,0.0
smtr_tci,0.0,4,75,agent1,2,0,0,0,0,0.0,0.0,0.0,0.0,0.0
smtr_tci,0.0,4,76,agent1,1,0,0,0,0,1.0,0.0,0.0,0.0,0.0
smtr_tci,0.0,4,77,agent1,0,0,0,0,0,0.0,0.0,0.0,0.0,0.0
smtr_tci,0.0,4,77,agent1,2,0,0,0,0,0.0,0.0,0.0,0.0,0.0
smtr_tci,0.0,4,79,agent1,0,0,0,0,0,0.0,0.0,0.0,0.0,0.0
smtr_tci,0.0,4,79,agent1,2,0,0,0,0,0.0,0.0,0.0,0.0,0.0
smtr_tci,0.0,4,8,agent1,0,0,0,0,0,1.0,0.0,0.0,0.0,0.0
smtr_tci,0.0,4,80,agent1,0,0,0,0,0,0.0,0.0,0.0,0.0,0.0
smtr_tci,0.0,4,80,agent1,1,0,0,0,0,0.0,0.0,0.0,0.0,0.0
smtr_tci,0.0,4,80,agent1,2,0,0,0,0,0.0,0.0,0.0,0.0,0.0
smtr_tci,0.0,4,82,agent1,0,0,0,0,0,0.0,0.0,0.0,0.0,0.0
smtr_tci,0.0,4,82,agent1,1,0,0,0,0,0.0,0.0,0.0,0.0,0.0
smtr_tci,0.0,4,84,agent1,0,0,0,0,0,0.0,0.0,0.0,0.0,0.0
smtr_tci,0.0,4,84,agent1,1,0,0,0,0,0.0,0.0,0.0,0.0,0.0
smtr_tci,0.0,4,84,agent1,2,0,0,0,0,0.0,0.0,0.0,0.0,0.0
smtr_tci,0.0,4,85,agent1,0,0,0,0,0,0.0,0.0,0.0,0.0,0.0
smtr_tci,0.0,4,85,agent1,1,0,0,0,0,0.0,0.0,0.0,0.0,0.0
smtr_tci,0.0,4,87,agent1,0,0,0,0,0,0.0,0.0,0.0,0.0,0.0
smtr_tci,0.0,4,87,agent1,2,0,0,0,0,0.0,0.0,0.0,0.0,0.0
smtr_tci,0.0,4,88,agent1,1,0,0,0,0,0.0,0.0,0.0,0.0,0.0
smtr_tci,0.0,4,88,agent1,2,0,0,0,0,0.0,0.0,0.0,0.0,0.0
smtr_tci,0.0,4,89,agent1,1,0,0,0,0,0.0,0.0,0.0,0.0,0.0
smtr_tci,0.0,4,89,agent1,2,0,0,0,0,0.0,0.0,0.0,0.0,0.0
smtr_tci,0.0,4,9,agent1,0,4,4,0,4,4.0,1.0,0.0,4.0,4.0
smtr_tci,0.0,4,9,agent1,1,0,0,0,0,1.0,0.0,0.0,0.0,0.0
smtr_tci,0.0,4,9,agent1,2,0,0,0,0,1.0,0.0,0.0,0.0,0.0
random_validation,0.0,0,10,agent1,0,1,1,0,3,1.0,1.0,0.6666666666666666,1.0,1.0
random_validation,0.0,0,10,agent1,1,2,1,0,1,1.0,0.5,0.0,1.0,1.0
random_validation,0.0,0,10,agent1,2,2,1,0,1,1.0,0.5,0.0,1.0,1.0
random_validation,0.0,0,100,agent1,1,1,0,0,0,0.0,0.0,0.0,0.0,0.0
random_validation,0.0,0,100,agent1,2,2,0,0,0,0.0,0.0,0.0,0.0,0.0
random_validation,0.0,0,11,agent1,1,1,0,0,0,0.0,0.0,0.0,0.0,0.0
random_validation,0.0,0,11,agent1,2,2,1,0,1,1.0,0.5,0.0,1.0,1.0
random_validation,0.0,0,13,agent1,2,0,0,0,0,1.0,0.0,0.0,0.0,0.0
random_validation,0.0,0,16,agent1,0,4,0,0,0,1.0,0.0,0.0,0.0,0.0
random_validation,0.0,0,16,agent1,1,2,0,0,0,1.0,0.0,0.0,0.0,0.0
random_validation,0.0,0,17,agent1,0,2,0,0,0,0.0,0.0,0.0,0.0,0.0
random_validation,0.0,0,17,agent1,1,2,0,0,1,0.0,0.0,1.0,0.0,0.0
random_validation,0.0,0,19,agent1,0,2,0,2,0,-1.0,0.0,0.0,-2.0,-2.0
random_validation,0.0,0,19,agent1,1,2,0,0,1,0.0,0.0,1.0,0.0,0.0
random_validation,0.0,0,19,agent1,2,2,0,0,0,0.0,0.0,0.0,0.0,0.0
random_validation,0.0,0,2,agent1,2,3,0,0,1,0.0,0.0,1.0,0.0,0.0
random_validation,0.0,0,21,agent1,0,1,0,0,0,0.0,0.0,0.0,0.0,0.0
random_validation,0.0,0,21,agent1,2,1,0,0,1,0.0,0.0,1.0,0.0,0.0
random_validation,0.0,0,22,agent1,0,1,0,0,0,1.0,0.0,0.0,0.0,0.0
random_validation,0.0,0,22,agent1,1,3,0,0,0,1.0,0.0,0.0,0.0,0.0
random_validation,0.0,0,23,agent1,0,1,0,0,1,0.0,0.0,1.0,0.0,0.0
random_validation,0.0,0,23,agent1,1,3,1,0,2,1.0,0.3333333333333333,0.5,1.0,1.0
random_validation,0.0,0,23,agent1,2,3,2,0,2,2.0,0.6666666666666666,0.0,2.0,2.0
random_validation,0.0,0,26,agent1,0,2,0,0,0,1.0,0.0,0.0,0.0,0.0
random_validation,0.0,0,26,agent1,1,3,0,0,0,1.0,0.0,0.0,0.0,0.0
random_validation,0.0,0,26,agent1,2,3,0,0,0,1.0,0.0,0.0,0.0,0.0
random_validation,0.0,0,27,agent1,0,1,0,0,0,1.0,0.0,0.0,0.0,0.0
random_validation,0.0,0,27,agent1,1,3,0,0,0,1.0,0.0,0.0,0.0,0.0
random_validation,0.0,0,27,agent1,2,2,0,0,0,1.0,0.0,0.0,0.0,0.0
random_validation,0.0,0,29,agent1,0,2,1,0,1,1.0,0.5,0.0,1.0,1.0
random_validation,0.0,0,29,agent1,1,3,0,0,0,0.0,0.0,0.0,0.0,0.0
random_validation,0.0,0,3,agent1,0,4,0,4,0,-3.0,0.0,0.0,-4.0,-4.0
random_validation,0.0,0,3,agent1,1,2,0,0,1,0.0,0.0,1.0,0.0,0.0
random_validation,0.0,0,30,agent1,2,3,0,0,0,1.0,0.0,0.0,0.0,0.0
random_validation,0.0,0,31,agent1,1,2,0,0,0,0.0,0.0,0.0,0.0,0.0
random_validation,0.0,0,31,agent1,2,2,0,1,0,0.0,0.0,0.0,-1.0,-1.0
random_validation,0.0,0,32,agent1,0,0,0,0,0,1.0,0.0,0.0,0.0,0.0
random_validation,0.0,0,32,agent1,1,4,2,0,2,2.0,0.5,0.0,2.0,2.0
random_validation,0.0,0,33,agent1,1,4,1,0,2,1.0,0.25,0.5,1.0,1.0
random_validation,0.0,0,33,agent1,2,3,0,0,0,0.0,0.0,0.0,0.0,0.0
random_validation,0.0,0,34,agent1,0,3,0,0,0,0.0,0.0,0.0,0.0,0.0
random_validation,0.0,0,34,agent1,1,3,1,0,2,1.0,0.3333333333333333,0.5,1.0,1.0
random_validation,0.0,0,34,agent1,2,2,0,0,2,0.0,0.0,1.0,0.0,0.0
random_validation,0.0,0,36,agent1,0,3,0,0,0,1.0,0.0,0.0,0.0,0.0
random_validation,0.0,0,36,agent1,1,1,0,0,0,1.0,0.0,0.0,0.0,0.0
random_validation,0.0,0,36,agent1,2,1,0,0,0,1.0,0.0,0.0,0.0,0.0
random_validation,0.0,0,37,agent1,0,3,0,0,0,1.0,0.0,0.0,0.0,0.0
random_validation,0.0,0,37,agent1,1,3,0,1,0,0.0,0.0,0.0,-1.0,-1.0
random_validation,0.0,0,37,agent1,2,4,0,2,0,-1.0,0.0,0.0,-2.0,-2.0
random_validation,0.0,0,41,agent1,0,2,0,0,0,1.0,0.0,0.0,0.0,0.0
random_validation,0.0,0,41,agent1,1,4,3,0,4,3.0,0.75,0.25,3.0,3.0
random_validation,0.0,0,41,agent1,2,2,0,0,0,1.0,0.0,0.0,0.0,0.0
random_validation,0.0,0,42,agent1,0,3,0,0,0,1.0,0.0,0.0,0.0,0.0
random_validation,0.0,0,42,agent1,1,4,0,0,0,1.0,0.0,0.0,0.0,0.0
random_validation,0.0,0,42,agent1,2,4,0,0,0,1.0,0.0,0.0,0.0,0.0
random_validation,0.0,0,48,agent1,0,2,0,0,0,1.0,0.0,0.0,0.0,0.0
random_validation,0.0,0,48,agent1,2,1,0,0,0,1.0,0.0,0.0,0.0,0.0
random_validation,0.0,0,51,agent1,0,4,0,0,0,0.0,0.0,0.0,0.0,0.0
random_validation,0.0,0,51,agent1,1,5,0,0,0,0.0,0.0,0.0,0.0,0.0
random_validation,0.0,0,51,agent1,2,0,0,0,1,0.0,0.0,1.0,0.0,0.0
random_validation,0.0,0,57,agent1,0,3,0,0,0,0.0,0.0,0.0,0.0,0.0
random_validation,0.0,0,57,agent1,1,4,0,0,0,0.0,0.0,0.0,0.0,0.0
random_validation,0.0,0,57,agent1,2,3,0,0,0,0.0,0.0,0.0,0.0,0.0
random_validation,0.0,0,60,agent1,0,3,0,1,0,0.0,0.0,0.0,-1.0,-1.0
random_validation,0.0,0,60,agent1,1,4,0,0,0,1.0,0.0,0.0,0.0,0.0
random_validation,0.0,0,60,agent1,2,2,0,2,0,-1.0,0.0,0.0,-2.0,-2.0
random_validation,0.0,0,61,agent1,0,3,0,0,0,0.0,0.0,0.0,0.0,0.0
random_validation,0.0,0,61,agent1,1,2,0,0,0,0.0,0.0,0.0,0.0,0.0
random_validation,0.0,0,61,agent1,2,3,0,0,0,0.0,0.0,0.0,0.0,0.0
random_validation,0.0,0,63,agent1,0,4,0,0,0,0.0,0.0,0.0,0.0,0.0
random_validation,0.0,0,63,agent1,1,2,0,0,0,0.0,0.0,0.0,0.0,0.0
random_validation,0.0,0,63,agent1,2,2,0,0,0,0.0,0.0,0.0,0.0,0.0
random_validation,0.0,0,64,agent1,0,3,0,0,0,0.0,0.0,0.0,0.0,0.0
random_validation,0.0,0,64,agent1,2,3,0,0,0,0.0,0.0,0.0,0.0,0.0
random_validation,0.0,0,65,agent1,0,2,0,1,0,0.0,0.0,0.0,-1.0,-1.0
random_validation,0.0,0,65,agent1,1,0,0,0,0,1.0,0.0,0.0,0.0,0.0
random_validation,0.0,0,65,agent1,2,0,0,0,0,1.0,0.0,0.0,0.0,0.0
random_validation,0.0,0,68,agent1,0,2,0,0,0,0.0,0.0,0.0,0.0,0.0
random_validation,0.0,0,68,agent1,1,3,0,0,0,0.0,0.0,0.0,0.0,0.0
random_validation,0.0,0,68,agent1,2,3,0,0,0,0.0,0.0,0.0,0.0,0.0
random_validation,0.0,0,69,agent1,0,4,0,3,0,-2.0,0.0,0.0,-3.0,-3.0
random_validation,0.0,0,69,agent1,1,4,0,3,0,-2.0,0.0,0.0,-3.0,-3.0
random_validation,0.0,0,69,agent1,2,5,3,0,4,3.0,0.6,0.25,3.0,3.0
random_validation,0.0,0,70,agent1,0,3,0,0,0,0.0,0.0,0.0,0.0,0.0
random_validation,0.0,0,70,agent1,1,3,0,0,0,0.0,0.0,0.0,0.0,0.0
random_validation,0.0,0,72,agent1,0,1,0,0,0,1.0,0.0,0.0,0.0,0.0
random_validation,0.0,0,72,agent1,1,0,0,0,0,1.0,0.0,0.0,0.0,0.0
random_validation,0.0,0,72,agent1,2,0,0,0,0,1.0,0.0,0.0,0.0,0.0
random_validation,0.0,0,73,agent1,1,1,0,0,0,0.0,0.0,0.0,0.0,0.0
random_validation,0.0,0,73,agent1,2,2,0,0,0,0.0,0.0,0.0,0.0,0.0
random_validation,0.0,0,75,agent1,0,3,0,0,0,0.0,0.0,0.0,0.0,0.0
random_validation,0.0,0,75,agent1,1,1,0,0,0,0.0,0.0,0.0,0.0,0.0
random_validation,0.0,0,75,agent1,2,0,0,0,0,0.0,0.0,0.0,0.0,0.0
random_validation,0.0,0,76,agent1,1,1,0,0,0,1.0,0.0,0.0,0.0,0.0
random_validation,0.0,0,77,agent1,0,0,0,0,0,0.0,0.0,0.0,0.0,0.0
random_validation,0.0,0,77,agent1,2,1,0,0,0,0.0,0.0,0.0,0.0,0.0
random_validation,0.0,0,79,agent1,0,1,0,0,0,0.0,0.0,0.0,0.0,0.0
random_validation,0.0,0,79,agent1,2,1,0,0,0,0.0,0.0,0.0,0.0,0.0
random_validation,0.0,0,8,agent1,0,2,0,1,0,0.0,0.0,0.0,-1.0,-1.0
random_validation,0.0,0,80,agent1,0,3,0,0,0,0.0,0.0,0.0,0.0,0.0
random_validation,0.0,0,80,agent1,1,2,0,0,0,0.0,0.0,0.0,0.0,0.0
random_validation,0.0,0,80,agent1,2,2,0,0,0,0.0,0.0,0.0,0.0,0.0
random_validation,0.0,0,82,agent1,0,3,0,0,0,0.0,0.0,0.0,0.0,0.0
random_validation,0.0,0,82,agent1,1,3,0,0,0,0.0,0.0,0.0,0.0,0.0
random_validation,0.0,0,84,agent1,0,2,0,0,0,0.0,0.0,0.0,0.0,0.0
random_validation,0.0,0,84,agent1,1,1,0,0,0,0.0,0.0,0.0,0.0,0.0
random_validation,0.0,0,84,agent1,2,1,0,0,0,0.0,0.0,0.0,0.0,0.0
random_validation,0.0,0,85,agent1,0,2,0,0,0,0.0,0.0,0.0,0.0,0.0
random_validation,0.0,0,85,agent1,1,2,0,0,0,0.0,0.0,0.0,0.0,0.0
random_validation,0.0,0,87,agent1,0,2,0,0,0,0.0,0.0,0.0,0.0,0.0
random_validation,0.0,0,87,agent1,2,2,0,0,0,0.0,0.0,0.0,0.0,0.0
random_validation,0.0,0,88,agent1,1,3,0,0,0,0.0,0.0,0.0,0.0,0.0
random_validation,0.0,0,88,agent1,2,3,0,0,0,0.0,0.0,0.0,0.0,0.0
random_validation,0.0,0,89,agent1,1,3,0,0,0,0.0,0.0,0.0,0.0,0.0
random_validation,0.0,0,89,agent1,2,1,0,0,0,0.0,0.0,0.0,0.0,0.0
random_validation,0.0,0,9,agent1,0,2,2,0,4,2.0,1.0,0.5,2.0,2.0
random_validation,0.0,0,9,agent1,1,2,0,0,0,1.0,0.0,0.0,0.0,0.0
random_validation,0.0,0,9,agent1,2,3,0,1,0,0.0,0.0,0.0,-1.0,-1.0
random_validation,0.0,1,10,agent1,0,3,2,0,3,2.0,0.6666666666666666,0.3333333333333333,2.0,2.0
random_validation,0.0,1,10,agent1,1,1,0,0,1,0.0,0.0,1.0,0.0,0.0
random_validation,0.0,1,10,agent1,2,1,1,0,1,1.0,1.0,0.0,1.0,1.0
random_validation,0.0,1,100,agent1,1,1,0,0,0,0.0,0.0,0.0,0.0,0.0
random_validation,0.0,1,100,agent1,2,1,0,0,0,0.0,0.0,0.0,0.0,0.0
random_validation,0.0,1,11,agent1,1,2,0,0,0,0.0,0.0,0.0,0.0,0.0
random_validation,0.0,1,11,agent1,2,2,1,0,1,1.0,0.5,0.0,1.0,1.0
random_validation,0.0,1,13,agent1,2,1,0,0,0,1.0,0.0,0.0,0.0,0.0
random_validation,0.0,1,16,agent1,0,0,0,0,0,1.0,0.0,0.0,0.0,0.0
random_validation,0.0,1,16,agent1,1,4,0,0,0,1.0,0.0,0.0,0.0,0.0
random_validation,0.0,1,17,agent1,0,3,0,0,0,0.0,0.0,0.0,0.0,0.0
random_validation,0.0,1,17,agent1,1,1,0,0,1,0.0,0.0,1.0,0.0,0.0
random_validation,0.0,1,19,agent1,0,3,0,2,0,-1.0,0.0,0.0,-2.0,-2.0
random_validation,0.0,1,19,agent1,1,1,0,0,1,0.0,0.0,1.0,0.0,0.0
random_validation,0.0,1,19,agent1,2,2,0,0,0,0.0,0.0,0.0,0.0,0.0
random_validation,0.0,1,2,agent1,2,3,0,0,1,0.0,0.0,1.0,0.0,0.0
random_validation,0.0,1,21,agent1,0,1,0,0,0,0.0,0.0,0.0,0.0,0.0
random_validation,0.0,1,21,agent1,2,1,0,0,1,0.0,0.0,1.0,0.0,0.0
random_validation,0.0,1,22,agent1,0,3,0,0,0,1.0,0.0,0.0,0.0,0.0
random_validation,0.0,1,22,agent1,1,1,0,0,0,1.0,0.0,0.0,0.0,0.0
random_validation,0.0,1,23,agent1,0,2,0,0,1,0.0,0.0,1.0,0.0,0.0
random_validation,0.0,1,23,agent1,1,2,1,0,2,1.0,0.5,0.5,1.0,1.0
random_validation,0.0,1,23,agent1,2,3,0,0,2,0.0,0.0,1.0,0.0,0.0
random_validation,0.0,1,26,agent1,0,3,0,0,0,1.0,0.0,0.0,0.0,0.0
random_validation,0.0,1,26,agent1,1,1,0,0,0,1.0,0.0,0.0,0.0,0.0
random_validation,0.0,1,26,agent1,2,3,0,0,0,1.0,0.0,0.0,0.0,0.0
random_validation,0.0,1,27,agent1,0,2,0,0,0,1.0,0.0,0.0,0.0,0.0
random_validation,0.0,1,27,agent1,1,2,0,0,0,1.0,0.0,0.0,0.0,0.0
random_validation,0.0,1,27,agent1,2,1,0,0,0,1.0,0.0,0.0,0.0,0.0
random_validation,0.0,1,29,agent1,0,3,1,0,1,1.0,0.3333333333333333,0.0,1.0,1.0
random_validation,0.0,1,29,agent1,1,1,0,0,0,0.0,0.0,0.0,0.0,0.0
random_validation,0.0,1,3,agent1,0,3,0,3,0,-2.0,0.0,0.0,-3.0,-3.0
random_validation,0.0,1,3,agent1,1,2,0,0,1,0.0,0.0,1.0,0.0,0.0
random_validation,0.0,1,30,agent1,2,2,0,0,0,1.0,0.0,0.0,0.0,0.0
random_validation,0.0,1,31,agent1,1,1,0,0,0,0.0,0.0,0.0,0.0,0.0
random_validation,0.0,1,31,agent1,2,1,0,1,0,0.0,0.0,0.0,-1.0,-1.0
random_validation,0.0,1,32,agent1,0,2,0,2,0,-1.0,0.0,0.0,-2.0,-2.0
random_validation,0.0,1,32,agent1,1,1,0,0,2,0.0,0.0,1.0,0.0,0.0
random_validation,0.0,1,33,agent1,1,3,2,0,2,2.0,0.6666666666666666,0.0,2.0,2.0
random_validation,0.0,1,33,agent1,2,0,0,0,0,0.0,0.0,0.0,0.0,0.0
random_validation,0.0,1,34,agent1,0,1,0,0,0,0.0,0.0,0.0,0.0,0.0
random_validation,0.0,1,34,agent1,1,4,1,0,2,1.0,0.25,0.5,1.0,1.0
random_validation,0.0,1,34,agent1,2,2,1,0,2,1.0,0.5,0.5,1.0,1.0
random_validation,0.0,1,36,agent1,0,2,0,0,0,1.0,0.0,0.0,0.0,0.0
random_validation,0.0,1,36,agent1,1,1,0,0,0,1.0,0.0,0.0,0.0,0.0
random_validation,0.0,1,36,agent1,2,3,0,0,0,1.0,0.0,0.0,0.0,0.0
random_validation,0.0,1,37,agent1,0,4,0,0,0,1.0,0.0,0.0,0.0,0.0
random_validation,0.0,1,37,agent1,1,4,0,1,0,0.0,0.0,0.0,-1.0,-1.0
random_validation,0.0,1,37,agent1,2,3,0,1,0,0.0,0.0,0.0,-1.0,-1.0
random_validation,0.0,1,41,agent1,0,1,0,0,0,1.0,0.0,0.0,0.0,0.0
random_validation,0.0,1,41,agent1,1,2,1,0,4,1.0,0.5,0.75,1.0,1.0
random_validation,0.0,1,41,agent1,2,3,0,0,0,1.0,0.0,0.0,0.0,0.0
random_validation,0.0,1,42,agent1,0,0,0,0,0,1.0,0.0,0.0,0.0,0.0
random_validation,0.0,1,42,agent1,1,5,0,1,0,0.0,0.0,0.0,-1.0,-1.0
random_validation,0.0,1,42,agent1,2,4,0,0,0,1.0,0.0,0.0,0.0,0.0
random_validation,0.0,1,48,agent1,0,3,0,0,0,1.0,0.0,0.0,0.0,0.0
random_validation,0.0,1,48,agent1,2,2,0,0,0,1.0,0.0,0.0,0.0,0.0
random_validation,0.0,1,51,agent1,0,2,0,0,0,0.0,0.0,0.0,0.0,0.0
random_validation,0.0,1,51,agent1,1,3,0,0,0,0.0,0.0,0.0,0.0,0.0
random_validation,0.0,1,51,agent1,2,1,1,0,1,1.0,1.0,0.0,1.0,1.0
random_validation,0.0,1,57,agent1,0,1,0,0,0,0.0,0.0,0.0,0.0,0.0
random_validation,0.0,1,57,agent1,1,5,0,0,0,0.0,0.0,0.0,0.0,0.0
random_validation,0.0,1,57,agent1,2,5,0,0,0,0.0,0.0,0.0,0.0,0.0
random_validation,0.0,1,60,agent1,0,4,0,1,0,0.0,0.0,0.0,-1.0,-1.0
random_validation,0.0,1,60,agent1,1,4,0,0,0,1.0,0.0,0.0,0.0,0.0
random_validation,0.0,1,60,agent1,2,3,0,1,0,0.0,0.0,0.0,-1.0,-1.0
random_validation,0.0,1,61,agent1,0,3,0,0,0,0.0,0.0,0.0,0.0,0.0
random_validation,0.0,1,61,agent1,1,4,0,0,0,0.0,0.0,0.0,0.0,0.0
random_validation,0.0,1,61,agent1,2,4,0,0,0,0.0,0.0,0.0,0.0,0.0
random_validation,0.0,1,63,agent1,0,1,0,0,0,0.0,0.0,0.0,0.0,0.0
random_validation,0.0,1,63,agent1,1,2,0,0,0,0.0,0.0,0.0,0.0,0.0
random_validation,0.0,1,63,agent1,2,5,0,0,0,0.0,0.0,0.0,0.0,0.0
random_validation,0.0,1,64,agent1,0,4,0,0,0,0.0,0.0,0.0,0.0,0.0
random_validation,0.0,1,64,agent1,2,4,0,0,0,0.0,0.0,0.0,0.0,0.0
random_validation,0.0,1,65,agent1,0,1,0,0,0,1.0,0.0,0.0,0.0,0.0
random_validation,0.0,1,65,agent1,1,1,0,0,0,1.0,0.0,0.0,0.0,0.0
random_validation,0.0,1,65,agent1,2,1,0,0,0,1.0,0.0,0.0,0.0,0.0
random_validation,0.0,1,68,agent1,0,3,0,0,0,0.0,0.0,0.0,0.0,0.0
random_validation,0.0,1,68,agent1,1,5,0,0,0,0.0,0.0,0.0,0.0,0.0
random_validation,0.0,1,68,agent1,2,4,0,0,0,0.0,0.0,0.0,0.0,0.0
random_validation,0.0,1,69,agent1,0,4,0,1,0,0.0,0.0,0.0,-1.0,-1.0
random_validation,0.0,1,69,agent1,1,4,0,3,0,-2.0,0.0,0.0,-3.0,-3.0
random_validation,0.0,1,69,agent1,2,3,1,0,4,1.0,0.3333333333333333,0.75,1.0,1.0
random_validation,0.0,1,70,agent1,0,2,0,0,0,0.0,0.0,0.0,0.0,0.0
random_validation,0.0,1,70,agent1,1,2,0,0,0,0.0,0.0,0.0,0.0,0.0
random_validation,0.0,1,72,agent1,0,2,0,0,0,1.0,0.0,0.0,0.0,0.0
random_validation,0.0,1,72,agent1,1,0,0,0,0,1.0,0.0,0.0,0.0,0.0
random_validation,0.0,1,72,agent1,2,1,0,0,0,1.0,0.0,0.0,0.0,0.0
random_validation,0.0,1,73,agent1,1,2,0,0,0,0.0,0.0,0.0,0.0,0.0
random_validation,0.0,1,73,agent1,2,1,0,0,0,0.0,0.0,0.0,0.0,0.0
random_validation,0.0,1,75,agent1,0,4,0,0,0,0.0,0.0,0.0,0.0,0.0
random_validation,0.0,1,75,agent1,1,0,0,0,0,0.0,0.0,0.0,0.0,0.0
random_validation,0.0,1,75,agent1,2,1,0,0,0,0.0,0.0,0.0,0.0,0.0
random_validation,0.0,1,76,agent1,1,1,0,0,0,1.0,0.0,0.0,0.0,0.0
random_validation,0.0,1,77,agent1,0,0,0,0,0,0.0,0.0,0.0,0.0,0.0
random_validation,0.0,1,77,agent1,2,4,0,0,0,0.0,0.0,0.0,0.0,0.0
random_validation,0.0,1,79,agent1,0,1,0,0,0,0.0,0.0,0.0,0.0,0.0
random_validation,0.0,1,79,agent1,2,3,0,0,0,0.0,0.0,0.0,0.0,0.0
random_validation,0.0,1,8,agent1,0,5,0,3,0,-2.0,0.0,0.0,-3.0,-3.0
random_validation,0.0,1,80,agent1,0,3,0,0,0,0.0,0.0,0.0,0.0,0.0
random_validation,0.0,1,80,agent1,1,3,0,0,0,0.0,0.0,0.0,0.0,0.0
random_validation,0.0,1,80,agent1,2,4,0,0,0,0.0,0.0,0.0,0.0,0.0
random_validation,0.0,1,82,agent1,0,4,0,0,0,0.0,0.0,0.0,0.0,0.0
random_validation,0.0,1,82,agent1,1,1,0,0,0,0.0,0.0,0.0,0.0,0.0
random_validation,0.0,1,84,agent1,0,0,0,0,0,0.0,0.0,0.0,0.0,0.0
random_validation,0.0,1,84,agent1,1,1,0,0,0,0.0,0.0,0.0,0.0,0.0
random_validation,0.0,1,84,agent1,2,1,0,0,0,0.0,0.0,0.0,0.0,0.0
random_validation,0.0,1,85,agent1,0,3,0,0,0,0.0,0.0,0.0,0.0,0.0
random_validation,0.0,1,85,agent1,1,3,0,0,0,0.0,0.0,0.0,0.0,0.0
random_validation,0.0,1,87,agent1,0,3,0,0,0,0.0,0.0,0.0,0.0,0.0
random_validation,0.0,1,87,agent1,2,1,0,0,0,0.0,0.0,0.0,0.0,0.0
random_validation,0.0,1,88,agent1,1,3,0,0,0,0.0,0.0,0.0,0.0,0.0
random_validation,0.0,1,88,agent1,2,3,0,0,0,0.0,0.0,0.0,0.0,0.0
random_validation,0.0,1,89,agent1,1,3,0,0,0,0.0,0.0,0.0,0.0,0.0
random_validation,0.0,1,89,agent1,2,4,0,0,0,0.0,0.0,0.0,0.0,0.0
random_validation,0.0,1,9,agent1,0,2,2,0,4,2.0,1.0,0.5,2.0,2.0
random_validation,0.0,1,9,agent1,1,0,0,0,0,1.0,0.0,0.0,0.0,0.0
random_validation,0.0,1,9,agent1,2,2,0,0,0,1.0,0.0,0.0,0.0,0.0
random_validation,0.0,2,10,agent1,0,2,2,0,3,2.0,1.0,0.3333333333333333,2.0,2.0
random_validation,0.0,2,10,agent1,1,0,0,0,1,0.0,0.0,1.0,0.0,0.0
random_validation,0.0,2,10,agent1,2,0,0,0,1,0.0,0.0,1.0,0.0,0.0
random_validation,0.0,2,100,agent1,1,2,0,0,0,0.0,0.0,0.0,0.0,0.0
random_validation,0.0,2,100,agent1,2,2,0,0,0,0.0,0.0,0.0,0.0,0.0
random_validation,0.0,2,11,agent1,1,2,0,0,0,0.0,0.0,0.0,0.0,0.0
random_validation,0.0,2,11,agent1,2,2,1,0,1,1.0,0.5,0.0,1.0,1.0
random_validation,0.0,2,13,agent1,2,0,0,0,0,1.0,0.0,0.0,0.0,0.0
random_validation,0.0,2,16,agent1,0,4,0,0,0,1.0,0.0,0.0,0.0,0.0
random_validation,0.0,2,16,agent1,1,2,0,0,0,1.0,0.0,0.0,0.0,0.0
random_validation,0.0,2,17,agent1,0,4,0,0,0,0.0,0.0,0.0,0.0,0.0
random_validation,0.0,2,17,agent1,1,1,1,0,1,1.0,1.0,0.0,1.0,1.0
random_validation,0.0,2,19,agent1,0,4,0,3,0,-2.0,0.0,0.0,-3.0,-3.0
random_validation,0.0,2,19,agent1,1,2,0,0,1,0.0,0.0,1.0,0.0,0.0
random_validation,0.0,2,19,agent1,2,1,0,0,0,0.0,0.0,0.0,0.0,0.0
random_validation,0.0,2,2,agent1,2,4,1,0,1,1.0,0.25,0.0,1.0,1.0
random_validation,0.0,2,21,agent1,0,0,0,0,0,0.0,0.0,0.0,0.0,0.0
random_validation,0.0,2,21,agent1,2,2,0,0,1,0.0,0.0,1.0,0.0,0.0
random_validation,0.0,2,22,agent1,0,4,0,0,0,1.0,0.0,0.0,0.0,0.0
random_validation,0.0,2,22,agent1,1,3,0,0,0,1.0,0.0,0.0,0.0,0.0
random_validation,0.0,2,23,agent1,0,3,1,0,1,1.0,0.3333333333333333,0.0,1.0,1.0
random_validation,0.0,2,23,agent1,1,2,1,0,2,1.0,0.5,0.5,1.0,1.0
random_validation,0.0,2,23,agent1,2,1,1,0,2,1.0,1.0,0.5,1.0,1.0
random_validation,0.0,2,26,agent1,0,4,0,0,0,1.0,0.0,0.0,0.0,0.0
random_validation,0.0,2,26,agent1,1,5,0,1,0,0.0,0.0,0.0,-1.0,-1.0
random_validation,0.0,2,26,agent1,2,2,0,0,0,1.0,0.0,0.0,0.0,0.0
random_validation,0.0,2,27,agent1,0,2,0,0,0,1.0,0.0,0.0,0.0,0.0
random_validation,0.0,2,27,agent1,1,2,0,0,0,1.0,0.0,0.0,0.0,0.0
random_validation,0.0,2,27,agent1,2,2,0,0,0,1.0,0.0,0.0,0.0,0.0
random_validation,0.0,2,29,agent1,0,4,1,0,1,1.0,0.25,0.0,1.0,1.0
random_validation,0.0,2,29,agent1,1,4,0,0,0,0.0,0.0,0.0,0.0,0.0
random_validation,0.0,2,3,agent1,0,4,0,3,0,-2.0,0.0,0.0,-3.0,-3.0
random_validation,0.0,2,3,agent1,1,2,1,0,1,1.0,0.5,0.0,1.0,1.0
random_validation,0.0,2,30,agent1,2,3,0,0,0,1.0,0.0,0.0,0.0,0.0
random_validation,0.0,2,31,agent1,1,2,0,0,0,0.0,0.0,0.0,0.0,0.0
random_validation,0.0,2,31,agent1,2,1,0,1,0,0.0,0.0,0.0,-1.0,-1.0
random_validation,0.0,2,32,agent1,0,2,0,2,0,-1.0,0.0,0.0,-2.0,-2.0
random_validation,0.0,2,32,agent1,1,3,1,0,2,1.0,0.3333333333333333,0.5,1.0,1.0
random_validation,0.0,2,33,agent1,1,0,0,0,2,0.0,0.0,1.0,0.0,0.0
random_validation,0.0,2,33,agent1,2,2,0,0,0,0.0,0.0,0.0,0.0,0.0
random_validation,0.0,2,34,agent1,0,3,0,0,0,0.0,0.0,0.0,0.0,0.0
random_validation,0.0,2,34,agent1,1,6,2,0,2,2.0,0.3333333333333333,0.0,2.0,2.0
random_validation,0.0,2,34,agent1,2,4,1,0,2,1.0,0.25,0.5,1.0,1.0
random_validation,0.0,2,36,agent1,0,1,0,0,0,1.0,0.0,0.0,0.0,0.0
random_validation,0.0,2,36,agent1,1,3,0,0,0,1.0,0.0,0.0,0.0,0.0
random_validation,0.0,2,36,agent1,2,1,0,0,0,1.0,0.0,0.0,0.0,0.0
random_validation,0.0,2,37,agent1,0,3,0,0,0,1.0,0.0,0.0,0.0,0.0
random_validation,0.0,2,37,agent1,1,1,0,1,0,0.0,0.0,0.0,-1.0,-1.0
random_validation,0.0,2,37,agent1,2,4,0,1,0,0.0,0.0,0.0,-1.0,-1.0
random_validation,0.0,2,41,agent1,0,4,0,1,0,0.0,0.0,0.0,-1.0,-1.0
random_validation,0.0,2,41,agent1,1,3,2,0,4,2.0,0.6666666666666666,0.5,2.0,2.0
random_validation,0.0,2,41,agent1,2,2,0,0,0,1.0,0.0,0.0,0.0,0.0
random_validation,0.0,2,42,agent1,0,4,0,0,0,1.0,0.0,0.0,0.0,0.0
random_validation,0.0,2,42,agent1,1,3,0,1,0,0.0,0.0,0.0,-1.0,-1.0
random_validation,0.0,2,42,agent1,2,2,0,0,0,1.0,0.0,0.0,0.0,0.0
random_validation,0.0,2,48,agent1,0,3,0,0,0,1.0,0.0,0.0,0.0,0.0
random_validation,0.0,2,48,agent1,2,3,0,0,0,1.0,0.0,0.0,0.0,0.0
random_validation,0.0,2,51,agent1,0,5,0,0,0,0.0,0.0,0.0,0.0,0.0
random_validation,0.0,2,51,agent1,1,5,0,0,0,0.0,0.0,0.0,0.0,0.0
random_validation,0.0,2,51,agent1,2,3,1,0,1,1.0,0.3333333333333333,0.0,1.0,1.0
random_validation,0.0,2,57,agent1,0,3,0,0,0,0.0,0.0,0.0,0.0,0.0
random_validation,0.0,2,57,agent1,1,2,0,0,0,0.0,0.0,0.0,0.0,0.0
random_validation,0.0,2,57,agent1,2,6,0,0,0,0.0,0.0,0.0,0.0,0.0
random_validation,0.0,2,60,agent1,0,4,0,2,0,-1.0,0.0,0.0,-2.0,-2.0
random_validation,0.0,2,60,agent1,1,3,0,0,0,1.0,0.0,0.0,0.0,0.0
random_validation,0.0,2,60,agent1,2,2,0,2,0,-1.0,0.0,0.0,-2.0,-2.0
random_validation,0.0,2,61,agent1,0,2,0,0,0,0.0,0.0,0.0,0.0,0.0
random_validation,0.0,2,61,agent1,1,3,0,0,0,0.0,0.0,0.0,0.0,0.0
random_validation,0.0,2,61,agent1,2,1,0,0,0,0.0,0.0,0.0,0.0,0.0
random_validation,0.0,2,63,agent1,0,3,0,0,0,0.0,0.0,0.0,0.0,0.0
random_validation,0.0,2,63,agent1,1,4,0,0,0,0.0,0.0,0.0,0.0,0.0
random_validation,0.0,2,63,agent1,2,2,0,0,0,0.0,0.0,0.0,0.0,0.0
random_validation,0.0,2,64,agent1,0,2,0,0,0,0.0,0.0,0.0,0.0,0.0
random_validation,0.0,2,64,agent1,2,2,0,0,0,0.0,0.0,0.0,0.0,0.0
random_validation,0.0,2,65,agent1,0,2,0,1,0,0.0,0.0,0.0,-1.0,-1.0
random_validation,0.0,2,65,agent1,1,0,0,0,0,1.0,0.0,0.0,0.0,0.0
random_validation,0.0,2,65,agent1,2,0,0,0,0,1.0,0.0,0.0,0.0,0.0
random_validation,0.0,2,68,agent1,0,2,0,0,0,0.0,0.0,0.0,0.0,0.0
random_validation,0.0,2,68,agent1,1,1,0,0,0,0.0,0.0,0.0,0.0,0.0
random_validation,0.0,2,68,agent1,2,4,0,0,0,0.0,0.0,0.0,0.0,0.0
random_validation,0.0,2,69,agent1,0,3,0,2,0,-1.0,0.0,0.0,-2.0,-2.0
random_validation,0.0,2,69,agent1,1,0,0,0,0,1.0,0.0,0.0,0.0,0.0
random_validation,0.0,2,69,agent1,2,0,0,0,4,0.0,0.0,1.0,0.0,0.0
random_validation,0.0,2,70,agent1,0,2,0,0,0,0.0,0.0,0.0,0.0,0.0
random_validation,0.0,2,70,agent1,1,3,0,0,0,0.0,0.0,0.0,0.0,0.0
random_validation,0.0,2,72,agent1,0,2,0,0,0,1.0,0.0,0.0,0.0,0.0
random_validation,0.0,2,72,agent1,1,2,0,0,0,1.0,0.0,0.0,0.0,0.0
random_validation,0.0,2,72,agent1,2,0,0,0,0,1.0,0.0,0.0,0.0,0.0
random_validation,0.0,2,73,agent1,1,2,0,0,0,0.0,0.0,0.0,0.0,0.0
random_validation,0.0,2,73,agent1,2,2,0,0,0,0.0,0.0,0.0,0.0,0.0
random_validation,0.0,2,75,agent1,0,2,0,0,0,0.0,0.0,0.0,0.0,0.0
random_validation,0.0,2,75,agent1,1,1,0,0,0,0.0,0.0,0.0,0.0,0.0
random_validation,0.0,2,75,agent1,2,1,0,0,0,0.0,0.0,0.0,0.0,0.0
random_validation,0.0,2,76,agent1,1,1,0,0,0,1.0,0.0,0.0,0.0,0.0
random_validation,0.0,2,77,agent1,0,1,0,0,0,0.0,0.0,0.0,0.0,0.0
random_validation,0.0,2,77,agent1,2,2,0,0,0,0.0,0.0,0.0,0.0,0.0
random_validation,0.0,2,79,agent1,0,3,0,0,0,0.0,0.0,0.0,0.0,0.0
random_validation,0.0,2,79,agent1,2,2,0,0,0,0.0,0.0,0.0,0.0,0.0
random_validation,0.0,2,8,agent1,0,2,0,0,0,1.0,0.0,0.0,0.0,0.0
random_validation,0.0,2,80,agent1,0,4,0,0,0,0.0,0.0,0.0,0.0,0.0
random_validation,0.0,2,80,agent1,1,2,0,0,0,0.0,0.0,0.0,0.0,0.0
random_validation,0.0,2,80,agent1,2,1,0,0,0,0.0,0.0,0.0,0.0,0.0
random_validation,0.0,2,82,agent1,0,1,0,0,0,0.0,0.0,0.0,0.0,0.0
random_validation,0.0,2,82,agent1,1,4,0,0,0,0.0,0.0,0.0,0.0,0.0
random_validation,0.0,2,84,agent1,0,0,0,0,0,0.0,0.0,0.0,0.0,0.0
random_validation,0.0,2,84,agent1,1,1,0,0,0,0.0,0.0,0.0,0.0,0.0
random_validation,0.0,2,84,agent1,2,2,0,0,0,0.0,0.0,0.0,0.0,0.0
random_validation,0.0,2,85,agent1,0,3,0,0,0,0.0,0.0,0.0,0.0,0.0
random_validation,0.0,2,85,agent1,1,2,0,0,0,0.0,0.0,0.0,0.0,0.0
random_validation,0.0,2,87,agent1,0,2,0,0,0,0.0,0.0,0.0,0.0,0.0
random_validation,0.0,2,87,agent1,2,1,0,0,0,0.0,0.0,0.0,0.0,0.0
random_validation,0.0,2,88,agent1,1,2,0,0,0,0.0,0.0,0.0,0.0,0.0
random_validation,0.0,2,88,agent1,2,2,0,0,0,0.0,0.0,0.0,0.0,0.0
random_validation,0.0,2,89,agent1,1,4,0,0,0,0.0,0.0,0.0,0.0,0.0
random_validation,0.0,2,89,agent1,2,2,0,0,0,0.0,0.0,0.0,0.0,0.0
random_validation,0.0,2,9,agent1,0,1,1,0,4,1.0,1.0,0.75,1.0,1.0
random_validation,0.0,2,9,agent1,1,3,0,0,0,1.0,0.0,0.0,0.0,0.0
random_validation,0.0,2,9,agent1,2,4,0,1,0,0.0,0.0,0.0,-1.0,-1.0
random_validation,0.0,3,10,agent1,0,1,1,0,3,1.0,1.0,0.6666666666666666,1.0,1.0
random_validation,0.0,3,10,agent1,1,0,0,0,1,0.0,0.0,1.0,0.0,0.0
random_validation,0.0,3,10,agent1,2,2,1,0,1,1.0,0.5,0.0,1.0,1.0
random_validation,0.0,3,100,agent1,1,2,0,0,0,0.0,0.0,0.0,0.0,0.0
random_validation,0.0,3,100,agent1,2,2,0,0,0,0.0,0.0,0.0,0.0,0.0
random_validation,0.0,3,11,agent1,1,0,0,0,0,0.0,0.0,0.0,0.0,0.0
random_validation,0.0,3,11,agent1,2,2,0,0,1,0.0,0.0,1.0,0.0,0.0
random_validation,0.0,3,13,agent1,2,0,0,0,0,1.0,0.0,0.0,0.0,0.0
random_validation,0.0,3,16,agent1,0,1,0,0,0,1.0,0.0,0.0,0.0,0.0
random_validation,0.0,3,16,agent1,1,4,0,0,0,1.0,0.0,0.0,0.0,0.0
random_validation,0.0,3,17,agent1,0,3,0,0,0,0.0,0.0,0.0,0.0,0.0
random_validation,0.0,3,17,agent1,1,4,1,0,1,1.0,0.25,0.0,1.0,1.0
random_validation,0.0,3,19,agent1,0,1,0,0,0,1.0,0.0,0.0,0.0,0.0
random_validation,0.0,3,19,agent1,1,1,0,0,1,0.0,0.0,1.0,0.0,0.0
random_validation,0.0,3,19,agent1,2,1,0,0,0,0.0,0.0,0.0,0.0,0.0
random_validation,0.0,3,2,agent1,2,2,1,0,1,1.0,0.5,0.0,1.0,1.0
random_validation,0.0,3,21,agent1,0,0,0,0,0,0.0,0.0,0.0,0.0,0.0
random_validation,0.0,3,21,agent1,2,3,0,0,1,0.0,0.0,1.0,0.0,0.0
random_validation,0.0,3,22,agent1,0,3,0,0,0,1.0,0.0,0.0,0.0,0.0
random_validation,0.0,3,22,agent1,1,1,0,0,0,1.0,0.0,0.0,0.0,0.0
random_validation,0.0,3,23,agent1,0,2,1,0,1,1.0,0.5,0.0,1.0,1.0
random_validation,0.0,3,23,agent1,1,4,1,0,2,1.0,0.25,0.5,1.0,1.0
random_validation,0.0,3,23,agent1,2,3,0,0,2,0.0,0.0,1.0,0.0,0.0
random_validation,0.0,3,26,agent1,0,2,0,0,0,1.0,0.0,0.0,0.0,0.0
random_validation,0.0,3,26,agent1,1,3,0,1,0,0.0,0.0,0.0,-1.0,-1.0
random_validation,0.0,3,26,agent1,2,4,0,0,0,1.0,0.0,0.0,0.0,0.0
random_validation,0.0,3,27,agent1,0,3,0,0,0,1.0,0.0,0.0,0.0,0.0
random_validation,0.0,3,27,agent1,1,5,0,0,0,1.0,0.0,0.0,0.0,0.0
random_validation,0.0,3,27,agent1,2,1,0,0,0,1.0,0.0,0.0,0.0,0.0
random_validation,0.0,3,29,agent1,0,2,1,0,1,1.0,0.5,0.0,1.0,1.0
random_validation,0.0,3,29,agent1,1,4,0,0,0,0.0,0.0,0.0,0.0,0.0
random_validation,0.0,3,3,agent1,0,3,0,3,0,-2.0,0.0,0.0,-3.0,-3.0
random_validation,0.0,3,3,agent1,1,2,0,0,1,0.0,0.0,1.0,0.0,0.0
random_validation,0.0,3,30,agent1,2,2,0,0,0,1.0,0.0,0.0,0.0,0.0
random_validation,0.0,3,31,agent1,1,1,0,0,0,0.0,0.0,0.0,0.0,0.0
random_validation,0.0,3,31,agent1,2,2,0,1,0,0.0,0.0,0.0,-1.0,-1.0
random_validation,0.0,3,32,agent1,0,2,0,2,0,-1.0,0.0,0.0,-2.0,-2.0
random_validation,0.0,3,32,agent1,1,3,1,0,2,1.0,0.3333333333333333,0.5,1.0,1.0
random_validation,0.0,3,33,agent1,1,2,1,0,2,1.0,0.5,0.5,1.0,1.0
random_validation,0.0,3,33,agent1,2,3,0,0,0,0.0,0.0,0.0,0.0,0.0
random_validation,0.0,3,34,agent1,0,2,0,0,0,0.0,0.0,0.0,0.0,0.0
random_validation,0.0,3,34,agent1,1,2,1,0,2,1.0,0.5,0.5,1.0,1.0
random_validation,0.0,3,34,agent1,2,3,1,0,2,1.0,0.3333333333333333,0.5,1.0,1.0
random_validation,0.0,3,36,agent1,0,1,0,0,0,1.0,0.0,0.0,0.0,0.0
random_validation,0.0,3,36,agent1,1,1,0,0,0,1.0,0.0,0.0,0.0,0.0
random_validation,0.0,3,36,agent1,2,1,0,0,0,1.0,0.0,0.0,0.0,0.0
random_validation,0.0,3,37,agent1,0,5,0,1,0,0.0,0.0,0.0,-1.0,-1.0
random_validation,0.0,3,37,agent1,1,2,0,1,0,0.0,0.0,0.0,-1.0,-1.0
random_validation,0.0,3,37,agent1,2,3,0,2,0,-1.0,0.0,0.0,-2.0,-2.0
random_validation,0.0,3,41,agent1,0,2,0,0,0,1.0,0.0,0.0,0.0,0.0
random_validation,0.0,3,41,agent1,1,2,1,0,4,1.0,0.5,0.75,1.0,1.0
random_validation,0.0,3,41,agent1,2,4,0,0,0,1.0,0.0,0.0,0.0,0.0
random_validation,0.0,3,42,agent1,0,5,0,0,0,1.0,0.0,0.0,0.0,0.0
random_validation,0.0,3,42,agent1,1,6,0,1,0,0.0,0.0,0.0,-1.0,-1.0
random_validation,0.0,3,42,agent1,2,2,0,0,0,1.0,0.0,0.0,0.0,0.0
random_validation,0.0,3,48,agent1,0,3,0,0,0,1.0,0.0,0.0,0.0,0.0
random_validation,0.0,3,48,agent1,2,2,0,0,0,1.0,0.0,0.0,0.0,0.0
random_validation,0.0,3,51,agent1,0,0,0,0,0,0.0,0.0,0.0,0.0,0.0
random_validation,0.0,3,51,agent1,1,3,0,0,0,0.0,0.0,0.0,0.0,0.0
random_validation,0.0,3,51,agent1,2,3,1,0,1,1.0,0.3333333333333333,0.0,1.0,1.0
random_validation,0.0,3,57,agent1,0,5,0,0,0,0.0,0.0,0.0,0.0,0.0
random_validation,0.0,3,57,agent1,1,3,0,0,0,0.0,0.0,0.0,0.0,0.0
random_validation,0.0,3,57,agent1,2,2,0,0,0,0.0,0.0,0.0,0.0,0.0
random_validation,0.0,3,60,agent1,0,3,0,1,0,0.0,0.0,0.0,-1.0,-1.0
random_validation,0.0,3,60,agent1,1,1,0,0,0,1.0,0.0,0.0,0.0,0.0
random_validation,0.0,3,60,agent1,2,4,0,3,0,-2.0,0.0,0.0,-3.0,-3.0
random_validation,0.0,3,61,agent1,0,2,0,0,0,0.0,0.0,0.0,0.0,0.0
random_validation,0.0,3,61,agent1,1,3,0,0,0,0.0,0.0,0.0,0.0,0.0
random_validation,0.0,3,61,agent1,2,2,0,0,0,0.0,0.0,0.0,0.0,0.0
random_validation,0.0,3,63,agent1,0,4,0,0,0,0.0,0.0,0.0,0.0,0.0
random_validation,0.0,3,63,agent1,1,4,0,0,0,0.0,0.0,0.0,0.0,0.0
random_validation,0.0,3,63,agent1,2,2,0,0,0,0.0,0.0,0.0,0.0,0.0
random_validation,0.0,3,64,agent1,0,6,0,0,0,0.0,0.0,0.0,0.0,0.0
random_validation,0.0,3,64,agent1,2,2,0,0,0,0.0,0.0,0.0,0.0,0.0
random_validation,0.0,3,65,agent1,0,2,0,1,0,0.0,0.0,0.0,-1.0,-1.0
random_validation,0.0,3,65,agent1,1,1,0,0,0,1.0,0.0,0.0,0.0,0.0
random_validation,0.0,3,65,agent1,2,2,0,0,0,1.0,0.0,0.0,0.0,0.0
random_validation,0.0,3,68,agent1,0,4,0,0,0,0.0,0.0,0.0,0.0,0.0
random_validation,0.0,3,68,agent1,1,3,0,0,0,0.0,0.0,0.0,0.0,0.0
random_validation,0.0,3,68,agent1,2,2,0,0,0,0.0,0.0,0.0,0.0,0.0
random_validation,0.0,3,69,agent1,0,4,0,2,0,-1.0,0.0,0.0,-2.0,-2.0
random_validation,0.0,3,69,agent1,1,1,0,1,0,0.0,0.0,0.0,-1.0,-1.0
random_validation,0.0,3,69,agent1,2,0,0,0,4,0.0,0.0,1.0,0.0,0.0
random_validation,0.0,3,70,agent1,0,1,0,0,0,0.0,0.0,0.0,0.0,0.0
random_validation,0.0,3,70,agent1,1,5,0,0,0,0.0,0.0,0.0,0.0,0.0
random_validation,0.0,3,72,agent1,0,1,0,0,0,1.0,0.0,0.0,0.0,0.0
random_validation,0.0,3,72,agent1,1,0,0,0,0,1.0,0.0,0.0,0.0,0.0
random_validation,0.0,3,72,agent1,2,2,0,0,0,1.0,0.0,0.0,0.0,0.0
random_validation,0.0,3,73,agent1,1,2,0,0,0,0.0,0.0,0.0,0.0,0.0
random_validation,0.0,3,73,agent1,2,3,0,0,0,0.0,0.0,0.0,0.0,0.0
random_validation,0.0,3,75,agent1,0,3,0,0,0,0.0,0.0,0.0,0.0,0.0
random_validation,0.0,3,75,agent1,1,2,0,0,0,0.0,0.0,0.0,0.0,0.0
random_validation,0.0,3,75,agent1,2,0,0,0,0,0.0,0.0,0.0,0.0,0.0
random_validation,0.0,3,76,agent1,1,1,0,0,0,1.0,0.0,0.0,0.0,0.0
random_validation,0.0,3,77,agent1,0,0,0,0,0,0.0,0.0,0.0,0.0,0.0
random_validation,0.0,3,77,agent1,2,2,0,0,0,0.0,0.0,0.0,0.0,0.0
random_validation,0.0,3,79,agent1,0,1,0,0,0,0.0,0.0,0.0,0.0,0.0
random_validation,0.0,3,79,agent1,2,1,0,0,0,0.0,0.0,0.0,0.0,0.0
random_validation,0.0,3,8,agent1,0,3,0,2,0,-1.0,0.0,0.0,-2.0,-2.0
random_validation,0.0,3,80,agent1,0,1,0,0,0,0.0,0.0,0.0,0.0,0.0
random_validation,0.0,3,80,agent1,1,1,0,0,0,0.0,0.0,0.0,0.0,0.0
random_validation,0.0,3,80,agent1,2,2,0,0,0,0.0,0.0,0.0,0.0,0.0
random_validation,0.0,3,82,agent1,0,1,0,0,0,0.0,0.0,0.0,0.0,0.0
random_validation,0.0,3,82,agent1,1,2,0,0,0,0.0,0.0,0.0,0.0,0.0
random_validation,0.0,3,84,agent1,0,2,0,0,0,0.0,0.0,0.0,0.0,0.0
random_validation,0.0,3,84,agent1,1,2,0,0,0,0.0,0.0,0.0,0.0,0.0
random_validation,0.0,3,84,agent1,2,1,0,0,0,0.0,0.0,0.0,0.0,0.0
random_validation,0.0,3,85,agent1,0,5,0,0,0,0.0,0.0,0.0,0.0,0.0
random_validation,0.0,3,85,agent1,1,2,0,0,0,0.0,0.0,0.0,0.0,0.0
random_validation,0.0,3,87,agent1,0,3,0,0,0,0.0,0.0,0.0,0.0,0.0
random_validation,0.0,3,87,agent1,2,1,0,0,0,0.0,0.0,0.0,0.0,0.0
random_validation,0.0,3,88,agent1,1,2,0,0,0,0.0,0.0,0.0,0.0,0.0
random_validation,0.0,3,88,agent1,2,4,0,0,0,0.0,0.0,0.0,0.0,0.0
random_validation,0.0,3,89,agent1,1,5,0,0,0,0.0,0.0,0.0,0.0,0.0
random_validation,0.0,3,89,agent1,2,4,0,0,0,0.0,0.0,0.0,0.0,0.0
random_validation,0.0,3,9,agent1,0,2,2,0,4,2.0,1.0,0.5,2.0,2.0
random_validation,0.0,3,9,agent1,1,2,0,0,0,1.0,0.0,0.0,0.0,0.0
random_validation,0.0,3,9,agent1,2,2,0,0,0,1.0,0.0,0.0,0.0,0.0
random_validation,0.0,4,10,agent1,0,1,1,0,3,1.0,1.0,0.6666666666666666,1.0,1.0
random_validation,0.0,4,10,agent1,1,0,0,0,1,0.0,0.0,1.0,0.0,0.0
random_validation,0.0,4,10,agent1,2,0,0,0,1,0.0,0.0,1.0,0.0,0.0
random_validation,0.0,4,100,agent1,1,1,0,0,0,0.0,0.0,0.0,0.0,0.0
random_validation,0.0,4,100,agent1,2,3,0,0,0,0.0,0.0,0.0,0.0,0.0
random_validation,0.0,4,11,agent1,1,1,0,0,0,0.0,0.0,0.0,0.0,0.0
random_validation,0.0,4,11,agent1,2,3,1,0,1,1.0,0.3333333333333333,0.0,1.0,1.0
random_validation,0.0,4,13,agent1,2,1,0,0,0,1.0,0.0,0.0,0.0,0.0
random_validation,0.0,4,16,agent1,0,2,0,0,0,1.0,0.0,0.0,0.0,0.0
random_validation,0.0,4,16,agent1,1,4,0,0,0,1.0,0.0,0.0,0.0,0.0
random_validation,0.0,4,17,agent1,0,3,0,0,0,0.0,0.0,0.0,0.0,0.0
random_validation,0.0,4,17,agent1,1,2,0,0,1,0.0,0.0,1.0,0.0,0.0
random_validation,0.0,4,19,agent1,0,2,0,2,0,-1.0,0.0,0.0,-2.0,-2.0
random_validation,0.0,4,19,agent1,1,1,0,0,1,0.0,0.0,1.0,0.0,0.0
random_validation,0.0,4,19,agent1,2,0,0,0,0,0.0,0.0,0.0,0.0,0.0
random_validation,0.0,4,2,agent1,2,3,1,0,1,1.0,0.3333333333333333,0.0,1.0,1.0
random_validation,0.0,4,21,agent1,0,0,0,0,0,0.0,0.0,0.0,0.0,0.0
random_validation,0.0,4,21,agent1,2,1,0,0,1,0.0,0.0,1.0,0.0,0.0
random_validation,0.0,4,22,agent1,0,3,0,0,0,1.0,0.0,0.0,0.0,0.0
random_validation,0.0,4,22,agent1,1,2,0,0,0,1.0,0.0,0.0,0.0,0.0
random_validation,0.0,4,23,agent1,0,1,0,0,1,0.0,0.0,1.0,0.0,0.0
random_validation,0.0,4,23,agent1,1,6,2,0,2,2.0,0.3333333333333333,0.0,2.0,2.0
random_validation,0.0,4,23,agent1,2,0,0,0,2,0.0,0.0,1.0,0.0,0.0
random_validation,0.0,4,26,agent1,0,4,0,0,0,1.0,0.0,0.0,0.0,0.0
random_validation,0.0,4,26,agent1,1,2,0,1,0,0.0,0.0,0.0,-1.0,-1.0
random_validation,0.0,4,26,agent1,2,2,0,0,0,1.0,0.0,0.0,0.0,0.0
random_validation,0.0,4,27,agent1,0,1,0,0,0,1.0,0.0,0.0,0.0,0.0
random_validation,0.0,4,27,agent1,1,2,0,0,0,1.0,0.0,0.0,0.0,0.0
random_validation,0.0,4,27,agent1,2,3,0,0,0,1.0,0.0,0.0,0.0,0.0
random_validation,0.0,4,29,agent1,0,2,0,0,1,0.0,0.0,1.0,0.0,0.0
random_validation,0.0,4,29,agent1,1,4,0,0,0,0.0,0.0,0.0,0.0,0.0
random_validation,0.0,4,3,agent1,0,2,0,2,0,-1.0,0.0,0.0,-2.0,-2.0
random_validation,0.0,4,3,agent1,1,1,0,0,1,0.0,0.0,1.0,0.0,0.0
random_validation,0.0,4,30,agent1,2,1,0,0,0,1.0,0.0,0.0,0.0,0.0
random_validation,0.0,4,31,agent1,1,3,0,0,0,0.0,0.0,0.0,0.0,0.0
random_validation,0.0,4,31,agent1,2,2,0,1,0,0.0,0.0,0.0,-1.0,-1.0
random_validation,0.0,4,32,agent1,0,2,0,2,0,-1.0,0.0,0.0,-2.0,-2.0
random_validation,0.0,4,32,agent1,1,4,1,0,2,1.0,0.25,0.5,1.0,1.0
random_validation,0.0,4,33,agent1,1,3,1,0,2,1.0,0.3333333333333333,0.5,1.0,1.0
random_validation,0.0,4,33,agent1,2,3,0,0,0,0.0,0.0,0.0,0.0,0.0
random_validation,0.0,4,34,agent1,0,3,0,0,0,0.0,0.0,0.0,0.0,0.0
random_validation,0.0,4,34,agent1,1,1,0,0,2,0.0,0.0,1.0,0.0,0.0
random_validation,0.0,4,34,agent1,2,2,0,0,2,0.0,0.0,1.0,0.0,0.0
random_validation,0.0,4,36,agent1,0,3,0,0,0,1.0,0.0,0.0,0.0,0.0
random_validation,0.0,4,36,agent1,1,0,0,0,0,1.0,0.0,0.0,0.0,0.0
random_validation,0.0,4,36,agent1,2,2,0,0,0,1.0,0.0,0.0,0.0,0.0
random_validation,0.0,4,37,agent1,0,4,0,0,0,1.0,0.0,0.0,0.0,0.0
random_validation,0.0,4,37,agent1,1,3,0,1,0,0.0,0.0,0.0,-1.0,-1.0
random_validation,0.0,4,37,agent1,2,4,0,2,0,-1.0,0.0,0.0,-2.0,-2.0
random_validation,0.0,4,41,agent1,0,3,0,0,0,1.0,0.0,0.0,0.0,0.0
random_validation,0.0,4,41,agent1,1,3,2,0,4,2.0,0.6666666666666666,0.5,2.0,2.0
random_validation,0.0,4,41,agent1,2,1,0,0,0,1.0,0.0,0.0,0.0,0.0
random_validation,0.0,4,42,agent1,0,2,0,0,0,1.0,0.0,0.0,0.0,0.0
random_validation,0.0,4,42,agent1,1,2,0,0,0,1.0,0.0,0.0,0.0,0.0
random_validation,0.0,4,42,agent1,2,3,0,0,0,1.0,0.0,0.0,0.0,0.0
random_validation,0.0,4,48,agent1,0,5,0,0,0,1.0,0.0,0.0,0.0,0.0
random_validation,0.0,4,48,agent1,2,2,0,0,0,1.0,0.0,0.0,0.0,0.0
random_validation,0.0,4,51,agent1,0,1,0,0,0,0.0,0.0,0.0,0.0,0.0
random_validation,0.0,4,51,agent1,1,4,0,0,0,0.0,0.0,0.0,0.0,0.0
random_validation,0.0,4,51,agent1,2,2,0,0,1,0.0,0.0,1.0,0.0,0.0
random_validation,0.0,4,57,agent1,0,2,0,0,0,0.0,0.0,0.0,0.0,0.0
random_validation,0.0,4,57,agent1,1,4,0,0,0,0.0,0.0,0.0,0.0,0.0
random_validation,0.0,4,57,agent1,2,5,0,0,0,0.0,0.0,0.0,0.0,0.0
random_validation,0.0,4,60,agent1,0,3,0,1,0,0.0,0.0,0.0,-1.0,-1.0
random_validation,0.0,4,60,agent1,1,3,0,0,0,1.0,0.0,0.0,0.0,0.0
random_validation,0.0,4,60,agent1,2,4,0,2,0,-1.0,0.0,0.0,-2.0,-2.0
random_validation,0.0,4,61,agent1,0,4,0,0,0,0.0,0.0,0.0,0.0,0.0
random_validation,0.0,4,61,agent1,1,2,0,0,0,0.0,0.0,0.0,0.0,0.0
random_validation,0.0,4,61,agent1,2,2,0,0,0,0.0,0.0,0.0,0.0,0.0
random_validation,0.0,4,63,agent1,0,4,0,0,0,0.0,0.0,0.0,0.0,0.0
random_validation,0.0,4,63,agent1,1,1,0,0,0,0.0,0.0,0.0,0.0,0.0
random_validation,0.0,4,63,agent1,2,5,0,0,0,0.0,0.0,0.0,0.0,0.0
random_validation,0.0,4,64,agent1,0,1,0,0,0,0.0,0.0,0.0,0.0,0.0
random_validation,0.0,4,64,agent1,2,4,0,0,0,0.0,0.0,0.0,0.0,0.0
random_validation,0.0,4,65,agent1,0,1,0,0,0,1.0,0.0,0.0,0.0,0.0
random_validation,0.0,4,65,agent1,1,1,0,0,0,1.0,0.0,0.0,0.0,0.0
random_validation,0.0,4,65,agent1,2,2,0,0,0,1.0,0.0,0.0,0.0,0.0
random_validation,0.0,4,68,agent1,0,3,0,0,0,0.0,0.0,0.0,0.0,0.0
random_validation,0.0,4,68,agent1,1,4,0,0,0,0.0,0.0,0.0,0.0,0.0
random_validation,0.0,4,68,agent1,2,3,0,0,0,0.0,0.0,0.0,0.0,0.0
random_validation,0.0,4,69,agent1,0,2,0,1,0,0.0,0.0,0.0,-1.0,-1.0
random_validation,0.0,4,69,agent1,1,5,0,4,0,-3.0,0.0,0.0,-4.0,-4.0
random_validation,0.0,4,69,agent1,2,3,3,0,4,3.0,1.0,0.25,3.0,3.0
random_validation,0.0,4,70,agent1,0,3,0,0,0,0.0,0.0,0.0,0.0,0.0
random_validation,0.0,4,70,agent1,1,1,0,0,0,0.0,0.0,0.0,0.0,0.0
random_validation,0.0,4,72,agent1,0,4,0,0,0,1.0,0.0,0.0,0.0,0.0
random_validation,0.0,4,72,agent1,1,1,0,0,0,1.0,0.0,0.0,0.0,0.0
random_validation,0.0,4,72,agent1,2,1,0,0,0,1.0,0.0,0.0,0.0,0.0
random_validation,0.0,4,73,agent1,1,1,0,0,0,0.0,0.0,0.0,0.0,0.0
random_validation,0.0,4,73,agent1,2,1,0,0,0,0.0,0.0,0.0,0.0,0.0
random_validation,0.0,4,75,agent1,0,2,0,0,0,0.0,0.0,0.0,0.0,0.0
random_validation,0.0,4,75,agent1,1,2,0,0,0,0.0,0.0,0.0,0.0,0.0
random_validation,0.0,4,75,agent1,2,0,0,0,0,0.0,0.0,0.0,0.0,0.0
random_validation,0.0,4,76,agent1,1,1,0,0,0,1.0,0.0,0.0,0.0,0.0
random_validation,0.0,4,77,agent1,0,1,0,0,0,0.0,0.0,0.0,0.0,0.0
random_validation,0.0,4,77,agent1,2,2,0,0,0,0.0,0.0,0.0,0.0,0.0
random_validation,0.0,4,79,agent1,0,2,0,0,0,0.0,0.0,0.0,0.0,0.0
random_validation,0.0,4,79,agent1,2,3,0,0,0,0.0,0.0,0.0,0.0,0.0
random_validation,0.0,4,8,agent1,0,2,0,1,0,0.0,0.0,0.0,-1.0,-1.0
random_validation,0.0,4,80,agent1,0,4,0,0,0,0.0,0.0,0.0,0.0,0.0
random_validation,0.0,4,80,agent1,1,2,0,0,0,0.0,0.0,0.0,0.0,0.0
random_validation,0.0,4,80,agent1,2,3,0,0,0,0.0,0.0,0.0,0.0,0.0
random_validation,0.0,4,82,agent1,0,4,0,0,0,0.0,0.0,0.0,0.0,0.0
random_validation,0.0,4,82,agent1,1,2,0,0,0,0.0,0.0,0.0,0.0,0.0
random_validation,0.0,4,84,agent1,0,2,0,0,0,0.0,0.0,0.0,0.0,0.0
random_validation,0.0,4,84,agent1,1,3,0,0,0,0.0,0.0,0.0,0.0,0.0
random_validation,0.0,4,84,agent1,2,1,0,0,0,0.0,0.0,0.0,0.0,0.0
random_validation,0.0,4,85,agent1,0,5,0,0,0,0.0,0.0,0.0,0.0,0.0
random_validation,0.0,4,85,agent1,1,3,0,0,0,0.0,0.0,0.0,0.0,0.0
random_validation,0.0,4,87,agent1,0,2,0,0,0,0.0,0.0,0.0,0.0,0.0
random_validation,0.0,4,87,agent1,2,2,0,0,0,0.0,0.0,0.0,0.0,0.0
random_validation,0.0,4,88,agent1,1,3,0,0,0,0.0,0.0,0.0,0.0,0.0
random_validation,0.0,4,88,agent1,2,3,0,0,0,0.0,0.0,0.0,0.0,0.0
random_validation,0.0,4,89,agent1,1,1,0,0,0,0.0,0.0,0.0,0.0,0.0
random_validation,0.0,4,89,agent1,2,4,0,0,0,0.0,0.0,0.0,0.0,0.0
random_validation,0.0,4,9,agent1,0,4,4,0,4,4.0,1.0,0.0,4.0,4.0
random_validation,0.0,4,9,agent1,1,2,0,0,0,1.0,0.0,0.0,0.0,0.0
random_validation,0.0,4,9,agent1,2,0,0,0,0,1.0,0.0,0.0,0.0,0.0
smtr_tci,0.1,0,10,agent1,0,3,3,0,3,3.0,1.0,0.0,3.0,3.0
smtr_tci,0.1,0,10,agent1,1,1,1,0,1,1.0,1.0,0.0,1.0,1.0
smtr_tci,0.1,0,10,agent1,2,1,1,0,1,1.0,1.0,0.0,1.0,1.0
smtr_tci,0.1,0,100,agent1,1,0,0,0,0,0.0,0.0,0.0,0.0,0.0
smtr_tci,0.1,0,100,agent1,2,0,0,0,0,0.0,0.0,0.0,0.0,0.0
smtr_tci,0.1,0,11,agent1,1,0,0,0,0,0.0,0.0,0.0,0.0,0.0
smtr_tci,0.1,0,11,agent1,2,1,1,0,1,1.0,1.0,0.0,1.0,1.0
smtr_tci,0.1,0,13,agent1,2,0,0,0,0,1.0,0.0,0.0,0.0,0.0
smtr_tci,0.1,0,16,agent1,0,0,0,0,0,1.0,0.0,0.0,0.0,0.0
smtr_tci,0.1,0,16,agent1,1,0,0,0,0,1.0,0.0,0.0,0.0,0.0
smtr_tci,0.1,0,17,agent1,0,0,0,0,0,0.0,0.0,0.0,0.0,0.0
smtr_tci,0.1,0,17,agent1,1,1,1,0,1,1.0,1.0,0.0,1.0,1.0
smtr_tci,0.1,0,19,agent1,0,0,0,0,0,1.0,0.0,0.0,0.0,0.0
smtr_tci,0.1,0,19,agent1,1,1,1,0,1,1.0,1.0,0.0,1.0,1.0
smtr_tci,0.1,0,19,agent1,2,0,0,0,0,0.0,0.0,0.0,0.0,0.0
smtr_tci,0.1,0,2,agent1,2,1,1,0,1,1.0,1.0,0.0,1.0,1.0
smtr_tci,0.1,0,21,agent1,0,0,0,0,0,0.0,0.0,0.0,0.0,0.0
smtr_tci,0.1,0,21,agent1,2,1,1,0,1,1.0,1.0,0.0,1.0,1.0
smtr_tci,0.1,0,22,agent1,0,0,0,0,0,1.0,0.0,0.0,0.0,0.0
smtr_tci,0.1,0,22,agent1,1,0,0,0,0,1.0,0.0,0.0,0.0,0.0
smtr_tci,0.1,0,23,agent1,0,1,1,0,1,1.0,1.0,0.0,1.0,1.0
smtr_tci,0.1,0,23,agent1,1,2,2,0,2,2.0,1.0,0.0,2.0,2.0
smtr_tci,0.1,0,23,agent1,2,2,2,0,2,2.0,1.0,0.0,2.0,2.0
smtr_tci,0.1,0,26,agent1,0,0,0,0,0,1.0,0.0,0.0,0.0,0.0
smtr_tci,0.1,0,26,agent1,1,0,0,0,0,1.0,0.0,0.0,0.0,0.0
smtr_tci,0.1,0,26,agent1,2,0,0,0,0,1.0,0.0,0.0,0.0,0.0
smtr_tci,0.1,0,27,agent1,0,0,0,0,0,1.0,0.0,0.0,0.0,0.0
smtr_tci,0.1,0,27,agent1,1,0,0,0,0,1.0,0.0,0.0,0.0,0.0
smtr_tci,0.1,0,27,agent1,2,0,0,0,0,1.0,0.0,0.0,0.0,0.0
smtr_tci,0.1,0,29,agent1,0,1,1,0,1,1.0,1.0,0.0,1.0,1.0
smtr_tci,0.1,0,29,agent1,1,0,0,0,0,0.0,0.0,0.0,0.0,0.0
smtr_tci,0.1,0,3,agent1,0,0,0,0,0,1.0,0.0,0.0,0.0,0.0
smtr_tci,0.1,0,3,agent1,1,1,1,0,1,1.0,1.0,0.0,1.0,1.0
smtr_tci,0.1,0,30,agent1,2,0,0,0,0,1.0,0.0,0.0,0.0,0.0
smtr_tci,0.1,0,31,agent1,1,0,0,0,0,0.0,0.0,0.0,0.0,0.0
smtr_tci,0.1,0,31,agent1,2,0,0,0,0,1.0,0.0,0.0,0.0,0.0
smtr_tci,0.1,0,32,agent1,0,0,0,0,0,1.0,0.0,0.0,0.0,0.0
smtr_tci,0.1,0,32,agent1,1,2,2,0,2,2.0,1.0,0.0,2.0,2.0
smtr_tci,0.1,0,33,agent1,1,2,2,0,2,2.0,1.0,0.0,2.0,2.0
smtr_tci,0.1,0,33,agent1,2,0,0,0,0,0.0,0.0,0.0,0.0,0.0
smtr_tci,0.1,0,34,agent1,0,0,0,0,0,0.0,0.0,0.0,0.0,0.0
smtr_tci,0.1,0,34,agent1,1,2,2,0,2,2.0,1.0,0.0,2.0,2.0
smtr_tci,0.1,0,34,agent1,2,2,2,0,2,2.0,1.0,0.0,2.0,2.0
smtr_tci,0.1,0,36,agent1,0,0,0,0,0,1.0,0.0,0.0,0.0,0.0
smtr_tci,0.1,0,36,agent1,1,0,0,0,0,1.0,0.0,0.0,0.0,0.0
smtr_tci,0.1,0,36,agent1,2,0,0,0,0,1.0,0.0,0.0,0.0,0.0
smtr_tci,0.1,0,37,agent1,0,0,0,0,0,1.0,0.0,0.0,0.0,0.0
smtr_tci,0.1,0,37,agent1,1,0,0,0,0,1.0,0.0,0.0,0.0,0.0
smtr_tci,0.1,0,37,agent1,2,0,0,0,0,1.0,0.0,0.0,0.0,0.0
smtr_tci,0.1,0,41,agent1,0,0,0,0,0,1.0,0.0,0.0,0.0,0.0
smtr_tci,0.1,0,41,agent1,1,4,4,0,4,4.0,1.0,0.0,4.0,4.0
smtr_tci,0.1,0,41,agent1,2,0,0,0,0,1.0,0.0,0.0,0.0,0.0
smtr_tci,0.1,0,42,agent1,0,0,0,0,0,1.0,0.0,0.0,0.0,0.0
smtr_tci,0.1,0,42,agent1,1,0,0,0,0,1.0,0.0,0.0,0.0,0.0
smtr_tci,0.1,0,42,agent1,2,0,0,0,0,1.0,0.0,0.0,0.0,0.0
smtr_tci,0.1,0,48,agent1,0,0,0,0,0,1.0,0.0,0.0,0.0,0.0
smtr_tci,0.1,0,48,agent1,2,0,0,0,0,1.0,0.0,0.0,0.0,0.0
smtr_tci,0.1,0,51,agent1,0,0,0,0,0,0.0,0.0,0.0,0.0,0.0
smtr_tci,0.1,0,51,agent1,1,0,0,0,0,0.0,0.0,0.0,0.0,0.0
smtr_tci,0.1,0,51,agent1,2,1,1,0,1,1.0,1.0,0.0,1.0,1.0
smtr_tci,0.1,0,57,agent1,0,0,0,0,0,0.0,0.0,0.0,0.0,0.0
smtr_tci,0.1,0,57,agent1,1,0,0,0,0,0.0,0.0,0.0,0.0,0.0
smtr_tci,0.1,0,57,agent1,2,0,0,0,0,0.0,0.0,0.0,0.0,0.0
smtr_tci,0.1,0,60,agent1,0,0,0,0,0,1.0,0.0,0.0,0.0,0.0
smtr_tci,0.1,0,60,agent1,1,0,0,0,0,1.0,0.0,0.0,0.0,0.0
smtr_tci,0.1,0,60,agent1,2,0,0,0,0,1.0,0.0,0.0,0.0,0.0
smtr_tci,0.1,0,61,agent1,0,0,0,0,0,0.0,0.0,0.0,0.0,0.0
smtr_tci,0.1,0,61,agent1,1,0,0,0,0,0.0,0.0,0.0,0.0,0.0
smtr_tci,0.1,0,61,agent1,2,0,0,0,0,0.0,0.0,0.0,0.0,0.0
smtr_tci,0.1,0,63,agent1,0,0,0,0,0,0.0,0.0,0.0,0.0,0.0
smtr_tci,0.1,0,63,agent1,1,0,0,0,0,0.0,0.0,0.0,0.0,0.0
smtr_tci,0.1,0,63,agent1,2,0,0,0,0,0.0,0.0,0.0,0.0,0.0
smtr_tci,0.1,0,64,agent1,0,0,0,0,0,0.0,0.0,0.0,0.0,0.0
smtr_tci,0.1,0,64,agent1,2,0,0,0,0,0.0,0.0,0.0,0.0,0.0
smtr_tci,0.1,0,65,agent1,0,0,0,0,0,1.0,0.0,0.0,0.0,0.0
smtr_tci,0.1,0,65,agent1,1,0,0,0,0,1.0,0.0,0.0,0.0,0.0
smtr_tci,0.1,0,65,agent1,2,0,0,0,0,1.0,0.0,0.0,0.0,0.0
smtr_tci,0.1,0,68,agent1,0,0,0,0,0,0.0,0.0,0.0,0.0,0.0
smtr_tci,0.1,0,68,agent1,1,0,0,0,0,0.0,0.0,0.0,0.0,0.0
smtr_tci,0.1,0,68,agent1,2,0,0,0,0,0.0,0.0,0.0,0.0,0.0
smtr_tci,0.1,0,69,agent1,0,0,0,0,0,1.0,0.0,0.0,0.0,0.0
smtr_tci,0.1,0,69,agent1,1,0,0,0,0,1.0,0.0,0.0,0.0,0.0
smtr_tci,0.1,0,69,agent1,2,4,4,0,4,4.0,1.0,0.0,4.0,4.0
smtr_tci,0.1,0,70,agent1,0,0,0,0,0,0.0,0.0,0.0,0.0,0.0
smtr_tci,0.1,0,70,agent1,1,0,0,0,0,0.0,0.0,0.0,0.0,0.0
smtr_tci,0.1,0,72,agent1,0,0,0,0,0,1.0,0.0,0.0,0.0,0.0
smtr_tci,0.1,0,72,agent1,1,0,0,0,0,1.0,0.0,0.0,0.0,0.0
smtr_tci,0.1,0,72,agent1,2,0,0,0,0,1.0,0.0,0.0,0.0,0.0
smtr_tci,0.1,0,73,agent1,1,0,0,0,0,0.0,0.0,0.0,0.0,0.0
smtr_tci,0.1,0,73,agent1,2,0,0,0,0,0.0,0.0,0.0,0.0,0.0
smtr_tci,0.1,0,75,agent1,0,0,0,0,0,0.0,0.0,0.0,0.0,0.0
smtr_tci,0.1,0,75,agent1,1,0,0,0,0,0.0,0.0,0.0,0.0,0.0
smtr_tci,0.1,0,75,agent1,2,0,0,0,0,0.0,0.0,0.0,0.0,0.0
smtr_tci,0.1,0,76,agent1,1,0,0,0,0,1.0,0.0,0.0,0.0,0.0
smtr_tci,0.1,0,77,agent1,0,0,0,0,0,0.0,0.0,0.0,0.0,0.0
smtr_tci,0.1,0,77,agent1,2,0,0,0,0,0.0,0.0,0.0,0.0,0.0
smtr_tci,0.1,0,79,agent1,0,0,0,0,0,0.0,0.0,0.0,0.0,0.0
smtr_tci,0.1,0,79,agent1,2,0,0,0,0,0.0,0.0,0.0,0.0,0.0
smtr_tci,0.1,0,8,agent1,0,0,0,0,0,1.0,0.0,0.0,0.0,0.0
smtr_tci,0.1,0,80,agent1,0,0,0,0,0,0.0,0.0,0.0,0.0,0.0
smtr_tci,0.1,0,80,agent1,1,0,0,0,0,0.0,0.0,0.0,0.0,0.0
smtr_tci,0.1,0,80,agent1,2,0,0,0,0,0.0,0.0,0.0,0.0,0.0
smtr_tci,0.1,0,82,agent1,0,0,0,0,0,0.0,0.0,0.0,0.0,0.0
smtr_tci,0.1,0,82,agent1,1,0,0,0,0,0.0,0.0,0.0,0.0,0.0
smtr_tci,0.1,0,84,agent1,0,0,0,0,0,0.0,0.0,0.0,0.0,0.0
smtr_tci,0.1,0,84,agent1,1,0,0,0,0,0.0,0.0,0.0,0.0,0.0
smtr_tci,0.1,0,84,agent1,2,0,0,0,0,0.0,0.0,0.0,0.0,0.0
smtr_tci,0.1,0,85,agent1,0,0,0,0,0,0.0,0.0,0.0,0.0,0.0
smtr_tci,0.1,0,85,agent1,1,0,0,0,0,0.0,0.0,0.0,0.0,0.0
smtr_tci,0.1,0,87,agent1,0,0,0,0,0,0.0,0.0,0.0,0.0,0.0
smtr_tci,0.1,0,87,agent1,2,0,0,0,0,0.0,0.0,0.0,0.0,0.0
smtr_tci,0.1,0,88,agent1,1,0,0,0,0,0.0,0.0,0.0,0.0,0.0
smtr_tci,0.1,0,88,agent1,2,0,0,0,0,0.0,0.0,0.0,0.0,0.0
smtr_tci,0.1,0,89,agent1,1,0,0,0,0,0.0,0.0,0.0,0.0,0.0
smtr_tci,0.1,0,89,agent1,2,0,0,0,0,0.0,0.0,0.0,0.0,0.0
smtr_tci,0.1,0,9,agent1,0,4,4,0,4,4.0,1.0,0.0,4.0,4.0
smtr_tci,0.1,0,9,agent1,1,0,0,0,0,1.0,0.0,0.0,0.0,0.0
smtr_tci,0.1,0,9,agent1,2,0,0,0,0,1.0,0.0,0.0,0.0,0.0
smtr_tci,0.1,1,10,agent1,0,3,3,0,3,3.0,1.0,0.0,3.0,3.0
smtr_tci,0.1,1,10,agent1,1,1,1,0,1,1.0,1.0,0.0,1.0,1.0
smtr_tci,0.1,1,10,agent1,2,1,1,0,1,1.0,1.0,0.0,1.0,1.0
smtr_tci,0.1,1,100,agent1,1,0,0,0,0,0.0,0.0,0.0,0.0,0.0
smtr_tci,0.1,1,100,agent1,2,0,0,0,0,0.0,0.0,0.0,0.0,0.0
smtr_tci,0.1,1,11,agent1,1,0,0,0,0,0.0,0.0,0.0,0.0,0.0
smtr_tci,0.1,1,11,agent1,2,1,1,0,1,1.0,1.0,0.0,1.0,1.0
smtr_tci,0.1,1,13,agent1,2,0,0,0,0,1.0,0.0,0.0,0.0,0.0
smtr_tci,0.1,1,16,agent1,0,0,0,0,0,1.0,0.0,0.0,0.0,0.0
smtr_tci,0.1,1,16,agent1,1,0,0,0,0,1.0,0.0,0.0,0.0,0.0
smtr_tci,0.1,1,17,agent1,0,0,0,0,0,0.0,0.0,0.0,0.0,0.0
smtr_tci,0.1,1,17,agent1,1,1,1,0,1,1.0,1.0,0.0,1.0,1.0
smtr_tci,0.1,1,19,agent1,0,0,0,0,0,1.0,0.0,0.0,0.0,0.0
smtr_tci,0.1,1,19,agent1,1,1,1,0,1,1.0,1.0,0.0,1.0,1.0
smtr_tci,0.1,1,19,agent1,2,0,0,0,0,0.0,0.0,0.0,0.0,0.0
smtr_tci,0.1,1,2,agent1,2,1,1,0,1,1.0,1.0,0.0,1.0,1.0
smtr_tci,0.1,1,21,agent1,0,0,0,0,0,0.0,0.0,0.0,0.0,0.0
smtr_tci,0.1,1,21,agent1,2,1,1,0,1,1.0,1.0,0.0,1.0,1.0
smtr_tci,0.1,1,22,agent1,0,0,0,0,0,1.0,0.0,0.0,0.0,0.0
smtr_tci,0.1,1,22,agent1,1,0,0,0,0,1.0,0.0,0.0,0.0,0.0
smtr_tci,0.1,1,23,agent1,0,1,1,0,1,1.0,1.0,0.0,1.0,1.0
smtr_tci,0.1,1,23,agent1,1,2,2,0,2,2.0,1.0,0.0,2.0,2.0
smtr_tci,0.1,1,23,agent1,2,2,2,0,2,2.0,1.0,0.0,2.0,2.0
smtr_tci,0.1,1,26,agent1,0,0,0,0,0,1.0,0.0,0.0,0.0,0.0
smtr_tci,0.1,1,26,agent1,1,0,0,0,0,1.0,0.0,0.0,0.0,0.0
smtr_tci,0.1,1,26,agent1,2,0,0,0,0,1.0,0.0,0.0,0.0,0.0
smtr_tci,0.1,1,27,agent1,0,0,0,0,0,1.0,0.0,0.0,0.0,0.0
smtr_tci,0.1,1,27,agent1,1,0,0,0,0,1.0,0.0,0.0,0.0,0.0
smtr_tci,0.1,1,27,agent1,2,0,0,0,0,1.0,0.0,0.0,0.0,0.0
smtr_tci,0.1,1,29,agent1,0,1,1,0,1,1.0,1.0,0.0,1.0,1.0
smtr_tci,0.1,1,29,agent1,1,0,0,0,0,0.0,0.0,0.0,0.0,0.0
smtr_tci,0.1,1,3,agent1,0,0,0,0,0,1.0,0.0,0.0,0.0,0.0
smtr_tci,0.1,1,3,agent1,1,1,1,0,1,1.0,1.0,0.0,1.0,1.0
smtr_tci,0.1,1,30,agent1,2,0,0,0,0,1.0,0.0,0.0,0.0,0.0
smtr_tci,0.1,1,31,agent1,1,0,0,0,0,0.0,0.0,0.0,0.0,0.0
smtr_tci,0.1,1,31,agent1,2,0,0,0,0,1.0,0.0,0.0,0.0,0.0
smtr_tci,0.1,1,32,agent1,0,0,0,0,0,1.0,0.0,0.0,0.0,0.0
smtr_tci,0.1,1,32,agent1,1,2,2,0,2,2.0,1.0,0.0,2.0,2.0
smtr_tci,0.1,1,33,agent1,1,2,2,0,2,2.0,1.0,0.0,2.0,2.0
smtr_tci,0.1,1,33,agent1,2,0,0,0,0,0.0,0.0,0.0,0.0,0.0
smtr_tci,0.1,1,34,agent1,0,0,0,0,0,0.0,0.0,0.0,0.0,0.0
smtr_tci,0.1,1,34,agent1,1,2,2,0,2,2.0,1.0,0.0,2.0,2.0
smtr_tci,0.1,1,34,agent1,2,2,2,0,2,2.0,1.0,0.0,2.0,2.0
smtr_tci,0.1,1,36,agent1,0,0,0,0,0,1.0,0.0,0.0,0.0,0.0
smtr_tci,0.1,1,36,agent1,1,0,0,0,0,1.0,0.0,0.0,0.0,0.0
smtr_tci,0.1,1,36,agent1,2,0,0,0,0,1.0,0.0,0.0,0.0,0.0
smtr_tci,0.1,1,37,agent1,0,0,0,0,0,1.0,0.0,0.0,0.0,0.0
smtr_tci,0.1,1,37,agent1,1,0,0,0,0,1.0,0.0,0.0,0.0,0.0
smtr_tci,0.1,1,37,agent1,2,0,0,0,0,1.0,0.0,0.0,0.0,0.0
smtr_tci,0.1,1,41,agent1,0,0,0,0,0,1.0,0.0,0.0,0.0,0.0
smtr_tci,0.1,1,41,agent1,1,4,4,0,4,4.0,1.0,0.0,4.0,4.0
smtr_tci,0.1,1,41,agent1,2,0,0,0,0,1.0,0.0,0.0,0.0,0.0
smtr_tci,0.1,1,42,agent1,0,0,0,0,0,1.0,0.0,0.0,0.0,0.0
smtr_tci,0.1,1,42,agent1,1,0,0,0,0,1.0,0.0,0.0,0.0,0.0
smtr_tci,0.1,1,42,agent1,2,0,0,0,0,1.0,0.0,0.0,0.0,0.0
smtr_tci,0.1,1,48,agent1,0,0,0,0,0,1.0,0.0,0.0,0.0,0.0
smtr_tci,0.1,1,48,agent1,2,0,0,0,0,1.0,0.0,0.0,0.0,0.0
smtr_tci,0.1,1,51,agent1,0,0,0,0,0,0.0,0.0,0.0,0.0,0.0
smtr_tci,0.1,1,51,agent1,1,0,0,0,0,0.0,0.0,0.0,0.0,0.0
smtr_tci,0.1,1,51,agent1,2,1,1,0,1,1.0,1.0,0.0,1.0,1.0
smtr_tci,0.1,1,57,agent1,0,0,0,0,0,0.0,0.0,0.0,0.0,0.0
smtr_tci,0.1,1,57,agent1,1,0,0,0,0,0.0,0.0,0.0,0.0,0.0
smtr_tci,0.1,1,57,agent1,2,0,0,0,0,0.0,0.0,0.0,0.0,0.0
smtr_tci,0.1,1,60,agent1,0,0,0,0,0,1.0,0.0,0.0,0.0,0.0
smtr_tci,0.1,1,60,agent1,1,0,0,0,0,1.0,0.0,0.0,0.0,0.0
smtr_tci,0.1,1,60,agent1,2,0,0,0,0,1.0,0.0,0.0,0.0,0.0
smtr_tci,0.1,1,61,agent1,0,0,0,0,0,0.0,0.0,0.0,0.0,0.0
smtr_tci,0.1,1,61,agent1,1,0,0,0,0,0.0,0.0,0.0,0.0,0.0
smtr_tci,0.1,1,61,agent1,2,0,0,0,0,0.0,0.0,0.0,0.0,0.0
smtr_tci,0.1,1,63,agent1,0,0,0,0,0,0.0,0.0,0.0,0.0,0.0
smtr_tci,0.1,1,63,agent1,1,0,0,0,0,0.0,0.0,0.0,0.0,0.0
smtr_tci,0.1,1,63,agent1,2,0,0,0,0,0.0,0.0,0.0,0.0,0.0
smtr_tci,0.1,1,64,agent1,0,0,0,0,0,0.0,0.0,0.0,0.0,0.0
smtr_tci,0.1,1,64,agent1,2,0,0,0,0,0.0,0.0,0.0,0.0,0.0
smtr_tci,0.1,1,65,agent1,0,0,0,0,0,1.0,0.0,0.0,0.0,0.0
smtr_tci,0.1,1,65,agent1,1,0,0,0,0,1.0,0.0,0.0,0.0,0.0
smtr_tci,0.1,1,65,agent1,2,0,0,0,0,1.0,0.0,0.0,0.0,0.0
smtr_tci,0.1,1,68,agent1,0,0,0,0,0,0.0,0.0,0.0,0.0,0.0
smtr_tci,0.1,1,68,agent1,1,0,0,0,0,0.0,0.0,0.0,0.0,0.0
smtr_tci,0.1,1,68,agent1,2,0,0,0,0,0.0,0.0,0.0,0.0,0.0
smtr_tci,0.1,1,69,agent1,0,0,0,0,0,1.0,0.0,0.0,0.0,0.0
smtr_tci,0.1,1,69,agent1,1,0,0,0,0,1.0,0.0,0.0,0.0,0.0
smtr_tci,0.1,1,69,agent1,2,4,4,0,4,4.0,1.0,0.0,4.0,4.0
smtr_tci,0.1,1,70,agent1,0,0,0,0,0,0.0,0.0,0.0,0.0,0.0
smtr_tci,0.1,1,70,agent1,1,0,0,0,0,0.0,0.0,0.0,0.0,0.0
smtr_tci,0.1,1,72,agent1,0,0,0,0,0,1.0,0.0,0.0,0.0,0.0
smtr_tci,0.1,1,72,agent1,1,0,0,0,0,1.0,0.0,0.0,0.0,0.0
smtr_tci,0.1,1,72,agent1,2,0,0,0,0,1.0,0.0,0.0,0.0,0.0
smtr_tci,0.1,1,73,agent1,1,0,0,0,0,0.0,0.0,0.0,0.0,0.0
smtr_tci,0.1,1,73,agent1,2,0,0,0,0,0.0,0.0,0.0,0.0,0.0
smtr_tci,0.1,1,75,agent1,0,0,0,0,0,0.0,0.0,0.0,0.0,0.0
smtr_tci,0.1,1,75,agent1,1,0,0,0,0,0.0,0.0,0.0,0.0,0.0
smtr_tci,0.1,1,75,agent1,2,0,0,0,0,0.0,0.0,0.0,0.0,0.0
smtr_tci,0.1,1,76,agent1,1,0,0,0,0,1.0,0.0,0.0,0.0,0.0
smtr_tci,0.1,1,77,agent1,0,0,0,0,0,0.0,0.0,0.0,0.0,0.0
smtr_tci,0.1,1,77,agent1,2,0,0,0,0,0.0,0.0,0.0,0.0,0.0
smtr_tci,0.1,1,79,agent1,0,0,0,0,0,0.0,0.0,0.0,0.0,0.0
smtr_tci,0.1,1,79,agent1,2,0,0,0,0,0.0,0.0,0.0,0.0,0.0
smtr_tci,0.1,1,8,agent1,0,0,0,0,0,1.0,0.0,0.0,0.0,0.0
smtr_tci,0.1,1,80,agent1,0,0,0,0,0,0.0,0.0,0.0,0.0,0.0
smtr_tci,0.1,1,80,agent1,1,0,0,0,0,0.0,0.0,0.0,0.0,0.0
smtr_tci,0.1,1,80,agent1,2,0,0,0,0,0.0,0.0,0.0,0.0,0.0
smtr_tci,0.1,1,82,agent1,0,0,0,0,0,0.0,0.0,0.0,0.0,0.0
smtr_tci,0.1,1,82,agent1,1,0,0,0,0,0.0,0.0,0.0,0.0,0.0
smtr_tci,0.1,1,84,agent1,0,0,0,0,0,0.0,0.0,0.0,0.0,0.0
smtr_tci,0.1,1,84,agent1,1,0,0,0,0,0.0,0.0,0.0,0.0,0.0
smtr_tci,0.1,1,84,agent1,2,0,0,0,0,0.0,0.0,0.0,0.0,0.0
smtr_tci,0.1,1,85,agent1,0,0,0,0,0,0.0,0.0,0.0,0.0,0.0
smtr_tci,0.1,1,85,agent1,1,0,0,0,0,0.0,0.0,0.0,0.0,0.0
smtr_tci,0.1,1,87,agent1,0,0,0,0,0,0.0,0.0,0.0,0.0,0.0
smtr_tci,0.1,1,87,agent1,2,0,0,0,0,0.0,0.0,0.0,0.0,0.0
smtr_tci,0.1,1,88,agent1,1,0,0,0,0,0.0,0.0,0.0,0.0,0.0
smtr_tci,0.1,1,88,agent1,2,0,0,0,0,0.0,0.0,0.0,0.0,0.0
smtr_tci,0.1,1,89,agent1,1,0,0,0,0,0.0,0.0,0.0,0.0,0.0
smtr_tci,0.1,1,89,agent1,2,0,0,0,0,0.0,0.0,0.0,0.0,0.0
smtr_tci,0.1,1,9,agent1,0,4,4,0,4,4.0,1.0,0.0,4.0,4.0
smtr_tci,0.1,1,9,agent1,1,0,0,0,0,1.0,0.0,0.0,0.0,0.0
smtr_tci,0.1,1,9,agent1,2,0,0,0,0,1.0,0.0,0.0,0.0,0.0
smtr_tci,0.1,2,10,agent1,0,3,3,0,3,3.0,1.0,0.0,3.0,3.0
smtr_tci,0.1,2,10,agent1,1,1,1,0,1,1.0,1.0,0.0,1.0,1.0
smtr_tci,0.1,2,10,agent1,2,1,1,0,1,1.0,1.0,0.0,1.0,1.0
smtr_tci,0.1,2,100,agent1,1,0,0,0,0,0.0,0.0,0.0,0.0,0.0
smtr_tci,0.1,2,100,agent1,2,0,0,0,0,0.0,0.0,0.0,0.0,0.0
smtr_tci,0.1,2,11,agent1,1,0,0,0,0,0.0,0.0,0.0,0.0,0.0
smtr_tci,0.1,2,11,agent1,2,1,1,0,1,1.0,1.0,0.0,1.0,1.0
smtr_tci,0.1,2,13,agent1,2,0,0,0,0,1.0,0.0,0.0,0.0,0.0
smtr_tci,0.1,2,16,agent1,0,0,0,0,0,1.0,0.0,0.0,0.0,0.0
smtr_tci,0.1,2,16,agent1,1,0,0,0,0,1.0,0.0,0.0,0.0,0.0
smtr_tci,0.1,2,17,agent1,0,0,0,0,0,0.0,0.0,0.0,0.0,0.0
smtr_tci,0.1,2,17,agent1,1,1,1,0,1,1.0,1.0,0.0,1.0,1.0
smtr_tci,0.1,2,19,agent1,0,0,0,0,0,1.0,0.0,0.0,0.0,0.0
smtr_tci,0.1,2,19,agent1,1,1,1,0,1,1.0,1.0,0.0,1.0,1.0
smtr_tci,0.1,2,19,agent1,2,0,0,0,0,0.0,0.0,0.0,0.0,0.0
smtr_tci,0.1,2,2,agent1,2,1,1,0,1,1.0,1.0,0.0,1.0,1.0
smtr_tci,0.1,2,21,agent1,0,0,0,0,0,0.0,0.0,0.0,0.0,0.0
smtr_tci,0.1,2,21,agent1,2,1,1,0,1,1.0,1.0,0.0,1.0,1.0
smtr_tci,0.1,2,22,agent1,0,0,0,0,0,1.0,0.0,0.0,0.0,0.0
smtr_tci,0.1,2,22,agent1,1,0,0,0,0,1.0,0.0,0.0,0.0,0.0
smtr_tci,0.1,2,23,agent1,0,1,1,0,1,1.0,1.0,0.0,1.0,1.0
smtr_tci,0.1,2,23,agent1,1,2,2,0,2,2.0,1.0,0.0,2.0,2.0
smtr_tci,0.1,2,23,agent1,2,2,2,0,2,2.0,1.0,0.0,2.0,2.0
smtr_tci,0.1,2,26,agent1,0,0,0,0,0,1.0,0.0,0.0,0.0,0.0
smtr_tci,0.1,2,26,agent1,1,0,0,0,0,1.0,0.0,0.0,0.0,0.0
smtr_tci,0.1,2,26,agent1,2,0,0,0,0,1.0,0.0,0.0,0.0,0.0
smtr_tci,0.1,2,27,agent1,0,0,0,0,0,1.0,0.0,0.0,0.0,0.0
smtr_tci,0.1,2,27,agent1,1,0,0,0,0,1.0,0.0,0.0,0.0,0.0
smtr_tci,0.1,2,27,agent1,2,0,0,0,0,1.0,0.0,0.0,0.0,0.0
smtr_tci,0.1,2,29,agent1,0,1,1,0,1,1.0,1.0,0.0,1.0,1.0
smtr_tci,0.1,2,29,agent1,1,0,0,0,0,0.0,0.0,0.0,0.0,0.0
smtr_tci,0.1,2,3,agent1,0,0,0,0,0,1.0,0.0,0.0,0.0,0.0
smtr_tci,0.1,2,3,agent1,1,1,1,0,1,1.0,1.0,0.0,1.0,1.0
smtr_tci,0.1,2,30,agent1,2,0,0,0,0,1.0,0.0,0.0,0.0,0.0
smtr_tci,0.1,2,31,agent1,1,0,0,0,0,0.0,0.0,0.0,0.0,0.0
smtr_tci,0.1,2,31,agent1,2,0,0,0,0,1.0,0.0,0.0,0.0,0.0
smtr_tci,0.1,2,32,agent1,0,0,0,0,0,1.0,0.0,0.0,0.0,0.0
smtr_tci,0.1,2,32,agent1,1,2,2,0,2,2.0,1.0,0.0,2.0,2.0
smtr_tci,0.1,2,33,agent1,1,2,2,0,2,2.0,1.0,0.0,2.0,2.0
smtr_tci,0.1,2,33,agent1,2,0,0,0,0,0.0,0.0,0.0,0.0,0.0
smtr_tci,0.1,2,34,agent1,0,0,0,0,0,0.0,0.0,0.0,0.0,0.0
smtr_tci,0.1,2,34,agent1,1,2,2,0,2,2.0,1.0,0.0,2.0,2.0
smtr_tci,0.1,2,34,agent1,2,2,2,0,2,2.0,1.0,0.0,2.0,2.0
smtr_tci,0.1,2,36,agent1,0,0,0,0,0,1.0,0.0,0.0,0.0,0.0
smtr_tci,0.1,2,36,agent1,1,0,0,0,0,1.0,0.0,0.0,0.0,0.0
smtr_tci,0.1,2,36,agent1,2,0,0,0,0,1.0,0.0,0.0,0.0,0.0
smtr_tci,0.1,2,37,agent1,0,0,0,0,0,1.0,0.0,0.0,0.0,0.0
smtr_tci,0.1,2,37,agent1,1,0,0,0,0,1.0,0.0,0.0,0.0,0.0
smtr_tci,0.1,2,37,agent1,2,0,0,0,0,1.0,0.0,0.0,0.0,0.0
smtr_tci,0.1,2,41,agent1,0,0,0,0,0,1.0,0.0,0.0,0.0,0.0
smtr_tci,0.1,2,41,agent1,1,4,4,0,4,4.0,1.0,0.0,4.0,4.0
smtr_tci,0.1,2,41,agent1,2,0,0,0,0,1.0,0.0,0.0,0.0,0.0
smtr_tci,0.1,2,42,agent1,0,0,0,0,0,1.0,0.0,0.0,0.0,0.0
smtr_tci,0.1,2,42,agent1,1,0,0,0,0,1.0,0.0,0.0,0.0,0.0
smtr_tci,0.1,2,42,agent1,2,0,0,0,0,1.0,0.0,0.0,0.0,0.0
smtr_tci,0.1,2,48,agent1,0,0,0,0,0,1.0,0.0,0.0,0.0,0.0
smtr_tci,0.1,2,48,agent1,2,0,0,0,0,1.0,0.0,0.0,0.0,0.0
smtr_tci,0.1,2,51,agent1,0,0,0,0,0,0.0,0.0,0.0,0.0,0.0
smtr_tci,0.1,2,51,agent1,1,0,0,0,0,0.0,0.0,0.0,0.0,0.0
smtr_tci,0.1,2,51,agent1,2,1,1,0,1,1.0,1.0,0.0,1.0,1.0
smtr_tci,0.1,2,57,agent1,0,0,0,0,0,0.0,0.0,0.0,0.0,0.0
smtr_tci,0.1,2,57,agent1,1,0,0,0,0,0.0,0.0,0.0,0.0,0.0
smtr_tci,0.1,2,57,agent1,2,0,0,0,0,0.0,0.0,0.0,0.0,0.0
smtr_tci,0.1,2,60,agent1,0,0,0,0,0,1.0,0.0,0.0,0.0,0.0
smtr_tci,0.1,2,60,agent1,1,0,0,0,0,1.0,0.0,0.0,0.0,0.0
smtr_tci,0.1,2,60,agent1,2,0,0,0,0,1.0,0.0,0.0,0.0,0.0
smtr_tci,0.1,2,61,agent1,0,0,0,0,0,0.0,0.0,0.0,0.0,0.0
smtr_tci,0.1,2,61,agent1,1,0,0,0,0,0.0,0.0,0.0,0.0,0.0
smtr_tci,0.1,2,61,agent1,2,0,0,0,0,0.0,0.0,0.0,0.0,0.0
smtr_tci,0.1,2,63,agent1,0,0,0,0,0,0.0,0.0,0.0,0.0,0.0
smtr_tci,0.1,2,63,agent1,1,0,0,0,0,0.0,0.0,0.0,0.0,0.0
smtr_tci,0.1,2,63,agent1,2,0,0,0,0,0.0,0.0,0.0,0.0,0.0
smtr_tci,0.1,2,64,agent1,0,0,0,0,0,0.0,0.0,0.0,0.0,0.0
smtr_tci,0.1,2,64,agent1,2,0,0,0,0,0.0,0.0,0.0,0.0,0.0
smtr_tci,0.1,2,65,agent1,0,0,0,0,0,1.0,0.0,0.0,0.0,0.0
smtr_tci,0.1,2,65,agent1,1,0,0,0,0,1.0,0.0,0.0,0.0,0.0
smtr_tci,0.1,2,65,agent1,2,0,0,0,0,1.0,0.0,0.0,0.0,0.0
smtr_tci,0.1,2,68,agent1,0,0,0,0,0,0.0,0.0,0.0,0.0,0.0
smtr_tci,0.1,2,68,agent1,1,0,0,0,0,0.0,0.0,0.0,0.0,0.0
smtr_tci,0.1,2,68,agent1,2,0,0,0,0,0.0,0.0,0.0,0.0,0.0
smtr_tci,0.1,2,69,agent1,0,0,0,0,0,1.0,0.0,0.0,0.0,0.0
smtr_tci,0.1,2,69,agent1,1,0,0,0,0,1.0,0.0,0.0,0.0,0.0
smtr_tci,0.1,2,69,agent1,2,4,4,0,4,4.0,1.0,0.0,4.0,4.0
smtr_tci,0.1,2,70,agent1,0,0,0,0,0,0.0,0.0,0.0,0.0,0.0
smtr_tci,0.1,2,70,agent1,1,0,0,0,0,0.0,0.0,0.0,0.0,0.0
smtr_tci,0.1,2,72,agent1,0,0,0,0,0,1.0,0.0,0.0,0.0,0.0
smtr_tci,0.1,2,72,agent1,1,0,0,0,0,1.0,0.0,0.0,0.0,0.0
smtr_tci,0.1,2,72,agent1,2,0,0,0,0,1.0,0.0,0.0,0.0,0.0
smtr_tci,0.1,2,73,agent1,1,0,0,0,0,0.0,0.0,0.0,0.0,0.0
smtr_tci,0.1,2,73,agent1,2,0,0,0,0,0.0,0.0,0.0,0.0,0.0
smtr_tci,0.1,2,75,agent1,0,0,0,0,0,0.0,0.0,0.0,0.0,0.0
smtr_tci,0.1,2,75,agent1,1,0,0,0,0,0.0,0.0,0.0,0.0,0.0
smtr_tci,0.1,2,75,agent1,2,0,0,0,0,0.0,0.0,0.0,0.0,0.0
smtr_tci,0.1,2,76,agent1,1,0,0,0,0,1.0,0.0,0.0,0.0,0.0
smtr_tci,0.1,2,77,agent1,0,0,0,0,0,0.0,0.0,0.0,0.0,0.0
smtr_tci,0.1,2,77,agent1,2,0,0,0,0,0.0,0.0,0.0,0.0,0.0
smtr_tci,0.1,2,79,agent1,0,0,0,0,0,0.0,0.0,0.0,0.0,0.0
smtr_tci,0.1,2,79,agent1,2,0,0,0,0,0.0,0.0,0.0,0.0,0.0
smtr_tci,0.1,2,8,agent1,0,0,0,0,0,1.0,0.0,0.0,0.0,0.0
smtr_tci,0.1,2,80,agent1,0,0,0,0,0,0.0,0.0,0.0,0.0,0.0
smtr_tci,0.1,2,80,agent1,1,0,0,0,0,0.0,0.0,0.0,0.0,0.0
smtr_tci,0.1,2,80,agent1,2,0,0,0,0,0.0,0.0,0.0,0.0,0.0
smtr_tci,0.1,2,82,agent1,0,0,0,0,0,0.0,0.0,0.0,0.0,0.0
smtr_tci,0.1,2,82,agent1,1,0,0,0,0,0.0,0.0,0.0,0.0,0.0
smtr_tci,0.1,2,84,agent1,0,0,0,0,0,0.0,0.0,0.0,0.0,0.0
smtr_tci,0.1,2,84,agent1,1,0,0,0,0,0.0,0.0,0.0,0.0,0.0
smtr_tci,0.1,2,84,agent1,2,0,0,0,0,0.0,0.0,0.0,0.0,0.0
smtr_tci,0.1,2,85,agent1,0,0,0,0,0,0.0,0.0,0.0,0.0,0.0
smtr_tci,0.1,2,85,agent1,1,0,0,0,0,0.0,0.0,0.0,0.0,0.0
smtr_tci,0.1,2,87,agent1,0,0,0,0,0,0.0,0.0,0.0,0.0,0.0
smtr_tci,0.1,2,87,agent1,2,0,0,0,0,0.0,0.0,0.0,0.0,0.0
smtr_tci,0.1,2,88,agent1,1,0,0,0,0,0.0,0.0,0.0,0.0,0.0
smtr_tci,0.1,2,88,agent1,2,0,0,0,0,0.0,0.0,0.0,0.0,0.0
smtr_tci,0.1,2,89,agent1,1,0,0,0,0,0.0,0.0,0.0,0.0,0.0
smtr_tci,0.1,2,89,agent1,2,0,0,0,0,0.0,0.0,0.0,0.0,0.0
smtr_tci,0.1,2,9,agent1,0,4,4,0,4,4.0,1.0,0.0,4.0,4.0
smtr_tci,0.1,2,9,agent1,1,0,0,0,0,1.0,0.0,0.0,0.0,0.0
smtr_tci,0.1,2,9,agent1,2,0,0,0,0,1.0,0.0,0.0,0.0,0.0
smtr_tci,0.1,3,10,agent1,0,3,3,0,3,3.0,1.0,0.0,3.0,3.0
smtr_tci,0.1,3,10,agent1,1,1,1,0,1,1.0,1.0,0.0,1.0,1.0
smtr_tci,0.1,3,10,agent1,2,1,1,0,1,1.0,1.0,0.0,1.0,1.0
smtr_tci,0.1,3,100,agent1,1,0,0,0,0,0.0,0.0,0.0,0.0,0.0
smtr_tci,0.1,3,100,agent1,2,0,0,0,0,0.0,0.0,0.0,0.0,0.0
smtr_tci,0.1,3,11,agent1,1,0,0,0,0,0.0,0.0,0.0,0.0,0.0
smtr_tci,0.1,3,11,agent1,2,1,1,0,1,1.0,1.0,0.0,1.0,1.0
smtr_tci,0.1,3,13,agent1,2,0,0,0,0,1.0,0.0,0.0,0.0,0.0
smtr_tci,0.1,3,16,agent1,0,0,0,0,0,1.0,0.0,0.0,0.0,0.0
smtr_tci,0.1,3,16,agent1,1,0,0,0,0,1.0,0.0,0.0,0.0,0.0
smtr_tci,0.1,3,17,agent1,0,0,0,0,0,0.0,0.0,0.0,0.0,0.0
smtr_tci,0.1,3,17,agent1,1,1,1,0,1,1.0,1.0,0.0,1.0,1.0
smtr_tci,0.1,3,19,agent1,0,0,0,0,0,1.0,0.0,0.0,0.0,0.0
smtr_tci,0.1,3,19,agent1,1,1,1,0,1,1.0,1.0,0.0,1.0,1.0
smtr_tci,0.1,3,19,agent1,2,0,0,0,0,0.0,0.0,0.0,0.0,0.0
smtr_tci,0.1,3,2,agent1,2,1,1,0,1,1.0,1.0,0.0,1.0,1.0
smtr_tci,0.1,3,21,agent1,0,0,0,0,0,0.0,0.0,0.0,0.0,0.0
smtr_tci,0.1,3,21,agent1,2,1,1,0,1,1.0,1.0,0.0,1.0,1.0
smtr_tci,0.1,3,22,agent1,0,0,0,0,0,1.0,0.0,0.0,0.0,0.0
smtr_tci,0.1,3,22,agent1,1,0,0,0,0,1.0,0.0,0.0,0.0,0.0
smtr_tci,0.1,3,23,agent1,0,1,1,0,1,1.0,1.0,0.0,1.0,1.0
smtr_tci,0.1,3,23,agent1,1,2,2,0,2,2.0,1.0,0.0,2.0,2.0
smtr_tci,0.1,3,23,agent1,2,2,2,0,2,2.0,1.0,0.0,2.0,2.0
smtr_tci,0.1,3,26,agent1,0,0,0,0,0,1.0,0.0,0.0,0.0,0.0
smtr_tci,0.1,3,26,agent1,1,0,0,0,0,1.0,0.0,0.0,0.0,0.0
smtr_tci,0.1,3,26,agent1,2,0,0,0,0,1.0,0.0,0.0,0.0,0.0
smtr_tci,0.1,3,27,agent1,0,0,0,0,0,1.0,0.0,0.0,0.0,0.0
smtr_tci,0.1,3,27,agent1,1,0,0,0,0,1.0,0.0,0.0,0.0,0.0
smtr_tci,0.1,3,27,agent1,2,0,0,0,0,1.0,0.0,0.0,0.0,0.0
smtr_tci,0.1,3,29,agent1,0,1,1,0,1,1.0,1.0,0.0,1.0,1.0
smtr_tci,0.1,3,29,agent1,1,0,0,0,0,0.0,0.0,0.0,0.0,0.0
smtr_tci,0.1,3,3,agent1,0,0,0,0,0,1.0,0.0,0.0,0.0,0.0
smtr_tci,0.1,3,3,agent1,1,1,1,0,1,1.0,1.0,0.0,1.0,1.0
smtr_tci,0.1,3,30,agent1,2,0,0,0,0,1.0,0.0,0.0,0.0,0.0
smtr_tci,0.1,3,31,agent1,1,0,0,0,0,0.0,0.0,0.0,0.0,0.0
smtr_tci,0.1,3,31,agent1,2,0,0,0,0,1.0,0.0,0.0,0.0,0.0
smtr_tci,0.1,3,32,agent1,0,0,0,0,0,1.0,0.0,0.0,0.0,0.0
smtr_tci,0.1,3,32,agent1,1,2,2,0,2,2.0,1.0,0.0,2.0,2.0
smtr_tci,0.1,3,33,agent1,1,2,2,0,2,2.0,1.0,0.0,2.0,2.0
smtr_tci,0.1,3,33,agent1,2,0,0,0,0,0.0,0.0,0.0,0.0,0.0
smtr_tci,0.1,3,34,agent1,0,0,0,0,0,0.0,0.0,0.0,0.0,0.0
smtr_tci,0.1,3,34,agent1,1,2,2,0,2,2.0,1.0,0.0,2.0,2.0
smtr_tci,0.1,3,34,agent1,2,2,2,0,2,2.0,1.0,0.0,2.0,2.0
smtr_tci,0.1,3,36,agent1,0,0,0,0,0,1.0,0.0,0.0,0.0,0.0
smtr_tci,0.1,3,36,agent1,1,0,0,0,0,1.0,0.0,0.0,0.0,0.0
smtr_tci,0.1,3,36,agent1,2,0,0,0,0,1.0,0.0,0.0,0.0,0.0
smtr_tci,0.1,3,37,agent1,0,0,0,0,0,1.0,0.0,0.0,0.0,0.0
smtr_tci,0.1,3,37,agent1,1,0,0,0,0,1.0,0.0,0.0,0.0,0.0
smtr_tci,0.1,3,37,agent1,2,0,0,0,0,1.0,0.0,0.0,0.0,0.0
smtr_tci,0.1,3,41,agent1,0,0,0,0,0,1.0,0.0,0.0,0.0,0.0
smtr_tci,0.1,3,41,agent1,1,4,4,0,4,4.0,1.0,0.0,4.0,4.0
smtr_tci,0.1,3,41,agent1,2,0,0,0,0,1.0,0.0,0.0,0.0,0.0
smtr_tci,0.1,3,42,agent1,0,0,0,0,0,1.0,0.0,0.0,0.0,0.0
smtr_tci,0.1,3,42,agent1,1,0,0,0,0,1.0,0.0,0.0,0.0,0.0
smtr_tci,0.1,3,42,agent1,2,0,0,0,0,1.0,0.0,0.0,0.0,0.0
smtr_tci,0.1,3,48,agent1,0,0,0,0,0,1.0,0.0,0.0,0.0,0.0
smtr_tci,0.1,3,48,agent1,2,0,0,0,0,1.0,0.0,0.0,0.0,0.0
smtr_tci,0.1,3,51,agent1,0,0,0,0,0,0.0,0.0,0.0,0.0,0.0
smtr_tci,0.1,3,51,agent1,1,0,0,0,0,0.0,0.0,0.0,0.0,0.0
smtr_tci,0.1,3,51,agent1,2,1,1,0,1,1.0,1.0,0.0,1.0,1.0
smtr_tci,0.1,3,57,agent1,0,0,0,0,0,0.0,0.0,0.0,0.0,0.0
smtr_tci,0.1,3,57,agent1,1,0,0,0,0,0.0,0.0,0.0,0.0,0.0
smtr_tci,0.1,3,57,agent1,2,0,0,0,0,0.0,0.0,0.0,0.0,0.0
smtr_tci,0.1,3,60,agent1,0,0,0,0,0,1.0,0.0,0.0,0.0,0.0
smtr_tci,0.1,3,60,agent1,1,0,0,0,0,1.0,0.0,0.0,0.0,0.0
smtr_tci,0.1,3,60,agent1,2,0,0,0,0,1.0,0.0,0.0,0.0,0.0
smtr_tci,0.1,3,61,agent1,0,0,0,0,0,0.0,0.0,0.0,0.0,0.0
smtr_tci,0.1,3,61,agent1,1,0,0,0,0,0.0,0.0,0.0,0.0,0.0
smtr_tci,0.1,3,61,agent1,2,0,0,0,0,0.0,0.0,0.0,0.0,0.0
smtr_tci,0.1,3,63,agent1,0,0,0,0,0,0.0,0.0,0.0,0.0,0.0
smtr_tci,0.1,3,63,agent1,1,0,0,0,0,0.0,0.0,0.0,0.0,0.0
smtr_tci,0.1,3,63,agent1,2,0,0,0,0,0.0,0.0,0.0,0.0,0.0
smtr_tci,0.1,3,64,agent1,0,0,0,0,0,0.0,0.0,0.0,0.0,0.0
smtr_tci,0.1,3,64,agent1,2,0,0,0,0,0.0,0.0,0.0,0.0,0.0
smtr_tci,0.1,3,65,agent1,0,0,0,0,0,1.0,0.0,0.0,0.0,0.0
smtr_tci,0.1,3,65,agent1,1,0,0,0,0,1.0,0.0,0.0,0.0,0.0
smtr_tci,0.1,3,65,agent1,2,0,0,0,0,1.0,0.0,0.0,0.0,0.0
smtr_tci,0.1,3,68,agent1,0,0,0,0,0,0.0,0.0,0.0,0.0,0.0
smtr_tci,0.1,3,68,agent1,1,0,0,0,0,0.0,0.0,0.0,0.0,0.0
smtr_tci,0.1,3,68,agent1,2,0,0,0,0,0.0,0.0,0.0,0.0,0.0
smtr_tci,0.1,3,69,agent1,0,0,0,0,0,1.0,0.0,0.0,0.0,0.0
smtr_tci,0.1,3,69,agent1,1,0,0,0,0,1.0,0.0,0.0,0.0,0.0
smtr_tci,0.1,3,69,agent1,2,4,4,0,4,4.0,1.0,0.0,4.0,4.0
smtr_tci,0.1,3,70,agent1,0,0,0,0,0,0.0,0.0,0.0,0.0,0.0
smtr_tci,0.1,3,70,agent1,1,0,0,0,0,0.0,0.0,0.0,0.0,0.0
smtr_tci,0.1,3,72,agent1,0,0,0,0,0,1.0,0.0,0.0,0.0,0.0
smtr_tci,0.1,3,72,agent1,1,0,0,0,0,1.0,0.0,0.0,0.0,0.0
smtr_tci,0.1,3,72,agent1,2,0,0,0,0,1.0,0.0,0.0,0.0,0.0
smtr_tci,0.1,3,73,agent1,1,0,0,0,0,0.0,0.0,0.0,0.0,0.0
smtr_tci,0.1,3,73,agent1,2,0,0,0,0,0.0,0.0,0.0,0.0,0.0
smtr_tci,0.1,3,75,agent1,0,0,0,0,0,0.0,0.0,0.0,0.0,0.0
smtr_tci,0.1,3,75,agent1,1,0,0,0,0,0.0,0.0,0.0,0.0,0.0
smtr_tci,0.1,3,75,agent1,2,0,0,0,0,0.0,0.0,0.0,0.0,0.0
smtr_tci,0.1,3,76,agent1,1,0,0,0,0,1.0,0.0,0.0,0.0,0.0
smtr_tci,0.1,3,77,agent1,0,0,0,0,0,0.0,0.0,0.0,0.0,0.0
smtr_tci,0.1,3,77,agent1,2,0,0,0,0,0.0,0.0,0.0,0.0,0.0
smtr_tci,0.1,3,79,agent1,0,0,0,0,0,0.0,0.0,0.0,0.0,0.0
smtr_tci,0.1,3,79,agent1,2,0,0,0,0,0.0,0.0,0.0,0.0,0.0
smtr_tci,0.1,3,8,agent1,0,0,0,0,0,1.0,0.0,0.0,0.0,0.0
smtr_tci,0.1,3,80,agent1,0,0,0,0,0,0.0,0.0,0.0,0.0,0.0
smtr_tci,0.1,3,80,agent1,1,0,0,0,0,0.0,0.0,0.0,0.0,0.0
smtr_tci,0.1,3,80,agent1,2,0,0,0,0,0.0,0.0,0.0,0.0,0.0
smtr_tci,0.1,3,82,agent1,0,0,0,0,0,0.0,0.0,0.0,0.0,0.0
smtr_tci,0.1,3,82,agent1,1,0,0,0,0,0.0,0.0,0.0,0.0,0.0
smtr_tci,0.1,3,84,agent1,0,0,0,0,0,0.0,0.0,0.0,0.0,0.0
smtr_tci,0.1,3,84,agent1,1,0,0,0,0,0.0,0.0,0.0,0.0,0.0
smtr_tci,0.1,3,84,agent1,2,0,0,0,0,0.0,0.0,0.0,0.0,0.0
smtr_tci,0.1,3,85,agent1,0,0,0,0,0,0.0,0.0,0.0,0.0,0.0
smtr_tci,0.1,3,85,agent1,1,0,0,0,0,0.0,0.0,0.0,0.0,0.0
smtr_tci,0.1,3,87,agent1,0,0,0,0,0,0.0,0.0,0.0,0.0,0.0
smtr_tci,0.1,3,87,agent1,2,0,0,0,0,0.0,0.0,0.0,0.0,0.0
smtr_tci,0.1,3,88,agent1,1,0,0,0,0,0.0,0.0,0.0,0.0,0.0
smtr_tci,0.1,3,88,agent1,2,0,0,0,0,0.0,0.0,0.0,0.0,0.0
smtr_tci,0.1,3,89,agent1,1,0,0,0,0,0.0,0.0,0.0,0.0,0.0
smtr_tci,0.1,3,89,agent1,2,0,0,0,0,0.0,0.0,0.0,0.0,0.0
smtr_tci,0.1,3,9,agent1,0,4,4,0,4,4.0,1.0,0.0,4.0,4.0
smtr_tci,0.1,3,9,agent1,1,0,0,0,0,1.0,0.0,0.0,0.0,0.0
smtr_tci,0.1,3,9,agent1,2,0,0,0,0,1.0,0.0,0.0,0.0,0.0
smtr_tci,0.1,4,10,agent1,0,3,3,0,3,3.0,1.0,0.0,3.0,3.0
smtr_tci,0.1,4,10,agent1,1,1,1,0,1,1.0,1.0,0.0,1.0,1.0
smtr_tci,0.1,4,10,agent1,2,1,1,0,1,1.0,1.0,0.0,1.0,1.0
smtr_tci,0.1,4,100,agent1,1,0,0,0,0,0.0,0.0,0.0,0.0,0.0
smtr_tci,0.1,4,100,agent1,2,0,0,0,0,0.0,0.0,0.0,0.0,0.0
smtr_tci,0.1,4,11,agent1,1,0,0,0,0,0.0,0.0,0.0,0.0,0.0
smtr_tci,0.1,4,11,agent1,2,1,1,0,1,1.0,1.0,0.0,1.0,1.0
smtr_tci,0.1,4,13,agent1,2,0,0,0,0,1.0,0.0,0.0,0.0,0.0
smtr_tci,0.1,4,16,agent1,0,0,0,0,0,1.0,0.0,0.0,0.0,0.0
smtr_tci,0.1,4,16,agent1,1,0,0,0,0,1.0,0.0,0.0,0.0,0.0
smtr_tci,0.1,4,17,agent1,0,0,0,0,0,0.0,0.0,0.0,0.0,0.0
smtr_tci,0.1,4,17,agent1,1,1,1,0,1,1.0,1.0,0.0,1.0,1.0
smtr_tci,0.1,4,19,agent1,0,0,0,0,0,1.0,0.0,0.0,0.0,0.0
smtr_tci,0.1,4,19,agent1,1,1,1,0,1,1.0,1.0,0.0,1.0,1.0
smtr_tci,0.1,4,19,agent1,2,0,0,0,0,0.0,0.0,0.0,0.0,0.0
smtr_tci,0.1,4,2,agent1,2,1,1,0,1,1.0,1.0,0.0,1.0,1.0
smtr_tci,0.1,4,21,agent1,0,0,0,0,0,0.0,0.0,0.0,0.0,0.0
smtr_tci,0.1,4,21,agent1,2,1,1,0,1,1.0,1.0,0.0,1.0,1.0
smtr_tci,0.1,4,22,agent1,0,0,0,0,0,1.0,0.0,0.0,0.0,0.0
smtr_tci,0.1,4,22,agent1,1,0,0,0,0,1.0,0.0,0.0,0.0,0.0
smtr_tci,0.1,4,23,agent1,0,1,1,0,1,1.0,1.0,0.0,1.0,1.0
smtr_tci,0.1,4,23,agent1,1,2,2,0,2,2.0,1.0,0.0,2.0,2.0
smtr_tci,0.1,4,23,agent1,2,2,2,0,2,2.0,1.0,0.0,2.0,2.0
smtr_tci,0.1,4,26,agent1,0,0,0,0,0,1.0,0.0,0.0,0.0,0.0
smtr_tci,0.1,4,26,agent1,1,0,0,0,0,1.0,0.0,0.0,0.0,0.0
smtr_tci,0.1,4,26,agent1,2,0,0,0,0,1.0,0.0,0.0,0.0,0.0
smtr_tci,0.1,4,27,agent1,0,0,0,0,0,1.0,0.0,0.0,0.0,0.0
smtr_tci,0.1,4,27,agent1,1,0,0,0,0,1.0,0.0,0.0,0.0,0.0
smtr_tci,0.1,4,27,agent1,2,0,0,0,0,1.0,0.0,0.0,0.0,0.0
smtr_tci,0.1,4,29,agent1,0,1,1,0,1,1.0,1.0,0.0,1.0,1.0
smtr_tci,0.1,4,29,agent1,1,0,0,0,0,0.0,0.0,0.0,0.0,0.0
smtr_tci,0.1,4,3,agent1,0,0,0,0,0,1.0,0.0,0.0,0.0,0.0
smtr_tci,0.1,4,3,agent1,1,1,1,0,1,1.0,1.0,0.0,1.0,1.0
smtr_tci,0.1,4,30,agent1,2,0,0,0,0,1.0,0.0,0.0,0.0,0.0
smtr_tci,0.1,4,31,agent1,1,0,0,0,0,0.0,0.0,0.0,0.0,0.0
smtr_tci,0.1,4,31,agent1,2,0,0,0,0,1.0,0.0,0.0,0.0,0.0
smtr_tci,0.1,4,32,agent1,0,0,0,0,0,1.0,0.0,0.0,0.0,0.0
smtr_tci,0.1,4,32,agent1,1,2,2,0,2,2.0,1.0,0.0,2.0,2.0
smtr_tci,0.1,4,33,agent1,1,2,2,0,2,2.0,1.0,0.0,2.0,2.0
smtr_tci,0.1,4,33,agent1,2,0,0,0,0,0.0,0.0,0.0,0.0,0.0
smtr_tci,0.1,4,34,agent1,0,0,0,0,0,0.0,0.0,0.0,0.0,0.0
smtr_tci,0.1,4,34,agent1,1,2,2,0,2,2.0,1.0,0.0,2.0,2.0
smtr_tci,0.1,4,34,agent1,2,2,2,0,2,2.0,1.0,0.0,2.0,2.0
smtr_tci,0.1,4,36,agent1,0,0,0,0,0,1.0,0.0,0.0,0.0,0.0
smtr_tci,0.1,4,36,agent1,1,0,0,0,0,1.0,0.0,0.0,0.0,0.0
smtr_tci,0.1,4,36,agent1,2,0,0,0,0,1.0,0.0,0.0,0.0,0.0
smtr_tci,0.1,4,37,agent1,0,0,0,0,0,1.0,0.0,0.0,0.0,0.0
smtr_tci,0.1,4,37,agent1,1,0,0,0,0,1.0,0.0,0.0,0.0,0.0
smtr_tci,0.1,4,37,agent1,2,0,0,0,0,1.0,0.0,0.0,0.0,0.0
smtr_tci,0.1,4,41,agent1,0,0,0,0,0,1.0,0.0,0.0,0.0,0.0
smtr_tci,0.1,4,41,agent1,1,4,4,0,4,4.0,1.0,0.0,4.0,4.0
smtr_tci,0.1,4,41,agent1,2,0,0,0,0,1.0,0.0,0.0,0.0,0.0
smtr_tci,0.1,4,42,agent1,0,0,0,0,0,1.0,0.0,0.0,0.0,0.0
smtr_tci,0.1,4,42,agent1,1,0,0,0,0,1.0,0.0,0.0,0.0,0.0
smtr_tci,0.1,4,42,agent1,2,0,0,0,0,1.0,0.0,0.0,0.0,0.0
smtr_tci,0.1,4,48,agent1,0,0,0,0,0,1.0,0.0,0.0,0.0,0.0
smtr_tci,0.1,4,48,agent1,2,0,0,0,0,1.0,0.0,0.0,0.0,0.0
smtr_tci,0.1,4,51,agent1,0,0,0,0,0,0.0,0.0,0.0,0.0,0.0
smtr_tci,0.1,4,51,agent1,1,0,0,0,0,0.0,0.0,0.0,0.0,0.0
smtr_tci,0.1,4,51,agent1,2,1,1,0,1,1.0,1.0,0.0,1.0,1.0
smtr_tci,0.1,4,57,agent1,0,0,0,0,0,0.0,0.0,0.0,0.0,0.0
smtr_tci,0.1,4,57,agent1,1,0,0,0,0,0.0,0.0,0.0,0.0,0.0
smtr_tci,0.1,4,57,agent1,2,0,0,0,0,0.0,0.0,0.0,0.0,0.0
smtr_tci,0.1,4,60,agent1,0,0,0,0,0,1.0,0.0,0.0,0.0,0.0
smtr_tci,0.1,4,60,agent1,1,0,0,0,0,1.0,0.0,0.0,0.0,0.0
smtr_tci,0.1,4,60,agent1,2,0,0,0,0,1.0,0.0,0.0,0.0,0.0
smtr_tci,0.1,4,61,agent1,0,0,0,0,0,0.0,0.0,0.0,0.0,0.0
smtr_tci,0.1,4,61,agent1,1,0,0,0,0,0.0,0.0,0.0,0.0,0.0
smtr_tci,0.1,4,61,agent1,2,0,0,0,0,0.0,0.0,0.0,0.0,0.0
smtr_tci,0.1,4,63,agent1,0,0,0,0,0,0.0,0.0,0.0,0.0,0.0
smtr_tci,0.1,4,63,agent1,1,0,0,0,0,0.0,0.0,0.0,0.0,0.0
smtr_tci,0.1,4,63,agent1,2,0,0,0,0,0.0,0.0,0.0,0.0,0.0
smtr_tci,0.1,4,64,agent1,0,0,0,0,0,0.0,0.0,0.0,0.0,0.0
smtr_tci,0.1,4,64,agent1,2,0,0,0,0,0.0,0.0,0.0,0.0,0.0
smtr_tci,0.1,4,65,agent1,0,0,0,0,0,1.0,0.0,0.0,0.0,0.0
smtr_tci,0.1,4,65,agent1,1,0,0,0,0,1.0,0.0,0.0,0.0,0.0
smtr_tci,0.1,4,65,agent1,2,0,0,0,0,1.0,0.0,0.0,0.0,0.0
smtr_tci,0.1,4,68,agent1,0,0,0,0,0,0.0,0.0,0.0,0.0,0.0
smtr_tci,0.1,4,68,agent1,1,0,0,0,0,0.0,0.0,0.0,0.0,0.0
smtr_tci,0.1,4,68,agent1,2,0,0,0,0,0.0,0.0,0.0,0.0,0.0
smtr_tci,0.1,4,69,agent1,0,0,0,0,0,1.0,0.0,0.0,0.0,0.0
smtr_tci,0.1,4,69,agent1,1,0,0,0,0,1.0,0.0,0.0,0.0,0.0
smtr_tci,0.1,4,69,agent1,2,4,4,0,4,4.0,1.0,0.0,4.0,4.0
smtr_tci,0.1,4,70,agent1,0,0,0,0,0,0.0,0.0,0.0,0.0,0.0
smtr_tci,0.1,4,70,agent1,1,0,0,0,0,0.0,0.0,0.0,0.0,0.0
smtr_tci,0.1,4,72,agent1,0,0,0,0,0,1.0,0.0,0.0,0.0,0.0
smtr_tci,0.1,4,72,agent1,1,0,0,0,0,1.0,0.0,0.0,0.0,0.0
smtr_tci,0.1,4,72,agent1,2,0,0,0,0,1.0,0.0,0.0,0.0,0.0
smtr_tci,0.1,4,73,agent1,1,0,0,0,0,0.0,0.0,0.0,0.0,0.0
smtr_tci,0.1,4,73,agent1,2,0,0,0,0,0.0,0.0,0.0,0.0,0.0
smtr_tci,0.1,4,75,agent1,0,0,0,0,0,0.0,0.0,0.0,0.0,0.0
smtr_tci,0.1,4,75,agent1,1,0,0,0,0,0.0,0.0,0.0,0.0,0.0
smtr_tci,0.1,4,75,agent1,2,0,0,0,0,0.0,0.0,0.0,0.0,0.0
smtr_tci,0.1,4,76,agent1,1,0,0,0,0,1.0,0.0,0.0,0.0,0.0
smtr_tci,0.1,4,77,agent1,0,0,0,0,0,0.0,0.0,0.0,0.0,0.0
smtr_tci,0.1,4,77,agent1,2,0,0,0,0,0.0,0.0,0.0,0.0,0.0
smtr_tci,0.1,4,79,agent1,0,0,0,0,0,0.0,0.0,0.0,0.0,0.0
smtr_tci,0.1,4,79,agent1,2,0,0,0,0,0.0,0.0,0.0,0.0,0.0
smtr_tci,0.1,4,8,agent1,0,0,0,0,0,1.0,0.0,0.0,0.0,0.0
smtr_tci,0.1,4,80,agent1,0,0,0,0,0,0.0,0.0,0.0,0.0,0.0
smtr_tci,0.1,4,80,agent1,1,0,0,0,0,0.0,0.0,0.0,0.0,0.0
smtr_tci,0.1,4,80,agent1,2,0,0,0,0,0.0,0.0,0.0,0.0,0.0
smtr_tci,0.1,4,82,agent1,0,0,0,0,0,0.0,0.0,0.0,0.0,0.0
smtr_tci,0.1,4,82,agent1,1,0,0,0,0,0.0,0.0,0.0,0.0,0.0
smtr_tci,0.1,4,84,agent1,0,0,0,0,0,0.0,0.0,0.0,0.0,0.0
smtr_tci,0.1,4,84,agent1,1,0,0,0,0,0.0,0.0,0.0,0.0,0.0
smtr_tci,0.1,4,84,agent1,2,0,0,0,0,0.0,0.0,0.0,0.0,0.0
smtr_tci,0.1,4,85,agent1,0,0,0,0,0,0.0,0.0,0.0,0.0,0.0
smtr_tci,0.1,4,85,agent1,1,0,0,0,0,0.0,0.0,0.0,0.0,0.0
smtr_tci,0.1,4,87,agent1,0,0,0,0,0,0.0,0.0,0.0,0.0,0.0
smtr_tci,0.1,4,87,agent1,2,0,0,0,0,0.0,0.0,0.0,0.0,0.0
smtr_tci,0.1,4,88,agent1,1,0,0,0,0,0.0,0.0,0.0,0.0,0.0
smtr_tci,0.1,4,88,agent1,2,0,0,0,0,0.0,0.0,0.0,0.0,0.0
smtr_tci,0.1,4,89,agent1,1,0,0,0,0,0.0,0.0,0.0,0.0,0.0
smtr_tci,0.1,4,89,agent1,2,0,0,0,0,0.0,0.0,0.0,0.0,0.0
smtr_tci,0.1,4,9,agent1,0,4,4,0,4,4.0,1.0,0.0,4.0,4.0
smtr_tci,0.1,4,9,agent1,1,0,0,0,0,1.0,0.0,0.0,0.0,0.0
smtr_tci,0.1,4,9,agent1,2,0,0,0,0,1.0,0.0,0.0,0.0,0.0
random_validation,0.1,0,10,agent1,0,3,2,0,3,2.0,0.6666666666666666,0.3333333333333333,2.0,2.0
random_validation,0.1,0,10,agent1,1,2,1,0,1,1.0,0.5,0.0,1.0,1.0
random_validation,0.1,0,10,agent1,2,1,0,0,1,0.0,0.0,1.0,0.0,0.0
random_validation,0.1,0,100,agent1,1,1,0,0,0,0.0,0.0,0.0,0.0,0.0
random_validation,0.1,0,100,agent1,2,3,0,0,0,0.0,0.0,0.0,0.0,0.0
random_validation,0.1,0,11,agent1,1,1,0,0,0,0.0,0.0,0.0,0.0,0.0
random_validation,0.1,0,11,agent1,2,3,0,0,1,0.0,0.0,1.0,0.0,0.0
random_validation,0.1,0,13,agent1,2,0,0,0,0,1.0,0.0,0.0,0.0,0.0
random_validation,0.1,0,16,agent1,0,4,0,0,0,1.0,0.0,0.0,0.0,0.0
random_validation,0.1,0,16,agent1,1,3,0,0,0,1.0,0.0,0.0,0.0,0.0
random_validation,0.1,0,17,agent1,0,1,0,0,0,0.0,0.0,0.0,0.0,0.0
random_validation,0.1,0,17,agent1,1,1,1,0,1,1.0,1.0,0.0,1.0,1.0
random_validation,0.1,0,19,agent1,0,2,0,1,0,0.0,0.0,0.0,-1.0,-1.0
random_validation,0.1,0,19,agent1,1,3,1,0,1,1.0,0.3333333333333333,0.0,1.0,1.0
random_validation,0.1,0,19,agent1,2,0,0,0,0,0.0,0.0,0.0,0.0,0.0
random_validation,0.1,0,2,agent1,2,2,0,0,1,0.0,0.0,1.0,0.0,0.0
random_validation,0.1,0,21,agent1,0,0,0,0,0,0.0,0.0,0.0,0.0,0.0
random_validation,0.1,0,21,agent1,2,1,0,0,1,0.0,0.0,1.0,0.0,0.0
random_validation,0.1,0,22,agent1,0,1,0,0,0,1.0,0.0,0.0,0.0,0.0
random_validation,0.1,0,22,agent1,1,2,0,0,0,1.0,0.0,0.0,0.0,0.0
random_validation,0.1,0,23,agent1,0,4,1,0,1,1.0,0.25,0.0,1.0,1.0
random_validation,0.1,0,23,agent1,1,2,2,0,2,2.0,1.0,0.0,2.0,2.0
random_validation,0.1,0,23,agent1,2,1,0,0,2,0.0,0.0,1.0,0.0,0.0
random_validation,0.1,0,26,agent1,0,4,0,0,0,1.0,0.0,0.0,0.0,0.0
random_validation,0.1,0,26,agent1,1,2,0,0,0,1.0,0.0,0.0,0.0,0.0
random_validation,0.1,0,26,agent1,2,2,0,0,0,1.0,0.0,0.0,0.0,0.0
random_validation,0.1,0,27,agent1,0,2,0,0,0,1.0,0.0,0.0,0.0,0.0
random_validation,0.1,0,27,agent1,1,4,0,0,0,1.0,0.0,0.0,0.0,0.0
random_validation,0.1,0,27,agent1,2,2,0,0,0,1.0,0.0,0.0,0.0,0.0
random_validation,0.1,0,29,agent1,0,2,0,0,1,0.0,0.0,1.0,0.0,0.0
random_validation,0.1,0,29,agent1,1,2,0,0,0,0.0,0.0,0.0,0.0,0.0
random_validation,0.1,0,3,agent1,0,4,0,3,0,-2.0,0.0,0.0,-3.0,-3.0
random_validation,0.1,0,3,agent1,1,2,0,0,1,0.0,0.0,1.0,0.0,0.0
random_validation,0.1,0,30,agent1,2,2,0,0,0,1.0,0.0,0.0,0.0,0.0
random_validation,0.1,0,31,agent1,1,0,0,0,0,0.0,0.0,0.0,0.0,0.0
random_validation,0.1,0,31,agent1,2,1,0,0,0,1.0,0.0,0.0,0.0,0.0
random_validation,0.1,0,32,agent1,0,1,0,1,0,0.0,0.0,0.0,-1.0,-1.0
random_validation,0.1,0,32,agent1,1,3,1,0,2,1.0,0.3333333333333333,0.5,1.0,1.0
random_validation,0.1,0,33,agent1,1,3,1,0,2,1.0,0.3333333333333333,0.5,1.0,1.0
random_validation,0.1,0,33,agent1,2,4,0,0,0,0.0,0.0,0.0,0.0,0.0
random_validation,0.1,0,34,agent1,0,2,0,0,0,0.0,0.0,0.0,0.0,0.0
random_validation,0.1,0,34,agent1,1,4,1,0,2,1.0,0.25,0.5,1.0,1.0
random_validation,0.1,0,34,agent1,2,5,2,0,2,2.0,0.4,0.0,2.0,2.0
random_validation,0.1,0,36,agent1,0,4,0,0,0,1.0,0.0,0.0,0.0,0.0
random_validation,0.1,0,36,agent1,1,3,0,0,0,1.0,0.0,0.0,0.0,0.0
random_validation,0.1,0,36,agent1,2,2,0,0,0,1.0,0.0,0.0,0.0,0.0
random_validation,0.1,0,37,agent1,0,4,0,0,0,1.0,0.0,0.0,0.0,0.0
random_validation,0.1,0,37,agent1,1,2,0,1,0,0.0,0.0,0.0,-1.0,-1.0
random_validation,0.1,0,37,agent1,2,0,0,0,0,1.0,0.0,0.0,0.0,0.0
random_validation,0.1,0,41,agent1,0,3,0,0,0,1.0,0.0,0.0,0.0,0.0
random_validation,0.1,0,41,agent1,1,3,2,0,4,2.0,0.6666666666666666,0.5,2.0,2.0
random_validation,0.1,0,41,agent1,2,4,0,0,0,1.0,0.0,0.0,0.0,0.0
random_validation,0.1,0,42,agent1,0,1,0,0,0,1.0,0.0,0.0,0.0,0.0
random_validation,0.1,0,42,agent1,1,3,0,0,0,1.0,0.0,0.0,0.0,0.0
random_validation,0.1,0,42,agent1,2,1,0,0,0,1.0,0.0,0.0,0.0,0.0
random_validation,0.1,0,48,agent1,0,1,0,0,0,1.0,0.0,0.0,0.0,0.0
random_validation,0.1,0,48,agent1,2,3,0,0,0,1.0,0.0,0.0,0.0,0.0
random_validation,0.1,0,51,agent1,0,2,0,0,0,0.0,0.0,0.0,0.0,0.0
random_validation,0.1,0,51,agent1,1,6,0,0,0,0.0,0.0,0.0,0.0,0.0
random_validation,0.1,0,51,agent1,2,1,0,0,1,0.0,0.0,1.0,0.0,0.0
random_validation,0.1,0,57,agent1,0,2,0,0,0,0.0,0.0,0.0,0.0,0.0
random_validation,0.1,0,57,agent1,1,2,0,0,0,0.0,0.0,0.0,0.0,0.0
random_validation,0.1,0,57,agent1,2,4,0,0,0,0.0,0.0,0.0,0.0,0.0
random_validation,0.1,0,60,agent1,0,5,0,2,0,-1.0,0.0,0.0,-2.0,-2.0
random_validation,0.1,0,60,agent1,1,2,0,0,0,1.0,0.0,0.0,0.0,0.0
random_validation,0.1,0,60,agent1,2,2,0,1,0,0.0,0.0,0.0,-1.0,-1.0
random_validation,0.1,0,61,agent1,0,2,0,0,0,0.0,0.0,0.0,0.0,0.0
random_validation,0.1,0,61,agent1,1,3,0,0,0,0.0,0.0,0.0,0.0,0.0
random_validation,0.1,0,61,agent1,2,4,0,0,0,0.0,0.0,0.0,0.0,0.0
random_validation,0.1,0,63,agent1,0,1,0,0,0,0.0,0.0,0.0,0.0,0.0
random_validation,0.1,0,63,agent1,1,3,0,0,0,0.0,0.0,0.0,0.0,0.0
random_validation,0.1,0,63,agent1,2,2,0,0,0,0.0,0.0,0.0,0.0,0.0
random_validation,0.1,0,64,agent1,0,3,0,0,0,0.0,0.0,0.0,0.0,0.0
random_validation,0.1,0,64,agent1,2,5,0,0,0,0.0,0.0,0.0,0.0,0.0
random_validation,0.1,0,65,agent1,0,0,0,0,0,1.0,0.0,0.0,0.0,0.0
random_validation,0.1,0,65,agent1,1,1,0,0,0,1.0,0.0,0.0,0.0,0.0
random_validation,0.1,0,65,agent1,2,1,0,0,0,1.0,0.0,0.0,0.0,0.0
random_validation,0.1,0,68,agent1,0,3,0,0,0,0.0,0.0,0.0,0.0,0.0
random_validation,0.1,0,68,agent1,1,5,0,0,0,0.0,0.0,0.0,0.0,0.0
random_validation,0.1,0,68,agent1,2,2,0,0,0,0.0,0.0,0.0,0.0,0.0
random_validation,0.1,0,69,agent1,0,3,0,1,0,0.0,0.0,0.0,-1.0,-1.0
random_validation,0.1,0,69,agent1,1,1,0,1,0,0.0,0.0,0.0,-1.0,-1.0
random_validation,0.1,0,69,agent1,2,4,3,0,4,3.0,0.75,0.25,3.0,3.0
random_validation,0.1,0,70,agent1,0,2,0,0,0,0.0,0.0,0.0,0.0,0.0
random_validation,0.1,0,70,agent1,1,4,0,0,0,0.0,0.0,0.0,0.0,0.0
random_validation,0.1,0,72,agent1,0,3,0,0,0,1.0,0.0,0.0,0.0,0.0
random_validation,0.1,0,72,agent1,1,1,0,0,0,1.0,0.0,0.0,0.0,0.0
random_validation,0.1,0,72,agent1,2,0,0,0,0,1.0,0.0,0.0,0.0,0.0
random_validation,0.1,0,73,agent1,1,3,0,0,0,0.0,0.0,0.0,0.0,0.0
random_validation,0.1,0,73,agent1,2,0,0,0,0,0.0,0.0,0.0,0.0,0.0
random_validation,0.1,0,75,agent1,0,3,0,0,0,0.0,0.0,0.0,0.0,0.0
random_validation,0.1,0,75,agent1,1,3,0,0,0,0.0,0.0,0.0,0.0,0.0
random_validation,0.1,0,75,agent1,2,1,0,0,0,0.0,0.0,0.0,0.0,0.0
random_validation,0.1,0,76,agent1,1,0,0,0,0,1.0,0.0,0.0,0.0,0.0
random_validation,0.1,0,77,agent1,0,1,0,0,0,0.0,0.0,0.0,0.0,0.0
random_validation,0.1,0,77,agent1,2,3,0,0,0,0.0,0.0,0.0,0.0,0.0
random_validation,0.1,0,79,agent1,0,1,0,0,0,0.0,0.0,0.0,0.0,0.0
random_validation,0.1,0,79,agent1,2,2,0,0,0,0.0,0.0,0.0,0.0,0.0
random_validation,0.1,0,8,agent1,0,3,0,1,0,0.0,0.0,0.0,-1.0,-1.0
random_validation,0.1,0,80,agent1,0,3,0,0,0,0.0,0.0,0.0,0.0,0.0
random_validation,0.1,0,80,agent1,1,1,0,0,0,0.0,0.0,0.0,0.0,0.0
random_validation,0.1,0,80,agent1,2,1,0,0,0,0.0,0.0,0.0,0.0,0.0
random_validation,0.1,0,82,agent1,0,2,0,0,0,0.0,0.0,0.0,0.0,0.0
random_validation,0.1,0,82,agent1,1,1,0,0,0,0.0,0.0,0.0,0.0,0.0
random_validation,0.1,0,84,agent1,0,1,0,0,0,0.0,0.0,0.0,0.0,0.0
random_validation,0.1,0,84,agent1,1,0,0,0,0,0.0,0.0,0.0,0.0,0.0
random_validation,0.1,0,84,agent1,2,2,0,0,0,0.0,0.0,0.0,0.0,0.0
random_validation,0.1,0,85,agent1,0,2,0,0,0,0.0,0.0,0.0,0.0,0.0
random_validation,0.1,0,85,agent1,1,4,0,0,0,0.0,0.0,0.0,0.0,0.0
random_validation,0.1,0,87,agent1,0,2,0,0,0,0.0,0.0,0.0,0.0,0.0
random_validation,0.1,0,87,agent1,2,3,0,0,0,0.0,0.0,0.0,0.0,0.0
random_validation,0.1,0,88,agent1,1,3,0,0,0,0.0,0.0,0.0,0.0,0.0
random_validation,0.1,0,88,agent1,2,3,0,0,0,0.0,0.0,0.0,0.0,0.0
random_validation,0.1,0,89,agent1,1,4,0,0,0,0.0,0.0,0.0,0.0,0.0
random_validation,0.1,0,89,agent1,2,1,0,0,0,0.0,0.0,0.0,0.0,0.0
random_validation,0.1,0,9,agent1,0,3,3,0,4,3.0,1.0,0.25,3.0,3.0
random_validation,0.1,0,9,agent1,1,5,0,0,0,1.0,0.0,0.0,0.0,0.0
random_validation,0.1,0,9,agent1,2,2,0,0,0,1.0,0.0,0.0,0.0,0.0
random_validation,0.1,1,10,agent1,0,3,2,0,3,2.0,0.6666666666666666,0.3333333333333333,2.0,2.0
random_validation,0.1,1,10,agent1,1,0,0,0,1,0.0,0.0,1.0,0.0,0.0
random_validation,0.1,1,10,agent1,2,1,1,0,1,1.0,1.0,0.0,1.0,1.0
random_validation,0.1,1,100,agent1,1,1,0,0,0,0.0,0.0,0.0,0.0,0.0
random_validation,0.1,1,100,agent1,2,2,0,0,0,0.0,0.0,0.0,0.0,0.0
random_validation,0.1,1,11,agent1,1,2,0,0,0,0.0,0.0,0.0,0.0,0.0
random_validation,0.1,1,11,agent1,2,4,1,0,1,1.0,0.25,0.0,1.0,1.0
random_validation,0.1,1,13,agent1,2,1,0,0,0,1.0,0.0,0.0,0.0,0.0
random_validation,0.1,1,16,agent1,0,1,0,0,0,1.0,0.0,0.0,0.0,0.0
random_validation,0.1,1,16,agent1,1,3,0,0,0,1.0,0.0,0.0,0.0,0.0
random_validation,0.1,1,17,agent1,0,1,0,0,0,0.0,0.0,0.0,0.0,0.0
random_validation,0.1,1,17,agent1,1,1,0,0,1,0.0,0.0,1.0,0.0,0.0
random_validation,0.1,1,19,agent1,0,4,0,4,0,-3.0,0.0,0.0,-4.0,-4.0
random_validation,0.1,1,19,agent1,1,2,0,0,1,0.0,0.0,1.0,0.0,0.0
random_validation,0.1,1,19,agent1,2,2,0,0,0,0.0,0.0,0.0,0.0,0.0
random_validation,0.1,1,2,agent1,2,2,1,0,1,1.0,0.5,0.0,1.0,1.0
random_validation,0.1,1,21,agent1,0,1,0,0,0,0.0,0.0,0.0,0.0,0.0
random_validation,0.1,1,21,agent1,2,2,0,0,1,0.0,0.0,1.0,0.0,0.0
random_validation,0.1,1,22,agent1,0,2,0,0,0,1.0,0.0,0.0,0.0,0.0
random_validation,0.1,1,22,agent1,1,3,0,0,0,1.0,0.0,0.0,0.0,0.0
random_validation,0.1,1,23,agent1,0,1,1,0,1,1.0,1.0,0.0,1.0,1.0
random_validation,0.1,1,23,agent1,1,4,2,0,2,2.0,0.5,0.0,2.0,2.0
random_validation,0.1,1,23,agent1,2,2,0,0,2,0.0,0.0,1.0,0.0,0.0
random_validation,0.1,1,26,agent1,0,5,0,0,0,1.0,0.0,0.0,0.0,0.0
random_validation,0.1,1,26,agent1,1,1,0,1,0,0.0,0.0,0.0,-1.0,-1.0
random_validation,0.1,1,26,agent1,2,4,0,0,0,1.0,0.0,0.0,0.0,0.0
random_validation,0.1,1,27,agent1,0,1,0,0,0,1.0,0.0,0.0,0.0,0.0
random_validation,0.1,1,27,agent1,1,2,0,0,0,1.0,0.0,0.0,0.0,0.0
random_validation,0.1,1,27,agent1,2,1,0,0,0,1.0,0.0,0.0,0.0,0.0
random_validation,0.1,1,29,agent1,0,2,0,0,1,0.0,0.0,1.0,0.0,0.0
random_validation,0.1,1,29,agent1,1,2,0,0,0,0.0,0.0,0.0,0.0,0.0
random_validation,0.1,1,3,agent1,0,4,0,3,0,-2.0,0.0,0.0,-3.0,-3.0
random_validation,0.1,1,3,agent1,1,0,0,0,1,0.0,0.0,1.0,0.0,0.0
random_validation,0.1,1,30,agent1,2,2,0,0,0,1.0,0.0,0.0,0.0,0.0
random_validation,0.1,1,31,agent1,1,0,0,0,0,0.0,0.0,0.0,0.0,0.0
random_validation,0.1,1,31,agent1,2,1,0,0,0,1.0,0.0,0.0,0.0,0.0
random_validation,0.1,1,32,agent1,0,1,0,1,0,0.0,0.0,0.0,-1.0,-1.0
random_validation,0.1,1,32,agent1,1,4,1,0,2,1.0,0.25,0.5,1.0,1.0
random_validation,0.1,1,33,agent1,1,2,1,0,2,1.0,0.5,0.5,1.0,1.0
random_validation,0.1,1,33,agent1,2,5,0,0,0,0.0,0.0,0.0,0.0,0.0
random_validation,0.1,1,34,agent1,0,4,0,0,0,0.0,0.0,0.0,0.0,0.0
random_validation,0.1,1,34,agent1,1,3,2,0,2,2.0,0.6666666666666666,0.0,2.0,2.0
random_validation,0.1,1,34,agent1,2,4,1,0,2,1.0,0.25,0.5,1.0,1.0
random_validation,0.1,1,36,agent1,0,3,0,0,0,1.0,0.0,0.0,0.0,0.0
random_validation,0.1,1,36,agent1,1,2,0,0,0,1.0,0.0,0.0,0.0,0.0
random_validation,0.1,1,36,agent1,2,1,0,0,0,1.0,0.0,0.0,0.0,0.0
random_validation,0.1,1,37,agent1,0,5,0,1,0,0.0,0.0,0.0,-1.0,-1.0
random_validation,0.1,1,37,agent1,1,3,0,1,0,0.0,0.0,0.0,-1.0,-1.0
random_validation,0.1,1,37,agent1,2,2,0,1,0,0.0,0.0,0.0,-1.0,-1.0
random_validation,0.1,1,41,agent1,0,4,0,1,0,0.0,0.0,0.0,-1.0,-1.0
random_validation,0.1,1,41,agent1,1,0,0,0,4,0.0,0.0,1.0,0.0,0.0
random_validation,0.1,1,41,agent1,2,4,0,0,0,1.0,0.0,0.0,0.0,0.0
random_validation,0.1,1,42,agent1,0,4,0,0,0,1.0,0.0,0.0,0.0,0.0
random_validation,0.1,1,42,agent1,1,4,0,1,0,0.0,0.0,0.0,-1.0,-1.0
random_validation,0.1,1,42,agent1,2,3,0,0,0,1.0,0.0,0.0,0.0,0.0
random_validation,0.1,1,48,agent1,0,2,0,0,0,1.0,0.0,0.0,0.0,0.0
random_validation,0.1,1,48,agent1,2,2,0,0,0,1.0,0.0,0.0,0.0,0.0
random_validation,0.1,1,51,agent1,0,5,0,0,0,0.0,0.0,0.0,0.0,0.0
random_validation,0.1,1,51,agent1,1,3,0,0,0,0.0,0.0,0.0,0.0,0.0
random_validation,0.1,1,51,agent1,2,2,0,0,1,0.0,0.0,1.0,0.0,0.0
random_validation,0.1,1,57,agent1,0,2,0,0,0,0.0,0.0,0.0,0.0,0.0
random_validation,0.1,1,57,agent1,1,2,0,0,0,0.0,0.0,0.0,0.0,0.0
random_validation,0.1,1,57,agent1,2,2,0,0,0,0.0,0.0,0.0,0.0,0.0
random_validation,0.1,1,60,agent1,0,3,0,1,0,0.0,0.0,0.0,-1.0,-1.0
random_validation,0.1,1,60,agent1,1,2,0,0,0,1.0,0.0,0.0,0.0,0.0
random_validation,0.1,1,60,agent1,2,5,0,4,0,-3.0,0.0,0.0,-4.0,-4.0
random_validation,0.1,1,61,agent1,0,2,0,0,0,0.0,0.0,0.0,0.0,0.0
random_validation,0.1,1,61,agent1,1,5,0,0,0,0.0,0.0,0.0,0.0,0.0
random_validation,0.1,1,61,agent1,2,3,0,0,0,0.0,0.0,0.0,0.0,0.0
random_validation,0.1,1,63,agent1,0,4,0,0,0,0.0,0.0,0.0,0.0,0.0
random_validation,0.1,1,63,agent1,1,3,0,0,0,0.0,0.0,0.0,0.0,0.0
random_validation,0.1,1,63,agent1,2,1,0,0,0,0.0,0.0,0.0,0.0,0.0
random_validation,0.1,1,64,agent1,0,4,0,0,0,0.0,0.0,0.0,0.0,0.0
random_validation,0.1,1,64,agent1,2,5,0,0,0,0.0,0.0,0.0,0.0,0.0
random_validation,0.1,1,65,agent1,0,1,0,1,0,0.0,0.0,0.0,-1.0,-1.0
random_validation,0.1,1,65,agent1,1,0,0,0,0,1.0,0.0,0.0,0.0,0.0
random_validation,0.1,1,65,agent1,2,0,0,0,0,1.0,0.0,0.0,0.0,0.0
random_validation,0.1,1,68,agent1,0,4,0,0,0,0.0,0.0,0.0,0.0,0.0
random_validation,0.1,1,68,agent1,1,4,0,0,0,0.0,0.0,0.0,0.0,0.0
random_validation,0.1,1,68,agent1,2,0,0,0,0,0.0,0.0,0.0,0.0,0.0
random_validation,0.1,1,69,agent1,0,2,0,2,0,-1.0,0.0,0.0,-2.0,-2.0
random_validation,0.1,1,69,agent1,1,3,0,3,0,-2.0,0.0,0.0,-3.0,-3.0
random_validation,0.1,1,69,agent1,2,4,3,0,4,3.0,0.75,0.25,3.0,3.0
random_validation,0.1,1,70,agent1,0,0,0,0,0,0.0,0.0,0.0,0.0,0.0
random_validation,0.1,1,70,agent1,1,2,0,0,0,0.0,0.0,0.0,0.0,0.0
random_validation,0.1,1,72,agent1,0,1,0,0,0,1.0,0.0,0.0,0.0,0.0
random_validation,0.1,1,72,agent1,1,0,0,0,0,1.0,0.0,0.0,0.0,0.0
random_validation,0.1,1,72,agent1,2,1,0,0,0,1.0,0.0,0.0,0.0,0.0
random_validation,0.1,1,73,agent1,1,2,0,0,0,0.0,0.0,0.0,0.0,0.0
random_validation,0.1,1,73,agent1,2,3,0,0,0,0.0,0.0,0.0,0.0,0.0
random_validation,0.1,1,75,agent1,0,1,0,0,0,0.0,0.0,0.0,0.0,0.0
random_validation,0.1,1,75,agent1,1,2,0,0,0,0.0,0.0,0.0,0.0,0.0
random_validation,0.1,1,75,agent1,2,1,0,0,0,0.0,0.0,0.0,0.0,0.0
random_validation,0.1,1,76,agent1,1,0,0,0,0,1.0,0.0,0.0,0.0,0.0
random_validation,0.1,1,77,agent1,0,1,0,0,0,0.0,0.0,0.0,0.0,0.0
random_validation,0.1,1,77,agent1,2,4,0,0,0,0.0,0.0,0.0,0.0,0.0
random_validation,0.1,1,79,agent1,0,3,0,0,0,0.0,0.0,0.0,0.0,0.0
random_validation,0.1,1,79,agent1,2,0,0,0,0,0.0,0.0,0.0,0.0,0.0
random_validation,0.1,1,8,agent1,0,3,0,2,0,-1.0,0.0,0.0,-2.0,-2.0
random_validation,0.1,1,80,agent1,0,3,0,0,0,0.0,0.0,0.0,0.0,0.0
random_validation,0.1,1,80,agent1,1,3,0,0,0,0.0,0.0,0.0,0.0,0.0
random_validation,0.1,1,80,agent1,2,2,0,0,0,0.0,0.0,0.0,0.0,0.0
random_validation,0.1,1,82,agent1,0,1,0,0,0,0.0,0.0,0.0,0.0,0.0
random_validation,0.1,1,82,agent1,1,2,0,0,0,0.0,0.0,0.0,0.0,0.0
random_validation,0.1,1,84,agent1,0,3,0,0,0,0.0,0.0,0.0,0.0,0.0
random_validation,0.1,1,84,agent1,1,1,0,0,0,0.0,0.0,0.0,0.0,0.0
random_validation,0.1,1,84,agent1,2,3,0,0,0,0.0,0.0,0.0,0.0,0.0
random_validation,0.1,1,85,agent1,0,4,0,0,0,0.0,0.0,0.0,0.0,0.0
random_validation,0.1,1,85,agent1,1,2,0,0,0,0.0,0.0,0.0,0.0,0.0
random_validation,0.1,1,87,agent1,0,4,0,0,0,0.0,0.0,0.0,0.0,0.0
random_validation,0.1,1,87,agent1,2,0,0,0,0,0.0,0.0,0.0,0.0,0.0
random_validation,0.1,1,88,agent1,1,1,0,0,0,0.0,0.0,0.0,0.0,0.0
random_validation,0.1,1,88,agent1,2,5,0,0,0,0.0,0.0,0.0,0.0,0.0
random_validation,0.1,1,89,agent1,1,3,0,0,0,0.0,0.0,0.0,0.0,0.0
random_validation,0.1,1,89,agent1,2,2,0,0,0,0.0,0.0,0.0,0.0,0.0
random_validation,0.1,1,9,agent1,0,1,1,0,4,1.0,1.0,0.75,1.0,1.0
random_validation,0.1,1,9,agent1,1,4,0,0,0,1.0,0.0,0.0,0.0,0.0
random_validation,0.1,1,9,agent1,2,3,0,0,0,1.0,0.0,0.0,0.0,0.0
random_validation,0.1,2,10,agent1,0,1,1,0,3,1.0,1.0,0.6666666666666666,1.0,1.0
random_validation,0.1,2,10,agent1,1,0,0,0,1,0.0,0.0,1.0,0.0,0.0
random_validation,0.1,2,10,agent1,2,0,0,0,1,0.0,0.0,1.0,0.0,0.0
random_validation,0.1,2,100,agent1,1,1,0,0,0,0.0,0.0,0.0,0.0,0.0
random_validation,0.1,2,100,agent1,2,2,0,0,0,0.0,0.0,0.0,0.0,0.0
random_validation,0.1,2,11,agent1,1,2,0,0,0,0.0,0.0,0.0,0.0,0.0
random_validation,0.1,2,11,agent1,2,1,1,0,1,1.0,1.0,0.0,1.0,1.0
random_validation,0.1,2,13,agent1,2,1,0,0,0,1.0,0.0,0.0,0.0,0.0
random_validation,0.1,2,16,agent1,0,3,0,0,0,1.0,0.0,0.0,0.0,0.0
random_validation,0.1,2,16,agent1,1,2,0,0,0,1.0,0.0,0.0,0.0,0.0
random_validation,0.1,2,17,agent1,0,2,0,0,0,0.0,0.0,0.0,0.0,0.0
random_validation,0.1,2,17,agent1,1,1,1,0,1,1.0,1.0,0.0,1.0,1.0
random_validation,0.1,2,19,agent1,0,2,0,1,0,0.0,0.0,0.0,-1.0,-1.0
random_validation,0.1,2,19,agent1,1,3,1,0,1,1.0,0.3333333333333333,0.0,1.0,1.0
random_validation,0.1,2,19,agent1,2,0,0,0,0,0.0,0.0,0.0,0.0,0.0
random_validation,0.1,2,2,agent1,2,3,0,0,1,0.0,0.0,1.0,0.0,0.0
random_validation,0.1,2,21,agent1,0,1,0,0,0,0.0,0.0,0.0,0.0,0.0
random_validation,0.1,2,21,agent1,2,2,1,0,1,1.0,0.5,0.0,1.0,1.0
random_validation,0.1,2,22,agent1,0,4,0,0,0,1.0,0.0,0.0,0.0,0.0
random_validation,0.1,2,22,agent1,1,3,0,0,0,1.0,0.0,0.0,0.0,0.0
random_validation,0.1,2,23,agent1,0,1,0,0,1,0.0,0.0,1.0,0.0,0.0
random_validation,0.1,2,23,agent1,1,4,0,0,2,0.0,0.0,1.0,0.0,0.0
random_validation,0.1,2,23,agent1,2,3,1,0,2,1.0,0.3333333333333333,0.5,1.0,1.0
random_validation,0.1,2,26,agent1,0,2,0,0,0,1.0,0.0,0.0,0.0,0.0
random_validation,0.1,2,26,agent1,1,3,0,1,0,0.0,0.0,0.0,-1.0,-1.0
random_validation,0.1,2,26,agent1,2,4,0,0,0,1.0,0.0,0.0,0.0,0.0
random_validation,0.1,2,27,agent1,0,4,0,0,0,1.0,0.0,0.0,0.0,0.0
random_validation,0.1,2,27,agent1,1,2,0,0,0,1.0,0.0,0.0,0.0,0.0
random_validation,0.1,2,27,agent1,2,1,0,0,0,1.0,0.0,0.0,0.0,0.0
random_validation,0.1,2,29,agent1,0,3,1,0,1,1.0,0.3333333333333333,0.0,1.0,1.0
random_validation,0.1,2,29,agent1,1,3,0,0,0,0.0,0.0,0.0,0.0,0.0
random_validation,0.1,2,3,agent1,0,4,0,3,0,-2.0,0.0,0.0,-3.0,-3.0
random_validation,0.1,2,3,agent1,1,3,1,0,1,1.0,0.3333333333333333,0.0,1.0,1.0
random_validation,0.1,2,30,agent1,2,3,0,0,0,1.0,0.0,0.0,0.0,0.0
random_validation,0.1,2,31,agent1,1,4,0,0,0,0.0,0.0,0.0,0.0,0.0
random_validation,0.1,2,31,agent1,2,1,0,1,0,0.0,0.0,0.0,-1.0,-1.0
random_validation,0.1,2,32,agent1,0,2,0,2,0,-1.0,0.0,0.0,-2.0,-2.0
random_validation,0.1,2,32,agent1,1,4,2,0,2,2.0,0.5,0.0,2.0,2.0
random_validation,0.1,2,33,agent1,1,4,2,0,2,2.0,0.5,0.0,2.0,2.0
random_validation,0.1,2,33,agent1,2,2,0,0,0,0.0,0.0,0.0,0.0,0.0
random_validation,0.1,2,34,agent1,0,4,0,0,0,0.0,0.0,0.0,0.0,0.0
random_validation,0.1,2,34,agent1,1,4,1,0,2,1.0,0.25,0.5,1.0,1.0
random_validation,0.1,2,34,agent1,2,3,1,0,2,1.0,0.3333333333333333,0.5,1.0,1.0
random_validation,0.1,2,36,agent1,0,3,0,0,0,1.0,0.0,0.0,0.0,0.0
random_validation,0.1,2,36,agent1,1,2,0,0,0,1.0,0.0,0.0,0.0,0.0
random_validation,0.1,2,36,agent1,2,0,0,0,0,1.0,0.0,0.0,0.0,0.0
random_validation,0.1,2,37,agent1,0,2,0,1,0,0.0,0.0,0.0,-1.0,-1.0
random_validation,0.1,2,37,agent1,1,2,0,0,0,1.0,0.0,0.0,0.0,0.0
random_validation,0.1,2,37,agent1,2,2,0,1,0,0.0,0.0,0.0,-1.0,-1.0
random_validation,0.1,2,41,agent1,0,6,0,1,0,0.0,0.0,0.0,-1.0,-1.0
random_validation,0.1,2,41,agent1,1,2,1,0,4,1.0,0.5,0.75,1.0,1.0
random_validation,0.1,2,41,agent1,2,4,0,0,0,1.0,0.0,0.0,0.0,0.0
random_validation,0.1,2,42,agent1,0,3,0,0,0,1.0,0.0,0.0,0.0,0.0
random_validation,0.1,2,42,agent1,1,3,0,1,0,0.0,0.0,0.0,-1.0,-1.0
random_validation,0.1,2,42,agent1,2,2,0,0,0,1.0,0.0,0.0,0.0,0.0
random_validation,0.1,2,48,agent1,0,3,0,0,0,1.0,0.0,0.0,0.0,0.0
random_validation,0.1,2,48,agent1,2,3,0,0,0,1.0,0.0,0.0,0.0,0.0
random_validation,0.1,2,51,agent1,0,1,0,0,0,0.0,0.0,0.0,0.0,0.0
random_validation,0.1,2,51,agent1,1,5,0,0,0,0.0,0.0,0.0,0.0,0.0
random_validation,0.1,2,51,agent1,2,3,1,0,1,1.0,0.3333333333333333,0.0,1.0,1.0
random_validation,0.1,2,57,agent1,0,4,0,0,0,0.0,0.0,0.0,0.0,0.0
random_validation,0.1,2,57,agent1,1,2,0,0,0,0.0,0.0,0.0,0.0,0.0
random_validation,0.1,2,57,agent1,2,3,0,0,0,0.0,0.0,0.0,0.0,0.0
random_validation,0.1,2,60,agent1,0,3,0,0,0,1.0,0.0,0.0,0.0,0.0
random_validation,0.1,2,60,agent1,1,2,0,0,0,1.0,0.0,0.0,0.0,0.0
random_validation,0.1,2,60,agent1,2,4,0,2,0,-1.0,0.0,0.0,-2.0,-2.0
random_validation,0.1,2,61,agent1,0,1,0,0,0,0.0,0.0,0.0,0.0,0.0
random_validation,0.1,2,61,agent1,1,2,0,0,0,0.0,0.0,0.0,0.0,0.0
random_validation,0.1,2,61,agent1,2,2,0,0,0,0.0,0.0,0.0,0.0,0.0
random_validation,0.1,2,63,agent1,0,2,0,0,0,0.0,0.0,0.0,0.0,0.0
random_validation,0.1,2,63,agent1,1,3,0,0,0,0.0,0.0,0.0,0.0,0.0
random_validation,0.1,2,63,agent1,2,3,0,0,0,0.0,0.0,0.0,0.0,0.0
random_validation,0.1,2,64,agent1,0,3,0,0,0,0.0,0.0,0.0,0.0,0.0
random_validation,0.1,2,64,agent1,2,3,0,0,0,0.0,0.0,0.0,0.0,0.0
random_validation,0.1,2,65,agent1,0,0,0,0,0,1.0,0.0,0.0,0.0,0.0
random_validation,0.1,2,65,agent1,1,0,0,0,0,1.0,0.0,0.0,0.0,0.0
random_validation,0.1,2,65,agent1,2,0,0,0,0,1.0,0.0,0.0,0.0,0.0
random_validation,0.1,2,68,agent1,0,2,0,0,0,0.0,0.0,0.0,0.0,0.0
random_validation,0.1,2,68,agent1,1,3,0,0,0,0.0,0.0,0.0,0.0,0.0
random_validation,0.1,2,68,agent1,2,4,0,0,0,0.0,0.0,0.0,0.0,0.0
random_validation,0.1,2,69,agent1,0,2,0,2,0,-1.0,0.0,0.0,-2.0,-2.0
random_validation,0.1,2,69,agent1,1,6,0,5,0,-4.0,0.0,0.0,-5.0,-5.0
random_validation,0.1,2,69,agent1,2,3,2,0,4,2.0,0.6666666666666666,0.5,2.0,2.0
random_validation,0.1,2,70,agent1,0,3,0,0,0,0.0,0.0,0.0,0.0,0.0
random_validation,0.1,2,70,agent1,1,3,0,0,0,0.0,0.0,0.0,0.0,0.0
random_validation,0.1,2,72,agent1,0,3,0,0,0,1.0,0.0,0.0,0.0,0.0
random_validation,0.1,2,72,agent1,1,1,0,0,0,1.0,0.0,0.0,0.0,0.0
random_validation,0.1,2,72,agent1,2,2,0,0,0,1.0,0.0,0.0,0.0,0.0
random_validation,0.1,2,73,agent1,1,0,0,0,0,0.0,0.0,0.0,0.0,0.0
random_validation,0.1,2,73,agent1,2,1,0,0,0,0.0,0.0,0.0,0.0,0.0
random_validation,0.1,2,75,agent1,0,2,0,0,0,0.0,0.0,0.0,0.0,0.0
random_validation,0.1,2,75,agent1,1,1,0,0,0,0.0,0.0,0.0,0.0,0.0
random_validation,0.1,2,75,agent1,2,0,0,0,0,0.0,0.0,0.0,0.0,0.0
random_validation,0.1,2,76,agent1,1,0,0,0,0,1.0,0.0,0.0,0.0,0.0
random_validation,0.1,2,77,agent1,0,1,0,0,0,0.0,0.0,0.0,0.0,0.0
random_validation,0.1,2,77,agent1,2,2,0,0,0,0.0,0.0,0.0,0.0,0.0
random_validation,0.1,2,79,agent1,0,3,0,0,0,0.0,0.0,0.0,0.0,0.0
random_validation,0.1,2,79,agent1,2,2,0,0,0,0.0,0.0,0.0,0.0,0.0
random_validation,0.1,2,8,agent1,0,1,0,1,0,0.0,0.0,0.0,-1.0,-1.0
random_validation,0.1,2,80,agent1,0,0,0,0,0,0.0,0.0,0.0,0.0,0.0
random_validation,0.1,2,80,agent1,1,1,0,0,0,0.0,0.0,0.0,0.0,0.0
random_validation,0.1,2,80,agent1,2,3,0,0,0,0.0,0.0,0.0,0.0,0.0
random_validation,0.1,2,82,agent1,0,4,0,0,0,0.0,0.0,0.0,0.0,0.0
random_validation,0.1,2,82,agent1,1,1,0,0,0,0.0,0.0,0.0,0.0,0.0
random_validation,0.1,2,84,agent1,0,2,0,0,0,0.0,0.0,0.0,0.0,0.0
random_validation,0.1,2,84,agent1,1,2,0,0,0,0.0,0.0,0.0,0.0,0.0
random_validation,0.1,2,84,agent1,2,1,0,0,0,0.0,0.0,0.0,0.0,0.0
random_validation,0.1,2,85,agent1,0,1,0,0,0,0.0,0.0,0.0,0.0,0.0
random_validation,0.1,2,85,agent1,1,4,0,0,0,0.0,0.0,0.0,0.0,0.0
random_validation,0.1,2,87,agent1,0,2,0,0,0,0.0,0.0,0.0,0.0,0.0
random_validation,0.1,2,87,agent1,2,2,0,0,0,0.0,0.0,0.0,0.0,0.0
random_validation,0.1,2,88,agent1,1,2,0,0,0,0.0,0.0,0.0,0.0,0.0
random_validation,0.1,2,88,agent1,2,3,0,0,0,0.0,0.0,0.0,0.0,0.0
random_validation,0.1,2,89,agent1,1,2,0,0,0,0.0,0.0,0.0,0.0,0.0
random_validation,0.1,2,89,agent1,2,1,0,0,0,0.0,0.0,0.0,0.0,0.0
random_validation,0.1,2,9,agent1,0,1,1,0,4,1.0,1.0,0.75,1.0,1.0
random_validation,0.1,2,9,agent1,1,3,0,0,0,1.0,0.0,0.0,0.0,0.0
random_validation,0.1,2,9,agent1,2,4,0,0,0,1.0,0.0,0.0,0.0,0.0
random_validation,0.1,3,10,agent1,0,1,1,0,3,1.0,1.0,0.6666666666666666,1.0,1.0
random_validation,0.1,3,10,agent1,1,0,0,0,1,0.0,0.0,1.0,0.0,0.0
random_validation,0.1,3,10,agent1,2,1,0,0,1,0.0,0.0,1.0,0.0,0.0
random_validation,0.1,3,100,agent1,1,3,0,0,0,0.0,0.0,0.0,0.0,0.0
random_validation,0.1,3,100,agent1,2,1,0,0,0,0.0,0.0,0.0,0.0,0.0
random_validation,0.1,3,11,agent1,1,1,0,0,0,0.0,0.0,0.0,0.0,0.0
random_validation,0.1,3,11,agent1,2,4,0,0,1,0.0,0.0,1.0,0.0,0.0
random_validation,0.1,3,13,agent1,2,0,0,0,0,1.0,0.0,0.0,0.0,0.0
random_validation,0.1,3,16,agent1,0,3,0,0,0,1.0,0.0,0.0,0.0,0.0
random_validation,0.1,3,16,agent1,1,3,0,0,0,1.0,0.0,0.0,0.0,0.0
random_validation,0.1,3,17,agent1,0,2,0,0,0,0.0,0.0,0.0,0.0,0.0
random_validation,0.1,3,17,agent1,1,2,1,0,1,1.0,0.5,0.0,1.0,1.0
random_validation,0.1,3,19,agent1,0,4,0,3,0,-2.0,0.0,0.0,-3.0,-3.0
random_validation,0.1,3,19,agent1,1,2,1,0,1,1.0,0.5,0.0,1.0,1.0
random_validation,0.1,3,19,agent1,2,2,0,0,0,0.0,0.0,0.0,0.0,0.0
random_validation,0.1,3,2,agent1,2,3,1,0,1,1.0,0.3333333333333333,0.0,1.0,1.0
random_validation,0.1,3,21,agent1,0,0,0,0,0,0.0,0.0,0.0,0.0,0.0
random_validation,0.1,3,21,agent1,2,3,0,0,1,0.0,0.0,1.0,0.0,0.0
random_validation,0.1,3,22,agent1,0,1,0,0,0,1.0,0.0,0.0,0.0,0.0
random_validation,0.1,3,22,agent1,1,4,0,0,0,1.0,0.0,0.0,0.0,0.0
random_validation,0.1,3,23,agent1,0,1,0,0,1,0.0,0.0,1.0,0.0,0.0
random_validation,0.1,3,23,agent1,1,2,0,0,2,0.0,0.0,1.0,0.0,0.0
random_validation,0.1,3,23,agent1,2,3,0,0,2,0.0,0.0,1.0,0.0,0.0
random_validation,0.1,3,26,agent1,0,2,0,0,0,1.0,0.0,0.0,0.0,0.0
random_validation,0.1,3,26,agent1,1,3,0,0,0,1.0,0.0,0.0,0.0,0.0
random_validation,0.1,3,26,agent1,2,4,0,0,0,1.0,0.0,0.0,0.0,0.0
random_validation,0.1,3,27,agent1,0,4,0,0,0,1.0,0.0,0.0,0.0,0.0
random_validation,0.1,3,27,agent1,1,1,0,0,0,1.0,0.0,0.0,0.0,0.0
random_validation,0.1,3,27,agent1,2,1,0,0,0,1.0,0.0,0.0,0.0,0.0
random_validation,0.1,3,29,agent1,0,3,1,0,1,1.0,0.3333333333333333,0.0,1.0,1.0
random_validation,0.1,3,29,agent1,1,5,0,0,0,0.0,0.0,0.0,0.0,0.0
random_validation,0.1,3,3,agent1,0,3,0,3,0,-2.0,0.0,0.0,-3.0,-3.0
random_validation,0.1,3,3,agent1,1,4,1,0,1,1.0,0.25,0.0,1.0,1.0
random_validation,0.1,3,30,agent1,2,0,0,0,0,1.0,0.0,0.0,0.0,0.0
random_validation,0.1,3,31,agent1,1,1,0,0,0,0.0,0.0,0.0,0.0,0.0
random_validation,0.1,3,31,agent1,2,1,0,0,0,1.0,0.0,0.0,0.0,0.0
random_validation,0.1,3,32,agent1,0,4,0,4,0,-3.0,0.0,0.0,-4.0,-4.0
random_validation,0.1,3,32,agent1,1,2,1,0,2,1.0,0.5,0.5,1.0,1.0
random_validation,0.1,3,33,agent1,1,2,1,0,2,1.0,0.5,0.5,1.0,1.0
random_validation,0.1,3,33,agent1,2,3,0,0,0,0.0,0.0,0.0,0.0,0.0
random_validation,0.1,3,34,agent1,0,3,0,0,0,0.0,0.0,0.0,0.0,0.0
random_validation,0.1,3,34,agent1,1,4,1,0,2,1.0,0.25,0.5,1.0,1.0
random_validation,0.1,3,34,agent1,2,2,1,0,2,1.0,0.5,0.5,1.0,1.0
random_validation,0.1,3,36,agent1,0,2,0,0,0,1.0,0.0,0.0,0.0,0.0
random_validation,0.1,3,36,agent1,1,2,0,0,0,1.0,0.0,0.0,0.0,0.0
random_validation,0.1,3,36,agent1,2,3,0,0,0,1.0,0.0,0.0,0.0,0.0
random_validation,0.1,3,37,agent1,0,4,0,1,0,0.0,0.0,0.0,-1.0,-1.0
random_validation,0.1,3,37,agent1,1,4,0,1,0,0.0,0.0,0.0,-1.0,-1.0
random_validation,0.1,3,37,agent1,2,3,0,2,0,-1.0,0.0,0.0,-2.0,-2.0
random_validation,0.1,3,41,agent1,0,3,0,0,0,1.0,0.0,0.0,0.0,0.0
random_validation,0.1,3,41,agent1,1,3,2,0,4,2.0,0.6666666666666666,0.5,2.0,2.0
random_validation,0.1,3,41,agent1,2,2,0,0,0,1.0,0.0,0.0,0.0,0.0
random_validation,0.1,3,42,agent1,0,1,0,0,0,1.0,0.0,0.0,0.0,0.0
random_validation,0.1,3,42,agent1,1,2,0,1,0,0.0,0.0,0.0,-1.0,-1.0
random_validation,0.1,3,42,agent1,2,3,0,0,0,1.0,0.0,0.0,0.0,0.0
random_validation,0.1,3,48,agent1,0,2,0,0,0,1.0,0.0,0.0,0.0,0.0
random_validation,0.1,3,48,agent1,2,0,0,0,0,1.0,0.0,0.0,0.0,0.0
random_validation,0.1,3,51,agent1,0,2,0,0,0,0.0,0.0,0.0,0.0,0.0
random_validation,0.1,3,51,agent1,1,3,0,0,0,0.0,0.0,0.0,0.0,0.0
random_validation,0.1,3,51,agent1,2,2,1,0,1,1.0,0.5,0.0,1.0,1.0
random_validation,0.1,3,57,agent1,0,4,0,0,0,0.0,0.0,0.0,0.0,0.0
random_validation,0.1,3,57,agent1,1,4,0,0,0,0.0,0.0,0.0,0.0,0.0
random_validation,0.1,3,57,agent1,2,4,0,0,0,0.0,0.0,0.0,0.0,0.0
random_validation,0.1,3,60,agent1,0,4,0,2,0,-1.0,0.0,0.0,-2.0,-2.0
random_validation,0.1,3,60,agent1,1,2,0,0,0,1.0,0.0,0.0,0.0,0.0
random_validation,0.1,3,60,agent1,2,1,0,1,0,0.0,0.0,0.0,-1.0,-1.0
random_validation,0.1,3,61,agent1,0,0,0,0,0,0.0,0.0,0.0,0.0,0.0
random_validation,0.1,3,61,agent1,1,3,0,0,0,0.0,0.0,0.0,0.0,0.0
random_validation,0.1,3,61,agent1,2,2,0,0,0,0.0,0.0,0.0,0.0,0.0
random_validation,0.1,3,63,agent1,0,3,0,0,0,0.0,0.0,0.0,0.0,0.0
random_validation,0.1,3,63,agent1,1,5,0,0,0,0.0,0.0,0.0,0.0,0.0
random_validation,0.1,3,63,agent1,2,3,0,0,0,0.0,0.0,0.0,0.0,0.0
random_validation,0.1,3,64,agent1,0,2,0,0,0,0.0,0.0,0.0,0.0,0.0
random_validation,0.1,3,64,agent1,2,6,0,0,0,0.0,0.0,0.0,0.0,0.0
random_validation,0.1,3,65,agent1,0,1,0,0,0,1.0,0.0,0.0,0.0,0.0
random_validation,0.1,3,65,agent1,1,1,0,0,0,1.0,0.0,0.0,0.0,0.0
random_validation,0.1,3,65,agent1,2,2,0,0,0,1.0,0.0,0.0,0.0,0.0
random_validation,0.1,3,68,agent1,0,2,0,0,0,0.0,0.0,0.0,0.0,0.0
random_validation,0.1,3,68,agent1,1,2,0,0,0,0.0,0.0,0.0,0.0,0.0
random_validation,0.1,3,68,agent1,2,3,0,0,0,0.0,0.0,0.0,0.0,0.0
random_validation,0.1,3,69,agent1,0,3,0,1,0,0.0,0.0,0.0,-1.0,-1.0
random_validation,0.1,3,69,agent1,1,1,0,1,0,0.0,0.0,0.0,-1.0,-1.0
random_validation,0.1,3,69,agent1,2,4,3,0,4,3.0,0.75,0.25,3.0,3.0
random_validation,0.1,3,70,agent1,0,3,0,0,0,0.0,0.0,0.0,0.0,0.0
random_validation,0.1,3,70,agent1,1,2,0,0,0,0.0,0.0,0.0,0.0,0.0
random_validation,0.1,3,72,agent1,0,3,0,0,0,1.0,0.0,0.0,0.0,0.0
random_validation,0.1,3,72,agent1,1,1,0,0,0,1.0,0.0,0.0,0.0,0.0
random_validation,0.1,3,72,agent1,2,1,0,0,0,1.0,0.0,0.0,0.0,0.0
random_validation,0.1,3,73,agent1,1,1,0,0,0,0.0,0.0,0.0,0.0,0.0
random_validation,0.1,3,73,agent1,2,0,0,0,0,0.0,0.0,0.0,0.0,0.0
random_validation,0.1,3,75,agent1,0,1,0,0,0,0.0,0.0,0.0,0.0,0.0
random_validation,0.1,3,75,agent1,1,2,0,0,0,0.0,0.0,0.0,0.0,0.0
random_validation,0.1,3,75,agent1,2,1,0,0,0,0.0,0.0,0.0,0.0,0.0
random_validation,0.1,3,76,agent1,1,0,0,0,0,1.0,0.0,0.0,0.0,0.0
random_validation,0.1,3,77,agent1,0,1,0,0,0,0.0,0.0,0.0,0.0,0.0
random_validation,0.1,3,77,agent1,2,2,0,0,0,0.0,0.0,0.0,0.0,0.0
random_validation,0.1,3,79,agent1,0,1,0,0,0,0.0,0.0,0.0,0.0,0.0
random_validation,0.1,3,79,agent1,2,4,0,0,0,0.0,0.0,0.0,0.0,0.0
random_validation,0.1,3,8,agent1,0,1,0,1,0,0.0,0.0,0.0,-1.0,-1.0
random_validation,0.1,3,80,agent1,0,1,0,0,0,0.0,0.0,0.0,0.0,0.0
random_validation,0.1,3,80,agent1,1,1,0,0,0,0.0,0.0,0.0,0.0,0.0
random_validation,0.1,3,80,agent1,2,1,0,0,0,0.0,0.0,0.0,0.0,0.0
random_validation,0.1,3,82,agent1,0,2,0,0,0,0.0,0.0,0.0,0.0,0.0
random_validation,0.1,3,82,agent1,1,4,0,0,0,0.0,0.0,0.0,0.0,0.0
random_validation,0.1,3,84,agent1,0,0,0,0,0,0.0,0.0,0.0,0.0,0.0
random_validation,0.1,3,84,agent1,1,1,0,0,0,0.0,0.0,0.0,0.0,0.0
random_validation,0.1,3,84,agent1,2,3,0,0,0,0.0,0.0,0.0,0.0,0.0
random_validation,0.1,3,85,agent1,0,2,0,0,0,0.0,0.0,0.0,0.0,0.0
random_validation,0.1,3,85,agent1,1,3,0,0,0,0.0,0.0,0.0,0.0,0.0
random_validation,0.1,3,87,agent1,0,1,0,0,0,0.0,0.0,0.0,0.0,0.0
random_validation,0.1,3,87,agent1,2,2,0,0,0,0.0,0.0,0.0,0.0,0.0
random_validation,0.1,3,88,agent1,1,2,0,0,0,0.0,0.0,0.0,0.0,0.0
random_validation,0.1,3,88,agent1,2,4,0,0,0,0.0,0.0,0.0,0.0,0.0
random_validation,0.1,3,89,agent1,1,3,0,0,0,0.0,0.0,0.0,0.0,0.0
random_validation,0.1,3,89,agent1,2,3,0,0,0,0.0,0.0,0.0,0.0,0.0
random_validation,0.1,3,9,agent1,0,2,2,0,4,2.0,1.0,0.5,2.0,2.0
random_validation,0.1,3,9,agent1,1,2,0,0,0,1.0,0.0,0.0,0.0,0.0
random_validation,0.1,3,9,agent1,2,4,0,0,0,1.0,0.0,0.0,0.0,0.0
random_validation,0.1,4,10,agent1,0,1,1,0,3,1.0,1.0,0.6666666666666666,1.0,1.0
random_validation,0.1,4,10,agent1,1,1,1,0,1,1.0,1.0,0.0,1.0,1.0
random_validation,0.1,4,10,agent1,2,0,0,0,1,0.0,0.0,1.0,0.0,0.0
random_validation,0.1,4,100,agent1,1,0,0,0,0,0.0,0.0,0.0,0.0,0.0
random_validation,0.1,4,100,agent1,2,1,0,0,0,0.0,0.0,0.0,0.0,0.0
random_validation,0.1,4,11,agent1,1,2,0,0,0,0.0,0.0,0.0,0.0,0.0
random_validation,0.1,4,11,agent1,2,2,0,0,1,0.0,0.0,1.0,0.0,0.0
random_validation,0.1,4,13,agent1,2,1,0,0,0,1.0,0.0,0.0,0.0,0.0
random_validation,0.1,4,16,agent1,0,2,0,0,0,1.0,0.0,0.0,0.0,0.0
random_validation,0.1,4,16,agent1,1,2,0,0,0,1.0,0.0,0.0,0.0,0.0
random_validation,0.1,4,17,agent1,0,3,0,0,0,0.0,0.0,0.0,0.0,0.0
random_validation,0.1,4,17,agent1,1,2,1,0,1,1.0,0.5,0.0,1.0,1.0
random_validation,0.1,4,19,agent1,0,3,0,3,0,-2.0,0.0,0.0,-3.0,-3.0
random_validation,0.1,4,19,agent1,1,2,0,0,1,0.0,0.0,1.0,0.0,0.0
random_validation,0.1,4,19,agent1,2,1,0,0,0,0.0,0.0,0.0,0.0,0.0
random_validation,0.1,4,2,agent1,2,4,1,0,1,1.0,0.25,0.0,1.0,1.0
random_validation,0.1,4,21,agent1,0,1,0,0,0,0.0,0.0,0.0,0.0,0.0
random_validation,0.1,4,21,agent1,2,2,1,0,1,1.0,0.5,0.0,1.0,1.0
random_validation,0.1,4,22,agent1,0,4,0,0,0,1.0,0.0,0.0,0.0,0.0
random_validation,0.1,4,22,agent1,1,1,0,0,0,1.0,0.0,0.0,0.0,0.0
random_validation,0.1,4,23,agent1,0,2,0,0,1,0.0,0.0,1.0,0.0,0.0
random_validation,0.1,4,23,agent1,1,3,2,0,2,2.0,0.6666666666666666,0.0,2.0,2.0
random_validation,0.1,4,23,agent1,2,3,0,0,2,0.0,0.0,1.0,0.0,0.0
random_validation,0.1,4,26,agent1,0,2,0,0,0,1.0,0.0,0.0,0.0,0.0
random_validation,0.1,4,26,agent1,1,5,0,1,0,0.0,0.0,0.0,-1.0,-1.0
random_validation,0.1,4,26,agent1,2,3,0,0,0,1.0,0.0,0.0,0.0,0.0
random_validation,0.1,4,27,agent1,0,2,0,0,0,1.0,0.0,0.0,0.0,0.0
random_validation,0.1,4,27,agent1,1,3,0,0,0,1.0,0.0,0.0,0.0,0.0
random_validation,0.1,4,27,agent1,2,1,0,0,0,1.0,0.0,0.0,0.0,0.0
random_validation,0.1,4,29,agent1,0,1,0,0,1,0.0,0.0,1.0,0.0,0.0
random_validation,0.1,4,29,agent1,1,3,0,0,0,0.0,0.0,0.0,0.0,0.0
random_validation,0.1,4,3,agent1,0,2,0,1,0,0.0,0.0,0.0,-1.0,-1.0
random_validation,0.1,4,3,agent1,1,4,1,0,1,1.0,0.25,0.0,1.0,1.0
random_validation,0.1,4,30,agent1,2,1,0,0,0,1.0,0.0,0.0,0.0,0.0
random_validation,0.1,4,31,agent1,1,3,0,0,0,0.0,0.0,0.0,0.0,0.0
random_validation,0.1,4,31,agent1,2,2,0,0,0,1.0,0.0,0.0,0.0,0.0
random_validation,0.1,4,32,agent1,0,2,0,2,0,-1.0,0.0,0.0,-2.0,-2.0
random_validation,0.1,4,32,agent1,1,1,1,0,2,1.0,1.0,0.5,1.0,1.0
random_validation,0.1,4,33,agent1,1,3,1,0,2,1.0,0.3333333333333333,0.5,1.0,1.0
random_validation,0.1,4,33,agent1,2,4,0,0,0,0.0,0.0,0.0,0.0,0.0
random_validation,0.1,4,34,agent1,0,3,0,0,0,0.0,0.0,0.0,0.0,0.0
random_validation,0.1,4,34,agent1,1,2,0,0,2,0.0,0.0,1.0,0.0,0.0
random_validation,0.1,4,34,agent1,2,2,0,0,2,0.0,0.0,1.0,0.0,0.0
random_validation,0.1,4,36,agent1,0,4,0,0,0,1.0,0.0,0.0,0.0,0.0
random_validation,0.1,4,36,agent1,1,3,0,0,0,1.0,0.0,0.0,0.0,0.0
random_validation,0.1,4,36,agent1,2,1,0,0,0,1.0,0.0,0.0,0.0,0.0
random_validation,0.1,4,37,agent1,0,3,0,1,0,0.0,0.0,0.0,-1.0,-1.0
random_validation,0.1,4,37,agent1,1,1,0,0,0,1.0,0.0,0.0,0.0,0.0
random_validation,0.1,4,37,agent1,2,2,0,1,0,0.0,0.0,0.0,-1.0,-1.0
random_validation,0.1,4,41,agent1,0,4,0,1,0,0.0,0.0,0.0,-1.0,-1.0
random_validation,0.1,4,41,agent1,1,3,3,0,4,3.0,1.0,0.25,3.0,3.0
random_validation,0.1,4,41,agent1,2,2,0,0,0,1.0,0.0,0.0,0.0,0.0
random_validation,0.1,4,42,agent1,0,2,0,0,0,1.0,0.0,0.0,0.0,0.0
random_validation,0.1,4,42,agent1,1,1,0,0,0,1.0,0.0,0.0,0.0,0.0
random_validation,0.1,4,42,agent1,2,1,0,0,0,1.0,0.0,0.0,0.0,0.0
random_validation,0.1,4,48,agent1,0,3,0,0,0,1.0,0.0,0.0,0.0,0.0
random_validation,0.1,4,48,agent1,2,4,0,0,0,1.0,0.0,0.0,0.0,0.0
random_validation,0.1,4,51,agent1,0,4,0,0,0,0.0,0.0,0.0,0.0,0.0
random_validation,0.1,4,51,agent1,1,2,0,0,0,0.0,0.0,0.0,0.0,0.0
random_validation,0.1,4,51,agent1,2,0,0,0,1,0.0,0.0,1.0,0.0,0.0
random_validation,0.1,4,57,agent1,0,1,0,0,0,0.0,0.0,0.0,0.0,0.0
random_validation,0.1,4,57,agent1,1,2,0,0,0,0.0,0.0,0.0,0.0,0.0
random_validation,0.1,4,57,agent1,2,2,0,0,0,0.0,0.0,0.0,0.0,0.0
random_validation,0.1,4,60,agent1,0,4,0,1,0,0.0,0.0,0.0,-1.0,-1.0
random_validation,0.1,4,60,agent1,1,3,0,0,0,1.0,0.0,0.0,0.0,0.0
random_validation,0.1,4,60,agent1,2,5,0,3,0,-2.0,0.0,0.0,-3.0,-3.0
random_validation,0.1,4,61,agent1,0,4,0,0,0,0.0,0.0,0.0,0.0,0.0
random_validation,0.1,4,61,agent1,1,2,0,0,0,0.0,0.0,0.0,0.0,0.0
random_validation,0.1,4,61,agent1,2,1,0,0,0,0.0,0.0,0.0,0.0,0.0
random_validation,0.1,4,63,agent1,0,2,0,0,0,0.0,0.0,0.0,0.0,0.0
random_validation,0.1,4,63,agent1,1,4,0,0,0,0.0,0.0,0.0,0.0,0.0
random_validation,0.1,4,63,agent1,2,4,0,0,0,0.0,0.0,0.0,0.0,0.0
random_validation,0.1,4,64,agent1,0,1,0,0,0,0.0,0.0,0.0,0.0,0.0
random_validation,0.1,4,64,agent1,2,2,0,0,0,0.0,0.0,0.0,0.0,0.0
random_validation,0.1,4,65,agent1,0,2,0,1,0,0.0,0.0,0.0,-1.0,-1.0
random_validation,0.1,4,65,agent1,1,1,0,0,0,1.0,0.0,0.0,0.0,0.0
random_validation,0.1,4,65,agent1,2,1,0,0,0,1.0,0.0,0.0,0.0,0.0
random_validation,0.1,4,68,agent1,0,4,0,0,0,0.0,0.0,0.0,0.0,0.0
random_validation,0.1,4,68,agent1,1,5,0,0,0,0.0,0.0,0.0,0.0,0.0
random_validation,0.1,4,68,agent1,2,3,0,0,0,0.0,0.0,0.0,0.0,0.0
random_validation,0.1,4,69,agent1,0,3,0,1,0,0.0,0.0,0.0,-1.0,-1.0
random_validation,0.1,4,69,agent1,1,4,0,3,0,-2.0,0.0,0.0,-3.0,-3.0
random_validation,0.1,4,69,agent1,2,3,3,0,4,3.0,1.0,0.25,3.0,3.0
random_validation,0.1,4,70,agent1,0,2,0,0,0,0.0,0.0,0.0,0.0,0.0
random_validation,0.1,4,70,agent1,1,4,0,0,0,0.0,0.0,0.0,0.0,0.0
random_validation,0.1,4,72,agent1,0,3,0,0,0,1.0,0.0,0.0,0.0,0.0
random_validation,0.1,4,72,agent1,1,1,0,0,0,1.0,0.0,0.0,0.0,0.0
random_validation,0.1,4,72,agent1,2,1,0,0,0,1.0,0.0,0.0,0.0,0.0
random_validation,0.1,4,73,agent1,1,3,0,0,0,0.0,0.0,0.0,0.0,0.0
random_validation,0.1,4,73,agent1,2,2,0,0,0,0.0,0.0,0.0,0.0,0.0
random_validation,0.1,4,75,agent1,0,2,0,0,0,0.0,0.0,0.0,0.0,0.0
random_validation,0.1,4,75,agent1,1,2,0,0,0,0.0,0.0,0.0,0.0,0.0
random_validation,0.1,4,75,agent1,2,0,0,0,0,0.0,0.0,0.0,0.0,0.0
random_validation,0.1,4,76,agent1,1,1,0,0,0,1.0,0.0,0.0,0.0,0.0
random_validation,0.1,4,77,agent1,0,1,0,0,0,0.0,0.0,0.0,0.0,0.0
random_validation,0.1,4,77,agent1,2,3,0,0,0,0.0,0.0,0.0,0.0,0.0
random_validation,0.1,4,79,agent1,0,1,0,0,0,0.0,0.0,0.0,0.0,0.0
random_validation,0.1,4,79,agent1,2,5,0,0,0,0.0,0.0,0.0,0.0,0.0
random_validation,0.1,4,8,agent1,0,3,0,2,0,-1.0,0.0,0.0,-2.0,-2.0
random_validation,0.1,4,80,agent1,0,2,0,0,0,0.0,0.0,0.0,0.0,0.0
random_validation,0.1,4,80,agent1,1,2,0,0,0,0.0,0.0,0.0,0.0,0.0
random_validation,0.1,4,80,agent1,2,2,0,0,0,0.0,0.0,0.0,0.0,0.0
random_validation,0.1,4,82,agent1,0,2,0,0,0,0.0,0.0,0.0,0.0,0.0
random_validation,0.1,4,82,agent1,1,3,0,0,0,0.0,0.0,0.0,0.0,0.0
random_validation,0.1,4,84,agent1,0,1,0,0,0,0.0,0.0,0.0,0.0,0.0
random_validation,0.1,4,84,agent1,1,2,0,0,0,0.0,0.0,0.0,0.0,0.0
random_validation,0.1,4,84,agent1,2,1,0,0,0,0.0,0.0,0.0,0.0,0.0
random_validation,0.1,4,85,agent1,0,3,0,0,0,0.0,0.0,0.0,0.0,0.0
random_validation,0.1,4,85,agent1,1,0,0,0,0,0.0,0.0,0.0,0.0,0.0
random_validation,0.1,4,87,agent1,0,2,0,0,0,0.0,0.0,0.0,0.0,0.0
random_validation,0.1,4,87,agent1,2,2,0,0,0,0.0,0.0,0.0,0.0,0.0
random_validation,0.1,4,88,agent1,1,2,0,0,0,0.0,0.0,0.0,0.0,0.0
random_validation,0.1,4,88,agent1,2,1,0,0,0,0.0,0.0,0.0,0.0,0.0
random_validation,0.1,4,89,agent1,1,5,0,0,0,0.0,0.0,0.0,0.0,0.0
random_validation,0.1,4,89,agent1,2,1,0,0,0,0.0,0.0,0.0,0.0,0.0
random_validation,0.1,4,9,agent1,0,2,2,0,4,2.0,1.0,0.5,2.0,2.0
random_validation,0.1,4,9,agent1,1,2,0,0,0,1.0,0.0,0.0,0.0,0.0
random_validation,0.1,4,9,agent1,2,3,0,0,0,1.0,0.0,0.0,0.0,0.0
smtr_tci,0.2,0,10,agent1,0,3,3,0,3,3.0,1.0,0.0,3.0,3.0
smtr_tci,0.2,0,10,agent1,1,1,1,0,1,1.0,1.0,0.0,1.0,1.0
smtr_tci,0.2,0,10,agent1,2,1,1,0,1,1.0,1.0,0.0,1.0,1.0
smtr_tci,0.2,0,100,agent1,1,0,0,0,0,0.0,0.0,0.0,0.0,0.0
smtr_tci,0.2,0,100,agent1,2,0,0,0,0,0.0,0.0,0.0,0.0,0.0
smtr_tci,0.2,0,11,agent1,1,0,0,0,0,0.0,0.0,0.0,0.0,0.0
smtr_tci,0.2,0,11,agent1,2,1,1,0,1,1.0,1.0,0.0,1.0,1.0
smtr_tci,0.2,0,13,agent1,2,0,0,0,0,1.0,0.0,0.0,0.0,0.0
smtr_tci,0.2,0,16,agent1,0,0,0,0,0,1.0,0.0,0.0,0.0,0.0
smtr_tci,0.2,0,16,agent1,1,0,0,0,0,1.0,0.0,0.0,0.0,0.0
smtr_tci,0.2,0,17,agent1,0,0,0,0,0,0.0,0.0,0.0,0.0,0.0
smtr_tci,0.2,0,17,agent1,1,1,1,0,1,1.0,1.0,0.0,1.0,1.0
smtr_tci,0.2,0,19,agent1,0,0,0,0,0,1.0,0.0,0.0,0.0,0.0
smtr_tci,0.2,0,19,agent1,1,1,1,0,1,1.0,1.0,0.0,1.0,1.0
smtr_tci,0.2,0,19,agent1,2,0,0,0,0,0.0,0.0,0.0,0.0,0.0
smtr_tci,0.2,0,2,agent1,2,1,1,0,1,1.0,1.0,0.0,1.0,1.0
smtr_tci,0.2,0,21,agent1,0,0,0,0,0,0.0,0.0,0.0,0.0,0.0
smtr_tci,0.2,0,21,agent1,2,1,1,0,1,1.0,1.0,0.0,1.0,1.0
smtr_tci,0.2,0,22,agent1,0,0,0,0,0,1.0,0.0,0.0,0.0,0.0
smtr_tci,0.2,0,22,agent1,1,0,0,0,0,1.0,0.0,0.0,0.0,0.0
smtr_tci,0.2,0,23,agent1,0,1,1,0,1,1.0,1.0,0.0,1.0,1.0
smtr_tci,0.2,0,23,agent1,1,2,2,0,2,2.0,1.0,0.0,2.0,2.0
smtr_tci,0.2,0,23,agent1,2,2,2,0,2,2.0,1.0,0.0,2.0,2.0
smtr_tci,0.2,0,26,agent1,0,0,0,0,0,1.0,0.0,0.0,0.0,0.0
smtr_tci,0.2,0,26,agent1,1,0,0,0,0,1.0,0.0,0.0,0.0,0.0
smtr_tci,0.2,0,26,agent1,2,0,0,0,0,1.0,0.0,0.0,0.0,0.0
smtr_tci,0.2,0,27,agent1,0,0,0,0,0,1.0,0.0,0.0,0.0,0.0
smtr_tci,0.2,0,27,agent1,1,0,0,0,0,1.0,0.0,0.0,0.0,0.0
smtr_tci,0.2,0,27,agent1,2,0,0,0,0,1.0,0.0,0.0,0.0,0.0
smtr_tci,0.2,0,29,agent1,0,1,1,0,1,1.0,1.0,0.0,1.0,1.0
smtr_tci,0.2,0,29,agent1,1,1,0,0,0,0.0,0.0,0.0,0.0,1.0
smtr_tci,0.2,0,3,agent1,0,0,0,0,0,1.0,0.0,0.0,0.0,0.0
smtr_tci,0.2,0,3,agent1,1,1,1,0,1,1.0,1.0,0.0,1.0,1.0
smtr_tci,0.2,0,30,agent1,2,1,0,0,0,1.0,0.0,0.0,0.0,1.0
smtr_tci,0.2,0,31,agent1,1,0,0,0,0,0.0,0.0,0.0,0.0,0.0
smtr_tci,0.2,0,31,agent1,2,0,0,0,0,1.0,0.0,0.0,0.0,0.0
smtr_tci,0.2,0,32,agent1,0,0,0,0,0,1.0,0.0,0.0,0.0,0.0
smtr_tci,0.2,0,32,agent1,1,2,2,0,2,2.0,1.0,0.0,2.0,2.0
smtr_tci,0.2,0,33,agent1,1,2,2,0,2,2.0,1.0,0.0,2.0,2.0
smtr_tci,0.2,0,33,agent1,2,0,0,0,0,0.0,0.0,0.0,0.0,0.0
smtr_tci,0.2,0,34,agent1,0,0,0,0,0,0.0,0.0,0.0,0.0,0.0
smtr_tci,0.2,0,34,agent1,1,2,2,0,2,2.0,1.0,0.0,2.0,2.0
smtr_tci,0.2,0,34,agent1,2,2,2,0,2,2.0,1.0,0.0,2.0,2.0
smtr_tci,0.2,0,36,agent1,0,0,0,0,0,1.0,0.0,0.0,0.0,0.0
smtr_tci,0.2,0,36,agent1,1,0,0,0,0,1.0,0.0,0.0,0.0,0.0
smtr_tci,0.2,0,36,agent1,2,0,0,0,0,1.0,0.0,0.0,0.0,0.0
smtr_tci,0.2,0,37,agent1,0,0,0,0,0,1.0,0.0,0.0,0.0,0.0
smtr_tci,0.2,0,37,agent1,1,0,0,0,0,1.0,0.0,0.0,0.0,0.0
smtr_tci,0.2,0,37,agent1,2,0,0,0,0,1.0,0.0,0.0,0.0,0.0
smtr_tci,0.2,0,41,agent1,0,0,0,0,0,1.0,0.0,0.0,0.0,0.0
smtr_tci,0.2,0,41,agent1,1,4,4,0,4,4.0,1.0,0.0,4.0,4.0
smtr_tci,0.2,0,41,agent1,2,0,0,0,0,1.0,0.0,0.0,0.0,0.0
smtr_tci,0.2,0,42,agent1,0,0,0,0,0,1.0,0.0,0.0,0.0,0.0
smtr_tci,0.2,0,42,agent1,1,0,0,0,0,1.0,0.0,0.0,0.0,0.0
smtr_tci,0.2,0,42,agent1,2,0,0,0,0,1.0,0.0,0.0,0.0,0.0
smtr_tci,0.2,0,48,agent1,0,0,0,0,0,1.0,0.0,0.0,0.0,0.0
smtr_tci,0.2,0,48,agent1,2,0,0,0,0,1.0,0.0,0.0,0.0,0.0
smtr_tci,0.2,0,51,agent1,0,0,0,0,0,0.0,0.0,0.0,0.0,0.0
smtr_tci,0.2,0,51,agent1,1,0,0,0,0,0.0,0.0,0.0,0.0,0.0
smtr_tci,0.2,0,51,agent1,2,1,1,0,1,1.0,1.0,0.0,1.0,1.0
smtr_tci,0.2,0,57,agent1,0,0,0,0,0,0.0,0.0,0.0,0.0,0.0
smtr_tci,0.2,0,57,agent1,1,0,0,0,0,0.0,0.0,0.0,0.0,0.0
smtr_tci,0.2,0,57,agent1,2,0,0,0,0,0.0,0.0,0.0,0.0,0.0
smtr_tci,0.2,0,60,agent1,0,0,0,0,0,1.0,0.0,0.0,0.0,0.0
smtr_tci,0.2,0,60,agent1,1,0,0,0,0,1.0,0.0,0.0,0.0,0.0
smtr_tci,0.2,0,60,agent1,2,0,0,0,0,1.0,0.0,0.0,0.0,0.0
smtr_tci,0.2,0,61,agent1,0,0,0,0,0,0.0,0.0,0.0,0.0,0.0
smtr_tci,0.2,0,61,agent1,1,0,0,0,0,0.0,0.0,0.0,0.0,0.0
smtr_tci,0.2,0,61,agent1,2,0,0,0,0,0.0,0.0,0.0,0.0,0.0
smtr_tci,0.2,0,63,agent1,0,0,0,0,0,0.0,0.0,0.0,0.0,0.0
smtr_tci,0.2,0,63,agent1,1,0,0,0,0,0.0,0.0,0.0,0.0,0.0
smtr_tci,0.2,0,63,agent1,2,0,0,0,0,0.0,0.0,0.0,0.0,0.0
smtr_tci,0.2,0,64,agent1,0,0,0,0,0,0.0,0.0,0.0,0.0,0.0
smtr_tci,0.2,0,64,agent1,2,0,0,0,0,0.0,0.0,0.0,0.0,0.0
smtr_tci,0.2,0,65,agent1,0,0,0,0,0,1.0,0.0,0.0,0.0,0.0
smtr_tci,0.2,0,65,agent1,1,0,0,0,0,1.0,0.0,0.0,0.0,0.0
smtr_tci,0.2,0,65,agent1,2,0,0,0,0,1.0,0.0,0.0,0.0,0.0
smtr_tci,0.2,0,68,agent1,0,0,0,0,0,0.0,0.0,0.0,0.0,0.0
smtr_tci,0.2,0,68,agent1,1,0,0,0,0,0.0,0.0,0.0,0.0,0.0
smtr_tci,0.2,0,68,agent1,2,0,0,0,0,0.0,0.0,0.0,0.0,0.0
smtr_tci,0.2,0,69,agent1,0,0,0,0,0,1.0,0.0,0.0,0.0,0.0
smtr_tci,0.2,0,69,agent1,1,0,0,0,0,1.0,0.0,0.0,0.0,0.0
smtr_tci,0.2,0,69,agent1,2,4,4,0,4,4.0,1.0,0.0,4.0,4.0
smtr_tci,0.2,0,70,agent1,0,0,0,0,0,0.0,0.0,0.0,0.0,0.0
smtr_tci,0.2,0,70,agent1,1,0,0,0,0,0.0,0.0,0.0,0.0,0.0
smtr_tci,0.2,0,72,agent1,0,0,0,0,0,1.0,0.0,0.0,0.0,0.0
smtr_tci,0.2,0,72,agent1,1,0,0,0,0,1.0,0.0,0.0,0.0,0.0
smtr_tci,0.2,0,72,agent1,2,0,0,0,0,1.0,0.0,0.0,0.0,0.0
smtr_tci,0.2,0,73,agent1,1,0,0,0,0,0.0,0.0,0.0,0.0,0.0
smtr_tci,0.2,0,73,agent1,2,0,0,0,0,0.0,0.0,0.0,0.0,0.0
smtr_tci,0.2,0,75,agent1,0,0,0,0,0,0.0,0.0,0.0,0.0,0.0
smtr_tci,0.2,0,75,agent1,1,0,0,0,0,0.0,0.0,0.0,0.0,0.0
smtr_tci,0.2,0,75,agent1,2,0,0,0,0,0.0,0.0,0.0,0.0,0.0
smtr_tci,0.2,0,76,agent1,1,0,0,0,0,1.0,0.0,0.0,0.0,0.0
smtr_tci,0.2,0,77,agent1,0,0,0,0,0,0.0,0.0,0.0,0.0,0.0
smtr_tci,0.2,0,77,agent1,2,0,0,0,0,0.0,0.0,0.0,0.0,0.0
smtr_tci,0.2,0,79,agent1,0,0,0,0,0,0.0,0.0,0.0,0.0,0.0
smtr_tci,0.2,0,79,agent1,2,0,0,0,0,0.0,0.0,0.0,0.0,0.0
smtr_tci,0.2,0,8,agent1,0,0,0,0,0,1.0,0.0,0.0,0.0,0.0
smtr_tci,0.2,0,80,agent1,0,0,0,0,0,0.0,0.0,0.0,0.0,0.0
smtr_tci,0.2,0,80,agent1,1,0,0,0,0,0.0,0.0,0.0,0.0,0.0
smtr_tci,0.2,0,80,agent1,2,0,0,0,0,0.0,0.0,0.0,0.0,0.0
smtr_tci,0.2,0,82,agent1,0,0,0,0,0,0.0,0.0,0.0,0.0,0.0
smtr_tci,0.2,0,82,agent1,1,0,0,0,0,0.0,0.0,0.0,0.0,0.0
smtr_tci,0.2,0,84,agent1,0,0,0,0,0,0.0,0.0,0.0,0.0,0.0
smtr_tci,0.2,0,84,agent1,1,0,0,0,0,0.0,0.0,0.0,0.0,0.0
smtr_tci,0.2,0,84,agent1,2,0,0,0,0,0.0,0.0,0.0,0.0,0.0
smtr_tci,0.2,0,85,agent1,0,0,0,0,0,0.0,0.0,0.0,0.0,0.0
smtr_tci,0.2,0,85,agent1,1,0,0,0,0,0.0,0.0,0.0,0.0,0.0
smtr_tci,0.2,0,87,agent1,0,0,0,0,0,0.0,0.0,0.0,0.0,0.0
smtr_tci,0.2,0,87,agent1,2,0,0,0,0,0.0,0.0,0.0,0.0,0.0
smtr_tci,0.2,0,88,agent1,1,0,0,0,0,0.0,0.0,0.0,0.0,0.0
smtr_tci,0.2,0,88,agent1,2,0,0,0,0,0.0,0.0,0.0,0.0,0.0
smtr_tci,0.2,0,89,agent1,1,0,0,0,0,0.0,0.0,0.0,0.0,0.0
smtr_tci,0.2,0,89,agent1,2,0,0,0,0,0.0,0.0,0.0,0.0,0.0
smtr_tci,0.2,0,9,agent1,0,4,4,0,4,4.0,1.0,0.0,4.0,4.0
smtr_tci,0.2,0,9,agent1,1,0,0,0,0,1.0,0.0,0.0,0.0,0.0
smtr_tci,0.2,0,9,agent1,2,0,0,0,0,1.0,0.0,0.0,0.0,0.0
smtr_tci,0.2,1,10,agent1,0,3,3,0,3,3.0,1.0,0.0,3.0,3.0
smtr_tci,0.2,1,10,agent1,1,1,1,0,1,1.0,1.0,0.0,1.0,1.0
smtr_tci,0.2,1,10,agent1,2,1,1,0,1,1.0,1.0,0.0,1.0,1.0
smtr_tci,0.2,1,100,agent1,1,0,0,0,0,0.0,0.0,0.0,0.0,0.0
smtr_tci,0.2,1,100,agent1,2,0,0,0,0,0.0,0.0,0.0,0.0,0.0
smtr_tci,0.2,1,11,agent1,1,0,0,0,0,0.0,0.0,0.0,0.0,0.0
smtr_tci,0.2,1,11,agent1,2,1,1,0,1,1.0,1.0,0.0,1.0,1.0
smtr_tci,0.2,1,13,agent1,2,0,0,0,0,1.0,0.0,0.0,0.0,0.0
smtr_tci,0.2,1,16,agent1,0,0,0,0,0,1.0,0.0,0.0,0.0,0.0
smtr_tci,0.2,1,16,agent1,1,1,0,0,0,1.0,0.0,0.0,0.0,1.0
smtr_tci,0.2,1,17,agent1,0,0,0,0,0,0.0,0.0,0.0,0.0,0.0
smtr_tci,0.2,1,17,agent1,1,1,1,0,1,1.0,1.0,0.0,1.0,1.0
smtr_tci,0.2,1,19,agent1,0,0,0,0,0,1.0,0.0,0.0,0.0,0.0
smtr_tci,0.2,1,19,agent1,1,1,1,0,1,1.0,1.0,0.0,1.0,1.0
smtr_tci,0.2,1,19,agent1,2,0,0,0,0,0.0,0.0,0.0,0.0,0.0
smtr_tci,0.2,1,2,agent1,2,1,1,0,1,1.0,1.0,0.0,1.0,1.0
smtr_tci,0.2,1,21,agent1,0,0,0,0,0,0.0,0.0,0.0,0.0,0.0
smtr_tci,0.2,1,21,agent1,2,1,1,0,1,1.0,1.0,0.0,1.0,1.0
smtr_tci,0.2,1,22,agent1,0,0,0,0,0,1.0,0.0,0.0,0.0,0.0
smtr_tci,0.2,1,22,agent1,1,0,0,0,0,1.0,0.0,0.0,0.0,0.0
smtr_tci,0.2,1,23,agent1,0,1,1,0,1,1.0,1.0,0.0,1.0,1.0
smtr_tci,0.2,1,23,agent1,1,1,1,0,2,1.0,1.0,0.5,1.0,1.0
smtr_tci,0.2,1,23,agent1,2,2,2,0,2,2.0,1.0,0.0,2.0,2.0
smtr_tci,0.2,1,26,agent1,0,0,0,0,0,1.0,0.0,0.0,0.0,0.0
smtr_tci,0.2,1,26,agent1,1,0,0,0,0,1.0,0.0,0.0,0.0,0.0
smtr_tci,0.2,1,26,agent1,2,0,0,0,0,1.0,0.0,0.0,0.0,0.0
smtr_tci,0.2,1,27,agent1,0,0,0,0,0,1.0,0.0,0.0,0.0,0.0
smtr_tci,0.2,1,27,agent1,1,0,0,0,0,1.0,0.0,0.0,0.0,0.0
smtr_tci,0.2,1,27,agent1,2,0,0,0,0,1.0,0.0,0.0,0.0,0.0
smtr_tci,0.2,1,29,agent1,0,1,1,0,1,1.0,1.0,0.0,1.0,1.0
smtr_tci,0.2,1,29,agent1,1,0,0,0,0,0.0,0.0,0.0,0.0,0.0
smtr_tci,0.2,1,3,agent1,0,0,0,0,0,1.0,0.0,0.0,0.0,0.0
smtr_tci,0.2,1,3,agent1,1,1,1,0,1,1.0,1.0,0.0,1.0,1.0
smtr_tci,0.2,1,30,agent1,2,0,0,0,0,1.0,0.0,0.0,0.0,0.0
smtr_tci,0.2,1,31,agent1,1,0,0,0,0,0.0,0.0,0.0,0.0,0.0
smtr_tci,0.2,1,31,agent1,2,0,0,0,0,1.0,0.0,0.0,0.0,0.0
smtr_tci,0.2,1,32,agent1,0,0,0,0,0,1.0,0.0,0.0,0.0,0.0
smtr_tci,0.2,1,32,agent1,1,2,2,0,2,2.0,1.0,0.0,2.0,2.0
smtr_tci,0.2,1,33,agent1,1,2,2,0,2,2.0,1.0,0.0,2.0,2.0
smtr_tci,0.2,1,33,agent1,2,0,0,0,0,0.0,0.0,0.0,0.0,0.0
smtr_tci,0.2,1,34,agent1,0,0,0,0,0,0.0,0.0,0.0,0.0,0.0
smtr_tci,0.2,1,34,agent1,1,2,2,0,2,2.0,1.0,0.0,2.0,2.0
smtr_tci,0.2,1,34,agent1,2,2,2,0,2,2.0,1.0,0.0,2.0,2.0
smtr_tci,0.2,1,36,agent1,0,0,0,0,0,1.0,0.0,0.0,0.0,0.0
smtr_tci,0.2,1,36,agent1,1,0,0,0,0,1.0,0.0,0.0,0.0,0.0
smtr_tci,0.2,1,36,agent1,2,0,0,0,0,1.0,0.0,0.0,0.0,0.0
smtr_tci,0.2,1,37,agent1,0,0,0,0,0,1.0,0.0,0.0,0.0,0.0
smtr_tci,0.2,1,37,agent1,1,0,0,0,0,1.0,0.0,0.0,0.0,0.0
smtr_tci,0.2,1,37,agent1,2,0,0,0,0,1.0,0.0,0.0,0.0,0.0
smtr_tci,0.2,1,41,agent1,0,0,0,0,0,1.0,0.0,0.0,0.0,0.0
smtr_tci,0.2,1,41,agent1,1,4,4,0,4,4.0,1.0,0.0,4.0,4.0
smtr_tci,0.2,1,41,agent1,2,0,0,0,0,1.0,0.0,0.0,0.0,0.0
smtr_tci,0.2,1,42,agent1,0,0,0,0,0,1.0,0.0,0.0,0.0,0.0
smtr_tci,0.2,1,42,agent1,1,0,0,0,0,1.0,0.0,0.0,0.0,0.0
smtr_tci,0.2,1,42,agent1,2,0,0,0,0,1.0,0.0,0.0,0.0,0.0
smtr_tci,0.2,1,48,agent1,0,0,0,0,0,1.0,0.0,0.0,0.0,0.0
smtr_tci,0.2,1,48,agent1,2,0,0,0,0,1.0,0.0,0.0,0.0,0.0
smtr_tci,0.2,1,51,agent1,0,0,0,0,0,0.0,0.0,0.0,0.0,0.0
smtr_tci,0.2,1,51,agent1,1,0,0,0,0,0.0,0.0,0.0,0.0,0.0
smtr_tci,0.2,1,51,agent1,2,1,1,0,1,1.0,1.0,0.0,1.0,1.0
smtr_tci,0.2,1,57,agent1,0,0,0,0,0,0.0,0.0,0.0,0.0,0.0
smtr_tci,0.2,1,57,agent1,1,1,0,0,0,0.0,0.0,0.0,0.0,1.0
smtr_tci,0.2,1,57,agent1,2,0,0,0,0,0.0,0.0,0.0,0.0,0.0
smtr_tci,0.2,1,60,agent1,0,0,0,0,0,1.0,0.0,0.0,0.0,0.0
smtr_tci,0.2,1,60,agent1,1,0,0,0,0,1.0,0.0,0.0,0.0,0.0
smtr_tci,0.2,1,60,agent1,2,0,0,0,0,1.0,0.0,0.0,0.0,0.0
smtr_tci,0.2,1,61,agent1,0,0,0,0,0,0.0,0.0,0.0,0.0,0.0
smtr_tci,0.2,1,61,agent1,1,1,0,0,0,0.0,0.0,0.0,0.0,1.0
smtr_tci,0.2,1,61,agent1,2,0,0,0,0,0.0,0.0,0.0,0.0,0.0
smtr_tci,0.2,1,63,agent1,0,0,0,0,0,0.0,0.0,0.0,0.0,0.0
smtr_tci,0.2,1,63,agent1,1,0,0,0,0,0.0,0.0,0.0,0.0,0.0
smtr_tci,0.2,1,63,agent1,2,0,0,0,0,0.0,0.0,0.0,0.0,0.0
smtr_tci,0.2,1,64,agent1,0,0,0,0,0,0.0,0.0,0.0,0.0,0.0
smtr_tci,0.2,1,64,agent1,2,0,0,0,0,0.0,0.0,0.0,0.0,0.0
smtr_tci,0.2,1,65,agent1,0,0,0,0,0,1.0,0.0,0.0,0.0,0.0
smtr_tci,0.2,1,65,agent1,1,0,0,0,0,1.0,0.0,0.0,0.0,0.0
smtr_tci,0.2,1,65,agent1,2,0,0,0,0,1.0,0.0,0.0,0.0,0.0
smtr_tci,0.2,1,68,agent1,0,0,0,0,0,0.0,0.0,0.0,0.0,0.0
smtr_tci,0.2,1,68,agent1,1,0,0,0,0,0.0,0.0,0.0,0.0,0.0
smtr_tci,0.2,1,68,agent1,2,0,0,0,0,0.0,0.0,0.0,0.0,0.0
smtr_tci,0.2,1,69,agent1,0,0,0,0,0,1.0,0.0,0.0,0.0,0.0
smtr_tci,0.2,1,69,agent1,1,0,0,0,0,1.0,0.0,0.0,0.0,0.0
smtr_tci,0.2,1,69,agent1,2,4,4,0,4,4.0,1.0,0.0,4.0,4.0
smtr_tci,0.2,1,70,agent1,0,0,0,0,0,0.0,0.0,0.0,0.0,0.0
smtr_tci,0.2,1,70,agent1,1,0,0,0,0,0.0,0.0,0.0,0.0,0.0
smtr_tci,0.2,1,72,agent1,0,0,0,0,0,1.0,0.0,0.0,0.0,0.0
smtr_tci,0.2,1,72,agent1,1,0,0,0,0,1.0,0.0,0.0,0.0,0.0
smtr_tci,0.2,1,72,agent1,2,0,0,0,0,1.0,0.0,0.0,0.0,0.0
smtr_tci,0.2,1,73,agent1,1,0,0,0,0,0.0,0.0,0.0,0.0,0.0
smtr_tci,0.2,1,73,agent1,2,0,0,0,0,0.0,0.0,0.0,0.0,0.0
smtr_tci,0.2,1,75,agent1,0,0,0,0,0,0.0,0.0,0.0,0.0,0.0
smtr_tci,0.2,1,75,agent1,1,0,0,0,0,0.0,0.0,0.0,0.0,0.0
smtr_tci,0.2,1,75,agent1,2,0,0,0,0,0.0,0.0,0.0,0.0,0.0
smtr_tci,0.2,1,76,agent1,1,0,0,0,0,1.0,0.0,0.0,0.0,0.0
smtr_tci,0.2,1,77,agent1,0,0,0,0,0,0.0,0.0,0.0,0.0,0.0
smtr_tci,0.2,1,77,agent1,2,0,0,0,0,0.0,0.0,0.0,0.0,0.0
smtr_tci,0.2,1,79,agent1,0,0,0,0,0,0.0,0.0,0.0,0.0,0.0
smtr_tci,0.2,1,79,agent1,2,0,0,0,0,0.0,0.0,0.0,0.0,0.0
smtr_tci,0.2,1,8,agent1,0,0,0,0,0,1.0,0.0,0.0,0.0,0.0
smtr_tci,0.2,1,80,agent1,0,0,0,0,0,0.0,0.0,0.0,0.0,0.0
smtr_tci,0.2,1,80,agent1,1,0,0,0,0,0.0,0.0,0.0,0.0,0.0
smtr_tci,0.2,1,80,agent1,2,0,0,0,0,0.0,0.0,0.0,0.0,0.0
smtr_tci,0.2,1,82,agent1,0,0,0,0,0,0.0,0.0,0.0,0.0,0.0
smtr_tci,0.2,1,82,agent1,1,0,0,0,0,0.0,0.0,0.0,0.0,0.0
smtr_tci,0.2,1,84,agent1,0,0,0,0,0,0.0,0.0,0.0,0.0,0.0
smtr_tci,0.2,1,84,agent1,1,0,0,0,0,0.0,0.0,0.0,0.0,0.0
smtr_tci,0.2,1,84,agent1,2,0,0,0,0,0.0,0.0,0.0,0.0,0.0
smtr_tci,0.2,1,85,agent1,0,0,0,0,0,0.0,0.0,0.0,0.0,0.0
smtr_tci,0.2,1,85,agent1,1,1,0,0,0,0.0,0.0,0.0,0.0,1.0
smtr_tci,0.2,1,87,agent1,0,0,0,0,0,0.0,0.0,0.0,0.0,0.0
smtr_tci,0.2,1,87,agent1,2,0,0,0,0,0.0,0.0,0.0,0.0,0.0
smtr_tci,0.2,1,88,agent1,1,0,0,0,0,0.0,0.0,0.0,0.0,0.0
smtr_tci,0.2,1,88,agent1,2,0,0,0,0,0.0,0.0,0.0,0.0,0.0
smtr_tci,0.2,1,89,agent1,1,0,0,0,0,0.0,0.0,0.0,0.0,0.0
smtr_tci,0.2,1,89,agent1,2,0,0,0,0,0.0,0.0,0.0,0.0,0.0
smtr_tci,0.2,1,9,agent1,0,4,4,0,4,4.0,1.0,0.0,4.0,4.0
smtr_tci,0.2,1,9,agent1,1,0,0,0,0,1.0,0.0,0.0,0.0,0.0
smtr_tci,0.2,1,9,agent1,2,0,0,0,0,1.0,0.0,0.0,0.0,0.0
smtr_tci,0.2,2,10,agent1,0,3,3,0,3,3.0,1.0,0.0,3.0,3.0
smtr_tci,0.2,2,10,agent1,1,1,1,0,1,1.0,1.0,0.0,1.0,1.0
smtr_tci,0.2,2,10,agent1,2,1,1,0,1,1.0,1.0,0.0,1.0,1.0
smtr_tci,0.2,2,100,agent1,1,0,0,0,0,0.0,0.0,0.0,0.0,0.0
smtr_tci,0.2,2,100,agent1,2,0,0,0,0,0.0,0.0,0.0,0.0,0.0
smtr_tci,0.2,2,11,agent1,1,0,0,0,0,0.0,0.0,0.0,0.0,0.0
smtr_tci,0.2,2,11,agent1,2,1,1,0,1,1.0,1.0,0.0,1.0,1.0
smtr_tci,0.2,2,13,agent1,2,0,0,0,0,1.0,0.0,0.0,0.0,0.0
smtr_tci,0.2,2,16,agent1,0,0,0,0,0,1.0,0.0,0.0,0.0,0.0
smtr_tci,0.2,2,16,agent1,1,0,0,0,0,1.0,0.0,0.0,0.0,0.0
smtr_tci,0.2,2,17,agent1,0,0,0,0,0,0.0,0.0,0.0,0.0,0.0
smtr_tci,0.2,2,17,agent1,1,1,1,0,1,1.0,1.0,0.0,1.0,1.0
smtr_tci,0.2,2,19,agent1,0,0,0,0,0,1.0,0.0,0.0,0.0,0.0
smtr_tci,0.2,2,19,agent1,1,1,1,0,1,1.0,1.0,0.0,1.0,1.0
smtr_tci,0.2,2,19,agent1,2,0,0,0,0,0.0,0.0,0.0,0.0,0.0
smtr_tci,0.2,2,2,agent1,2,1,1,0,1,1.0,1.0,0.0,1.0,1.0
smtr_tci,0.2,2,21,agent1,0,0,0,0,0,0.0,0.0,0.0,0.0,0.0
smtr_tci,0.2,2,21,agent1,2,1,1,0,1,1.0,1.0,0.0,1.0,1.0
smtr_tci,0.2,2,22,agent1,0,0,0,0,0,1.0,0.0,0.0,0.0,0.0
smtr_tci,0.2,2,22,agent1,1,0,0,0,0,1.0,0.0,0.0,0.0,0.0
smtr_tci,0.2,2,23,agent1,0,1,1,0,1,1.0,1.0,0.0,1.0,1.0
smtr_tci,0.2,2,23,agent1,1,2,2,0,2,2.0,1.0,0.0,2.0,2.0
smtr_tci,0.2,2,23,agent1,2,2,2,0,2,2.0,1.0,0.0,2.0,2.0
smtr_tci,0.2,2,26,agent1,0,0,0,0,0,1.0,0.0,0.0,0.0,0.0
smtr_tci,0.2,2,26,agent1,1,0,0,0,0,1.0,0.0,0.0,0.0,0.0
smtr_tci,0.2,2,26,agent1,2,0,0,0,0,1.0,0.0,0.0,0.0,0.0
smtr_tci,0.2,2,27,agent1,0,0,0,0,0,1.0,0.0,0.0,0.0,0.0
smtr_tci,0.2,2,27,agent1,1,0,0,0,0,1.0,0.0,0.0,0.0,0.0
smtr_tci,0.2,2,27,agent1,2,0,0,0,0,1.0,0.0,0.0,0.0,0.0
smtr_tci,0.2,2,29,agent1,0,1,1,0,1,1.0,1.0,0.0,1.0,1.0
smtr_tci,0.2,2,29,agent1,1,0,0,0,0,0.0,0.0,0.0,0.0,0.0
smtr_tci,0.2,2,3,agent1,0,0,0,0,0,1.0,0.0,0.0,0.0,0.0
smtr_tci,0.2,2,3,agent1,1,1,1,0,1,1.0,1.0,0.0,1.0,1.0
smtr_tci,0.2,2,30,agent1,2,0,0,0,0,1.0,0.0,0.0,0.0,0.0
smtr_tci,0.2,2,31,agent1,1,0,0,0,0,0.0,0.0,0.0,0.0,0.0
smtr_tci,0.2,2,31,agent1,2,0,0,0,0,1.0,0.0,0.0,0.0,0.0
smtr_tci,0.2,2,32,agent1,0,0,0,0,0,1.0,0.0,0.0,0.0,0.0
smtr_tci,0.2,2,32,agent1,1,2,2,0,2,2.0,1.0,0.0,2.0,2.0
smtr_tci,0.2,2,33,agent1,1,2,2,0,2,2.0,1.0,0.0,2.0,2.0
smtr_tci,0.2,2,33,agent1,2,0,0,0,0,0.0,0.0,0.0,0.0,0.0
smtr_tci,0.2,2,34,agent1,0,0,0,0,0,0.0,0.0,0.0,0.0,0.0
smtr_tci,0.2,2,34,agent1,1,2,2,0,2,2.0,1.0,0.0,2.0,2.0
smtr_tci,0.2,2,34,agent1,2,2,2,0,2,2.0,1.0,0.0,2.0,2.0
smtr_tci,0.2,2,36,agent1,0,0,0,0,0,1.0,0.0,0.0,0.0,0.0
smtr_tci,0.2,2,36,agent1,1,0,0,0,0,1.0,0.0,0.0,0.0,0.0
smtr_tci,0.2,2,36,agent1,2,0,0,0,0,1.0,0.0,0.0,0.0,0.0
smtr_tci,0.2,2,37,agent1,0,0,0,0,0,1.0,0.0,0.0,0.0,0.0
smtr_tci,0.2,2,37,agent1,1,0,0,0,0,1.0,0.0,0.0,0.0,0.0
smtr_tci,0.2,2,37,agent1,2,0,0,0,0,1.0,0.0,0.0,0.0,0.0
smtr_tci,0.2,2,41,agent1,0,0,0,0,0,1.0,0.0,0.0,0.0,0.0
smtr_tci,0.2,2,41,agent1,1,4,4,0,4,4.0,1.0,0.0,4.0,4.0
smtr_tci,0.2,2,41,agent1,2,0,0,0,0,1.0,0.0,0.0,0.0,0.0
smtr_tci,0.2,2,42,agent1,0,0,0,0,0,1.0,0.0,0.0,0.0,0.0
smtr_tci,0.2,2,42,agent1,1,0,0,0,0,1.0,0.0,0.0,0.0,0.0
smtr_tci,0.2,2,42,agent1,2,0,0,0,0,1.0,0.0,0.0,0.0,0.0
smtr_tci,0.2,2,48,agent1,0,0,0,0,0,1.0,0.0,0.0,0.0,0.0
smtr_tci,0.2,2,48,agent1,2,0,0,0,0,1.0,0.0,0.0,0.0,0.0
smtr_tci,0.2,2,51,agent1,0,0,0,0,0,0.0,0.0,0.0,0.0,0.0
smtr_tci,0.2,2,51,agent1,1,0,0,0,0,0.0,0.0,0.0,0.0,0.0
smtr_tci,0.2,2,51,agent1,2,1,1,0,1,1.0,1.0,0.0,1.0,1.0
smtr_tci,0.2,2,57,agent1,0,0,0,0,0,0.0,0.0,0.0,0.0,0.0
smtr_tci,0.2,2,57,agent1,1,0,0,0,0,0.0,0.0,0.0,0.0,0.0
smtr_tci,0.2,2,57,agent1,2,0,0,0,0,0.0,0.0,0.0,0.0,0.0
smtr_tci,0.2,2,60,agent1,0,0,0,0,0,1.0,0.0,0.0,0.0,0.0
smtr_tci,0.2,2,60,agent1,1,0,0,0,0,1.0,0.0,0.0,0.0,0.0
smtr_tci,0.2,2,60,agent1,2,0,0,0,0,1.0,0.0,0.0,0.0,0.0
smtr_tci,0.2,2,61,agent1,0,0,0,0,0,0.0,0.0,0.0,0.0,0.0
smtr_tci,0.2,2,61,agent1,1,0,0,0,0,0.0,0.0,0.0,0.0,0.0
smtr_tci,0.2,2,61,agent1,2,0,0,0,0,0.0,0.0,0.0,0.0,0.0
smtr_tci,0.2,2,63,agent1,0,0,0,0,0,0.0,0.0,0.0,0.0,0.0
smtr_tci,0.2,2,63,agent1,1,0,0,0,0,0.0,0.0,0.0,0.0,0.0
smtr_tci,0.2,2,63,agent1,2,0,0,0,0,0.0,0.0,0.0,0.0,0.0
smtr_tci,0.2,2,64,agent1,0,0,0,0,0,0.0,0.0,0.0,0.0,0.0
smtr_tci,0.2,2,64,agent1,2,0,0,0,0,0.0,0.0,0.0,0.0,0.0
smtr_tci,0.2,2,65,agent1,0,0,0,0,0,1.0,0.0,0.0,0.0,0.0
smtr_tci,0.2,2,65,agent1,1,0,0,0,0,1.0,0.0,0.0,0.0,0.0
smtr_tci,0.2,2,65,agent1,2,0,0,0,0,1.0,0.0,0.0,0.0,0.0
smtr_tci,0.2,2,68,agent1,0,0,0,0,0,0.0,0.0,0.0,0.0,0.0
smtr_tci,0.2,2,68,agent1,1,0,0,0,0,0.0,0.0,0.0,0.0,0.0
smtr_tci,0.2,2,68,agent1,2,0,0,0,0,0.0,0.0,0.0,0.0,0.0
smtr_tci,0.2,2,69,agent1,0,0,0,0,0,1.0,0.0,0.0,0.0,0.0
smtr_tci,0.2,2,69,agent1,1,0,0,0,0,1.0,0.0,0.0,0.0,0.0
smtr_tci,0.2,2,69,agent1,2,4,4,0,4,4.0,1.0,0.0,4.0,4.0
smtr_tci,0.2,2,70,agent1,0,0,0,0,0,0.0,0.0,0.0,0.0,0.0
smtr_tci,0.2,2,70,agent1,1,0,0,0,0,0.0,0.0,0.0,0.0,0.0
smtr_tci,0.2,2,72,agent1,0,0,0,0,0,1.0,0.0,0.0,0.0,0.0
smtr_tci,0.2,2,72,agent1,1,0,0,0,0,1.0,0.0,0.0,0.0,0.0
smtr_tci,0.2,2,72,agent1,2,0,0,0,0,1.0,0.0,0.0,0.0,0.0
smtr_tci,0.2,2,73,agent1,1,0,0,0,0,0.0,0.0,0.0,0.0,0.0
smtr_tci,0.2,2,73,agent1,2,0,0,0,0,0.0,0.0,0.0,0.0,0.0
smtr_tci,0.2,2,75,agent1,0,0,0,0,0,0.0,0.0,0.0,0.0,0.0
smtr_tci,0.2,2,75,agent1,1,0,0,0,0,0.0,0.0,0.0,0.0,0.0
smtr_tci,0.2,2,75,agent1,2,0,0,0,0,0.0,0.0,0.0,0.0,0.0
smtr_tci,0.2,2,76,agent1,1,0,0,0,0,1.0,0.0,0.0,0.0,0.0
smtr_tci,0.2,2,77,agent1,0,0,0,0,0,0.0,0.0,0.0,0.0,0.0
smtr_tci,0.2,2,77,agent1,2,0,0,0,0,0.0,0.0,0.0,0.0,0.0
smtr_tci,0.2,2,79,agent1,0,0,0,0,0,0.0,0.0,0.0,0.0,0.0
smtr_tci,0.2,2,79,agent1,2,0,0,0,0,0.0,0.0,0.0,0.0,0.0
smtr_tci,0.2,2,8,agent1,0,0,0,0,0,1.0,0.0,0.0,0.0,0.0
smtr_tci,0.2,2,80,agent1,0,0,0,0,0,0.0,0.0,0.0,0.0,0.0
smtr_tci,0.2,2,80,agent1,1,0,0,0,0,0.0,0.0,0.0,0.0,0.0
smtr_tci,0.2,2,80,agent1,2,0,0,0,0,0.0,0.0,0.0,0.0,0.0
smtr_tci,0.2,2,82,agent1,0,0,0,0,0,0.0,0.0,0.0,0.0,0.0
smtr_tci,0.2,2,82,agent1,1,1,0,0,0,0.0,0.0,0.0,0.0,1.0
smtr_tci,0.2,2,84,agent1,0,0,0,0,0,0.0,0.0,0.0,0.0,0.0
smtr_tci,0.2,2,84,agent1,1,0,0,0,0,0.0,0.0,0.0,0.0,0.0
smtr_tci,0.2,2,84,agent1,2,1,0,0,0,0.0,0.0,0.0,0.0,1.0
smtr_tci,0.2,2,85,agent1,0,0,0,0,0,0.0,0.0,0.0,0.0,0.0
smtr_tci,0.2,2,85,agent1,1,0,0,0,0,0.0,0.0,0.0,0.0,0.0
smtr_tci,0.2,2,87,agent1,0,0,0,0,0,0.0,0.0,0.0,0.0,0.0
smtr_tci,0.2,2,87,agent1,2,0,0,0,0,0.0,0.0,0.0,0.0,0.0
smtr_tci,0.2,2,88,agent1,1,0,0,0,0,0.0,0.0,0.0,0.0,0.0
smtr_tci,0.2,2,88,agent1,2,0,0,0,0,0.0,0.0,0.0,0.0,0.0
smtr_tci,0.2,2,89,agent1,1,0,0,0,0,0.0,0.0,0.0,0.0,0.0
smtr_tci,0.2,2,89,agent1,2,0,0,0,0,0.0,0.0,0.0,0.0,0.0
smtr_tci,0.2,2,9,agent1,0,4,4,0,4,4.0,1.0,0.0,4.0,4.0
smtr_tci,0.2,2,9,agent1,1,0,0,0,0,1.0,0.0,0.0,0.0,0.0
smtr_tci,0.2,2,9,agent1,2,0,0,0,0,1.0,0.0,0.0,0.0,0.0
smtr_tci,0.2,3,10,agent1,0,3,3,0,3,3.0,1.0,0.0,3.0,3.0
smtr_tci,0.2,3,10,agent1,1,1,1,0,1,1.0,1.0,0.0,1.0,1.0
smtr_tci,0.2,3,10,agent1,2,1,1,0,1,1.0,1.0,0.0,1.0,1.0
smtr_tci,0.2,3,100,agent1,1,0,0,0,0,0.0,0.0,0.0,0.0,0.0
smtr_tci,0.2,3,100,agent1,2,0,0,0,0,0.0,0.0,0.0,0.0,0.0
smtr_tci,0.2,3,11,agent1,1,0,0,0,0,0.0,0.0,0.0,0.0,0.0
smtr_tci,0.2,3,11,agent1,2,1,1,0,1,1.0,1.0,0.0,1.0,1.0
smtr_tci,0.2,3,13,agent1,2,0,0,0,0,1.0,0.0,0.0,0.0,0.0
smtr_tci,0.2,3,16,agent1,0,0,0,0,0,1.0,0.0,0.0,0.0,0.0
smtr_tci,0.2,3,16,agent1,1,0,0,0,0,1.0,0.0,0.0,0.0,0.0
smtr_tci,0.2,3,17,agent1,0,0,0,0,0,0.0,0.0,0.0,0.0,0.0
smtr_tci,0.2,3,17,agent1,1,1,1,0,1,1.0,1.0,0.0,1.0,1.0
smtr_tci,0.2,3,19,agent1,0,0,0,0,0,1.0,0.0,0.0,0.0,0.0
smtr_tci,0.2,3,19,agent1,1,1,1,0,1,1.0,1.0,0.0,1.0,1.0
smtr_tci,0.2,3,19,agent1,2,0,0,0,0,0.0,0.0,0.0,0.0,0.0
smtr_tci,0.2,3,2,agent1,2,2,1,0,1,1.0,0.5,0.0,1.0,2.0
smtr_tci,0.2,3,21,agent1,0,0,0,0,0,0.0,0.0,0.0,0.0,0.0
smtr_tci,0.2,3,21,agent1,2,1,1,0,1,1.0,1.0,0.0,1.0,1.0
smtr_tci,0.2,3,22,agent1,0,0,0,0,0,1.0,0.0,0.0,0.0,0.0
smtr_tci,0.2,3,22,agent1,1,0,0,0,0,1.0,0.0,0.0,0.0,0.0
smtr_tci,0.2,3,23,agent1,0,1,1,0,1,1.0,1.0,0.0,1.0,1.0
smtr_tci,0.2,3,23,agent1,1,2,2,0,2,2.0,1.0,0.0,2.0,2.0
smtr_tci,0.2,3,23,agent1,2,2,2,0,2,2.0,1.0,0.0,2.0,2.0
smtr_tci,0.2,3,26,agent1,0,0,0,0,0,1.0,0.0,0.0,0.0,0.0
smtr_tci,0.2,3,26,agent1,1,0,0,0,0,1.0,0.0,0.0,0.0,0.0
smtr_tci,0.2,3,26,agent1,2,0,0,0,0,1.0,0.0,0.0,0.0,0.0
smtr_tci,0.2,3,27,agent1,0,0,0,0,0,1.0,0.0,0.0,0.0,0.0
smtr_tci,0.2,3,27,agent1,1,0,0,0,0,1.0,0.0,0.0,0.0,0.0
smtr_tci,0.2,3,27,agent1,2,0,0,0,0,1.0,0.0,0.0,0.0,0.0
smtr_tci,0.2,3,29,agent1,0,1,1,0,1,1.0,1.0,0.0,1.0,1.0
smtr_tci,0.2,3,29,agent1,1,0,0,0,0,0.0,0.0,0.0,0.0,0.0
smtr_tci,0.2,3,3,agent1,0,0,0,0,0,1.0,0.0,0.0,0.0,0.0
smtr_tci,0.2,3,3,agent1,1,1,1,0,1,1.0,1.0,0.0,1.0,1.0
smtr_tci,0.2,3,30,agent1,2,0,0,0,0,1.0,0.0,0.0,0.0,0.0
smtr_tci,0.2,3,31,agent1,1,0,0,0,0,0.0,0.0,0.0,0.0,0.0
smtr_tci,0.2,3,31,agent1,2,0,0,0,0,1.0,0.0,0.0,0.0,0.0
smtr_tci,0.2,3,32,agent1,0,0,0,0,0,1.0,0.0,0.0,0.0,0.0
smtr_tci,0.2,3,32,agent1,1,2,2,0,2,2.0,1.0,0.0,2.0,2.0
smtr_tci,0.2,3,33,agent1,1,2,2,0,2,2.0,1.0,0.0,2.0,2.0
smtr_tci,0.2,3,33,agent1,2,0,0,0,0,0.0,0.0,0.0,0.0,0.0
smtr_tci,0.2,3,34,agent1,0,0,0,0,0,0.0,0.0,0.0,0.0,0.0
smtr_tci,0.2,3,34,agent1,1,2,2,0,2,2.0,1.0,0.0,2.0,2.0
smtr_tci,0.2,3,34,agent1,2,2,2,0,2,2.0,1.0,0.0,2.0,2.0
smtr_tci,0.2,3,36,agent1,0,0,0,0,0,1.0,0.0,0.0,0.0,0.0
smtr_tci,0.2,3,36,agent1,1,1,0,0,0,1.0,0.0,0.0,0.0,1.0
smtr_tci,0.2,3,36,agent1,2,0,0,0,0,1.0,0.0,0.0,0.0,0.0
smtr_tci,0.2,3,37,agent1,0,0,0,0,0,1.0,0.0,0.0,0.0,0.0
smtr_tci,0.2,3,37,agent1,1,1,0,0,0,1.0,0.0,0.0,0.0,1.0
smtr_tci,0.2,3,37,agent1,2,0,0,0,0,1.0,0.0,0.0,0.0,0.0
smtr_tci,0.2,3,41,agent1,0,0,0,0,0,1.0,0.0,0.0,0.0,0.0
smtr_tci,0.2,3,41,agent1,1,4,4,0,4,4.0,1.0,0.0,4.0,4.0
smtr_tci,0.2,3,41,agent1,2,0,0,0,0,1.0,0.0,0.0,0.0,0.0
smtr_tci,0.2,3,42,agent1,0,0,0,0,0,1.0,0.0,0.0,0.0,0.0
smtr_tci,0.2,3,42,agent1,1,0,0,0,0,1.0,0.0,0.0,0.0,0.0
smtr_tci,0.2,3,42,agent1,2,0,0,0,0,1.0,0.0,0.0,0.0,0.0
smtr_tci,0.2,3,48,agent1,0,0,0,0,0,1.0,0.0,0.0,0.0,0.0
smtr_tci,0.2,3,48,agent1,2,0,0,0,0,1.0,0.0,0.0,0.0,0.0
smtr_tci,0.2,3,51,agent1,0,0,0,0,0,0.0,0.0,0.0,0.0,0.0
smtr_tci,0.2,3,51,agent1,1,0,0,0,0,0.0,0.0,0.0,0.0,0.0
smtr_tci,0.2,3,51,agent1,2,1,1,0,1,1.0,1.0,0.0,1.0,1.0
smtr_tci,0.2,3,57,agent1,0,0,0,0,0,0.0,0.0,0.0,0.0,0.0
smtr_tci,0.2,3,57,agent1,1,0,0,0,0,0.0,0.0,0.0,0.0,0.0
smtr_tci,0.2,3,57,agent1,2,0,0,0,0,0.0,0.0,0.0,0.0,0.0
smtr_tci,0.2,3,60,agent1,0,0,0,0,0,1.0,0.0,0.0,0.0,0.0
smtr_tci,0.2,3,60,agent1,1,0,0,0,0,1.0,0.0,0.0,0.0,0.0
smtr_tci,0.2,3,60,agent1,2,0,0,0,0,1.0,0.0,0.0,0.0,0.0
smtr_tci,0.2,3,61,agent1,0,0,0,0,0,0.0,0.0,0.0,0.0,0.0
smtr_tci,0.2,3,61,agent1,1,0,0,0,0,0.0,0.0,0.0,0.0,0.0
smtr_tci,0.2,3,61,agent1,2,0,0,0,0,0.0,0.0,0.0,0.0,0.0
smtr_tci,0.2,3,63,agent1,0,0,0,0,0,0.0,0.0,0.0,0.0,0.0
smtr_tci,0.2,3,63,agent1,1,0,0,0,0,0.0,0.0,0.0,0.0,0.0
smtr_tci,0.2,3,63,agent1,2,0,0,0,0,0.0,0.0,0.0,0.0,0.0
smtr_tci,0.2,3,64,agent1,0,0,0,0,0,0.0,0.0,0.0,0.0,0.0
smtr_tci,0.2,3,64,agent1,2,0,0,0,0,0.0,0.0,0.0,0.0,0.0
smtr_tci,0.2,3,65,agent1,0,0,0,0,0,1.0,0.0,0.0,0.0,0.0
smtr_tci,0.2,3,65,agent1,1,0,0,0,0,1.0,0.0,0.0,0.0,0.0
smtr_tci,0.2,3,65,agent1,2,0,0,0,0,1.0,0.0,0.0,0.0,0.0
smtr_tci,0.2,3,68,agent1,0,0,0,0,0,0.0,0.0,0.0,0.0,0.0
smtr_tci,0.2,3,68,agent1,1,0,0,0,0,0.0,0.0,0.0,0.0,0.0
smtr_tci,0.2,3,68,agent1,2,0,0,0,0,0.0,0.0,0.0,0.0,0.0
smtr_tci,0.2,3,69,agent1,0,0,0,0,0,1.0,0.0,0.0,0.0,0.0
smtr_tci,0.2,3,69,agent1,1,0,0,0,0,1.0,0.0,0.0,0.0,0.0
smtr_tci,0.2,3,69,agent1,2,4,4,0,4,4.0,1.0,0.0,4.0,4.0
smtr_tci,0.2,3,70,agent1,0,0,0,0,0,0.0,0.0,0.0,0.0,0.0
smtr_tci,0.2,3,70,agent1,1,0,0,0,0,0.0,0.0,0.0,0.0,0.0
smtr_tci,0.2,3,72,agent1,0,0,0,0,0,1.0,0.0,0.0,0.0,0.0
smtr_tci,0.2,3,72,agent1,1,0,0,0,0,1.0,0.0,0.0,0.0,0.0
smtr_tci,0.2,3,72,agent1,2,0,0,0,0,1.0,0.0,0.0,0.0,0.0
smtr_tci,0.2,3,73,agent1,1,0,0,0,0,0.0,0.0,0.0,0.0,0.0
smtr_tci,0.2,3,73,agent1,2,0,0,0,0,0.0,0.0,0.0,0.0,0.0
smtr_tci,0.2,3,75,agent1,0,0,0,0,0,0.0,0.0,0.0,0.0,0.0
smtr_tci,0.2,3,75,agent1,1,0,0,0,0,0.0,0.0,0.0,0.0,0.0
smtr_tci,0.2,3,75,agent1,2,0,0,0,0,0.0,0.0,0.0,0.0,0.0
smtr_tci,0.2,3,76,agent1,1,0,0,0,0,1.0,0.0,0.0,0.0,0.0
smtr_tci,0.2,3,77,agent1,0,0,0,0,0,0.0,0.0,0.0,0.0,0.0
smtr_tci,0.2,3,77,agent1,2,0,0,0,0,0.0,0.0,0.0,0.0,0.0
smtr_tci,0.2,3,79,agent1,0,0,0,0,0,0.0,0.0,0.0,0.0,0.0
smtr_tci,0.2,3,79,agent1,2,0,0,0,0,0.0,0.0,0.0,0.0,0.0
smtr_tci,0.2,3,8,agent1,0,0,0,0,0,1.0,0.0,0.0,0.0,0.0
smtr_tci,0.2,3,80,agent1,0,0,0,0,0,0.0,0.0,0.0,0.0,0.0
smtr_tci,0.2,3,80,agent1,1,0,0,0,0,0.0,0.0,0.0,0.0,0.0
smtr_tci,0.2,3,80,agent1,2,0,0,0,0,0.0,0.0,0.0,0.0,0.0
smtr_tci,0.2,3,82,agent1,0,0,0,0,0,0.0,0.0,0.0,0.0,0.0
smtr_tci,0.2,3,82,agent1,1,0,0,0,0,0.0,0.0,0.0,0.0,0.0
smtr_tci,0.2,3,84,agent1,0,0,0,0,0,0.0,0.0,0.0,0.0,0.0
smtr_tci,0.2,3,84,agent1,1,0,0,0,0,0.0,0.0,0.0,0.0,0.0
smtr_tci,0.2,3,84,agent1,2,0,0,0,0,0.0,0.0,0.0,0.0,0.0
smtr_tci,0.2,3,85,agent1,0,0,0,0,0,0.0,0.0,0.0,0.0,0.0
smtr_tci,0.2,3,85,agent1,1,0,0,0,0,0.0,0.0,0.0,0.0,0.0
smtr_tci,0.2,3,87,agent1,0,0,0,0,0,0.0,0.0,0.0,0.0,0.0
smtr_tci,0.2,3,87,agent1,2,0,0,0,0,0.0,0.0,0.0,0.0,0.0
smtr_tci,0.2,3,88,agent1,1,0,0,0,0,0.0,0.0,0.0,0.0,0.0
smtr_tci,0.2,3,88,agent1,2,0,0,0,0,0.0,0.0,0.0,0.0,0.0
smtr_tci,0.2,3,89,agent1,1,0,0,0,0,0.0,0.0,0.0,0.0,0.0
smtr_tci,0.2,3,89,agent1,2,0,0,0,0,0.0,0.0,0.0,0.0,0.0
smtr_tci,0.2,3,9,agent1,0,4,4,0,4,4.0,1.0,0.0,4.0,4.0
smtr_tci,0.2,3,9,agent1,1,0,0,0,0,1.0,0.0,0.0,0.0,0.0
smtr_tci,0.2,3,9,agent1,2,0,0,0,0,1.0,0.0,0.0,0.0,0.0
smtr_tci,0.2,4,10,agent1,0,3,3,0,3,3.0,1.0,0.0,3.0,3.0
smtr_tci,0.2,4,10,agent1,1,1,1,0,1,1.0,1.0,0.0,1.0,1.0
smtr_tci,0.2,4,10,agent1,2,1,1,0,1,1.0,1.0,0.0,1.0,1.0
smtr_tci,0.2,4,100,agent1,1,0,0,0,0,0.0,0.0,0.0,0.0,0.0
smtr_tci,0.2,4,100,agent1,2,0,0,0,0,0.0,0.0,0.0,0.0,0.0
smtr_tci,0.2,4,11,agent1,1,0,0,0,0,0.0,0.0,0.0,0.0,0.0
smtr_tci,0.2,4,11,agent1,2,1,1,0,1,1.0,1.0,0.0,1.0,1.0
smtr_tci,0.2,4,13,agent1,2,0,0,0,0,1.0,0.0,0.0,0.0,0.0
smtr_tci,0.2,4,16,agent1,0,0,0,0,0,1.0,0.0,0.0,0.0,0.0
smtr_tci,0.2,4,16,agent1,1,0,0,0,0,1.0,0.0,0.0,0.0,0.0
smtr_tci,0.2,4,17,agent1,0,0,0,0,0,0.0,0.0,0.0,0.0,0.0
smtr_tci,0.2,4,17,agent1,1,1,1,0,1,1.0,1.0,0.0,1.0,1.0
smtr_tci,0.2,4,19,agent1,0,0,0,0,0,1.0,0.0,0.0,0.0,0.0
smtr_tci,0.2,4,19,agent1,1,1,1,0,1,1.0,1.0,0.0,1.0,1.0
smtr_tci,0.2,4,19,agent1,2,0,0,0,0,0.0,0.0,0.0,0.0,0.0
smtr_tci,0.2,4,2,agent1,2,1,1,0,1,1.0,1.0,0.0,1.0,1.0
smtr_tci,0.2,4,21,agent1,0,0,0,0,0,0.0,0.0,0.0,0.0,0.0
smtr_tci,0.2,4,21,agent1,2,1,1,0,1,1.0,1.0,0.0,1.0,1.0
smtr_tci,0.2,4,22,agent1,0,0,0,0,0,1.0,0.0,0.0,0.0,0.0
smtr_tci,0.2,4,22,agent1,1,0,0,0,0,1.0,0.0,0.0,0.0,0.0
smtr_tci,0.2,4,23,agent1,0,1,1,0,1,1.0,1.0,0.0,1.0,1.0
smtr_tci,0.2,4,23,agent1,1,2,2,0,2,2.0,1.0,0.0,2.0,2.0
smtr_tci,0.2,4,23,agent1,2,2,2,0,2,2.0,1.0,0.0,2.0,2.0
smtr_tci,0.2,4,26,agent1,0,0,0,0,0,1.0,0.0,0.0,0.0,0.0
smtr_tci,0.2,4,26,agent1,1,0,0,0,0,1.0,0.0,0.0,0.0,0.0
smtr_tci,0.2,4,26,agent1,2,0,0,0,0,1.0,0.0,0.0,0.0,0.0
smtr_tci,0.2,4,27,agent1,0,0,0,0,0,1.0,0.0,0.0,0.0,0.0
smtr_tci,0.2,4,27,agent1,1,0,0,0,0,1.0,0.0,0.0,0.0,0.0
smtr_tci,0.2,4,27,agent1,2,0,0,0,0,1.0,0.0,0.0,0.0,0.0
smtr_tci,0.2,4,29,agent1,0,1,1,0,1,1.0,1.0,0.0,1.0,1.0
smtr_tci,0.2,4,29,agent1,1,0,0,0,0,0.0,0.0,0.0,0.0,0.0
smtr_tci,0.2,4,3,agent1,0,0,0,0,0,1.0,0.0,0.0,0.0,0.0
smtr_tci,0.2,4,3,agent1,1,1,1,0,1,1.0,1.0,0.0,1.0,1.0
smtr_tci,0.2,4,30,agent1,2,0,0,0,0,1.0,0.0,0.0,0.0,0.0
smtr_tci,0.2,4,31,agent1,1,0,0,0,0,0.0,0.0,0.0,0.0,0.0
smtr_tci,0.2,4,31,agent1,2,0,0,0,0,1.0,0.0,0.0,0.0,0.0
smtr_tci,0.2,4,32,agent1,0,0,0,0,0,1.0,0.0,0.0,0.0,0.0
smtr_tci,0.2,4,32,agent1,1,2,2,0,2,2.0,1.0,0.0,2.0,2.0
smtr_tci,0.2,4,33,agent1,1,2,2,0,2,2.0,1.0,0.0,2.0,2.0
smtr_tci,0.2,4,33,agent1,2,0,0,0,0,0.0,0.0,0.0,0.0,0.0
smtr_tci,0.2,4,34,agent1,0,0,0,0,0,0.0,0.0,0.0,0.0,0.0
smtr_tci,0.2,4,34,agent1,1,2,2,0,2,2.0,1.0,0.0,2.0,2.0
smtr_tci,0.2,4,34,agent1,2,2,2,0,2,2.0,1.0,0.0,2.0,2.0
smtr_tci,0.2,4,36,agent1,0,0,0,0,0,1.0,0.0,0.0,0.0,0.0
smtr_tci,0.2,4,36,agent1,1,0,0,0,0,1.0,0.0,0.0,0.0,0.0
smtr_tci,0.2,4,36,agent1,2,0,0,0,0,1.0,0.0,0.0,0.0,0.0
smtr_tci,0.2,4,37,agent1,0,0,0,0,0,1.0,0.0,0.0,0.0,0.0
smtr_tci,0.2,4,37,agent1,1,0,0,0,0,1.0,0.0,0.0,0.0,0.0
smtr_tci,0.2,4,37,agent1,2,0,0,0,0,1.0,0.0,0.0,0.0,0.0
smtr_tci,0.2,4,41,agent1,0,0,0,0,0,1.0,0.0,0.0,0.0,0.0
smtr_tci,0.2,4,41,agent1,1,4,4,0,4,4.0,1.0,0.0,4.0,4.0
smtr_tci,0.2,4,41,agent1,2,0,0,0,0,1.0,0.0,0.0,0.0,0.0
smtr_tci,0.2,4,42,agent1,0,0,0,0,0,1.0,0.0,0.0,0.0,0.0
smtr_tci,0.2,4,42,agent1,1,0,0,0,0,1.0,0.0,0.0,0.0,0.0
smtr_tci,0.2,4,42,agent1,2,0,0,0,0,1.0,0.0,0.0,0.0,0.0
smtr_tci,0.2,4,48,agent1,0,0,0,0,0,1.0,0.0,0.0,0.0,0.0
smtr_tci,0.2,4,48,agent1,2,0,0,0,0,1.0,0.0,0.0,0.0,0.0
smtr_tci,0.2,4,51,agent1,0,0,0,0,0,0.0,0.0,0.0,0.0,0.0
smtr_tci,0.2,4,51,agent1,1,0,0,0,0,0.0,0.0,0.0,0.0,0.0
smtr_tci,0.2,4,51,agent1,2,1,1,0,1,1.0,1.0,0.0,1.0,1.0
smtr_tci,0.2,4,57,agent1,0,1,0,0,0,0.0,0.0,0.0,0.0,1.0
smtr_tci,0.2,4,57,agent1,1,0,0,0,0,0.0,0.0,0.0,0.0,0.0
smtr_tci,0.2,4,57,agent1,2,0,0,0,0,0.0,0.0,0.0,0.0,0.0
smtr_tci,0.2,4,60,agent1,0,0,0,0,0,1.0,0.0,0.0,0.0,0.0
smtr_tci,0.2,4,60,agent1,1,0,0,0,0,1.0,0.0,0.0,0.0,0.0
smtr_tci,0.2,4,60,agent1,2,0,0,0,0,1.0,0.0,0.0,0.0,0.0
smtr_tci,0.2,4,61,agent1,0,0,0,0,0,0.0,0.0,0.0,0.0,0.0
smtr_tci,0.2,4,61,agent1,1,0,0,0,0,0.0,0.0,0.0,0.0,0.0
smtr_tci,0.2,4,61,agent1,2,0,0,0,0,0.0,0.0,0.0,0.0,0.0
smtr_tci,0.2,4,63,agent1,0,0,0,0,0,0.0,0.0,0.0,0.0,0.0
smtr_tci,0.2,4,63,agent1,1,0,0,0,0,0.0,0.0,0.0,0.0,0.0
smtr_tci,0.2,4,63,agent1,2,0,0,0,0,0.0,0.0,0.0,0.0,0.0
smtr_tci,0.2,4,64,agent1,0,0,0,0,0,0.0,0.0,0.0,0.0,0.0
smtr_tci,0.2,4,64,agent1,2,0,0,0,0,0.0,0.0,0.0,0.0,0.0
smtr_tci,0.2,4,65,agent1,0,0,0,0,0,1.0,0.0,0.0,0.0,0.0
smtr_tci,0.2,4,65,agent1,1,0,0,0,0,1.0,0.0,0.0,0.0,0.0
smtr_tci,0.2,4,65,agent1,2,0,0,0,0,1.0,0.0,0.0,0.0,0.0
smtr_tci,0.2,4,68,agent1,0,0,0,0,0,0.0,0.0,0.0,0.0,0.0
smtr_tci,0.2,4,68,agent1,1,0,0,0,0,0.0,0.0,0.0,0.0,0.0
smtr_tci,0.2,4,68,agent1,2,0,0,0,0,0.0,0.0,0.0,0.0,0.0
smtr_tci,0.2,4,69,agent1,0,0,0,0,0,1.0,0.0,0.0,0.0,0.0
smtr_tci,0.2,4,69,agent1,1,0,0,0,0,1.0,0.0,0.0,0.0,0.0
smtr_tci,0.2,4,69,agent1,2,4,4,0,4,4.0,1.0,0.0,4.0,4.0
smtr_tci,0.2,4,70,agent1,0,0,0,0,0,0.0,0.0,0.0,0.0,0.0
smtr_tci,0.2,4,70,agent1,1,0,0,0,0,0.0,0.0,0.0,0.0,0.0
smtr_tci,0.2,4,72,agent1,0,0,0,0,0,1.0,0.0,0.0,0.0,0.0
smtr_tci,0.2,4,72,agent1,1,0,0,0,0,1.0,0.0,0.0,0.0,0.0
smtr_tci,0.2,4,72,agent1,2,0,0,0,0,1.0,0.0,0.0,0.0,0.0
smtr_tci,0.2,4,73,agent1,1,0,0,0,0,0.0,0.0,0.0,0.0,0.0
smtr_tci,0.2,4,73,agent1,2,0,0,0,0,0.0,0.0,0.0,0.0,0.0
smtr_tci,0.2,4,75,agent1,0,0,0,0,0,0.0,0.0,0.0,0.0,0.0
smtr_tci,0.2,4,75,agent1,1,0,0,0,0,0.0,0.0,0.0,0.0,0.0
smtr_tci,0.2,4,75,agent1,2,0,0,0,0,0.0,0.0,0.0,0.0,0.0
smtr_tci,0.2,4,76,agent1,1,0,0,0,0,1.0,0.0,0.0,0.0,0.0
smtr_tci,0.2,4,77,agent1,0,0,0,0,0,0.0,0.0,0.0,0.0,0.0
smtr_tci,0.2,4,77,agent1,2,0,0,0,0,0.0,0.0,0.0,0.0,0.0
smtr_tci,0.2,4,79,agent1,0,0,0,0,0,0.0,0.0,0.0,0.0,0.0
smtr_tci,0.2,4,79,agent1,2,0,0,0,0,0.0,0.0,0.0,0.0,0.0
smtr_tci,0.2,4,8,agent1,0,0,0,0,0,1.0,0.0,0.0,0.0,0.0
smtr_tci,0.2,4,80,agent1,0,0,0,0,0,0.0,0.0,0.0,0.0,0.0
smtr_tci,0.2,4,80,agent1,1,0,0,0,0,0.0,0.0,0.0,0.0,0.0
smtr_tci,0.2,4,80,agent1,2,0,0,0,0,0.0,0.0,0.0,0.0,0.0
smtr_tci,0.2,4,82,agent1,0,0,0,0,0,0.0,0.0,0.0,0.0,0.0
smtr_tci,0.2,4,82,agent1,1,0,0,0,0,0.0,0.0,0.0,0.0,0.0
smtr_tci,0.2,4,84,agent1,0,0,0,0,0,0.0,0.0,0.0,0.0,0.0
smtr_tci,0.2,4,84,agent1,1,0,0,0,0,0.0,0.0,0.0,0.0,0.0
smtr_tci,0.2,4,84,agent1,2,0,0,0,0,0.0,0.0,0.0,0.0,0.0
smtr_tci,0.2,4,85,agent1,0,0,0,0,0,0.0,0.0,0.0,0.0,0.0
smtr_tci,0.2,4,85,agent1,1,0,0,0,0,0.0,0.0,0.0,0.0,0.0
smtr_tci,0.2,4,87,agent1,0,0,0,0,0,0.0,0.0,0.0,0.0,0.0
smtr_tci,0.2,4,87,agent1,2,0,0,0,0,0.0,0.0,0.0,0.0,0.0
smtr_tci,0.2,4,88,agent1,1,0,0,0,0,0.0,0.0,0.0,0.0,0.0
smtr_tci,0.2,4,88,agent1,2,0,0,0,0,0.0,0.0,0.0,0.0,0.0
smtr_tci,0.2,4,89,agent1,1,0,0,0,0,0.0,0.0,0.0,0.0,0.0
smtr_tci,0.2,4,89,agent1,2,0,0,0,0,0.0,0.0,0.0,0.0,0.0
smtr_tci,0.2,4,9,agent1,0,3,3,0,4,3.0,1.0,0.25,3.0,3.0
smtr_tci,0.2,4,9,agent1,1,1,0,0,0,1.0,0.0,0.0,0.0,1.0
smtr_tci,0.2,4,9,agent1,2,0,0,0,0,1.0,0.0,0.0,0.0,0.0
random_validation,0.2,0,10,agent1,0,2,1,0,3,1.0,0.5,0.6666666666666666,1.0,1.0
random_validation,0.2,0,10,agent1,1,2,1,0,1,1.0,0.5,0.0,1.0,1.0
random_validation,0.2,0,10,agent1,2,1,1,0,1,1.0,1.0,0.0,1.0,1.0
random_validation,0.2,0,100,agent1,1,2,0,0,0,0.0,0.0,0.0,0.0,0.0
random_validation,0.2,0,100,agent1,2,2,0,0,0,0.0,0.0,0.0,0.0,0.0
random_validation,0.2,0,11,agent1,1,3,0,0,0,0.0,0.0,0.0,0.0,0.0
random_validation,0.2,0,11,agent1,2,3,1,0,1,1.0,0.3333333333333333,0.0,1.0,1.0
random_validation,0.2,0,13,agent1,2,1,0,0,0,1.0,0.0,0.0,0.0,0.0
random_validation,0.2,0,16,agent1,0,4,0,0,0,1.0,0.0,0.0,0.0,0.0
random_validation,0.2,0,16,agent1,1,2,0,0,0,1.0,0.0,0.0,0.0,0.0
random_validation,0.2,0,17,agent1,0,3,0,0,0,0.0,0.0,0.0,0.0,0.0
random_validation,0.2,0,17,agent1,1,3,1,0,1,1.0,0.3333333333333333,0.0,1.0,1.0
random_validation,0.2,0,19,agent1,0,3,0,2,0,-1.0,0.0,0.0,-2.0,-2.0
random_validation,0.2,0,19,agent1,1,2,0,0,1,0.0,0.0,1.0,0.0,0.0
random_validation,0.2,0,19,agent1,2,2,0,0,0,0.0,0.0,0.0,0.0,0.0
random_validation,0.2,0,2,agent1,2,1,0,0,1,0.0,0.0,1.0,0.0,0.0
random_validation,0.2,0,21,agent1,0,1,0,0,0,0.0,0.0,0.0,0.0,0.0
random_validation,0.2,0,21,agent1,2,3,0,0,1,0.0,0.0,1.0,0.0,0.0
random_validation,0.2,0,22,agent1,0,2,0,0,0,1.0,0.0,0.0,0.0,0.0
random_validation,0.2,0,22,agent1,1,2,0,0,0,1.0,0.0,0.0,0.0,0.0
random_validation,0.2,0,23,agent1,0,2,1,0,1,1.0,0.5,0.0,1.0,1.0
random_validation,0.2,0,23,agent1,1,3,0,0,2,0.0,0.0,1.0,0.0,0.0
random_validation,0.2,0,23,agent1,2,3,1,0,2,1.0,0.3333333333333333,0.5,1.0,1.0
random_validation,0.2,0,26,agent1,0,5,0,0,0,1.0,0.0,0.0,0.0,0.0
random_validation,0.2,0,26,agent1,1,4,0,0,0,1.0,0.0,0.0,0.0,0.0
random_validation,0.2,0,26,agent1,2,4,0,0,0,1.0,0.0,0.0,0.0,0.0
random_validation,0.2,0,27,agent1,0,3,0,0,0,1.0,0.0,0.0,0.0,0.0
random_validation,0.2,0,27,agent1,1,4,0,0,0,1.0,0.0,0.0,0.0,0.0
random_validation,0.2,0,27,agent1,2,2,0,0,0,1.0,0.0,0.0,0.0,0.0
random_validation,0.2,0,29,agent1,0,3,1,0,1,1.0,0.3333333333333333,0.0,1.0,1.0
random_validation,0.2,0,29,agent1,1,3,0,0,0,0.0,0.0,0.0,0.0,0.0
random_validation,0.2,0,3,agent1,0,3,0,3,0,-2.0,0.0,0.0,-3.0,-3.0
random_validation,0.2,0,3,agent1,1,2,1,0,1,1.0,0.5,0.0,1.0,1.0
random_validation,0.2,0,30,agent1,2,1,0,0,0,1.0,0.0,0.0,0.0,0.0
random_validation,0.2,0,31,agent1,1,3,0,0,0,0.0,0.0,0.0,0.0,0.0
random_validation,0.2,0,31,agent1,2,0,0,0,0,1.0,0.0,0.0,0.0,0.0
random_validation,0.2,0,32,agent1,0,1,0,1,0,0.0,0.0,0.0,-1.0,-1.0
random_validation,0.2,0,32,agent1,1,4,2,0,2,2.0,0.5,0.0,2.0,1.0
random_validation,0.2,0,33,agent1,1,1,0,0,2,0.0,0.0,1.0,0.0,0.0
random_validation,0.2,0,33,agent1,2,1,0,0,0,0.0,0.0,0.0,0.0,0.0
random_validation,0.2,0,34,agent1,0,2,0,0,0,0.0,0.0,0.0,0.0,0.0
random_validation,0.2,0,34,agent1,1,5,2,0,2,2.0,0.4,0.0,2.0,2.0
random_validation,0.2,0,34,agent1,2,2,1,0,2,1.0,0.5,0.5,1.0,1.0
random_validation,0.2,0,36,agent1,0,3,0,0,0,1.0,0.0,0.0,0.0,0.0
random_validation,0.2,0,36,agent1,1,5,0,0,0,1.0,0.0,0.0,0.0,0.0
random_validation,0.2,0,36,agent1,2,1,0,0,0,1.0,0.0,0.0,0.0,0.0
random_validation,0.2,0,37,agent1,0,5,0,1,0,0.0,0.0,0.0,-1.0,-1.0
random_validation,0.2,0,37,agent1,1,1,0,0,0,1.0,0.0,0.0,0.0,0.0
random_validation,0.2,0,37,agent1,2,0,0,0,0,1.0,0.0,0.0,0.0,0.0
random_validation,0.2,0,41,agent1,0,3,0,1,0,0.0,0.0,0.0,-1.0,-1.0
random_validation,0.2,0,41,agent1,1,2,2,0,4,2.0,1.0,0.5,2.0,2.0
random_validation,0.2,0,41,agent1,2,1,0,0,0,1.0,0.0,0.0,0.0,1.0
random_validation,0.2,0,42,agent1,0,3,0,0,0,1.0,0.0,0.0,0.0,0.0
random_validation,0.2,0,42,agent1,1,2,0,0,0,1.0,0.0,0.0,0.0,0.0
random_validation,0.2,0,42,agent1,2,2,0,0,0,1.0,0.0,0.0,0.0,0.0
random_validation,0.2,0,48,agent1,0,2,0,0,0,1.0,0.0,0.0,0.0,0.0
random_validation,0.2,0,48,agent1,2,3,0,0,0,1.0,0.0,0.0,0.0,0.0
random_validation,0.2,0,51,agent1,0,4,0,0,0,0.0,0.0,0.0,0.0,0.0
random_validation,0.2,0,51,agent1,1,4,0,0,0,0.0,0.0,0.0,0.0,0.0
random_validation,0.2,0,51,agent1,2,1,0,0,1,0.0,0.0,1.0,0.0,0.0
random_validation,0.2,0,57,agent1,0,4,0,0,0,0.0,0.0,0.0,0.0,0.0
random_validation,0.2,0,57,agent1,1,3,0,0,0,0.0,0.0,0.0,0.0,0.0
random_validation,0.2,0,57,agent1,2,3,0,0,0,0.0,0.0,0.0,0.0,0.0
random_validation,0.2,0,60,agent1,0,4,0,2,0,-1.0,0.0,0.0,-2.0,-2.0
random_validation,0.2,0,60,agent1,1,3,0,0,0,1.0,0.0,0.0,0.0,0.0
random_validation,0.2,0,60,agent1,2,3,0,3,0,-2.0,0.0,0.0,-3.0,-3.0
random_validation,0.2,0,61,agent1,0,3,0,0,0,0.0,0.0,0.0,0.0,0.0
random_validation,0.2,0,61,agent1,1,4,0,0,0,0.0,0.0,0.0,0.0,0.0
random_validation,0.2,0,61,agent1,2,4,0,0,0,0.0,0.0,0.0,0.0,0.0
random_validation,0.2,0,63,agent1,0,3,0,0,0,0.0,0.0,0.0,0.0,0.0
random_validation,0.2,0,63,agent1,1,5,0,0,0,0.0,0.0,0.0,0.0,0.0
random_validation,0.2,0,63,agent1,2,4,0,0,0,0.0,0.0,0.0,0.0,0.0
random_validation,0.2,0,64,agent1,0,3,0,0,0,0.0,0.0,0.0,0.0,0.0
random_validation,0.2,0,64,agent1,2,2,0,0,0,0.0,0.0,0.0,0.0,0.0
random_validation,0.2,0,65,agent1,0,2,0,1,0,0.0,0.0,0.0,-1.0,-1.0
random_validation,0.2,0,65,agent1,1,1,0,0,0,1.0,0.0,0.0,0.0,0.0
random_validation,0.2,0,65,agent1,2,0,0,0,0,1.0,0.0,0.0,0.0,0.0
random_validation,0.2,0,68,agent1,0,4,0,0,0,0.0,0.0,0.0,0.0,0.0
random_validation,0.2,0,68,agent1,1,2,0,0,0,0.0,0.0,0.0,0.0,0.0
random_validation,0.2,0,68,agent1,2,3,0,0,0,0.0,0.0,0.0,0.0,0.0
random_validation,0.2,0,69,agent1,0,2,0,2,0,-1.0,0.0,0.0,-2.0,-2.0
random_validation,0.2,0,69,agent1,1,2,0,2,0,-1.0,0.0,0.0,-2.0,-2.0
random_validation,0.2,0,69,agent1,2,2,1,0,4,1.0,0.5,0.75,1.0,1.0
random_validation,0.2,0,70,agent1,0,2,0,0,0,0.0,0.0,0.0,0.0,0.0
random_validation,0.2,0,70,agent1,1,2,0,0,0,0.0,0.0,0.0,0.0,0.0
random_validation,0.2,0,72,agent1,0,1,0,0,0,1.0,0.0,0.0,0.0,0.0
random_validation,0.2,0,72,agent1,1,0,0,0,0,1.0,0.0,0.0,0.0,0.0
random_validation,0.2,0,72,agent1,2,0,0,0,0,1.0,0.0,0.0,0.0,0.0
random_validation,0.2,0,73,agent1,1,2,0,0,0,0.0,0.0,0.0,0.0,0.0
random_validation,0.2,0,73,agent1,2,3,0,0,0,0.0,0.0,0.0,0.0,0.0
random_validation,0.2,0,75,agent1,0,4,0,0,0,0.0,0.0,0.0,0.0,0.0
random_validation,0.2,0,75,agent1,1,2,0,0,0,0.0,0.0,0.0,0.0,0.0
random_validation,0.2,0,75,agent1,2,0,0,0,0,0.0,0.0,0.0,0.0,0.0
random_validation,0.2,0,76,agent1,1,0,0,0,0,1.0,0.0,0.0,0.0,0.0
random_validation,0.2,0,77,agent1,0,1,0,0,0,0.0,0.0,0.0,0.0,0.0
random_validation,0.2,0,77,agent1,2,5,0,0,0,0.0,0.0,0.0,0.0,1.0
random_validation,0.2,0,79,agent1,0,2,0,0,0,0.0,0.0,0.0,0.0,0.0
random_validation,0.2,0,79,agent1,2,3,0,0,0,0.0,0.0,0.0,0.0,0.0
random_validation,0.2,0,8,agent1,0,5,0,3,0,-2.0,0.0,0.0,-3.0,-3.0
random_validation,0.2,0,80,agent1,0,4,0,0,0,0.0,0.0,0.0,0.0,0.0
random_validation,0.2,0,80,agent1,1,1,0,0,0,0.0,0.0,0.0,0.0,0.0
random_validation,0.2,0,80,agent1,2,0,0,0,0,0.0,0.0,0.0,0.0,0.0
random_validation,0.2,0,82,agent1,0,2,0,0,0,0.0,0.0,0.0,0.0,0.0
random_validation,0.2,0,82,agent1,1,2,0,0,0,0.0,0.0,0.0,0.0,0.0
random_validation,0.2,0,84,agent1,0,2,0,0,0,0.0,0.0,0.0,0.0,0.0
random_validation,0.2,0,84,agent1,1,3,0,0,0,0.0,0.0,0.0,0.0,0.0
random_validation,0.2,0,84,agent1,2,2,0,0,0,0.0,0.0,0.0,0.0,0.0
random_validation,0.2,0,85,agent1,0,3,0,0,0,0.0,0.0,0.0,0.0,0.0
random_validation,0.2,0,85,agent1,1,4,0,0,0,0.0,0.0,0.0,0.0,0.0
random_validation,0.2,0,87,agent1,0,2,0,0,0,0.0,0.0,0.0,0.0,0.0
random_validation,0.2,0,87,agent1,2,2,0,0,0,0.0,0.0,0.0,0.0,0.0
random_validation,0.2,0,88,agent1,1,1,0,0,0,0.0,0.0,0.0,0.0,0.0
random_validation,0.2,0,88,agent1,2,3,0,0,0,0.0,0.0,0.0,0.0,0.0
random_validation,0.2,0,89,agent1,1,2,0,0,0,0.0,0.0,0.0,0.0,0.0
random_validation,0.2,0,89,agent1,2,2,0,0,0,0.0,0.0,0.0,0.0,0.0
random_validation,0.2,0,9,agent1,0,1,1,0,4,1.0,1.0,0.75,1.0,1.0
random_validation,0.2,0,9,agent1,1,2,0,0,0,1.0,0.0,0.0,0.0,0.0
random_validation,0.2,0,9,agent1,2,3,0,1,0,0.0,0.0,0.0,-1.0,-1.0
random_validation,0.2,1,10,agent1,0,2,2,0,3,2.0,1.0,0.3333333333333333,2.0,2.0
random_validation,0.2,1,10,agent1,1,0,0,0,1,0.0,0.0,1.0,0.0,0.0
random_validation,0.2,1,10,agent1,2,1,1,0,1,1.0,1.0,0.0,1.0,1.0
random_validation,0.2,1,100,agent1,1,1,0,0,0,0.0,0.0,0.0,0.0,0.0
random_validation,0.2,1,100,agent1,2,2,0,0,0,0.0,0.0,0.0,0.0,0.0
random_validation,0.2,1,11,agent1,1,1,0,0,0,0.0,0.0,0.0,0.0,0.0
random_validation,0.2,1,11,agent1,2,2,0,0,1,0.0,0.0,1.0,0.0,0.0
random_validation,0.2,1,13,agent1,2,0,0,0,0,1.0,0.0,0.0,0.0,0.0
random_validation,0.2,1,16,agent1,0,3,0,0,0,1.0,0.0,0.0,0.0,1.0
random_validation,0.2,1,16,agent1,1,2,0,0,0,1.0,0.0,0.0,0.0,0.0
random_validation,0.2,1,17,agent1,0,1,0,0,0,0.0,0.0,0.0,0.0,0.0
random_validation,0.2,1,17,agent1,1,1,0,0,1,0.0,0.0,1.0,0.0,1.0
random_validation,0.2,1,19,agent1,0,3,0,2,0,-1.0,0.0,0.0,-2.0,-2.0
random_validation,0.2,1,19,agent1,1,1,0,0,1,0.0,0.0,1.0,0.0,0.0
random_validation,0.2,1,19,agent1,2,1,0,0,0,0.0,0.0,0.0,0.0,0.0
random_validation,0.2,1,2,agent1,2,3,0,0,1,0.0,0.0,1.0,0.0,0.0
random_validation,0.2,1,21,agent1,0,0,0,0,0,0.0,0.0,0.0,0.0,0.0
random_validation,0.2,1,21,agent1,2,3,0,0,1,0.0,0.0,1.0,0.0,1.0
random_validation,0.2,1,22,agent1,0,1,0,0,0,1.0,0.0,0.0,0.0,0.0
random_validation,0.2,1,22,agent1,1,2,0,0,0,1.0,0.0,0.0,0.0,0.0
random_validation,0.2,1,23,agent1,0,3,1,0,1,1.0,0.3333333333333333,0.0,1.0,1.0
random_validation,0.2,1,23,agent1,1,4,1,0,2,1.0,0.25,0.5,1.0,1.0
random_validation,0.2,1,23,agent1,2,4,2,0,2,2.0,0.5,0.0,2.0,2.0
random_validation,0.2,1,26,agent1,0,1,0,0,0,1.0,0.0,0.0,0.0,0.0
random_validation,0.2,1,26,agent1,1,5,0,1,0,0.0,0.0,0.0,-1.0,-1.0
random_validation,0.2,1,26,agent1,2,3,0,0,0,1.0,0.0,0.0,0.0,0.0
random_validation,0.2,1,27,agent1,0,4,0,0,0,1.0,0.0,0.0,0.0,0.0
random_validation,0.2,1,27,agent1,1,0,0,0,0,1.0,0.0,0.0,0.0,0.0
random_validation,0.2,1,27,agent1,2,3,0,0,0,1.0,0.0,0.0,0.0,0.0
random_validation,0.2,1,29,agent1,0,3,0,0,1,0.0,0.0,1.0,0.0,0.0
random_validation,0.2,1,29,agent1,1,5,0,0,0,0.0,0.0,0.0,0.0,0.0
random_validation,0.2,1,3,agent1,0,4,0,4,0,-3.0,0.0,0.0,-4.0,-4.0
random_validation,0.2,1,3,agent1,1,2,0,0,1,0.0,0.0,1.0,0.0,0.0
random_validation,0.2,1,30,agent1,2,0,0,0,0,1.0,0.0,0.0,0.0,0.0
random_validation,0.2,1,31,agent1,1,1,0,0,0,0.0,0.0,0.0,0.0,0.0
random_validation,0.2,1,31,agent1,2,2,0,1,0,0.0,0.0,0.0,-1.0,-1.0
random_validation,0.2,1,32,agent1,0,4,0,4,0,-3.0,0.0,0.0,-4.0,-4.0
random_validation,0.2,1,32,agent1,1,2,0,0,2,0.0,0.0,1.0,0.0,0.0
random_validation,0.2,1,33,agent1,1,1,0,0,2,0.0,0.0,1.0,0.0,0.0
random_validation,0.2,1,33,agent1,2,2,0,0,0,0.0,0.0,0.0,0.0,0.0
random_validation,0.2,1,34,agent1,0,4,0,0,0,0.0,0.0,0.0,0.0,0.0
random_validation,0.2,1,34,agent1,1,3,1,0,2,1.0,0.3333333333333333,0.5,1.0,1.0
random_validation,0.2,1,34,agent1,2,1,0,0,2,0.0,0.0,1.0,0.0,0.0
random_validation,0.2,1,36,agent1,0,5,0,0,0,1.0,0.0,0.0,0.0,0.0
random_validation,0.2,1,36,agent1,1,2,0,0,0,1.0,0.0,0.0,0.0,0.0
random_validation,0.2,1,36,agent1,2,2,0,0,0,1.0,0.0,0.0,0.0,0.0
random_validation,0.2,1,37,agent1,0,2,0,0,0,1.0,0.0,0.0,0.0,0.0
random_validation,0.2,1,37,agent1,1,3,0,1,0,0.0,0.0,0.0,-1.0,-1.0
random_validation,0.2,1,37,agent1,2,3,0,2,0,-1.0,0.0,0.0,-2.0,-2.0
random_validation,0.2,1,41,agent1,0,1,0,0,0,1.0,0.0,0.0,0.0,0.0
random_validation,0.2,1,41,agent1,1,1,0,0,4,0.0,0.0,1.0,0.0,0.0
random_validation,0.2,1,41,agent1,2,3,0,0,0,1.0,0.0,0.0,0.0,0.0
random_validation,0.2,1,42,agent1,0,3,0,0,0,1.0,0.0,0.0,0.0,0.0
random_validation,0.2,1,42,agent1,1,3,0,1,0,0.0,0.0,0.0,-1.0,-1.0
random_validation,0.2,1,42,agent1,2,3,0,0,0,1.0,0.0,0.0,0.0,0.0
random_validation,0.2,1,48,agent1,0,2,0,0,0,1.0,0.0,0.0,0.0,0.0
random_validation,0.2,1,48,agent1,2,2,0,0,0,1.0,0.0,0.0,0.0,0.0
random_validation,0.2,1,51,agent1,0,4,0,0,0,0.0,0.0,0.0,0.0,0.0
random_validation,0.2,1,51,agent1,1,1,0,0,0,0.0,0.0,0.0,0.0,0.0
random_validation,0.2,1,51,agent1,2,0,0,0,1,0.0,0.0,1.0,0.0,0.0
random_validation,0.2,1,57,agent1,0,1,0,0,0,0.0,0.0,0.0,0.0,0.0
random_validation,0.2,1,57,agent1,1,1,0,0,0,0.0,0.0,0.0,0.0,0.0
random_validation,0.2,1,57,agent1,2,2,0,0,0,0.0,0.0,0.0,0.0,0.0
random_validation,0.2,1,60,agent1,0,3,0,1,0,0.0,0.0,0.0,-1.0,-1.0
random_validation,0.2,1,60,agent1,1,3,0,0,0,1.0,0.0,0.0,0.0,0.0
random_validation,0.2,1,60,agent1,2,3,0,2,0,-1.0,0.0,0.0,-2.0,-2.0
random_validation,0.2,1,61,agent1,0,1,0,0,0,0.0,0.0,0.0,0.0,0.0
random_validation,0.2,1,61,agent1,1,4,0,0,0,0.0,0.0,0.0,0.0,0.0
random_validation,0.2,1,61,agent1,2,2,0,0,0,0.0,0.0,0.0,0.0,0.0
random_validation,0.2,1,63,agent1,0,1,0,0,0,0.0,0.0,0.0,0.0,0.0
random_validation,0.2,1,63,agent1,1,3,0,0,0,0.0,0.0,0.0,0.0,0.0
random_validation,0.2,1,63,agent1,2,3,0,0,0,0.0,0.0,0.0,0.0,0.0
random_validation,0.2,1,64,agent1,0,4,0,0,0,0.0,0.0,0.0,0.0,0.0
random_validation,0.2,1,64,agent1,2,3,0,0,0,0.0,0.0,0.0,0.0,0.0
random_validation,0.2,1,65,agent1,0,2,0,1,0,0.0,0.0,0.0,-1.0,-1.0
random_validation,0.2,1,65,agent1,1,1,0,0,0,1.0,0.0,0.0,0.0,0.0
random_validation,0.2,1,65,agent1,2,2,0,0,0,1.0,0.0,0.0,0.0,0.0
random_validation,0.2,1,68,agent1,0,2,0,0,0,0.0,0.0,0.0,0.0,0.0
random_validation,0.2,1,68,agent1,1,4,0,0,0,0.0,0.0,0.0,0.0,0.0
random_validation,0.2,1,68,agent1,2,4,0,0,0,0.0,0.0,0.0,0.0,0.0
random_validation,0.2,1,69,agent1,0,3,0,2,0,-1.0,0.0,0.0,-2.0,-2.0
random_validation,0.2,1,69,agent1,1,3,0,3,0,-2.0,0.0,0.0,-3.0,-3.0
random_validation,0.2,1,69,agent1,2,1,1,0,4,1.0,1.0,0.75,1.0,1.0
random_validation,0.2,1,70,agent1,0,3,0,0,0,0.0,0.0,0.0,0.0,0.0
random_validation,0.2,1,70,agent1,1,2,0,0,0,0.0,0.0,0.0,0.0,0.0
random_validation,0.2,1,72,agent1,0,1,0,0,0,1.0,0.0,0.0,0.0,0.0
random_validation,0.2,1,72,agent1,1,1,0,0,0,1.0,0.0,0.0,0.0,0.0
random_validation,0.2,1,72,agent1,2,2,0,0,0,1.0,0.0,0.0,0.0,0.0
random_validation,0.2,1,73,agent1,1,1,0,0,0,0.0,0.0,0.0,0.0,0.0
random_validation,0.2,1,73,agent1,2,3,0,0,0,0.0,0.0,0.0,0.0,0.0
random_validation,0.2,1,75,agent1,0,4,0,0,0,0.0,0.0,0.0,0.0,0.0
random_validation,0.2,1,75,agent1,1,1,0,0,0,0.0,0.0,0.0,0.0,0.0
random_validation,0.2,1,75,agent1,2,1,0,0,0,0.0,0.0,0.0,0.0,0.0
random_validation,0.2,1,76,agent1,1,0,0,0,0,1.0,0.0,0.0,0.0,0.0
random_validation,0.2,1,77,agent1,0,0,0,0,0,0.0,0.0,0.0,0.0,0.0
random_validation,0.2,1,77,agent1,2,2,0,0,0,0.0,0.0,0.0,0.0,0.0
random_validation,0.2,1,79,agent1,0,1,0,0,0,0.0,0.0,0.0,0.0,0.0
random_validation,0.2,1,79,agent1,2,2,0,0,0,0.0,0.0,0.0,0.0,0.0
random_validation,0.2,1,8,agent1,0,2,0,2,0,-1.0,0.0,0.0,-2.0,-2.0
random_validation,0.2,1,80,agent1,0,2,0,0,0,0.0,0.0,0.0,0.0,0.0
random_validation,0.2,1,80,agent1,1,3,0,0,0,0.0,0.0,0.0,0.0,0.0
random_validation,0.2,1,80,agent1,2,3,0,0,0,0.0,0.0,0.0,0.0,0.0
random_validation,0.2,1,82,agent1,0,1,0,0,0,0.0,0.0,0.0,0.0,0.0
random_validation,0.2,1,82,agent1,1,3,0,0,0,0.0,0.0,0.0,0.0,0.0
random_validation,0.2,1,84,agent1,0,0,0,0,0,0.0,0.0,0.0,0.0,0.0
random_validation,0.2,1,84,agent1,1,3,0,0,0,0.0,0.0,0.0,0.0,0.0
random_validation,0.2,1,84,agent1,2,3,0,0,0,0.0,0.0,0.0,0.0,0.0
random_validation,0.2,1,85,agent1,0,3,0,0,0,0.0,0.0,0.0,0.0,0.0
random_validation,0.2,1,85,agent1,1,2,0,0,0,0.0,0.0,0.0,0.0,0.0
random_validation,0.2,1,87,agent1,0,2,0,0,0,0.0,0.0,0.0,0.0,0.0
random_validation,0.2,1,87,agent1,2,3,0,0,0,0.0,0.0,0.0,0.0,0.0
random_validation,0.2,1,88,agent1,1,2,0,0,0,0.0,0.0,0.0,0.0,0.0
random_validation,0.2,1,88,agent1,2,1,0,0,0,0.0,0.0,0.0,0.0,0.0
random_validation,0.2,1,89,agent1,1,3,0,0,0,0.0,0.0,0.0,0.0,0.0
random_validation,0.2,1,89,agent1,2,3,0,0,0,0.0,0.0,0.0,0.0,0.0
random_validation,0.2,1,9,agent1,0,1,1,0,4,1.0,1.0,0.75,1.0,1.0
random_validation,0.2,1,9,agent1,1,1,0,0,0,1.0,0.0,0.0,0.0,0.0
random_validation,0.2,1,9,agent1,2,2,0,0,0,1.0,0.0,0.0,0.0,0.0
random_validation,0.2,2,10,agent1,0,0,0,0,3,0.0,0.0,1.0,0.0,0.0
random_validation,0.2,2,10,agent1,1,1,0,0,1,0.0,0.0,1.0,0.0,0.0
random_validation,0.2,2,10,agent1,2,1,1,0,1,1.0,1.0,0.0,1.0,1.0
random_validation,0.2,2,100,agent1,1,3,0,0,0,0.0,0.0,0.0,0.0,0.0
random_validation,0.2,2,100,agent1,2,1,0,0,0,0.0,0.0,0.0,0.0,0.0
random_validation,0.2,2,11,agent1,1,2,0,0,0,0.0,0.0,0.0,0.0,0.0
random_validation,0.2,2,11,agent1,2,4,1,0,1,1.0,0.25,0.0,1.0,2.0
random_validation,0.2,2,13,agent1,2,0,0,0,0,1.0,0.0,0.0,0.0,0.0
random_validation,0.2,2,16,agent1,0,5,0,0,0,1.0,0.0,0.0,0.0,0.0
random_validation,0.2,2,16,agent1,1,4,0,0,0,1.0,0.0,0.0,0.0,0.0
random_validation,0.2,2,17,agent1,0,1,0,0,0,0.0,0.0,0.0,0.0,0.0
random_validation,0.2,2,17,agent1,1,0,0,0,1,0.0,0.0,1.0,0.0,0.0
random_validation,0.2,2,19,agent1,0,2,0,1,0,0.0,0.0,0.0,-1.0,-1.0
random_validation,0.2,2,19,agent1,1,3,1,0,1,1.0,0.3333333333333333,0.0,1.0,1.0
random_validation,0.2,2,19,agent1,2,2,0,0,0,0.0,0.0,0.0,0.0,0.0
random_validation,0.2,2,2,agent1,2,3,0,0,1,0.0,0.0,1.0,0.0,0.0
random_validation,0.2,2,21,agent1,0,0,0,0,0,0.0,0.0,0.0,0.0,0.0
random_validation,0.2,2,21,agent1,2,3,0,0,1,0.0,0.0,1.0,0.0,0.0
random_validation,0.2,2,22,agent1,0,3,0,0,0,1.0,0.0,0.0,0.0,0.0
random_validation,0.2,2,22,agent1,1,2,0,0,0,1.0,0.0,0.0,0.0,0.0
random_validation,0.2,2,23,agent1,0,1,0,0,1,0.0,0.0,1.0,0.0,0.0
random_validation,0.2,2,23,agent1,1,3,1,0,2,1.0,0.3333333333333333,0.5,1.0,1.0
random_validation,0.2,2,23,agent1,2,3,1,0,2,1.0,0.3333333333333333,0.5,1.0,1.0
random_validation,0.2,2,26,agent1,0,3,0,0,0,1.0,0.0,0.0,0.0,0.0
random_validation,0.2,2,26,agent1,1,5,0,1,0,0.0,0.0,0.0,-1.0,-1.0
random_validation,0.2,2,26,agent1,2,4,0,0,0,1.0,0.0,0.0,0.0,0.0
random_validation,0.2,2,27,agent1,0,1,0,0,0,1.0,0.0,0.0,0.0,0.0
random_validation,0.2,2,27,agent1,1,2,0,0,0,1.0,0.0,0.0,0.0,0.0
random_validation,0.2,2,27,agent1,2,0,0,0,0,1.0,0.0,0.0,0.0,0.0
random_validation,0.2,2,29,agent1,0,0,0,0,1,0.0,0.0,1.0,0.0,0.0
random_validation,0.2,2,29,agent1,1,2,0,0,0,0.0,0.0,0.0,0.0,0.0
random_validation,0.2,2,3,agent1,0,5,0,4,0,-3.0,0.0,0.0,-4.0,-3.0
random_validation,0.2,2,3,agent1,1,3,1,0,1,1.0,0.3333333333333333,0.0,1.0,1.0
random_validation,0.2,2,30,agent1,2,3,0,0,0,1.0,0.0,0.0,0.0,0.0
random_validation,0.2,2,31,agent1,1,1,0,0,0,0.0,0.0,0.0,0.0,0.0
random_validation,0.2,2,31,agent1,2,0,0,0,0,1.0,0.0,0.0,0.0,0.0
random_validation,0.2,2,32,agent1,0,1,0,1,0,0.0,0.0,0.0,-1.0,-1.0
random_validation,0.2,2,32,agent1,1,2,1,0,2,1.0,0.5,0.5,1.0,1.0
random_validation,0.2,2,33,agent1,1,2,0,0,2,0.0,0.0,1.0,0.0,0.0
random_validation,0.2,2,33,agent1,2,2,0,0,0,0.0,0.0,0.0,0.0,0.0
random_validation,0.2,2,34,agent1,0,4,0,0,0,0.0,0.0,0.0,0.0,0.0
random_validation,0.2,2,34,agent1,1,6,2,0,2,2.0,0.3333333333333333,0.0,2.0,2.0
random_validation,0.2,2,34,agent1,2,2,1,0,2,1.0,0.5,0.5,1.0,1.0
random_validation,0.2,2,36,agent1,0,1,0,0,0,1.0,0.0,0.0,0.0,0.0
random_validation,0.2,2,36,agent1,1,0,0,0,0,1.0,0.0,0.0,0.0,0.0
random_validation,0.2,2,36,agent1,2,2,0,0,0,1.0,0.0,0.0,0.0,0.0
random_validation,0.2,2,37,agent1,0,4,0,1,0,0.0,0.0,0.0,-1.0,-1.0
random_validation,0.2,2,37,agent1,1,1,0,1,0,0.0,0.0,0.0,-1.0,-1.0
random_validation,0.2,2,37,agent1,2,4,0,1,0,0.0,0.0,0.0,-1.0,0.0
random_validation,0.2,2,41,agent1,0,4,0,1,0,0.0,0.0,0.0,-1.0,-1.0
random_validation,0.2,2,41,agent1,1,1,0,0,4,0.0,0.0,1.0,0.0,0.0
random_validation,0.2,2,41,agent1,2,3,0,0,0,1.0,0.0,0.0,0.0,0.0
random_validation,0.2,2,42,agent1,0,3,0,0,0,1.0,0.0,0.0,0.0,0.0
random_validation,0.2,2,42,agent1,1,3,0,0,0,1.0,0.0,0.0,0.0,0.0
random_validation,0.2,2,42,agent1,2,3,0,0,0,1.0,0.0,0.0,0.0,0.0
random_validation,0.2,2,48,agent1,0,2,0,0,0,1.0,0.0,0.0,0.0,0.0
random_validation,0.2,2,48,agent1,2,5,0,0,0,1.0,0.0,0.0,0.0,0.0
random_validation,0.2,2,51,agent1,0,2,0,0,0,0.0,0.0,0.0,0.0,0.0
random_validation,0.2,2,51,agent1,1,5,0,0,0,0.0,0.0,0.0,0.0,0.0
random_validation,0.2,2,51,agent1,2,3,1,0,1,1.0,0.3333333333333333,0.0,1.0,1.0
random_validation,0.2,2,57,agent1,0,2,0,0,0,0.0,0.0,0.0,0.0,0.0
random_validation,0.2,2,57,agent1,1,4,0,0,0,0.0,0.0,0.0,0.0,0.0
random_validation,0.2,2,57,agent1,2,2,0,0,0,0.0,0.0,0.0,0.0,0.0
random_validation,0.2,2,60,agent1,0,1,0,1,0,0.0,0.0,0.0,-1.0,-1.0
random_validation,0.2,2,60,agent1,1,4,0,0,0,1.0,0.0,0.0,0.0,0.0
random_validation,0.2,2,60,agent1,2,3,0,2,0,-1.0,0.0,0.0,-2.0,-2.0
random_validation,0.2,2,61,agent1,0,3,0,0,0,0.0,0.0,0.0,0.0,0.0
random_validation,0.2,2,61,agent1,1,6,0,0,0,0.0,0.0,0.0,0.0,0.0
random_validation,0.2,2,61,agent1,2,5,0,0,0,0.0,0.0,0.0,0.0,0.0
random_validation,0.2,2,63,agent1,0,2,0,0,0,0.0,0.0,0.0,0.0,0.0
random_validation,0.2,2,63,agent1,1,5,0,0,0,0.0,0.0,0.0,0.0,0.0
random_validation,0.2,2,63,agent1,2,3,0,0,0,0.0,0.0,0.0,0.0,1.0
random_validation,0.2,2,64,agent1,0,2,0,0,0,0.0,0.0,0.0,0.0,0.0
random_validation,0.2,2,64,agent1,2,2,0,0,0,0.0,0.0,0.0,0.0,0.0
random_validation,0.2,2,65,agent1,0,0,0,0,0,1.0,0.0,0.0,0.0,0.0
random_validation,0.2,2,65,agent1,1,1,0,0,0,1.0,0.0,0.0,0.0,0.0
random_validation,0.2,2,65,agent1,2,1,0,0,0,1.0,0.0,0.0,0.0,0.0
random_validation,0.2,2,68,agent1,0,2,0,0,0,0.0,0.0,0.0,0.0,0.0
random_validation,0.2,2,68,agent1,1,4,0,0,0,0.0,0.0,0.0,0.0,-1.0
random_validation,0.2,2,68,agent1,2,3,0,0,0,0.0,0.0,0.0,0.0,0.0
random_validation,0.2,2,69,agent1,0,1,0,0,0,1.0,0.0,0.0,0.0,0.0
random_validation,0.2,2,69,agent1,1,3,0,3,0,-2.0,0.0,0.0,-3.0,-3.0
random_validation,0.2,2,69,agent1,2,2,1,0,4,1.0,0.5,0.75,1.0,1.0
random_validation,0.2,2,70,agent1,0,2,0,0,0,0.0,0.0,0.0,0.0,0.0
random_validation,0.2,2,70,agent1,1,3,0,0,0,0.0,0.0,0.0,0.0,0.0
random_validation,0.2,2,72,agent1,0,2,0,0,0,1.0,0.0,0.0,0.0,0.0
random_validation,0.2,2,72,agent1,1,2,0,0,0,1.0,0.0,0.0,0.0,0.0
random_validation,0.2,2,72,agent1,2,2,0,0,0,1.0,0.0,0.0,0.0,0.0
random_validation,0.2,2,73,agent1,1,3,0,0,0,0.0,0.0,0.0,0.0,0.0
random_validation,0.2,2,73,agent1,2,2,0,0,0,0.0,0.0,0.0,0.0,0.0
random_validation,0.2,2,75,agent1,0,1,0,0,0,0.0,0.0,0.0,0.0,0.0
random_validation,0.2,2,75,agent1,1,3,0,0,0,0.0,0.0,0.0,0.0,0.0
random_validation,0.2,2,75,agent1,2,1,0,0,0,0.0,0.0,0.0,0.0,0.0
random_validation,0.2,2,76,agent1,1,1,0,0,0,1.0,0.0,0.0,0.0,0.0
random_validation,0.2,2,77,agent1,0,1,0,0,0,0.0,0.0,0.0,0.0,0.0
random_validation,0.2,2,77,agent1,2,2,0,0,0,0.0,0.0,0.0,0.0,0.0
random_validation,0.2,2,79,agent1,0,1,0,0,0,0.0,0.0,0.0,0.0,0.0
random_validation,0.2,2,79,agent1,2,2,0,0,0,0.0,0.0,0.0,0.0,0.0
random_validation,0.2,2,8,agent1,0,2,0,1,0,0.0,0.0,0.0,-1.0,-1.0
random_validation,0.2,2,80,agent1,0,3,0,0,0,0.0,0.0,0.0,0.0,0.0
random_validation,0.2,2,80,agent1,1,1,0,0,0,0.0,0.0,0.0,0.0,0.0
random_validation,0.2,2,80,agent1,2,4,0,0,0,0.0,0.0,0.0,0.0,0.0
random_validation,0.2,2,82,agent1,0,0,0,0,0,0.0,0.0,0.0,0.0,0.0
random_validation,0.2,2,82,agent1,1,1,0,0,0,0.0,0.0,0.0,0.0,0.0
random_validation,0.2,2,84,agent1,0,2,0,0,0,0.0,0.0,0.0,0.0,0.0
random_validation,0.2,2,84,agent1,1,3,0,0,0,0.0,0.0,0.0,0.0,0.0
random_validation,0.2,2,84,agent1,2,1,0,0,0,0.0,0.0,0.0,0.0,0.0
random_validation,0.2,2,85,agent1,0,2,0,0,0,0.0,0.0,0.0,0.0,0.0
random_validation,0.2,2,85,agent1,1,4,0,0,0,0.0,0.0,0.0,0.0,0.0
random_validation,0.2,2,87,agent1,0,4,0,0,0,0.0,0.0,0.0,0.0,0.0
random_validation,0.2,2,87,agent1,2,0,0,0,0,0.0,0.0,0.0,0.0,0.0
random_validation,0.2,2,88,agent1,1,4,0,0,0,0.0,0.0,0.0,0.0,0.0
random_validation,0.2,2,88,agent1,2,2,0,0,0,0.0,0.0,0.0,0.0,0.0
random_validation,0.2,2,89,agent1,1,3,0,0,0,0.0,0.0,0.0,0.0,0.0
random_validation,0.2,2,89,agent1,2,4,0,0,0,0.0,0.0,0.0,0.0,0.0
random_validation,0.2,2,9,agent1,0,3,3,0,4,3.0,1.0,0.25,3.0,3.0
random_validation,0.2,2,9,agent1,1,4,0,0,0,1.0,0.0,0.0,0.0,0.0
random_validation,0.2,2,9,agent1,2,4,0,0,0,1.0,0.0,0.0,0.0,0.0
random_validation,0.2,3,10,agent1,0,3,2,0,3,2.0,0.6666666666666666,0.3333333333333333,2.0,2.0
random_validation,0.2,3,10,agent1,1,0,0,0,1,0.0,0.0,1.0,0.0,0.0
random_validation,0.2,3,10,agent1,2,2,1,0,1,1.0,0.5,0.0,1.0,0.0
random_validation,0.2,3,100,agent1,1,1,0,0,0,0.0,0.0,0.0,0.0,0.0
random_validation,0.2,3,100,agent1,2,2,0,0,0,0.0,0.0,0.0,0.0,0.0
random_validation,0.2,3,11,agent1,1,0,0,0,0,0.0,0.0,0.0,0.0,0.0
random_validation,0.2,3,11,agent1,2,3,0,0,1,0.0,0.0,1.0,0.0,0.0
random_validation,0.2,3,13,agent1,2,0,0,0,0,1.0,0.0,0.0,0.0,0.0
random_validation,0.2,3,16,agent1,0,2,0,0,0,1.0,0.0,0.0,0.0,0.0
random_validation,0.2,3,16,agent1,1,4,0,0,0,1.0,0.0,0.0,0.0,0.0
random_validation,0.2,3,17,agent1,0,2,0,0,0,0.0,0.0,0.0,0.0,0.0
random_validation,0.2,3,17,agent1,1,3,1,0,1,1.0,0.3333333333333333,0.0,1.0,1.0
random_validation,0.2,3,19,agent1,0,1,0,1,0,0.0,0.0,0.0,-1.0,-1.0
random_validation,0.2,3,19,agent1,1,3,1,0,1,1.0,0.3333333333333333,0.0,1.0,1.0
random_validation,0.2,3,19,agent1,2,1,0,0,0,0.0,0.0,0.0,0.0,0.0
random_validation,0.2,3,2,agent1,2,1,0,0,1,0.0,0.0,1.0,0.0,0.0
random_validation,0.2,3,21,agent1,0,1,0,0,0,0.0,0.0,0.0,0.0,0.0
random_validation,0.2,3,21,agent1,2,3,1,0,1,1.0,0.3333333333333333,0.0,1.0,1.0
random_validation,0.2,3,22,agent1,0,2,0,0,0,1.0,0.0,0.0,0.0,0.0
random_validation,0.2,3,22,agent1,1,3,0,0,0,1.0,0.0,0.0,0.0,0.0
random_validation,0.2,3,23,agent1,0,2,1,0,1,1.0,0.5,0.0,1.0,1.0
random_validation,0.2,3,23,agent1,1,1,0,0,2,0.0,0.0,1.0,0.0,-1.0
random_validation,0.2,3,23,agent1,2,0,0,0,2,0.0,0.0,1.0,0.0,0.0
random_validation,0.2,3,26,agent1,0,4,0,0,0,1.0,0.0,0.0,0.0,0.0
random_validation,0.2,3,26,agent1,1,2,0,1,0,0.0,0.0,0.0,-1.0,-1.0
random_validation,0.2,3,26,agent1,2,2,0,0,0,1.0,0.0,0.0,0.0,0.0
random_validation,0.2,3,27,agent1,0,3,0,0,0,1.0,0.0,0.0,0.0,0.0
random_validation,0.2,3,27,agent1,1,3,0,0,0,1.0,0.0,0.0,0.0,0.0
random_validation,0.2,3,27,agent1,2,2,0,0,0,1.0,0.0,0.0,0.0,0.0
random_validation,0.2,3,29,agent1,0,1,0,0,1,0.0,0.0,1.0,0.0,0.0
random_validation,0.2,3,29,agent1,1,3,0,0,0,0.0,0.0,0.0,0.0,0.0
random_validation,0.2,3,3,agent1,0,2,0,2,0,-1.0,0.0,0.0,-2.0,-2.0
random_validation,0.2,3,3,agent1,1,3,0,0,1,0.0,0.0,1.0,0.0,0.0
random_validation,0.2,3,30,agent1,2,1,0,0,0,1.0,0.0,0.0,0.0,0.0
random_validation,0.2,3,31,agent1,1,2,0,0,0,0.0,0.0,0.0,0.0,0.0
random_validation,0.2,3,31,agent1,2,3,0,1,0,0.0,0.0,0.0,-1.0,-1.0
random_validation,0.2,3,32,agent1,0,4,0,4,0,-3.0,0.0,0.0,-4.0,-4.0
random_validation,0.2,3,32,agent1,1,0,0,0,2,0.0,0.0,1.0,0.0,0.0
random_validation,0.2,3,33,agent1,1,1,1,0,2,1.0,1.0,0.5,1.0,1.0
random_validation,0.2,3,33,agent1,2,3,0,0,0,0.0,0.0,0.0,0.0,0.0
random_validation,0.2,3,34,agent1,0,2,0,0,0,0.0,0.0,0.0,0.0,0.0
random_validation,0.2,3,34,agent1,1,3,0,0,2,0.0,0.0,1.0,0.0,0.0
random_validation,0.2,3,34,agent1,2,5,2,0,2,2.0,0.4,0.0,2.0,2.0
random_validation,0.2,3,36,agent1,0,2,0,0,0,1.0,0.0,0.0,0.0,0.0
random_validation,0.2,3,36,agent1,1,3,0,0,0,1.0,0.0,0.0,0.0,0.0
random_validation,0.2,3,36,agent1,2,2,0,0,0,1.0,0.0,0.0,0.0,0.0
random_validation,0.2,3,37,agent1,0,1,0,0,0,1.0,0.0,0.0,0.0,0.0
random_validation,0.2,3,37,agent1,1,2,0,0,0,1.0,0.0,0.0,0.0,0.0
random_validation,0.2,3,37,agent1,2,4,0,2,0,-1.0,0.0,0.0,-2.0,-2.0
random_validation,0.2,3,41,agent1,0,4,0,0,0,1.0,0.0,0.0,0.0,0.0
random_validation,0.2,3,41,agent1,1,3,2,0,4,2.0,0.6666666666666666,0.5,2.0,2.0
random_validation,0.2,3,41,agent1,2,4,0,0,0,1.0,0.0,0.0,0.0,0.0
random_validation,0.2,3,42,agent1,0,0,0,0,0,1.0,0.0,0.0,0.0,0.0
random_validation,0.2,3,42,agent1,1,6,0,1,0,0.0,0.0,0.0,-1.0,-1.0
random_validation,0.2,3,42,agent1,2,2,0,0,0,1.0,0.0,0.0,0.0,0.0
random_validation,0.2,3,48,agent1,0,3,0,0,0,1.0,0.0,0.0,0.0,0.0
random_validation,0.2,3,48,agent1,2,1,0,0,0,1.0,0.0,0.0,0.0,0.0
random_validation,0.2,3,51,agent1,0,3,0,0,0,0.0,0.0,0.0,0.0,0.0
random_validation,0.2,3,51,agent1,1,2,0,0,0,0.0,0.0,0.0,0.0,0.0
random_validation,0.2,3,51,agent1,2,2,1,0,1,1.0,0.5,0.0,1.0,1.0
random_validation,0.2,3,57,agent1,0,3,0,0,0,0.0,0.0,0.0,0.0,0.0
random_validation,0.2,3,57,agent1,1,2,0,0,0,0.0,0.0,0.0,0.0,0.0
random_validation,0.2,3,57,agent1,2,2,0,0,0,0.0,0.0,0.0,0.0,0.0
random_validation,0.2,3,60,agent1,0,3,0,0,0,1.0,0.0,0.0,0.0,0.0
random_validation,0.2,3,60,agent1,1,1,0,0,0,1.0,0.0,0.0,0.0,0.0
random_validation,0.2,3,60,agent1,2,2,0,2,0,-1.0,0.0,0.0,-2.0,-2.0
random_validation,0.2,3,61,agent1,0,2,0,0,0,0.0,0.0,0.0,0.0,0.0
random_validation,0.2,3,61,agent1,1,5,0,0,0,0.0,0.0,0.0,0.0,0.0
random_validation,0.2,3,61,agent1,2,2,0,0,0,0.0,0.0,0.0,0.0,0.0
random_validation,0.2,3,63,agent1,0,4,0,0,0,0.0,0.0,0.0,0.0,0.0
random_validation,0.2,3,63,agent1,1,3,0,0,0,0.0,0.0,0.0,0.0,0.0
random_validation,0.2,3,63,agent1,2,4,0,0,0,0.0,0.0,0.0,0.0,0.0
random_validation,0.2,3,64,agent1,0,3,0,0,0,0.0,0.0,0.0,0.0,0.0
random_validation,0.2,3,64,agent1,2,3,0,0,0,0.0,0.0,0.0,0.0,0.0
random_validation,0.2,3,65,agent1,0,0,0,0,0,1.0,0.0,0.0,0.0,0.0
random_validation,0.2,3,65,agent1,1,1,0,0,0,1.0,0.0,0.0,0.0,0.0
random_validation,0.2,3,65,agent1,2,1,0,0,0,1.0,0.0,0.0,0.0,0.0
random_validation,0.2,3,68,agent1,0,1,0,0,0,0.0,0.0,0.0,0.0,0.0
random_validation,0.2,3,68,agent1,1,2,0,0,0,0.0,0.0,0.0,0.0,0.0
random_validation,0.2,3,68,agent1,2,4,0,0,0,0.0,0.0,0.0,0.0,0.0
random_validation,0.2,3,69,agent1,0,5,0,2,0,-1.0,0.0,0.0,-2.0,-2.0
random_validation,0.2,3,69,agent1,1,3,0,3,0,-2.0,0.0,0.0,-3.0,-3.0
random_validation,0.2,3,69,agent1,2,3,2,0,4,2.0,0.6666666666666666,0.5,2.0,2.0
random_validation,0.2,3,70,agent1,0,2,0,0,0,0.0,0.0,0.0,0.0,0.0
random_validation,0.2,3,70,agent1,1,2,0,0,0,0.0,0.0,0.0,0.0,0.0
random_validation,0.2,3,72,agent1,0,3,0,0,0,1.0,0.0,0.0,0.0,0.0
random_validation,0.2,3,72,agent1,1,1,0,0,0,1.0,0.0,0.0,0.0,0.0
random_validation,0.2,3,72,agent1,2,1,0,0,0,1.0,0.0,0.0,0.0,0.0
random_validation,0.2,3,73,agent1,1,1,0,0,0,0.0,0.0,0.0,0.0,0.0
random_validation,0.2,3,73,agent1,2,2,0,0,0,0.0,0.0,0.0,0.0,0.0
random_validation,0.2,3,75,agent1,0,3,0,0,0,0.0,0.0,0.0,0.0,0.0
random_validation,0.2,3,75,agent1,1,2,0,0,0,0.0,0.0,0.0,0.0,0.0
random_validation,0.2,3,75,agent1,2,1,0,0,0,0.0,0.0,0.0,0.0,0.0
random_validation,0.2,3,76,agent1,1,1,0,0,0,1.0,0.0,0.0,0.0,0.0
random_validation,0.2,3,77,agent1,0,1,0,0,0,0.0,0.0,0.0,0.0,0.0
random_validation,0.2,3,77,agent1,2,1,0,0,0,0.0,0.0,0.0,0.0,0.0
random_validation,0.2,3,79,agent1,0,1,0,0,0,0.0,0.0,0.0,0.0,0.0
random_validation,0.2,3,79,agent1,2,4,0,0,0,0.0,0.0,0.0,0.0,0.0
random_validation,0.2,3,8,agent1,0,5,0,3,0,-2.0,0.0,0.0,-3.0,-3.0
random_validation,0.2,3,80,agent1,0,1,0,0,0,0.0,0.0,0.0,0.0,0.0
random_validation,0.2,3,80,agent1,1,1,0,0,0,0.0,0.0,0.0,0.0,0.0
random_validation,0.2,3,80,agent1,2,1,0,0,0,0.0,0.0,0.0,0.0,0.0
random_validation,0.2,3,82,agent1,0,3,0,0,0,0.0,0.0,0.0,0.0,0.0
random_validation,0.2,3,82,agent1,1,4,0,0,0,0.0,0.0,0.0,0.0,0.0
random_validation,0.2,3,84,agent1,0,1,0,0,0,0.0,0.0,0.0,0.0,0.0
random_validation,0.2,3,84,agent1,1,1,0,0,0,0.0,0.0,0.0,0.0,0.0
random_validation,0.2,3,84,agent1,2,2,0,0,0,0.0,0.0,0.0,0.0,0.0
random_validation,0.2,3,85,agent1,0,3,0,0,0,0.0,0.0,0.0,0.0,0.0
random_validation,0.2,3,85,agent1,1,2,0,0,0,0.0,0.0,0.0,0.0,0.0
random_validation,0.2,3,87,agent1,0,1,0,0,0,0.0,0.0,0.0,0.0,0.0
random_validation,0.2,3,87,agent1,2,1,0,0,0,0.0,0.0,0.0,0.0,0.0
random_validation,0.2,3,88,agent1,1,2,0,0,0,0.0,0.0,0.0,0.0,0.0
random_validation,0.2,3,88,agent1,2,4,0,0,0,0.0,0.0,0.0,0.0,0.0
random_validation,0.2,3,89,agent1,1,5,0,0,0,0.0,0.0,0.0,0.0,0.0
random_validation,0.2,3,89,agent1,2,3,0,0,0,0.0,0.0,0.0,0.0,0.0
random_validation,0.2,3,9,agent1,0,1,1,0,4,1.0,1.0,0.75,1.0,1.0
random_validation,0.2,3,9,agent1,1,2,0,0,0,1.0,0.0,0.0,0.0,0.0
random_validation,0.2,3,9,agent1,2,4,0,0,0,1.0,0.0,0.0,0.0,0.0
random_validation,0.2,4,10,agent1,0,3,2,0,3,2.0,0.6666666666666666,0.3333333333333333,2.0,2.0
random_validation,0.2,4,10,agent1,1,1,1,0,1,1.0,1.0,0.0,1.0,1.0
random_validation,0.2,4,10,agent1,2,1,0,0,1,0.0,0.0,1.0,0.0,0.0
random_validation,0.2,4,100,agent1,1,2,0,0,0,0.0,0.0,0.0,0.0,0.0
random_validation,0.2,4,100,agent1,2,3,0,0,0,0.0,0.0,0.0,0.0,0.0
random_validation,0.2,4,11,agent1,1,0,0,0,0,0.0,0.0,0.0,0.0,0.0
random_validation,0.2,4,11,agent1,2,1,0,0,1,0.0,0.0,1.0,0.0,0.0
random_validation,0.2,4,13,agent1,2,1,0,0,0,1.0,0.0,0.0,0.0,0.0
random_validation,0.2,4,16,agent1,0,2,0,0,0,1.0,0.0,0.0,0.0,0.0
random_validation,0.2,4,16,agent1,1,1,0,0,0,1.0,0.0,0.0,0.0,0.0
random_validation,0.2,4,17,agent1,0,4,0,0,0,0.0,0.0,0.0,0.0,0.0
random_validation,0.2,4,17,agent1,1,2,0,0,1,0.0,0.0,1.0,0.0,0.0
random_validation,0.2,4,19,agent1,0,3,0,2,0,-1.0,0.0,0.0,-2.0,-2.0
random_validation,0.2,4,19,agent1,1,2,1,0,1,1.0,0.5,0.0,1.0,1.0
random_validation,0.2,4,19,agent1,2,1,0,0,0,0.0,0.0,0.0,0.0,0.0
random_validation,0.2,4,2,agent1,2,3,0,0,1,0.0,0.0,1.0,0.0,0.0
random_validation,0.2,4,21,agent1,0,1,0,0,0,0.0,0.0,0.0,0.0,0.0
random_validation,0.2,4,21,agent1,2,1,0,0,1,0.0,0.0,1.0,0.0,0.0
random_validation,0.2,4,22,agent1,0,1,0,0,0,1.0,0.0,0.0,0.0,0.0
random_validation,0.2,4,22,agent1,1,4,0,0,0,1.0,0.0,0.0,0.0,0.0
random_validation,0.2,4,23,agent1,0,3,1,0,1,1.0,0.3333333333333333,0.0,1.0,1.0
random_validation,0.2,4,23,agent1,1,3,1,0,2,1.0,0.3333333333333333,0.5,1.0,1.0
random_validation,0.2,4,23,agent1,2,3,1,0,2,1.0,0.3333333333333333,0.5,1.0,1.0
random_validation,0.2,4,26,agent1,0,3,0,0,0,1.0,0.0,0.0,0.0,0.0
random_validation,0.2,4,26,agent1,1,1,0,1,0,0.0,0.0,0.0,-1.0,-1.0
random_validation,0.2,4,26,agent1,2,3,0,0,0,1.0,0.0,0.0,0.0,0.0
random_validation,0.2,4,27,agent1,0,1,0,0,0,1.0,0.0,0.0,0.0,0.0
random_validation,0.2,4,27,agent1,1,3,0,0,0,1.0,0.0,0.0,0.0,-1.0
random_validation,0.2,4,27,agent1,2,3,0,0,0,1.0,0.0,0.0,0.0,0.0
random_validation,0.2,4,29,agent1,0,1,1,0,1,1.0,1.0,0.0,1.0,1.0
random_validation,0.2,4,29,agent1,1,4,0,0,0,0.0,0.0,0.0,0.0,0.0
random_validation,0.2,4,3,agent1,0,4,0,3,0,-2.0,0.0,0.0,-3.0,-3.0
random_validation,0.2,4,3,agent1,1,0,0,0,1,0.0,0.0,1.0,0.0,0.0
random_validation,0.2,4,30,agent1,2,2,0,0,0,1.0,0.0,0.0,0.0,0.0
random_validation,0.2,4,31,agent1,1,2,0,0,0,0.0,0.0,0.0,0.0,0.0
random_validation,0.2,4,31,agent1,2,1,0,0,0,1.0,0.0,0.0,0.0,0.0
random_validation,0.2,4,32,agent1,0,2,0,2,0,-1.0,0.0,0.0,-2.0,-2.0
random_validation,0.2,4,32,agent1,1,3,1,0,2,1.0,0.3333333333333333,0.5,1.0,1.0
random_validation,0.2,4,33,agent1,1,3,1,0,2,1.0,0.3333333333333333,0.5,1.0,1.0
random_validation,0.2,4,33,agent1,2,2,0,0,0,0.0,0.0,0.0,0.0,0.0
random_validation,0.2,4,34,agent1,0,2,0,0,0,0.0,0.0,0.0,0.0,0.0
random_validation,0.2,4,34,agent1,1,2,0,0,2,0.0,0.0,1.0,0.0,0.0
random_validation,0.2,4,34,agent1,2,3,1,0,2,1.0,0.3333333333333333,0.5,1.0,1.0
random_validation,0.2,4,36,agent1,0,2,0,0,0,1.0,0.0,0.0,0.0,0.0
random_validation,0.2,4,36,agent1,1,3,0,0,0,1.0,0.0,0.0,0.0,0.0
random_validation,0.2,4,36,agent1,2,3,0,0,0,1.0,0.0,0.0,0.0,0.0
random_validation,0.2,4,37,agent1,0,3,0,1,0,0.0,0.0,0.0,-1.0,-1.0
random_validation,0.2,4,37,agent1,1,2,0,0,0,1.0,0.0,0.0,0.0,0.0
random_validation,0.2,4,37,agent1,2,2,0,1,0,0.0,0.0,0.0,-1.0,-1.0
random_validation,0.2,4,41,agent1,0,2,0,1,0,0.0,0.0,0.0,-1.0,-1.0
random_validation,0.2,4,41,agent1,1,1,0,0,4,0.0,0.0,1.0,0.0,0.0
random_validation,0.2,4,41,agent1,2,3,0,0,0,1.0,0.0,0.0,0.0,0.0
random_validation,0.2,4,42,agent1,0,4,0,0,0,1.0,0.0,0.0,0.0,0.0
random_validation,0.2,4,42,agent1,1,2,0,0,0,1.0,0.0,0.0,0.0,0.0
random_validation,0.2,4,42,agent1,2,1,0,0,0,1.0,0.0,0.0,0.0,0.0
random_validation,0.2,4,48,agent1,0,3,0,0,0,1.0,0.0,0.0,0.0,0.0
random_validation,0.2,4,48,agent1,2,2,0,0,0,1.0,0.0,0.0,0.0,0.0
random_validation,0.2,4,51,agent1,0,3,0,0,0,0.0,0.0,0.0,0.0,0.0
random_validation,0.2,4,51,agent1,1,1,0,0,0,0.0,0.0,0.0,0.0,0.0
random_validation,0.2,4,51,agent1,2,2,0,0,1,0.0,0.0,1.0,0.0,0.0
random_validation,0.2,4,57,agent1,0,5,0,0,0,0.0,0.0,0.0,0.0,0.0
random_validation,0.2,4,57,agent1,1,3,0,0,0,0.0,0.0,0.0,0.0,-1.0
random_validation,0.2,4,57,agent1,2,3,0,0,0,0.0,0.0,0.0,0.0,0.0
random_validation,0.2,4,60,agent1,0,4,0,1,0,0.0,0.0,0.0,-1.0,-1.0
random_validation,0.2,4,60,agent1,1,4,0,0,0,1.0,0.0,0.0,0.0,0.0
random_validation,0.2,4,60,agent1,2,3,0,2,0,-1.0,0.0,0.0,-2.0,-2.0
random_validation,0.2,4,61,agent1,0,2,0,0,0,0.0,0.0,0.0,0.0,0.0
random_validation,0.2,4,61,agent1,1,1,0,0,0,0.0,0.0,0.0,0.0,0.0
random_validation,0.2,4,61,agent1,2,1,0,0,0,0.0,0.0,0.0,0.0,0.0
random_validation,0.2,4,63,agent1,0,5,0,0,0,0.0,0.0,0.0,0.0,0.0
random_validation,0.2,4,63,agent1,1,4,0,0,0,0.0,0.0,0.0,0.0,0.0
random_validation,0.2,4,63,agent1,2,4,0,0,0,0.0,0.0,0.0,0.0,0.0
random_validation,0.2,4,64,agent1,0,2,0,0,0,0.0,0.0,0.0,0.0,0.0
random_validation,0.2,4,64,agent1,2,2,0,0,0,0.0,0.0,0.0,0.0,0.0
random_validation,0.2,4,65,agent1,0,1,0,1,0,0.0,0.0,0.0,-1.0,-1.0
random_validation,0.2,4,65,agent1,1,0,0,0,0,1.0,0.0,0.0,0.0,0.0
random_validation,0.2,4,65,agent1,2,0,0,0,0,1.0,0.0,0.0,0.0,0.0
random_validation,0.2,4,68,agent1,0,2,0,0,0,0.0,0.0,0.0,0.0,0.0
random_validation,0.2,4,68,agent1,1,2,0,0,0,0.0,0.0,0.0,0.0,0.0
random_validation,0.2,4,68,agent1,2,3,0,0,0,0.0,0.0,0.0,0.0,0.0
random_validation,0.2,4,69,agent1,0,4,0,2,0,-1.0,0.0,0.0,-2.0,-2.0
random_validation,0.2,4,69,agent1,1,2,0,2,0,-1.0,0.0,0.0,-2.0,-2.0
random_validation,0.2,4,69,agent1,2,3,2,0,4,2.0,0.6666666666666666,0.5,2.0,2.0
random_validation,0.2,4,70,agent1,0,1,0,0,0,0.0,0.0,0.0,0.0,0.0
random_validation,0.2,4,70,agent1,1,5,0,0,0,0.0,0.0,0.0,0.0,0.0
random_validation,0.2,4,72,agent1,0,2,0,0,0,1.0,0.0,0.0,0.0,1.0
random_validation,0.2,4,72,agent1,1,1,0,0,0,1.0,0.0,0.0,0.0,0.0
random_validation,0.2,4,72,agent1,2,0,0,0,0,1.0,0.0,0.0,0.0,0.0
random_validation,0.2,4,73,agent1,1,1,0,0,0,0.0,0.0,0.0,0.0,0.0
random_validation,0.2,4,73,agent1,2,1,0,0,0,0.0,0.0,0.0,0.0,0.0
random_validation,0.2,4,75,agent1,0,3,0,0,0,0.0,0.0,0.0,0.0,0.0
random_validation,0.2,4,75,agent1,1,1,0,0,0,0.0,0.0,0.0,0.0,0.0
random_validation,0.2,4,75,agent1,2,1,0,0,0,0.0,0.0,0.0,0.0,0.0
random_validation,0.2,4,76,agent1,1,1,0,0,0,1.0,0.0,0.0,0.0,0.0
random_validation,0.2,4,77,agent1,0,1,0,0,0,0.0,0.0,0.0,0.0,0.0
random_validation,0.2,4,77,agent1,2,1,0,0,0,0.0,0.0,0.0,0.0,0.0
random_validation,0.2,4,79,agent1,0,2,0,0,0,0.0,0.0,0.0,0.0,0.0
random_validation,0.2,4,79,agent1,2,3,0,0,0,0.0,0.0,0.0,0.0,0.0
random_validation,0.2,4,8,agent1,0,1,0,0,0,1.0,0.0,0.0,0.0,0.0
random_validation,0.2,4,80,agent1,0,4,0,0,0,0.0,0.0,0.0,0.0,0.0
random_validation,0.2,4,80,agent1,1,0,0,0,0,0.0,0.0,0.0,0.0,0.0
random_validation,0.2,4,80,agent1,2,2,0,0,0,0.0,0.0,0.0,0.0,0.0
random_validation,0.2,4,82,agent1,0,4,0,0,0,0.0,0.0,0.0,0.0,0.0
random_validation,0.2,4,82,agent1,1,1,0,0,0,0.0,0.0,0.0,0.0,0.0
random_validation,0.2,4,84,agent1,0,0,0,0,0,0.0,0.0,0.0,0.0,0.0
random_validation,0.2,4,84,agent1,1,1,0,0,0,0.0,0.0,0.0,0.0,0.0
random_validation,0.2,4,84,agent1,2,1,0,0,0,0.0,0.0,0.0,0.0,0.0
random_validation,0.2,4,85,agent1,0,3,0,0,0,0.0,0.0,0.0,0.0,0.0
random_validation,0.2,4,85,agent1,1,3,0,0,0,0.0,0.0,0.0,0.0,0.0
random_validation,0.2,4,87,agent1,0,2,0,0,0,0.0,0.0,0.0,0.0,0.0
random_validation,0.2,4,87,agent1,2,0,0,0,0,0.0,0.0,0.0,0.0,0.0
random_validation,0.2,4,88,agent1,1,2,0,0,0,0.0,0.0,0.0,0.0,0.0
random_validation,0.2,4,88,agent1,2,4,0,0,0,0.0,0.0,0.0,0.0,0.0
random_validation,0.2,4,89,agent1,1,5,0,0,0,0.0,0.0,0.0,0.0,0.0
random_validation,0.2,4,89,agent1,2,1,0,0,0,0.0,0.0,0.0,0.0,0.0
random_validation,0.2,4,9,agent1,0,1,1,0,4,1.0,1.0,0.75,1.0,1.0
random_validation,0.2,4,9,agent1,1,1,0,0,0,1.0,0.0,0.0,0.0,0.0
random_validation,0.2,4,9,agent1,2,3,0,1,0,0.0,0.0,0.0,-1.0,-1.0
smtr_tci,0.3,0,10,agent1,0,3,3,0,3,3.0,1.0,0.0,3.0,3.0
smtr_tci,0.3,0,10,agent1,1,1,1,0,1,1.0,1.0,0.0,1.0,1.0
smtr_tci,0.3,0,10,agent1,2,1,1,0,1,1.0,1.0,0.0,1.0,1.0
smtr_tci,0.3,0,100,agent1,1,0,0,0,0,0.0,0.0,0.0,0.0,0.0
smtr_tci,0.3,0,100,agent1,2,0,0,0,0,0.0,0.0,0.0,0.0,0.0
smtr_tci,0.3,0,11,agent1,1,0,0,0,0,0.0,0.0,0.0,0.0,0.0
smtr_tci,0.3,0,11,agent1,2,1,1,0,1,1.0,1.0,0.0,1.0,1.0
smtr_tci,0.3,0,13,agent1,2,0,0,0,0,1.0,0.0,0.0,0.0,0.0
smtr_tci,0.3,0,16,agent1,0,1,0,0,0,1.0,0.0,0.0,0.0,1.0
smtr_tci,0.3,0,16,agent1,1,0,0,0,0,1.0,0.0,0.0,0.0,0.0
smtr_tci,0.3,0,17,agent1,0,0,0,0,0,0.0,0.0,0.0,0.0,0.0
smtr_tci,0.3,0,17,agent1,1,2,1,0,1,1.0,0.5,0.0,1.0,2.0
smtr_tci,0.3,0,19,agent1,0,0,0,0,0,1.0,0.0,0.0,0.0,0.0
smtr_tci,0.3,0,19,agent1,1,1,1,0,1,1.0,1.0,0.0,1.0,1.0
smtr_tci,0.3,0,19,agent1,2,0,0,0,0,0.0,0.0,0.0,0.0,0.0
smtr_tci,0.3,0,2,agent1,2,1,1,0,1,1.0,1.0,0.0,1.0,1.0
smtr_tci,0.3,0,21,agent1,0,0,0,0,0,0.0,0.0,0.0,0.0,0.0
smtr_tci,0.3,0,21,agent1,2,2,1,0,1,1.0,0.5,0.0,1.0,2.0
smtr_tci,0.3,0,22,agent1,0,0,0,0,0,1.0,0.0,0.0,0.0,0.0
smtr_tci,0.3,0,22,agent1,1,0,0,0,0,1.0,0.0,0.0,0.0,0.0
smtr_tci,0.3,0,23,agent1,0,1,1,0,1,1.0,1.0,0.0,1.0,1.0
smtr_tci,0.3,0,23,agent1,1,2,2,0,2,2.0,1.0,0.0,2.0,2.0
smtr_tci,0.3,0,23,agent1,2,2,2,0,2,2.0,1.0,0.0,2.0,2.0
smtr_tci,0.3,0,26,agent1,0,1,0,0,0,1.0,0.0,0.0,0.0,1.0
smtr_tci,0.3,0,26,agent1,1,0,0,0,0,1.0,0.0,0.0,0.0,0.0
smtr_tci,0.3,0,26,agent1,2,0,0,0,0,1.0,0.0,0.0,0.0,0.0
smtr_tci,0.3,0,27,agent1,0,1,0,0,0,1.0,0.0,0.0,0.0,1.0
smtr_tci,0.3,0,27,agent1,1,0,0,0,0,1.0,0.0,0.0,0.0,0.0
smtr_tci,0.3,0,27,agent1,2,0,0,0,0,1.0,0.0,0.0,0.0,0.0
smtr_tci,0.3,0,29,agent1,0,1,1,0,1,1.0,1.0,0.0,1.0,1.0
smtr_tci,0.3,0,29,agent1,1,0,0,0,0,0.0,0.0,0.0,0.0,0.0
smtr_tci,0.3,0,3,agent1,0,0,0,0,0,1.0,0.0,0.0,0.0,0.0
smtr_tci,0.3,0,3,agent1,1,1,1,0,1,1.0,1.0,0.0,1.0,1.0
smtr_tci,0.3,0,30,agent1,2,0,0,0,0,1.0,0.0,0.0,0.0,0.0
smtr_tci,0.3,0,31,agent1,1,2,0,0,0,0.0,0.0,0.0,0.0,2.0
smtr_tci,0.3,0,31,agent1,2,0,0,0,0,1.0,0.0,0.0,0.0,0.0
smtr_tci,0.3,0,32,agent1,0,0,0,0,0,1.0,0.0,0.0,0.0,0.0
smtr_tci,0.3,0,32,agent1,1,2,2,0,2,2.0,1.0,0.0,2.0,2.0
smtr_tci,0.3,0,33,agent1,1,2,2,0,2,2.0,1.0,0.0,2.0,2.0
smtr_tci,0.3,0,33,agent1,2,0,0,0,0,0.0,0.0,0.0,0.0,0.0
smtr_tci,0.3,0,34,agent1,0,0,0,0,0,0.0,0.0,0.0,0.0,0.0
smtr_tci,0.3,0,34,agent1,1,2,2,0,2,2.0,1.0,0.0,2.0,2.0
smtr_tci,0.3,0,34,agent1,2,3,2,0,2,2.0,0.6666666666666666,0.0,2.0,3.0
smtr_tci,0.3,0,36,agent1,0,0,0,0,0,1.0,0.0,0.0,0.0,0.0
smtr_tci,0.3,0,36,agent1,1,1,0,0,0,1.0,0.0,0.0,0.0,1.0
smtr_tci,0.3,0,36,agent1,2,0,0,0,0,1.0,0.0,0.0,0.0,0.0
smtr_tci,0.3,0,37,agent1,0,1,0,0,0,1.0,0.0,0.0,0.0,1.0
smtr_tci,0.3,0,37,agent1,1,0,0,0,0,1.0,0.0,0.0,0.0,0.0
smtr_tci,0.3,0,37,agent1,2,0,0,0,0,1.0,0.0,0.0,0.0,0.0
smtr_tci,0.3,0,41,agent1,0,0,0,0,0,1.0,0.0,0.0,0.0,0.0
smtr_tci,0.3,0,41,agent1,1,4,4,0,4,4.0,1.0,0.0,4.0,4.0
smtr_tci,0.3,0,41,agent1,2,0,0,0,0,1.0,0.0,0.0,0.0,0.0
smtr_tci,0.3,0,42,agent1,0,0,0,0,0,1.0,0.0,0.0,0.0,0.0
smtr_tci,0.3,0,42,agent1,1,0,0,0,0,1.0,0.0,0.0,0.0,0.0
smtr_tci,0.3,0,42,agent1,2,0,0,0,0,1.0,0.0,0.0,0.0,0.0
smtr_tci,0.3,0,48,agent1,0,0,0,0,0,1.0,0.0,0.0,0.0,0.0
smtr_tci,0.3,0,48,agent1,2,0,0,0,0,1.0,0.0,0.0,0.0,0.0
smtr_tci,0.3,0,51,agent1,0,0,0,0,0,0.0,0.0,0.0,0.0,0.0
smtr_tci,0.3,0,51,agent1,1,0,0,0,0,0.0,0.0,0.0,0.0,0.0
smtr_tci,0.3,0,51,agent1,2,0,0,0,1,0.0,0.0,1.0,0.0,0.0
smtr_tci,0.3,0,57,agent1,0,1,0,0,0,0.0,0.0,0.0,0.0,1.0
smtr_tci,0.3,0,57,agent1,1,0,0,0,0,0.0,0.0,0.0,0.0,0.0
smtr_tci,0.3,0,57,agent1,2,2,0,0,0,0.0,0.0,0.0,0.0,2.0
smtr_tci,0.3,0,60,agent1,0,0,0,0,0,1.0,0.0,0.0,0.0,0.0
smtr_tci,0.3,0,60,agent1,1,0,0,0,0,1.0,0.0,0.0,0.0,0.0
smtr_tci,0.3,0,60,agent1,2,0,0,0,0,1.0,0.0,0.0,0.0,0.0
smtr_tci,0.3,0,61,agent1,0,0,0,0,0,0.0,0.0,0.0,0.0,0.0
smtr_tci,0.3,0,61,agent1,1,1,0,0,0,0.0,0.0,0.0,0.0,1.0
smtr_tci,0.3,0,61,agent1,2,0,0,0,0,0.0,0.0,0.0,0.0,0.0
smtr_tci,0.3,0,63,agent1,0,1,0,0,0,0.0,0.0,0.0,0.0,1.0
smtr_tci,0.3,0,63,agent1,1,0,0,0,0,0.0,0.0,0.0,0.0,0.0
smtr_tci,0.3,0,63,agent1,2,1,0,0,0,0.0,0.0,0.0,0.0,1.0
smtr_tci,0.3,0,64,agent1,0,1,0,0,0,0.0,0.0,0.0,0.0,1.0
smtr_tci,0.3,0,64,agent1,2,0,0,0,0,0.0,0.0,0.0,0.0,0.0
smtr_tci,0.3,0,65,agent1,0,0,0,0,0,1.0,0.0,0.0,0.0,0.0
smtr_tci,0.3,0,65,agent1,1,0,0,0,0,1.0,0.0,0.0,0.0,0.0
smtr_tci,0.3,0,65,agent1,2,1,0,0,0,1.0,0.0,0.0,0.0,1.0
smtr_tci,0.3,0,68,agent1,0,0,0,0,0,0.0,0.0,0.0,0.0,0.0
smtr_tci,0.3,0,68,agent1,1,0,0,0,0,0.0,0.0,0.0,0.0,0.0
smtr_tci,0.3,0,68,agent1,2,1,0,0,0,0.0,0.0,0.0,0.0,1.0
smtr_tci,0.3,0,69,agent1,0,0,0,0,0,1.0,0.0,0.0,0.0,0.0
smtr_tci,0.3,0,69,agent1,1,0,0,0,0,1.0,0.0,0.0,0.0,0.0
smtr_tci,0.3,0,69,agent1,2,4,4,0,4,4.0,1.0,0.0,4.0,4.0
smtr_tci,0.3,0,70,agent1,0,0,0,0,0,0.0,0.0,0.0,0.0,0.0
smtr_tci,0.3,0,70,agent1,1,0,0,0,0,0.0,0.0,0.0,0.0,0.0
smtr_tci,0.3,0,72,agent1,0,0,0,0,0,1.0,0.0,0.0,0.0,0.0
smtr_tci,0.3,0,72,agent1,1,0,0,0,0,1.0,0.0,0.0,0.0,0.0
smtr_tci,0.3,0,72,agent1,2,0,0,0,0,1.0,0.0,0.0,0.0,0.0
smtr_tci,0.3,0,73,agent1,1,0,0,0,0,0.0,0.0,0.0,0.0,0.0
smtr_tci,0.3,0,73,agent1,2,0,0,0,0,0.0,0.0,0.0,0.0,0.0
smtr_tci,0.3,0,75,agent1,0,0,0,0,0,0.0,0.0,0.0,0.0,0.0
smtr_tci,0.3,0,75,agent1,1,0,0,0,0,0.0,0.0,0.0,0.0,0.0
smtr_tci,0.3,0,75,agent1,2,0,0,0,0,0.0,0.0,0.0,0.0,0.0
smtr_tci,0.3,0,76,agent1,1,0,0,0,0,1.0,0.0,0.0,0.0,0.0
smtr_tci,0.3,0,77,agent1,0,0,0,0,0,0.0,0.0,0.0,0.0,0.0
smtr_tci,0.3,0,77,agent1,2,1,0,0,0,0.0,0.0,0.0,0.0,1.0
smtr_tci,0.3,0,79,agent1,0,0,0,0,0,0.0,0.0,0.0,0.0,0.0
smtr_tci,0.3,0,79,agent1,2,1,0,0,0,0.0,0.0,0.0,0.0,1.0
smtr_tci,0.3,0,8,agent1,0,0,0,0,0,1.0,0.0,0.0,0.0,0.0
smtr_tci,0.3,0,80,agent1,0,0,0,0,0,0.0,0.0,0.0,0.0,0.0
smtr_tci,0.3,0,80,agent1,1,0,0,0,0,0.0,0.0,0.0,0.0,0.0
smtr_tci,0.3,0,80,agent1,2,1,0,0,0,0.0,0.0,0.0,0.0,1.0
smtr_tci,0.3,0,82,agent1,0,0,0,0,0,0.0,0.0,0.0,0.0,0.0
smtr_tci,0.3,0,82,agent1,1,0,0,0,0,0.0,0.0,0.0,0.0,0.0
smtr_tci,0.3,0,84,agent1,0,0,0,0,0,0.0,0.0,0.0,0.0,0.0
smtr_tci,0.3,0,84,agent1,1,0,0,0,0,0.0,0.0,0.0,0.0,0.0
smtr_tci,0.3,0,84,agent1,2,0,0,0,0,0.0,0.0,0.0,0.0,0.0
smtr_tci,0.3,0,85,agent1,0,0,0,0,0,0.0,0.0,0.0,0.0,0.0
smtr_tci,0.3,0,85,agent1,1,0,0,0,0,0.0,0.0,0.0,0.0,0.0
smtr_tci,0.3,0,87,agent1,0,0,0,0,0,0.0,0.0,0.0,0.0,0.0
smtr_tci,0.3,0,87,agent1,2,0,0,0,0,0.0,0.0,0.0,0.0,0.0
smtr_tci,0.3,0,88,agent1,1,0,0,0,0,0.0,0.0,0.0,0.0,0.0
smtr_tci,0.3,0,88,agent1,2,0,0,0,0,0.0,0.0,0.0,0.0,0.0
smtr_tci,0.3,0,89,agent1,1,1,0,0,0,0.0,0.0,0.0,0.0,1.0
smtr_tci,0.3,0,89,agent1,2,0,0,0,0,0.0,0.0,0.0,0.0,0.0
smtr_tci,0.3,0,9,agent1,0,4,4,0,4,4.0,1.0,0.0,4.0,4.0
smtr_tci,0.3,0,9,agent1,1,0,0,0,0,1.0,0.0,0.0,0.0,0.0
smtr_tci,0.3,0,9,agent1,2,0,0,0,0,1.0,0.0,0.0,0.0,0.0
smtr_tci,0.3,1,10,agent1,0,3,3,0,3,3.0,1.0,0.0,3.0,3.0
smtr_tci,0.3,1,10,agent1,1,1,1,0,1,1.0,1.0,0.0,1.0,1.0
smtr_tci,0.3,1,10,agent1,2,0,0,0,1,0.0,0.0,1.0,0.0,0.0
smtr_tci,0.3,1,100,agent1,1,0,0,0,0,0.0,0.0,0.0,0.0,0.0
smtr_tci,0.3,1,100,agent1,2,0,0,0,0,0.0,0.0,0.0,0.0,0.0
smtr_tci,0.3,1,11,agent1,1,0,0,0,0,0.0,0.0,0.0,0.0,0.0
smtr_tci,0.3,1,11,agent1,2,1,1,0,1,1.0,1.0,0.0,1.0,1.0
smtr_tci,0.3,1,13,agent1,2,0,0,0,0,1.0,0.0,0.0,0.0,0.0
smtr_tci,0.3,1,16,agent1,0,1,0,0,0,1.0,0.0,0.0,0.0,1.0
smtr_tci,0.3,1,16,agent1,1,0,0,0,0,1.0,0.0,0.0,0.0,0.0
smtr_tci,0.3,1,17,agent1,0,0,0,0,0,0.0,0.0,0.0,0.0,0.0
smtr_tci,0.3,1,17,agent1,1,1,1,0,1,1.0,1.0,0.0,1.0,1.0
smtr_tci,0.3,1,19,agent1,0,0,0,0,0,1.0,0.0,0.0,0.0,0.0
smtr_tci,0.3,1,19,agent1,1,1,1,0,1,1.0,1.0,0.0,1.0,1.0
smtr_tci,0.3,1,19,agent1,2,0,0,0,0,0.0,0.0,0.0,0.0,0.0
smtr_tci,0.3,1,2,agent1,2,1,1,0,1,1.0,1.0,0.0,1.0,1.0
smtr_tci,0.3,1,21,agent1,0,0,0,0,0,0.0,0.0,0.0,0.0,0.0
smtr_tci,0.3,1,21,agent1,2,1,1,0,1,1.0,1.0,0.0,1.0,1.0
smtr_tci,0.3,1,22,agent1,0,1,0,0,0,1.0,0.0,0.0,0.0,1.0
smtr_tci,0.3,1,22,agent1,1,0,0,0,0,1.0,0.0,0.0,0.0,0.0
smtr_tci,0.3,1,23,agent1,0,1,1,0,1,1.0,1.0,0.0,1.0,1.0
smtr_tci,0.3,1,23,agent1,1,2,2,0,2,2.0,1.0,0.0,2.0,2.0
smtr_tci,0.3,1,23,agent1,2,2,2,0,2,2.0,1.0,0.0,2.0,2.0
smtr_tci,0.3,1,26,agent1,0,0,0,0,0,1.0,0.0,0.0,0.0,0.0
smtr_tci,0.3,1,26,agent1,1,2,0,0,0,1.0,0.0,0.0,0.0,2.0
smtr_tci,0.3,1,26,agent1,2,0,0,0,0,1.0,0.0,0.0,0.0,0.0
smtr_tci,0.3,1,27,agent1,0,0,0,0,0,1.0,0.0,0.0,0.0,0.0
smtr_tci,0.3,1,27,agent1,1,0,0,0,0,1.0,0.0,0.0,0.0,0.0
smtr_tci,0.3,1,27,agent1,2,0,0,0,0,1.0,0.0,0.0,0.0,0.0
smtr_tci,0.3,1,29,agent1,0,1,1,0,1,1.0,1.0,0.0,1.0,1.0
smtr_tci,0.3,1,29,agent1,1,1,0,0,0,0.0,0.0,0.0,0.0,1.0
smtr_tci,0.3,1,3,agent1,0,0,0,0,0,1.0,0.0,0.0,0.0,0.0
smtr_tci,0.3,1,3,agent1,1,1,1,0,1,1.0,1.0,0.0,1.0,1.0
smtr_tci,0.3,1,30,agent1,2,0,0,0,0,1.0,0.0,0.0,0.0,0.0
smtr_tci,0.3,1,31,agent1,1,0,0,0,0,0.0,0.0,0.0,0.0,0.0
smtr_tci,0.3,1,31,agent1,2,0,0,0,0,1.0,0.0,0.0,0.0,0.0
smtr_tci,0.3,1,32,agent1,0,0,0,0,0,1.0,0.0,0.0,0.0,0.0
smtr_tci,0.3,1,32,agent1,1,1,1,0,2,1.0,1.0,0.5,1.0,1.0
smtr_tci,0.3,1,33,agent1,1,2,2,0,2,2.0,1.0,0.0,2.0,2.0
smtr_tci,0.3,1,33,agent1,2,0,0,0,0,0.0,0.0,0.0,0.0,0.0
smtr_tci,0.3,1,34,agent1,0,0,0,0,0,0.0,0.0,0.0,0.0,0.0
smtr_tci,0.3,1,34,agent1,1,0,0,0,2,0.0,0.0,1.0,0.0,0.0
smtr_tci,0.3,1,34,agent1,2,2,2,0,2,2.0,1.0,0.0,2.0,2.0
smtr_tci,0.3,1,36,agent1,0,0,0,0,0,1.0,0.0,0.0,0.0,0.0
smtr_tci,0.3,1,36,agent1,1,0,0,0,0,1.0,0.0,0.0,0.0,0.0
smtr_tci,0.3,1,36,agent1,2,1,0,0,0,1.0,0.0,0.0,0.0,1.0
smtr_tci,0.3,1,37,agent1,0,1,0,0,0,1.0,0.0,0.0,0.0,1.0
smtr_tci,0.3,1,37,agent1,1,0,0,0,0,1.0,0.0,0.0,0.0,0.0
smtr_tci,0.3,1,37,agent1,2,0,0,0,0,1.0,0.0,0.0,0.0,0.0
smtr_tci,0.3,1,41,agent1,0,1,0,0,0,1.0,0.0,0.0,0.0,1.0
smtr_tci,0.3,1,41,agent1,1,3,3,0,4,3.0,1.0,0.25,3.0,3.0
smtr_tci,0.3,1,41,agent1,2,0,0,0,0,1.0,0.0,0.0,0.0,0.0
smtr_tci,0.3,1,42,agent1,0,0,0,0,0,1.0,0.0,0.0,0.0,0.0
smtr_tci,0.3,1,42,agent1,1,0,0,0,0,1.0,0.0,0.0,0.0,0.0
smtr_tci,0.3,1,42,agent1,2,0,0,0,0,1.0,0.0,0.0,0.0,0.0
smtr_tci,0.3,1,48,agent1,0,0,0,0,0,1.0,0.0,0.0,0.0,0.0
smtr_tci,0.3,1,48,agent1,2,0,0,0,0,1.0,0.0,0.0,0.0,0.0
smtr_tci,0.3,1,51,agent1,0,1,0,0,0,0.0,0.0,0.0,0.0,1.0
smtr_tci,0.3,1,51,agent1,1,0,0,0,0,0.0,0.0,0.0,0.0,0.0
smtr_tci,0.3,1,51,agent1,2,1,1,0,1,1.0,1.0,0.0,1.0,1.0
smtr_tci,0.3,1,57,agent1,0,0,0,0,0,0.0,0.0,0.0,0.0,0.0
smtr_tci,0.3,1,57,agent1,1,0,0,0,0,0.0,0.0,0.0,0.0,0.0
smtr_tci,0.3,1,57,agent1,2,0,0,0,0,0.0,0.0,0.0,0.0,0.0
smtr_tci,0.3,1,60,agent1,0,0,0,0,0,1.0,0.0,0.0,0.0,0.0
smtr_tci,0.3,1,60,agent1,1,1,0,0,0,1.0,0.0,0.0,0.0,1.0
smtr_tci,0.3,1,60,agent1,2,0,0,0,0,1.0,0.0,0.0,0.0,0.0
smtr_tci,0.3,1,61,agent1,0,0,0,0,0,0.0,0.0,0.0,0.0,0.0
smtr_tci,0.3,1,61,agent1,1,1,0,0,0,0.0,0.0,0.0,0.0,1.0
smtr_tci,0.3,1,61,agent1,2,0,0,0,0,0.0,0.0,0.0,0.0,0.0
smtr_tci,0.3,1,63,agent1,0,0,0,0,0,0.0,0.0,0.0,0.0,0.0
smtr_tci,0.3,1,63,agent1,1,1,0,0,0,0.0,0.0,0.0,0.0,1.0
smtr_tci,0.3,1,63,agent1,2,0,0,0,0,0.0,0.0,0.0,0.0,0.0
smtr_tci,0.3,1,64,agent1,0,0,0,0,0,0.0,0.0,0.0,0.0,0.0
smtr_tci,0.3,1,64,agent1,2,0,0,0,0,0.0,0.0,0.0,0.0,0.0
smtr_tci,0.3,1,65,agent1,0,0,0,0,0,1.0,0.0,0.0,0.0,0.0
smtr_tci,0.3,1,65,agent1,1,0,0,0,0,1.0,0.0,0.0,0.0,0.0
smtr_tci,0.3,1,65,agent1,2,0,0,0,0,1.0,0.0,0.0,0.0,0.0
smtr_tci,0.3,1,68,agent1,0,0,0,0,0,0.0,0.0,0.0,0.0,0.0
smtr_tci,0.3,1,68,agent1,1,0,0,0,0,0.0,0.0,0.0,0.0,0.0
smtr_tci,0.3,1,68,agent1,2,0,0,0,0,0.0,0.0,0.0,0.0,0.0
smtr_tci,0.3,1,69,agent1,0,0,0,0,0,1.0,0.0,0.0,0.0,0.0
smtr_tci,0.3,1,69,agent1,1,0,0,0,0,1.0,0.0,0.0,0.0,0.0
smtr_tci,0.3,1,69,agent1,2,4,4,0,4,4.0,1.0,0.0,4.0,4.0
smtr_tci,0.3,1,70,agent1,0,1,0,0,0,0.0,0.0,0.0,0.0,1.0
smtr_tci,0.3,1,70,agent1,1,1,0,0,0,0.0,0.0,0.0,0.0,1.0
smtr_tci,0.3,1,72,agent1,0,0,0,0,0,1.0,0.0,0.0,0.0,0.0
smtr_tci,0.3,1,72,agent1,1,0,0,0,0,1.0,0.0,0.0,0.0,0.0
smtr_tci,0.3,1,72,agent1,2,0,0,0,0,1.0,0.0,0.0,0.0,0.0
smtr_tci,0.3,1,73,agent1,1,1,0,0,0,0.0,0.0,0.0,0.0,1.0
smtr_tci,0.3,1,73,agent1,2,0,0,0,0,0.0,0.0,0.0,0.0,0.0
smtr_tci,0.3,1,75,agent1,0,0,0,0,0,0.0,0.0,0.0,0.0,0.0
smtr_tci,0.3,1,75,agent1,1,0,0,0,0,0.0,0.0,0.0,0.0,0.0
smtr_tci,0.3,1,75,agent1,2,0,0,0,0,0.0,0.0,0.0,0.0,0.0
smtr_tci,0.3,1,76,agent1,1,0,0,0,0,1.0,0.0,0.0,0.0,0.0
smtr_tci,0.3,1,77,agent1,0,0,0,0,0,0.0,0.0,0.0,0.0,0.0
smtr_tci,0.3,1,77,agent1,2,0,0,0,0,0.0,0.0,0.0,0.0,0.0
smtr_tci,0.3,1,79,agent1,0,0,0,0,0,0.0,0.0,0.0,0.0,0.0
smtr_tci,0.3,1,79,agent1,2,1,0,0,0,0.0,0.0,0.0,0.0,1.0
smtr_tci,0.3,1,8,agent1,0,0,0,0,0,1.0,0.0,0.0,0.0,0.0
smtr_tci,0.3,1,80,agent1,0,0,0,0,0,0.0,0.0,0.0,0.0,0.0
smtr_tci,0.3,1,80,agent1,1,0,0,0,0,0.0,0.0,0.0,0.0,0.0
smtr_tci,0.3,1,80,agent1,2,0,0,0,0,0.0,0.0,0.0,0.0,0.0
smtr_tci,0.3,1,82,agent1,0,0,0,0,0,0.0,0.0,0.0,0.0,0.0
smtr_tci,0.3,1,82,agent1,1,0,0,0,0,0.0,0.0,0.0,0.0,0.0
smtr_tci,0.3,1,84,agent1,0,0,0,0,0,0.0,0.0,0.0,0.0,0.0
smtr_tci,0.3,1,84,agent1,1,0,0,0,0,0.0,0.0,0.0,0.0,0.0
smtr_tci,0.3,1,84,agent1,2,0,0,0,0,0.0,0.0,0.0,0.0,0.0
smtr_tci,0.3,1,85,agent1,0,0,0,0,0,0.0,0.0,0.0,0.0,0.0
smtr_tci,0.3,1,85,agent1,1,0,0,0,0,0.0,0.0,0.0,0.0,0.0
smtr_tci,0.3,1,87,agent1,0,0,0,0,0,0.0,0.0,0.0,0.0,0.0
smtr_tci,0.3,1,87,agent1,2,0,0,0,0,0.0,0.0,0.0,0.0,0.0
smtr_tci,0.3,1,88,agent1,1,0,0,0,0,0.0,0.0,0.0,0.0,0.0
smtr_tci,0.3,1,88,agent1,2,0,0,0,0,0.0,0.0,0.0,0.0,0.0
smtr_tci,0.3,1,89,agent1,1,0,0,0,0,0.0,0.0,0.0,0.0,0.0
smtr_tci,0.3,1,89,agent1,2,0,0,0,0,0.0,0.0,0.0,0.0,0.0
smtr_tci,0.3,1,9,agent1,0,4,4,0,4,4.0,1.0,0.0,4.0,4.0
smtr_tci,0.3,1,9,agent1,1,0,0,0,0,1.0,0.0,0.0,0.0,0.0
smtr_tci,0.3,1,9,agent1,2,0,0,0,0,1.0,0.0,0.0,0.0,0.0
smtr_tci,0.3,2,10,agent1,0,4,3,0,3,3.0,0.75,0.0,3.0,4.0
smtr_tci,0.3,2,10,agent1,1,1,1,0,1,1.0,1.0,0.0,1.0,1.0
smtr_tci,0.3,2,10,agent1,2,1,1,0,1,1.0,1.0,0.0,1.0,1.0
smtr_tci,0.3,2,100,agent1,1,0,0,0,0,0.0,0.0,0.0,0.0,0.0
smtr_tci,0.3,2,100,agent1,2,0,0,0,0,0.0,0.0,0.0,0.0,0.0
smtr_tci,0.3,2,11,agent1,1,0,0,0,0,0.0,0.0,0.0,0.0,0.0
smtr_tci,0.3,2,11,agent1,2,1,1,0,1,1.0,1.0,0.0,1.0,1.0
smtr_tci,0.3,2,13,agent1,2,0,0,0,0,1.0,0.0,0.0,0.0,0.0
smtr_tci,0.3,2,16,agent1,0,1,0,0,0,1.0,0.0,0.0,0.0,1.0
smtr_tci,0.3,2,16,agent1,1,0,0,0,0,1.0,0.0,0.0,0.0,0.0
smtr_tci,0.3,2,17,agent1,0,0,0,0,0,0.0,0.0,0.0,0.0,0.0
smtr_tci,0.3,2,17,agent1,1,1,1,0,1,1.0,1.0,0.0,1.0,1.0
smtr_tci,0.3,2,19,agent1,0,1,0,0,0,1.0,0.0,0.0,0.0,1.0
smtr_tci,0.3,2,19,agent1,1,1,1,0,1,1.0,1.0,0.0,1.0,1.0
smtr_tci,0.3,2,19,agent1,2,0,0,0,0,0.0,0.0,0.0,0.0,0.0
smtr_tci,0.3,2,2,agent1,2,1,1,0,1,1.0,1.0,0.0,1.0,1.0
smtr_tci,0.3,2,21,agent1,0,0,0,0,0,0.0,0.0,0.0,0.0,0.0
smtr_tci,0.3,2,21,agent1,2,1,1,0,1,1.0,1.0,0.0,1.0,1.0
smtr_tci,0.3,2,22,agent1,0,0,0,0,0,1.0,0.0,0.0,0.0,0.0
smtr_tci,0.3,2,22,agent1,1,0,0,0,0,1.0,0.0,0.0,0.0,0.0
smtr_tci,0.3,2,23,agent1,0,1,0,0,1,0.0,0.0,1.0,0.0,1.0
smtr_tci,0.3,2,23,agent1,1,2,2,0,2,2.0,1.0,0.0,2.0,2.0
smtr_tci,0.3,2,23,agent1,2,2,2,0,2,2.0,1.0,0.0,2.0,2.0
smtr_tci,0.3,2,26,agent1,0,0,0,0,0,1.0,0.0,0.0,0.0,0.0
smtr_tci,0.3,2,26,agent1,1,0,0,0,0,1.0,0.0,0.0,0.0,0.0
smtr_tci,0.3,2,26,agent1,2,0,0,0,0,1.0,0.0,0.0,0.0,0.0
smtr_tci,0.3,2,27,agent1,0,0,0,0,0,1.0,0.0,0.0,0.0,0.0
smtr_tci,0.3,2,27,agent1,1,0,0,0,0,1.0,0.0,0.0,0.0,0.0
smtr_tci,0.3,2,27,agent1,2,0,0,0,0,1.0,0.0,0.0,0.0,0.0
smtr_tci,0.3,2,29,agent1,0,1,1,0,1,1.0,1.0,0.0,1.0,1.0
smtr_tci,0.3,2,29,agent1,1,3,0,0,0,0.0,0.0,0.0,0.0,3.0
smtr_tci,0.3,2,3,agent1,0,0,0,0,0,1.0,0.0,0.0,0.0,0.0
smtr_tci,0.3,2,3,agent1,1,1,0,0,1,0.0,0.0,1.0,0.0,1.0
smtr_tci,0.3,2,30,agent1,2,0,0,0,0,1.0,0.0,0.0,0.0,0.0
smtr_tci,0.3,2,31,agent1,1,0,0,0,0,0.0,0.0,0.0,0.0,0.0
smtr_tci,0.3,2,31,agent1,2,0,0,0,0,1.0,0.0,0.0,0.0,0.0
smtr_tci,0.3,2,32,agent1,0,0,0,0,0,1.0,0.0,0.0,0.0,0.0
smtr_tci,0.3,2,32,agent1,1,1,1,0,2,1.0,1.0,0.5,1.0,1.0
smtr_tci,0.3,2,33,agent1,1,2,2,0,2,2.0,1.0,0.0,2.0,2.0
smtr_tci,0.3,2,33,agent1,2,0,0,0,0,0.0,0.0,0.0,0.0,0.0
smtr_tci,0.3,2,34,agent1,0,0,0,0,0,0.0,0.0,0.0,0.0,0.0
smtr_tci,0.3,2,34,agent1,1,2,2,0,2,2.0,1.0,0.0,2.0,2.0
smtr_tci,0.3,2,34,agent1,2,2,2,0,2,2.0,1.0,0.0,2.0,2.0
smtr_tci,0.3,2,36,agent1,0,0,0,0,0,1.0,0.0,0.0,0.0,0.0
smtr_tci,0.3,2,36,agent1,1,0,0,0,0,1.0,0.0,0.0,0.0,0.0
smtr_tci,0.3,2,36,agent1,2,0,0,0,0,1.0,0.0,0.0,0.0,0.0
smtr_tci,0.3,2,37,agent1,0,0,0,0,0,1.0,0.0,0.0,0.0,0.0
smtr_tci,0.3,2,37,agent1,1,0,0,0,0,1.0,0.0,0.0,0.0,0.0
smtr_tci,0.3,2,37,agent1,2,0,0,0,0,1.0,0.0,0.0,0.0,0.0
smtr_tci,0.3,2,41,agent1,0,0,0,0,0,1.0,0.0,0.0,0.0,0.0
smtr_tci,0.3,2,41,agent1,1,4,4,0,4,4.0,1.0,0.0,4.0,4.0
smtr_tci,0.3,2,41,agent1,2,0,0,0,0,1.0,0.0,0.0,0.0,0.0
smtr_tci,0.3,2,42,agent1,0,0,0,0,0,1.0,0.0,0.0,0.0,0.0
smtr_tci,0.3,2,42,agent1,1,0,0,0,0,1.0,0.0,0.0,0.0,0.0
smtr_tci,0.3,2,42,agent1,2,0,0,0,0,1.0,0.0,0.0,0.0,0.0
smtr_tci,0.3,2,48,agent1,0,1,0,0,0,1.0,0.0,0.0,0.0,1.0
smtr_tci,0.3,2,48,agent1,2,0,0,0,0,1.0,0.0,0.0,0.0,0.0
smtr_tci,0.3,2,51,agent1,0,0,0,0,0,0.0,0.0,0.0,0.0,0.0
smtr_tci,0.3,2,51,agent1,1,0,0,0,0,0.0,0.0,0.0,0.0,0.0
smtr_tci,0.3,2,51,agent1,2,0,0,0,1,0.0,0.0,1.0,0.0,0.0
smtr_tci,0.3,2,57,agent1,0,0,0,0,0,0.0,0.0,0.0,0.0,0.0
smtr_tci,0.3,2,57,agent1,1,0,0,0,0,0.0,0.0,0.0,0.0,0.0
smtr_tci,0.3,2,57,agent1,2,2,0,0,0,0.0,0.0,0.0,0.0,2.0
smtr_tci,0.3,2,60,agent1,0,0,0,0,0,1.0,0.0,0.0,0.0,0.0
smtr_tci,0.3,2,60,agent1,1,0,0,0,0,1.0,0.0,0.0,0.0,0.0
smtr_tci,0.3,2,60,agent1,2,0,0,0,0,1.0,0.0,0.0,0.0,0.0
smtr_tci,0.3,2,61,agent1,0,1,0,0,0,0.0,0.0,0.0,0.0,1.0
smtr_tci,0.3,2,61,agent1,1,0,0,0,0,0.0,0.0,0.0,0.0,0.0
smtr_tci,0.3,2,61,agent1,2,0,0,0,0,0.0,0.0,0.0,0.0,0.0
smtr_tci,0.3,2,63,agent1,0,0,0,0,0,0.0,0.0,0.0,0.0,0.0
smtr_tci,0.3,2,63,agent1,1,1,0,0,0,0.0,0.0,0.0,0.0,1.0
smtr_tci,0.3,2,63,agent1,2,0,0,0,0,0.0,0.0,0.0,0.0,0.0
smtr_tci,0.3,2,64,agent1,0,0,0,0,0,0.0,0.0,0.0,0.0,0.0
smtr_tci,0.3,2,64,agent1,2,0,0,0,0,0.0,0.0,0.0,0.0,0.0
smtr_tci,0.3,2,65,agent1,0,0,0,0,0,1.0,0.0,0.0,0.0,0.0
smtr_tci,0.3,2,65,agent1,1,0,0,0,0,1.0,0.0,0.0,0.0,0.0
smtr_tci,0.3,2,65,agent1,2,1,0,0,0,1.0,0.0,0.0,0.0,1.0
smtr_tci,0.3,2,68,agent1,0,0,0,0,0,0.0,0.0,0.0,0.0,0.0
smtr_tci,0.3,2,68,agent1,1,0,0,0,0,0.0,0.0,0.0,0.0,0.0
smtr_tci,0.3,2,68,agent1,2,0,0,0,0,0.0,0.0,0.0,0.0,0.0
smtr_tci,0.3,2,69,agent1,0,0,0,0,0,1.0,0.0,0.0,0.0,0.0
smtr_tci,0.3,2,69,agent1,1,0,0,0,0,1.0,0.0,0.0,0.0,0.0
smtr_tci,0.3,2,69,agent1,2,4,4,0,4,4.0,1.0,0.0,4.0,4.0
smtr_tci,0.3,2,70,agent1,0,1,0,0,0,0.0,0.0,0.0,0.0,1.0
smtr_tci,0.3,2,70,agent1,1,1,0,0,0,0.0,0.0,0.0,0.0,1.0
smtr_tci,0.3,2,72,agent1,0,1,0,0,0,1.0,0.0,0.0,0.0,1.0
smtr_tci,0.3,2,72,agent1,1,0,0,0,0,1.0,0.0,0.0,0.0,0.0
smtr_tci,0.3,2,72,agent1,2,2,0,0,0,1.0,0.0,0.0,0.0,2.0
smtr_tci,0.3,2,73,agent1,1,0,0,0,0,0.0,0.0,0.0,0.0,0.0
smtr_tci,0.3,2,73,agent1,2,0,0,0,0,0.0,0.0,0.0,0.0,0.0
smtr_tci,0.3,2,75,agent1,0,0,0,0,0,0.0,0.0,0.0,0.0,0.0
smtr_tci,0.3,2,75,agent1,1,0,0,0,0,0.0,0.0,0.0,0.0,0.0
smtr_tci,0.3,2,75,agent1,2,0,0,0,0,0.0,0.0,0.0,0.0,0.0
smtr_tci,0.3,2,76,agent1,1,0,0,0,0,1.0,0.0,0.0,0.0,0.0
smtr_tci,0.3,2,77,agent1,0,1,0,0,0,0.0,0.0,0.0,0.0,1.0
smtr_tci,0.3,2,77,agent1,2,0,0,0,0,0.0,0.0,0.0,0.0,0.0
smtr_tci,0.3,2,79,agent1,0,0,0,0,0,0.0,0.0,0.0,0.0,0.0
smtr_tci,0.3,2,79,agent1,2,0,0,0,0,0.0,0.0,0.0,0.0,0.0
smtr_tci,0.3,2,8,agent1,0,0,0,0,0,1.0,0.0,0.0,0.0,0.0
smtr_tci,0.3,2,80,agent1,0,0,0,0,0,0.0,0.0,0.0,0.0,0.0
smtr_tci,0.3,2,80,agent1,1,0,0,0,0,0.0,0.0,0.0,0.0,0.0
smtr_tci,0.3,2,80,agent1,2,1,0,0,0,0.0,0.0,0.0,0.0,1.0
smtr_tci,0.3,2,82,agent1,0,0,0,0,0,0.0,0.0,0.0,0.0,0.0
smtr_tci,0.3,2,82,agent1,1,1,0,0,0,0.0,0.0,0.0,0.0,1.0
smtr_tci,0.3,2,84,agent1,0,0,0,0,0,0.0,0.0,0.0,0.0,0.0
smtr_tci,0.3,2,84,agent1,1,0,0,0,0,0.0,0.0,0.0,0.0,0.0
smtr_tci,0.3,2,84,agent1,2,0,0,0,0,0.0,0.0,0.0,0.0,0.0
smtr_tci,0.3,2,85,agent1,0,0,0,0,0,0.0,0.0,0.0,0.0,0.0
smtr_tci,0.3,2,85,agent1,1,1,0,0,0,0.0,0.0,0.0,0.0,1.0
smtr_tci,0.3,2,87,agent1,0,1,0,0,0,0.0,0.0,0.0,0.0,1.0
smtr_tci,0.3,2,87,agent1,2,0,0,0,0,0.0,0.0,0.0,0.0,0.0
smtr_tci,0.3,2,88,agent1,1,0,0,0,0,0.0,0.0,0.0,0.0,0.0
smtr_tci,0.3,2,88,agent1,2,0,0,0,0,0.0,0.0,0.0,0.0,0.0
smtr_tci,0.3,2,89,agent1,1,0,0,0,0,0.0,0.0,0.0,0.0,0.0
smtr_tci,0.3,2,89,agent1,2,0,0,0,0,0.0,0.0,0.0,0.0,0.0
smtr_tci,0.3,2,9,agent1,0,4,4,0,4,4.0,1.0,0.0,4.0,4.0
smtr_tci,0.3,2,9,agent1,1,0,0,0,0,1.0,0.0,0.0,0.0,0.0
smtr_tci,0.3,2,9,agent1,2,0,0,0,0,1.0,0.0,0.0,0.0,0.0
smtr_tci,0.3,3,10,agent1,0,2,2,0,3,2.0,1.0,0.3333333333333333,2.0,2.0
smtr_tci,0.3,3,10,agent1,1,2,1,0,1,1.0,0.5,0.0,1.0,2.0
smtr_tci,0.3,3,10,agent1,2,1,1,0,1,1.0,1.0,0.0,1.0,1.0
smtr_tci,0.3,3,100,agent1,1,0,0,0,0,0.0,0.0,0.0,0.0,0.0
smtr_tci,0.3,3,100,agent1,2,1,0,0,0,0.0,0.0,0.0,0.0,1.0
smtr_tci,0.3,3,11,agent1,1,1,0,0,0,0.0,0.0,0.0,0.0,1.0
smtr_tci,0.3,3,11,agent1,2,2,1,0,1,1.0,0.5,0.0,1.0,2.0
smtr_tci,0.3,3,13,agent1,2,0,0,0,0,1.0,0.0,0.0,0.0,0.0
smtr_tci,0.3,3,16,agent1,0,0,0,0,0,1.0,0.0,0.0,0.0,0.0
smtr_tci,0.3,3,16,agent1,1,0,0,0,0,1.0,0.0,0.0,0.0,0.0
smtr_tci,0.3,3,17,agent1,0,1,0,0,0,0.0,0.0,0.0,0.0,1.0
smtr_tci,0.3,3,17,agent1,1,1,1,0,1,1.0,1.0,0.0,1.0,1.0
smtr_tci,0.3,3,19,agent1,0,1,0,0,0,1.0,0.0,0.0,0.0,1.0
smtr_tci,0.3,3,19,agent1,1,1,1,0,1,1.0,1.0,0.0,1.0,1.0
smtr_tci,0.3,3,19,agent1,2,0,0,0,0,0.0,0.0,0.0,0.0,0.0
smtr_tci,0.3,3,2,agent1,2,1,1,0,1,1.0,1.0,0.0,1.0,1.0
smtr_tci,0.3,3,21,agent1,0,0,0,0,0,0.0,0.0,0.0,0.0,0.0
smtr_tci,0.3,3,21,agent1,2,1,1,0,1,1.0,1.0,0.0,1.0,1.0
smtr_tci,0.3,3,22,agent1,0,0,0,0,0,1.0,0.0,0.0,0.0,0.0
smtr_tci,0.3,3,22,agent1,1,1,0,0,0,1.0,0.0,0.0,0.0,1.0
smtr_tci,0.3,3,23,agent1,0,1,1,0,1,1.0,1.0,0.0,1.0,1.0
smtr_tci,0.3,3,23,agent1,1,1,1,0,2,1.0,1.0,0.5,1.0,1.0
smtr_tci,0.3,3,23,agent1,2,2,2,0,2,2.0,1.0,0.0,2.0,2.0
smtr_tci,0.3,3,26,agent1,0,0,0,0,0,1.0,0.0,0.0,0.0,0.0
smtr_tci,0.3,3,26,agent1,1,0,0,0,0,1.0,0.0,0.0,0.0,0.0
smtr_tci,0.3,3,26,agent1,2,0,0,0,0,1.0,0.0,0.0,0.0,0.0
smtr_tci,0.3,3,27,agent1,0,0,0,0,0,1.0,0.0,0.0,0.0,0.0
smtr_tci,0.3,3,27,agent1,1,0,0,0,0,1.0,0.0,0.0,0.0,0.0
smtr_tci,0.3,3,27,agent1,2,0,0,0,0,1.0,0.0,0.0,0.0,0.0
smtr_tci,0.3,3,29,agent1,0,1,1,0,1,1.0,1.0,0.0,1.0,1.0
smtr_tci,0.3,3,29,agent1,1,0,0,0,0,0.0,0.0,0.0,0.0,0.0
smtr_tci,0.3,3,3,agent1,0,0,0,0,0,1.0,0.0,0.0,0.0,0.0
smtr_tci,0.3,3,3,agent1,1,1,1,0,1,1.0,1.0,0.0,1.0,1.0
smtr_tci,0.3,3,30,agent1,2,0,0,0,0,1.0,0.0,0.0,0.0,0.0
smtr_tci,0.3,3,31,agent1,1,1,0,0,0,0.0,0.0,0.0,0.0,1.0
smtr_tci,0.3,3,31,agent1,2,0,0,0,0,1.0,0.0,0.0,0.0,0.0
smtr_tci,0.3,3,32,agent1,0,0,0,0,0,1.0,0.0,0.0,0.0,0.0
smtr_tci,0.3,3,32,agent1,1,2,2,0,2,2.0,1.0,0.0,2.0,2.0
smtr_tci,0.3,3,33,agent1,1,2,2,0,2,2.0,1.0,0.0,2.0,2.0
smtr_tci,0.3,3,33,agent1,2,1,0,0,0,0.0,0.0,0.0,0.0,1.0
smtr_tci,0.3,3,34,agent1,0,0,0,0,0,0.0,0.0,0.0,0.0,0.0
smtr_tci,0.3,3,34,agent1,1,1,1,0,2,1.0,1.0,0.5,1.0,1.0
smtr_tci,0.3,3,34,agent1,2,2,2,0,2,2.0,1.0,0.0,2.0,2.0
smtr_tci,0.3,3,36,agent1,0,1,0,0,0,1.0,0.0,0.0,0.0,1.0
smtr_tci,0.3,3,36,agent1,1,0,0,0,0,1.0,0.0,0.0,0.0,0.0
smtr_tci,0.3,3,36,agent1,2,0,0,0,0,1.0,0.0,0.0,0.0,0.0
smtr_tci,0.3,3,37,agent1,0,0,0,0,0,1.0,0.0,0.0,0.0,0.0
smtr_tci,0.3,3,37,agent1,1,0,0,0,0,1.0,0.0,0.0,0.0,0.0
smtr_tci,0.3,3,37,agent1,2,0,0,0,0,1.0,0.0,0.0,0.0,0.0
smtr_tci,0.3,3,41,agent1,0,1,0,0,0,1.0,0.0,0.0,0.0,1.0
smtr_tci,0.3,3,41,agent1,1,4,4,0,4,4.0,1.0,0.0,4.0,4.0
smtr_tci,0.3,3,41,agent1,2,1,0,0,0,1.0,0.0,0.0,0.0,1.0
smtr_tci,0.3,3,42,agent1,0,0,0,0,0,1.0,0.0,0.0,0.0,0.0
smtr_tci,0.3,3,42,agent1,1,0,0,0,0,1.0,0.0,0.0,0.0,0.0
smtr_tci,0.3,3,42,agent1,2,1,0,0,0,1.0,0.0,0.0,0.0,1.0
smtr_tci,0.3,3,48,agent1,0,0,0,0,0,1.0,0.0,0.0,0.0,0.0
smtr_tci,0.3,3,48,agent1,2,0,0,0,0,1.0,0.0,0.0,0.0,0.0
smtr_tci,0.3,3,51,agent1,0,0,0,0,0,0.0,0.0,0.0,0.0,0.0
smtr_tci,0.3,3,51,agent1,1,0,0,0,0,0.0,0.0,0.0,0.0,0.0
smtr_tci,0.3,3,51,agent1,2,1,1,0,1,1.0,1.0,0.0,1.0,1.0
smtr_tci,0.3,3,57,agent1,0,0,0,0,0,0.0,0.0,0.0,0.0,0.0
smtr_tci,0.3,3,57,agent1,1,0,0,0,0,0.0,0.0,0.0,0.0,0.0
smtr_tci,0.3,3,57,agent1,2,1,0,0,0,0.0,0.0,0.0,0.0,1.0
smtr_tci,0.3,3,60,agent1,0,1,0,0,0,1.0,0.0,0.0,0.0,1.0
smtr_tci,0.3,3,60,agent1,1,0,0,0,0,1.0,0.0,0.0,0.0,0.0
smtr_tci,0.3,3,60,agent1,2,0,0,0,0,1.0,0.0,0.0,0.0,0.0
smtr_tci,0.3,3,61,agent1,0,0,0,0,0,0.0,0.0,0.0,0.0,0.0
smtr_tci,0.3,3,61,agent1,1,1,0,0,0,0.0,0.0,0.0,0.0,1.0
smtr_tci,0.3,3,61,agent1,2,0,0,0,0,0.0,0.0,0.0,0.0,0.0
smtr_tci,0.3,3,63,agent1,0,1,0,0,0,0.0,0.0,0.0,0.0,1.0
smtr_tci,0.3,3,63,agent1,1,0,0,0,0,0.0,0.0,0.0,0.0,0.0
smtr_tci,0.3,3,63,agent1,2,0,0,0,0,0.0,0.0,0.0,0.0,0.0
smtr_tci,0.3,3,64,agent1,0,1,0,0,0,0.0,0.0,0.0,0.0,1.0
smtr_tci,0.3,3,64,agent1,2,1,0,0,0,0.0,0.0,0.0,0.0,1.0
smtr_tci,0.3,3,65,agent1,0,0,0,0,0,1.0,0.0,0.0,0.0,0.0
smtr_tci,0.3,3,65,agent1,1,0,0,0,0,1.0,0.0,0.0,0.0,0.0
smtr_tci,0.3,3,65,agent1,2,0,0,0,0,1.0,0.0,0.0,0.0,0.0
smtr_tci,0.3,3,68,agent1,0,0,0,0,0,0.0,0.0,0.0,0.0,0.0
smtr_tci,0.3,3,68,agent1,1,1,0,0,0,0.0,0.0,0.0,0.0,1.0
smtr_tci,0.3,3,68,agent1,2,0,0,0,0,0.0,0.0,0.0,0.0,0.0
smtr_tci,0.3,3,69,agent1,0,0,0,0,0,1.0,0.0,0.0,0.0,0.0
smtr_tci,0.3,3,69,agent1,1,0,0,0,0,1.0,0.0,0.0,0.0,0.0
smtr_tci,0.3,3,69,agent1,2,4,4,0,4,4.0,1.0,0.0,4.0,4.0
smtr_tci,0.3,3,70,agent1,0,0,0,0,0,0.0,0.0,0.0,0.0,0.0
smtr_tci,0.3,3,70,agent1,1,0,0,0,0,0.0,0.0,0.0,0.0,0.0
smtr_tci,0.3,3,72,agent1,0,1,0,0,0,1.0,0.0,0.0,0.0,1.0
smtr_tci,0.3,3,72,agent1,1,0,0,0,0,1.0,0.0,0.0,0.0,0.0
smtr_tci,0.3,3,72,agent1,2,0,0,0,0,1.0,0.0,0.0,0.0,0.0
smtr_tci,0.3,3,73,agent1,1,0,0,0,0,0.0,0.0,0.0,0.0,0.0
smtr_tci,0.3,3,73,agent1,2,0,0,0,0,0.0,0.0,0.0,0.0,0.0
smtr_tci,0.3,3,75,agent1,0,0,0,0,0,0.0,0.0,0.0,0.0,0.0
smtr_tci,0.3,3,75,agent1,1,0,0,0,0,0.0,0.0,0.0,0.0,0.0
smtr_tci,0.3,3,75,agent1,2,0,0,0,0,0.0,0.0,0.0,0.0,0.0
smtr_tci,0.3,3,76,agent1,1,0,0,0,0,1.0,0.0,0.0,0.0,0.0
smtr_tci,0.3,3,77,agent1,0,0,0,0,0,0.0,0.0,0.0,0.0,0.0
smtr_tci,0.3,3,77,agent1,2,2,0,0,0,0.0,0.0,0.0,0.0,2.0
smtr_tci,0.3,3,79,agent1,0,0,0,0,0,0.0,0.0,0.0,0.0,0.0
smtr_tci,0.3,3,79,agent1,2,0,0,0,0,0.0,0.0,0.0,0.0,0.0
smtr_tci,0.3,3,8,agent1,0,0,0,0,0,1.0,0.0,0.0,0.0,0.0
smtr_tci,0.3,3,80,agent1,0,0,0,0,0,0.0,0.0,0.0,0.0,0.0
smtr_tci,0.3,3,80,agent1,1,0,0,0,0,0.0,0.0,0.0,0.0,0.0
smtr_tci,0.3,3,80,agent1,2,1,0,0,0,0.0,0.0,0.0,0.0,1.0
smtr_tci,0.3,3,82,agent1,0,2,0,0,0,0.0,0.0,0.0,0.0,2.0
smtr_tci,0.3,3,82,agent1,1,0,0,0,0,0.0,0.0,0.0,0.0,0.0
smtr_tci,0.3,3,84,agent1,0,0,0,0,0,0.0,0.0,0.0,0.0,0.0
smtr_tci,0.3,3,84,agent1,1,1,0,0,0,0.0,0.0,0.0,0.0,1.0
smtr_tci,0.3,3,84,agent1,2,0,0,0,0,0.0,0.0,0.0,0.0,0.0
smtr_tci,0.3,3,85,agent1,0,1,0,0,0,0.0,0.0,0.0,0.0,1.0
smtr_tci,0.3,3,85,agent1,1,1,0,0,0,0.0,0.0,0.0,0.0,1.0
smtr_tci,0.3,3,87,agent1,0,0,0,0,0,0.0,0.0,0.0,0.0,0.0
smtr_tci,0.3,3,87,agent1,2,0,0,0,0,0.0,0.0,0.0,0.0,0.0
smtr_tci,0.3,3,88,agent1,1,0,0,0,0,0.0,0.0,0.0,0.0,0.0
smtr_tci,0.3,3,88,agent1,2,0,0,0,0,0.0,0.0,0.0,0.0,0.0
smtr_tci,0.3,3,89,agent1,1,0,0,0,0,0.0,0.0,0.0,0.0,0.0
smtr_tci,0.3,3,89,agent1,2,0,0,0,0,0.0,0.0,0.0,0.0,0.0
smtr_tci,0.3,3,9,agent1,0,4,4,0,4,4.0,1.0,0.0,4.0,4.0
smtr_tci,0.3,3,9,agent1,1,0,0,0,0,1.0,0.0,0.0,0.0,0.0
smtr_tci,0.3,3,9,agent1,2,0,0,0,0,1.0,0.0,0.0,0.0,0.0
smtr_tci,0.3,4,10,agent1,0,1,1,0,3,1.0,1.0,0.6666666666666666,1.0,1.0
smtr_tci,0.3,4,10,agent1,1,1,1,0,1,1.0,1.0,0.0,1.0,1.0
smtr_tci,0.3,4,10,agent1,2,1,1,0,1,1.0,1.0,0.0,1.0,1.0
smtr_tci,0.3,4,100,agent1,1,0,0,0,0,0.0,0.0,0.0,0.0,0.0
smtr_tci,0.3,4,100,agent1,2,0,0,0,0,0.0,0.0,0.0,0.0,0.0
smtr_tci,0.3,4,11,agent1,1,0,0,0,0,0.0,0.0,0.0,0.0,0.0
smtr_tci,0.3,4,11,agent1,2,1,1,0,1,1.0,1.0,0.0,1.0,1.0
smtr_tci,0.3,4,13,agent1,2,0,0,0,0,1.0,0.0,0.0,0.0,0.0
smtr_tci,0.3,4,16,agent1,0,0,0,0,0,1.0,0.0,0.0,0.0,0.0
smtr_tci,0.3,4,16,agent1,1,1,0,0,0,1.0,0.0,0.0,0.0,1.0
smtr_tci,0.3,4,17,agent1,0,1,0,0,0,0.0,0.0,0.0,0.0,1.0
smtr_tci,0.3,4,17,agent1,1,1,1,0,1,1.0,1.0,0.0,1.0,1.0
smtr_tci,0.3,4,19,agent1,0,0,0,0,0,1.0,0.0,0.0,0.0,0.0
smtr_tci,0.3,4,19,agent1,1,1,1,0,1,1.0,1.0,0.0,1.0,1.0
smtr_tci,0.3,4,19,agent1,2,0,0,0,0,0.0,0.0,0.0,0.0,0.0
smtr_tci,0.3,4,2,agent1,2,1,1,0,1,1.0,1.0,0.0,1.0,1.0
smtr_tci,0.3,4,21,agent1,0,0,0,0,0,0.0,0.0,0.0,0.0,0.0
smtr_tci,0.3,4,21,agent1,2,1,1,0,1,1.0,1.0,0.0,1.0,1.0
smtr_tci,0.3,4,22,agent1,0,0,0,0,0,1.0,0.0,0.0,0.0,0.0
smtr_tci,0.3,4,22,agent1,1,0,0,0,0,1.0,0.0,0.0,0.0,0.0
smtr_tci,0.3,4,23,agent1,0,1,1,0,1,1.0,1.0,0.0,1.0,1.0
smtr_tci,0.3,4,23,agent1,1,2,2,0,2,2.0,1.0,0.0,2.0,2.0
smtr_tci,0.3,4,23,agent1,2,2,2,0,2,2.0,1.0,0.0,2.0,2.0
smtr_tci,0.3,4,26,agent1,0,0,0,0,0,1.0,0.0,0.0,0.0,0.0
smtr_tci,0.3,4,26,agent1,1,0,0,0,0,1.0,0.0,0.0,0.0,0.0
smtr_tci,0.3,4,26,agent1,2,0,0,0,0,1.0,0.0,0.0,0.0,0.0
smtr_tci,0.3,4,27,agent1,0,1,0,0,0,1.0,0.0,0.0,0.0,1.0
smtr_tci,0.3,4,27,agent1,1,0,0,0,0,1.0,0.0,0.0,0.0,0.0
smtr_tci,0.3,4,27,agent1,2,0,0,0,0,1.0,0.0,0.0,0.0,0.0
smtr_tci,0.3,4,29,agent1,0,1,1,0,1,1.0,1.0,0.0,1.0,1.0
smtr_tci,0.3,4,29,agent1,1,0,0,0,0,0.0,0.0,0.0,0.0,0.0
smtr_tci,0.3,4,3,agent1,0,0,0,0,0,1.0,0.0,0.0,0.0,0.0
smtr_tci,0.3,4,3,agent1,1,1,1,0,1,1.0,1.0,0.0,1.0,1.0
smtr_tci,0.3,4,30,agent1,2,0,0,0,0,1.0,0.0,0.0,0.0,0.0
smtr_tci,0.3,4,31,agent1,1,0,0,0,0,0.0,0.0,0.0,0.0,0.0
smtr_tci,0.3,4,31,agent1,2,1,0,0,0,1.0,0.0,0.0,0.0,1.0
smtr_tci,0.3,4,32,agent1,0,0,0,0,0,1.0,0.0,0.0,0.0,0.0
smtr_tci,0.3,4,32,agent1,1,2,2,0,2,2.0,1.0,0.0,2.0,2.0
smtr_tci,0.3,4,33,agent1,1,2,2,0,2,2.0,1.0,0.0,2.0,2.0
smtr_tci,0.3,4,33,agent1,2,0,0,0,0,0.0,0.0,0.0,0.0,0.0
smtr_tci,0.3,4,34,agent1,0,0,0,0,0,0.0,0.0,0.0,0.0,0.0
smtr_tci,0.3,4,34,agent1,1,2,2,0,2,2.0,1.0,0.0,2.0,2.0
smtr_tci,0.3,4,34,agent1,2,2,2,0,2,2.0,1.0,0.0,2.0,2.0
smtr_tci,0.3,4,36,agent1,0,0,0,0,0,1.0,0.0,0.0,0.0,0.0
smtr_tci,0.3,4,36,agent1,1,0,0,0,0,1.0,0.0,0.0,0.0,0.0
smtr_tci,0.3,4,36,agent1,2,0,0,0,0,1.0,0.0,0.0,0.0,0.0
smtr_tci,0.3,4,37,agent1,0,0,0,0,0,1.0,0.0,0.0,0.0,0.0
smtr_tci,0.3,4,37,agent1,1,0,0,0,0,1.0,0.0,0.0,0.0,0.0
smtr_tci,0.3,4,37,agent1,2,1,0,0,0,1.0,0.0,0.0,0.0,1.0
smtr_tci,0.3,4,41,agent1,0,0,0,0,0,1.0,0.0,0.0,0.0,0.0
smtr_tci,0.3,4,41,agent1,1,4,4,0,4,4.0,1.0,0.0,4.0,4.0
smtr_tci,0.3,4,41,agent1,2,0,0,0,0,1.0,0.0,0.0,0.0,0.0
smtr_tci,0.3,4,42,agent1,0,0,0,0,0,1.0,0.0,0.0,0.0,0.0
smtr_tci,0.3,4,42,agent1,1,0,0,0,0,1.0,0.0,0.0,0.0,0.0
smtr_tci,0.3,4,42,agent1,2,0,0,0,0,1.0,0.0,0.0,0.0,0.0
smtr_tci,0.3,4,48,agent1,0,0,0,0,0,1.0,0.0,0.0,0.0,0.0
smtr_tci,0.3,4,48,agent1,2,0,0,0,0,1.0,0.0,0.0,0.0,0.0
smtr_tci,0.3,4,51,agent1,0,0,0,0,0,0.0,0.0,0.0,0.0,0.0
smtr_tci,0.3,4,51,agent1,1,1,0,0,0,0.0,0.0,0.0,0.0,1.0
smtr_tci,0.3,4,51,agent1,2,2,1,0,1,1.0,0.5,0.0,1.0,2.0
smtr_tci,0.3,4,57,agent1,0,2,0,0,0,0.0,0.0,0.0,0.0,2.0
smtr_tci,0.3,4,57,agent1,1,0,0,0,0,0.0,0.0,0.0,0.0,0.0
smtr_tci,0.3,4,57,agent1,2,0,0,0,0,0.0,0.0,0.0,0.0,0.0
smtr_tci,0.3,4,60,agent1,0,0,0,0,0,1.0,0.0,0.0,0.0,0.0
smtr_tci,0.3,4,60,agent1,1,0,0,0,0,1.0,0.0,0.0,0.0,0.0
smtr_tci,0.3,4,60,agent1,2,0,0,0,0,1.0,0.0,0.0,0.0,0.0
smtr_tci,0.3,4,61,agent1,0,0,0,0,0,0.0,0.0,0.0,0.0,0.0
smtr_tci,0.3,4,61,agent1,1,0,0,0,0,0.0,0.0,0.0,0.0,0.0
smtr_tci,0.3,4,61,agent1,2,0,0,0,0,0.0,0.0,0.0,0.0,0.0
smtr_tci,0.3,4,63,agent1,0,0,0,0,0,0.0,0.0,0.0,0.0,0.0
smtr_tci,0.3,4,63,agent1,1,0,0,0,0,0.0,0.0,0.0,0.0,0.0
smtr_tci,0.3,4,63,agent1,2,0,0,0,0,0.0,0.0,0.0,0.0,0.0
smtr_tci,0.3,4,64,agent1,0,0,0,0,0,0.0,0.0,0.0,0.0,0.0
smtr_tci,0.3,4,64,agent1,2,1,0,0,0,0.0,0.0,0.0,0.0,1.0
smtr_tci,0.3,4,65,agent1,0,0,0,0,0,1.0,0.0,0.0,0.0,0.0
smtr_tci,0.3,4,65,agent1,1,0,0,0,0,1.0,0.0,0.0,0.0,0.0
smtr_tci,0.3,4,65,agent1,2,0,0,0,0,1.0,0.0,0.0,0.0,0.0
smtr_tci,0.3,4,68,agent1,0,0,0,0,0,0.0,0.0,0.0,0.0,0.0
smtr_tci,0.3,4,68,agent1,1,0,0,0,0,0.0,0.0,0.0,0.0,0.0
smtr_tci,0.3,4,68,agent1,2,0,0,0,0,0.0,0.0,0.0,0.0,0.0
smtr_tci,0.3,4,69,agent1,0,0,0,0,0,1.0,0.0,0.0,0.0,0.0
smtr_tci,0.3,4,69,agent1,1,0,0,0,0,1.0,0.0,0.0,0.0,0.0
smtr_tci,0.3,4,69,agent1,2,4,4,0,4,4.0,1.0,0.0,4.0,4.0
smtr_tci,0.3,4,70,agent1,0,0,0,0,0,0.0,0.0,0.0,0.0,0.0
smtr_tci,0.3,4,70,agent1,1,0,0,0,0,0.0,0.0,0.0,0.0,0.0
smtr_tci,0.3,4,72,agent1,0,0,0,0,0,1.0,0.0,0.0,0.0,0.0
smtr_tci,0.3,4,72,agent1,1,0,0,0,0,1.0,0.0,0.0,0.0,0.0
smtr_tci,0.3,4,72,agent1,2,0,0,0,0,1.0,0.0,0.0,0.0,0.0
smtr_tci,0.3,4,73,agent1,1,0,0,0,0,0.0,0.0,0.0,0.0,0.0
smtr_tci,0.3,4,73,agent1,2,1,0,0,0,0.0,0.0,0.0,0.0,1.0
smtr_tci,0.3,4,75,agent1,0,0,0,0,0,0.0,0.0,0.0,0.0,0.0
smtr_tci,0.3,4,75,agent1,1,0,0,0,0,0.0,0.0,0.0,0.0,0.0
smtr_tci,0.3,4,75,agent1,2,0,0,0,0,0.0,0.0,0.0,0.0,0.0
smtr_tci,0.3,4,76,agent1,1,0,0,0,0,1.0,0.0,0.0,0.0,0.0
smtr_tci,0.3,4,77,agent1,0,0,0,0,0,0.0,0.0,0.0,0.0,0.0
smtr_tci,0.3,4,77,agent1,2,0,0,0,0,0.0,0.0,0.0,0.0,0.0
smtr_tci,0.3,4,79,agent1,0,0,0,0,0,0.0,0.0,0.0,0.0,0.0
smtr_tci,0.3,4,79,agent1,2,0,0,0,0,0.0,0.0,0.0,0.0,0.0
smtr_tci,0.3,4,8,agent1,0,0,0,0,0,1.0,0.0,0.0,0.0,0.0
smtr_tci,0.3,4,80,agent1,0,0,0,0,0,0.0,0.0,0.0,0.0,0.0
smtr_tci,0.3,4,80,agent1,1,0,0,0,0,0.0,0.0,0.0,0.0,0.0
smtr_tci,0.3,4,80,agent1,2,0,0,0,0,0.0,0.0,0.0,0.0,0.0
smtr_tci,0.3,4,82,agent1,0,0,0,0,0,0.0,0.0,0.0,0.0,0.0
smtr_tci,0.3,4,82,agent1,1,1,0,0,0,0.0,0.0,0.0,0.0,1.0
smtr_tci,0.3,4,84,agent1,0,0,0,0,0,0.0,0.0,0.0,0.0,0.0
smtr_tci,0.3,4,84,agent1,1,0,0,0,0,0.0,0.0,0.0,0.0,0.0
smtr_tci,0.3,4,84,agent1,2,0,0,0,0,0.0,0.0,0.0,0.0,0.0
smtr_tci,0.3,4,85,agent1,0,0,0,0,0,0.0,0.0,0.0,0.0,0.0
smtr_tci,0.3,4,85,agent1,1,0,0,0,0,0.0,0.0,0.0,0.0,0.0
smtr_tci,0.3,4,87,agent1,0,0,0,0,0,0.0,0.0,0.0,0.0,0.0
smtr_tci,0.3,4,87,agent1,2,1,0,0,0,0.0,0.0,0.0,0.0,1.0
smtr_tci,0.3,4,88,agent1,1,1,0,0,0,0.0,0.0,0.0,0.0,1.0
smtr_tci,0.3,4,88,agent1,2,0,0,0,0,0.0,0.0,0.0,0.0,0.0
smtr_tci,0.3,4,89,agent1,1,0,0,0,0,0.0,0.0,0.0,0.0,0.0
smtr_tci,0.3,4,89,agent1,2,0,0,0,0,0.0,0.0,0.0,0.0,0.0
smtr_tci,0.3,4,9,agent1,0,4,4,0,4,4.0,1.0,0.0,4.0,4.0
smtr_tci,0.3,4,9,agent1,1,1,0,0,0,1.0,0.0,0.0,0.0,1.0
smtr_tci,0.3,4,9,agent1,2,0,0,0,0,1.0,0.0,0.0,0.0,0.0
random_validation,0.3,0,10,agent1,0,0,0,0,3,0.0,0.0,1.0,0.0,0.0
random_validation,0.3,0,10,agent1,1,1,1,0,1,1.0,1.0,0.0,1.0,1.0
random_validation,0.3,0,10,agent1,2,2,1,0,1,1.0,0.5,0.0,1.0,1.0
random_validation,0.3,0,100,agent1,1,1,0,0,0,0.0,0.0,0.0,0.0,0.0
random_validation,0.3,0,100,agent1,2,2,0,0,0,0.0,0.0,0.0,0.0,0.0
random_validation,0.3,0,11,agent1,1,1,0,0,0,0.0,0.0,0.0,0.0,0.0
random_validation,0.3,0,11,agent1,2,1,0,0,1,0.0,0.0,1.0,0.0,0.0
random_validation,0.3,0,13,agent1,2,0,0,0,0,1.0,0.0,0.0,0.0,0.0
random_validation,0.3,0,16,agent1,0,1,0,0,0,1.0,0.0,0.0,0.0,0.0
random_validation,0.3,0,16,agent1,1,2,0,0,0,1.0,0.0,0.0,0.0,0.0
random_validation,0.3,0,17,agent1,0,3,0,0,0,0.0,0.0,0.0,0.0,0.0
random_validation,0.3,0,17,agent1,1,2,0,0,1,0.0,0.0,1.0,0.0,0.0
random_validation,0.3,0,19,agent1,0,1,0,1,0,0.0,0.0,0.0,-1.0,-1.0
random_validation,0.3,0,19,agent1,1,2,1,0,1,1.0,0.5,0.0,1.0,1.0
random_validation,0.3,0,19,agent1,2,1,0,0,0,0.0,0.0,0.0,0.0,0.0
random_validation,0.3,0,2,agent1,2,3,1,0,1,1.0,0.3333333333333333,0.0,1.0,0.0
random_validation,0.3,0,21,agent1,0,0,0,0,0,0.0,0.0,0.0,0.0,0.0
random_validation,0.3,0,21,agent1,2,3,0,0,1,0.0,0.0,1.0,0.0,0.0
random_validation,0.3,0,22,agent1,0,3,0,0,0,1.0,0.0,0.0,0.0,-1.0
random_validation,0.3,0,22,agent1,1,3,0,0,0,1.0,0.0,0.0,0.0,0.0
random_validation,0.3,0,23,agent1,0,1,1,0,1,1.0,1.0,0.0,1.0,1.0
random_validation,0.3,0,23,agent1,1,2,2,0,2,2.0,1.0,0.0,2.0,2.0
random_validation,0.3,0,23,agent1,2,3,2,0,2,2.0,0.6666666666666666,0.0,2.0,2.0
random_validation,0.3,0,26,agent1,0,2,0,0,0,1.0,0.0,0.0,0.0,0.0
random_validation,0.3,0,26,agent1,1,2,0,0,0,1.0,0.0,0.0,0.0,0.0
random_validation,0.3,0,26,agent1,2,3,0,0,0,1.0,0.0,0.0,0.0,0.0
random_validation,0.3,0,27,agent1,0,3,0,0,0,1.0,0.0,0.0,0.0,-1.0
random_validation,0.3,0,27,agent1,1,2,0,0,0,1.0,0.0,0.0,0.0,0.0
random_validation,0.3,0,27,agent1,2,2,0,0,0,1.0,0.0,0.0,0.0,-1.0
random_validation,0.3,0,29,agent1,0,2,0,0,1,0.0,0.0,1.0,0.0,-1.0
random_validation,0.3,0,29,agent1,1,3,0,0,0,0.0,0.0,0.0,0.0,0.0
random_validation,0.3,0,3,agent1,0,3,0,3,0,-2.0,0.0,0.0,-3.0,-3.0
random_validation,0.3,0,3,agent1,1,2,0,0,1,0.0,0.0,1.0,0.0,0.0
random_validation,0.3,0,30,agent1,2,1,0,0,0,1.0,0.0,0.0,0.0,0.0
random_validation,0.3,0,31,agent1,1,2,0,0,0,0.0,0.0,0.0,0.0,0.0
random_validation,0.3,0,31,agent1,2,1,0,0,0,1.0,0.0,0.0,0.0,0.0
random_validation,0.3,0,32,agent1,0,1,0,1,0,0.0,0.0,0.0,-1.0,-1.0
random_validation,0.3,0,32,agent1,1,3,1,0,2,1.0,0.3333333333333333,0.5,1.0,1.0
random_validation,0.3,0,33,agent1,1,1,0,0,2,0.0,0.0,1.0,0.0,0.0
random_validation,0.3,0,33,agent1,2,4,0,0,0,0.0,0.0,0.0,0.0,0.0
random_validation,0.3,0,34,agent1,0,3,0,0,0,0.0,0.0,0.0,0.0,0.0
random_validation,0.3,0,34,agent1,1,3,1,0,2,1.0,0.3333333333333333,0.5,1.0,2.0
random_validation,0.3,0,34,agent1,2,2,1,0,2,1.0,0.5,0.5,1.0,1.0
random_validation,0.3,0,36,agent1,0,2,0,0,0,1.0,0.0,0.0,0.0,0.0
random_validation,0.3,0,36,agent1,1,2,0,0,0,1.0,0.0,0.0,0.0,0.0
random_validation,0.3,0,36,agent1,2,1,0,0,0,1.0,0.0,0.0,0.0,0.0
random_validation,0.3,0,37,agent1,0,4,0,0,0,1.0,0.0,0.0,0.0,0.0
random_validation,0.3,0,37,agent1,1,4,0,1,0,0.0,0.0,0.0,-1.0,0.0
random_validation,0.3,0,37,agent1,2,3,0,1,0,0.0,0.0,0.0,-1.0,-1.0
random_validation,0.3,0,41,agent1,0,3,0,0,0,1.0,0.0,0.0,0.0,0.0
random_validation,0.3,0,41,agent1,1,2,1,0,4,1.0,0.5,0.75,1.0,1.0
random_validation,0.3,0,41,agent1,2,3,0,0,0,1.0,0.0,0.0,0.0,0.0
random_validation,0.3,0,42,agent1,0,3,0,0,0,1.0,0.0,0.0,0.0,0.0
random_validation,0.3,0,42,agent1,1,4,0,0,0,1.0,0.0,0.0,0.0,-1.0
random_validation,0.3,0,42,agent1,2,1,0,0,0,1.0,0.0,0.0,0.0,0.0
random_validation,0.3,0,48,agent1,0,4,0,0,0,1.0,0.0,0.0,0.0,0.0
random_validation,0.3,0,48,agent1,2,2,0,0,0,1.0,0.0,0.0,0.0,0.0
random_validation,0.3,0,51,agent1,0,4,0,0,0,0.0,0.0,0.0,0.0,-1.0
random_validation,0.3,0,51,agent1,1,5,0,0,0,0.0,0.0,0.0,0.0,-1.0
random_validation,0.3,0,51,agent1,2,3,1,0,1,1.0,0.3333333333333333,0.0,1.0,1.0
random_validation,0.3,0,57,agent1,0,3,0,0,0,0.0,0.0,0.0,0.0,0.0
random_validation,0.3,0,57,agent1,1,1,0,0,0,0.0,0.0,0.0,0.0,0.0
random_validation,0.3,0,57,agent1,2,3,0,0,0,0.0,0.0,0.0,0.0,0.0
random_validation,0.3,0,60,agent1,0,3,0,0,0,1.0,0.0,0.0,0.0,1.0
random_validation,0.3,0,60,agent1,1,5,0,0,0,1.0,0.0,0.0,0.0,1.0
random_validation,0.3,0,60,agent1,2,5,0,4,0,-3.0,0.0,0.0,-4.0,-4.0
random_validation,0.3,0,61,agent1,0,2,0,0,0,0.0,0.0,0.0,0.0,0.0
random_validation,0.3,0,61,agent1,1,4,0,0,0,0.0,0.0,0.0,0.0,0.0
random_validation,0.3,0,61,agent1,2,2,0,0,0,0.0,0.0,0.0,0.0,0.0
random_validation,0.3,0,63,agent1,0,4,0,0,0,0.0,0.0,0.0,0.0,-1.0
random_validation,0.3,0,63,agent1,1,4,0,0,0,0.0,0.0,0.0,0.0,0.0
random_validation,0.3,0,63,agent1,2,4,0,0,0,0.0,0.0,0.0,0.0,1.0
random_validation,0.3,0,64,agent1,0,3,0,0,0,0.0,0.0,0.0,0.0,0.0
random_validation,0.3,0,64,agent1,2,2,0,0,0,0.0,0.0,0.0,0.0,-1.0
random_validation,0.3,0,65,agent1,0,2,0,1,0,0.0,0.0,0.0,-1.0,-1.0
random_validation,0.3,0,65,agent1,1,0,0,0,0,1.0,0.0,0.0,0.0,0.0
random_validation,0.3,0,65,agent1,2,2,0,0,0,1.0,0.0,0.0,0.0,1.0
random_validation,0.3,0,68,agent1,0,2,0,0,0,0.0,0.0,0.0,0.0,0.0
random_validation,0.3,0,68,agent1,1,1,0,0,0,0.0,0.0,0.0,0.0,0.0
random_validation,0.3,0,68,agent1,2,4,0,0,0,0.0,0.0,0.0,0.0,-1.0
random_validation,0.3,0,69,agent1,0,2,0,2,0,-1.0,0.0,0.0,-2.0,-2.0
random_validation,0.3,0,69,agent1,1,1,0,0,0,1.0,0.0,0.0,0.0,0.0
random_validation,0.3,0,69,agent1,2,1,1,0,4,1.0,1.0,0.75,1.0,1.0
random_validation,0.3,0,70,agent1,0,3,0,0,0,0.0,0.0,0.0,0.0,0.0
random_validation,0.3,0,70,agent1,1,1,0,0,0,0.0,0.0,0.0,0.0,0.0
random_validation,0.3,0,72,agent1,0,0,0,0,0,1.0,0.0,0.0,0.0,0.0
random_validation,0.3,0,72,agent1,1,1,0,0,0,1.0,0.0,0.0,0.0,0.0
random_validation,0.3,0,72,agent1,2,1,0,0,0,1.0,0.0,0.0,0.0,0.0
random_validation,0.3,0,73,agent1,1,2,0,0,0,0.0,0.0,0.0,0.0,0.0
random_validation,0.3,0,73,agent1,2,0,0,0,0,0.0,0.0,0.0,0.0,0.0
random_validation,0.3,0,75,agent1,0,3,0,0,0,0.0,0.0,0.0,0.0,0.0
random_validation,0.3,0,75,agent1,1,2,0,0,0,0.0,0.0,0.0,0.0,0.0
random_validation,0.3,0,75,agent1,2,1,0,0,0,0.0,0.0,0.0,0.0,0.0
random_validation,0.3,0,76,agent1,1,1,0,0,0,1.0,0.0,0.0,0.0,0.0
random_validation,0.3,0,77,agent1,0,1,0,0,0,0.0,0.0,0.0,0.0,0.0
random_validation,0.3,0,77,agent1,2,3,0,0,0,0.0,0.0,0.0,0.0,1.0
random_validation,0.3,0,79,agent1,0,2,0,0,0,0.0,0.0,0.0,0.0,0.0
random_validation,0.3,0,79,agent1,2,5,0,0,0,0.0,0.0,0.0,0.0,0.0
random_validation,0.3,0,8,agent1,0,3,0,1,0,0.0,0.0,0.0,-1.0,0.0
random_validation,0.3,0,80,agent1,0,2,0,0,0,0.0,0.0,0.0,0.0,0.0
random_validation,0.3,0,80,agent1,1,2,0,0,0,0.0,0.0,0.0,0.0,0.0
random_validation,0.3,0,80,agent1,2,2,0,0,0,0.0,0.0,0.0,0.0,0.0
random_validation,0.3,0,82,agent1,0,2,0,0,0,0.0,0.0,0.0,0.0,0.0
random_validation,0.3,0,82,agent1,1,2,0,0,0,0.0,0.0,0.0,0.0,0.0
random_validation,0.3,0,84,agent1,0,3,0,0,0,0.0,0.0,0.0,0.0,0.0
random_validation,0.3,0,84,agent1,1,1,0,0,0,0.0,0.0,0.0,0.0,-1.0
random_validation,0.3,0,84,agent1,2,3,0,0,0,0.0,0.0,0.0,0.0,0.0
random_validation,0.3,0,85,agent1,0,3,0,0,0,0.0,0.0,0.0,0.0,0.0
random_validation,0.3,0,85,agent1,1,1,0,0,0,0.0,0.0,0.0,0.0,0.0
random_validation,0.3,0,87,agent1,0,2,0,0,0,0.0,0.0,0.0,0.0,0.0
random_validation,0.3,0,87,agent1,2,1,0,0,0,0.0,0.0,0.0,0.0,0.0
random_validation,0.3,0,88,agent1,1,0,0,0,0,0.0,0.0,0.0,0.0,0.0
random_validation,0.3,0,88,agent1,2,2,0,0,0,0.0,0.0,0.0,0.0,0.0
random_validation,0.3,0,89,agent1,1,1,0,0,0,0.0,0.0,0.0,0.0,0.0
random_validation,0.3,0,89,agent1,2,3,0,0,0,0.0,0.0,0.0,0.0,0.0
random_validation,0.3,0,9,agent1,0,1,1,0,4,1.0,1.0,0.75,1.0,1.0
random_validation,0.3,0,9,agent1,1,4,0,0,0,1.0,0.0,0.0,0.0,0.0
random_validation,0.3,0,9,agent1,2,3,0,1,0,0.0,0.0,0.0,-1.0,-1.0
random_validation,0.3,1,10,agent1,0,3,3,0,3,3.0,1.0,0.0,3.0,3.0
random_validation,0.3,1,10,agent1,1,1,1,0,1,1.0,1.0,0.0,1.0,0.0
random_validation,0.3,1,10,agent1,2,2,1,0,1,1.0,0.5,0.0,1.0,0.0
random_validation,0.3,1,100,agent1,1,2,0,0,0,0.0,0.0,0.0,0.0,1.0
random_validation,0.3,1,100,agent1,2,2,0,0,0,0.0,0.0,0.0,0.0,0.0
random_validation,0.3,1,11,agent1,1,3,0,0,0,0.0,0.0,0.0,0.0,0.0
random_validation,0.3,1,11,agent1,2,3,1,0,1,1.0,0.3333333333333333,0.0,1.0,2.0
random_validation,0.3,1,13,agent1,2,0,0,0,0,1.0,0.0,0.0,0.0,0.0
random_validation,0.3,1,16,agent1,0,4,0,0,0,1.0,0.0,0.0,0.0,-1.0
random_validation,0.3,1,16,agent1,1,3,0,0,0,1.0,0.0,0.0,0.0,0.0
random_validation,0.3,1,17,agent1,0,2,0,0,0,0.0,0.0,0.0,0.0,0.0
random_validation,0.3,1,17,agent1,1,4,1,0,1,1.0,0.25,0.0,1.0,0.0
random_validation,0.3,1,19,agent1,0,3,0,2,0,-1.0,0.0,0.0,-2.0,-2.0
random_validation,0.3,1,19,agent1,1,2,0,0,1,0.0,0.0,1.0,0.0,0.0
random_validation,0.3,1,19,agent1,2,2,0,0,0,0.0,0.0,0.0,0.0,0.0
random_validation,0.3,1,2,agent1,2,4,1,0,1,1.0,0.25,0.0,1.0,1.0
random_validation,0.3,1,21,agent1,0,1,0,0,0,0.0,0.0,0.0,0.0,0.0
random_validation,0.3,1,21,agent1,2,3,1,0,1,1.0,0.3333333333333333,0.0,1.0,1.0
random_validation,0.3,1,22,agent1,0,1,0,0,0,1.0,0.0,0.0,0.0,0.0
random_validation,0.3,1,22,agent1,1,4,0,0,0,1.0,0.0,0.0,0.0,2.0
random_validation,0.3,1,23,agent1,0,1,0,0,1,0.0,0.0,1.0,0.0,-1.0
random_validation,0.3,1,23,agent1,1,3,1,0,2,1.0,0.3333333333333333,0.5,1.0,1.0
random_validation,0.3,1,23,agent1,2,1,1,0,2,1.0,1.0,0.5,1.0,1.0
random_validation,0.3,1,26,agent1,0,0,0,0,0,1.0,0.0,0.0,0.0,0.0
random_validation,0.3,1,26,agent1,1,2,0,0,0,1.0,0.0,0.0,0.0,1.0
random_validation,0.3,1,26,agent1,2,2,0,0,0,1.0,0.0,0.0,0.0,0.0
random_validation,0.3,1,27,agent1,0,3,0,0,0,1.0,0.0,0.0,0.0,0.0
random_validation,0.3,1,27,agent1,1,2,0,0,0,1.0,0.0,0.0,0.0,0.0
random_validation,0.3,1,27,agent1,2,1,0,0,0,1.0,0.0,0.0,0.0,0.0
random_validation,0.3,1,29,agent1,0,2,1,0,1,1.0,0.5,0.0,1.0,1.0
random_validation,0.3,1,29,agent1,1,5,0,0,0,0.0,0.0,0.0,0.0,1.0
random_validation,0.3,1,3,agent1,0,4,0,3,0,-2.0,0.0,0.0,-3.0,-3.0
random_validation,0.3,1,3,agent1,1,2,1,0,1,1.0,0.5,0.0,1.0,2.0
random_validation,0.3,1,30,agent1,2,3,0,0,0,1.0,0.0,0.0,0.0,0.0
random_validation,0.3,1,31,agent1,1,4,0,0,0,0.0,0.0,0.0,0.0,0.0
random_validation,0.3,1,31,agent1,2,3,0,1,0,0.0,0.0,0.0,-1.0,-1.0
random_validation,0.3,1,32,agent1,0,3,0,3,0,-2.0,0.0,0.0,-3.0,-2.0
random_validation,0.3,1,32,agent1,1,2,0,0,2,0.0,0.0,1.0,0.0,0.0
random_validation,0.3,1,33,agent1,1,1,1,0,2,1.0,1.0,0.5,1.0,1.0
random_validation,0.3,1,33,agent1,2,1,0,0,0,0.0,0.0,0.0,0.0,0.0
random_validation,0.3,1,34,agent1,0,2,0,0,0,0.0,0.0,0.0,0.0,0.0
random_validation,0.3,1,34,agent1,1,6,2,0,2,2.0,0.3333333333333333,0.0,2.0,1.0
random_validation,0.3,1,34,agent1,2,2,2,0,2,2.0,1.0,0.0,2.0,2.0
random_validation,0.3,1,36,agent1,0,2,0,0,0,1.0,0.0,0.0,0.0,0.0
random_validation,0.3,1,36,agent1,1,2,0,0,0,1.0,0.0,0.0,0.0,0.0
random_validation,0.3,1,36,agent1,2,0,0,0,0,1.0,0.0,0.0,0.0,0.0
random_validation,0.3,1,37,agent1,0,4,0,0,0,1.0,0.0,0.0,0.0,0.0
random_validation,0.3,1,37,agent1,1,1,0,0,0,1.0,0.0,0.0,0.0,0.0
random_validation,0.3,1,37,agent1,2,2,0,1,0,0.0,0.0,0.0,-1.0,-1.0
random_validation,0.3,1,41,agent1,0,4,0,0,0,1.0,0.0,0.0,0.0,0.0
random_validation,0.3,1,41,agent1,1,3,3,0,4,3.0,1.0,0.25,3.0,3.0
random_validation,0.3,1,41,agent1,2,4,0,0,0,1.0,0.0,0.0,0.0,0.0
random_validation,0.3,1,42,agent1,0,3,0,0,0,1.0,0.0,0.0,0.0,0.0
random_validation,0.3,1,42,agent1,1,1,0,0,0,1.0,0.0,0.0,0.0,0.0
random_validation,0.3,1,42,agent1,2,4,0,0,0,1.0,0.0,0.0,0.0,0.0
random_validation,0.3,1,48,agent1,0,1,0,0,0,1.0,0.0,0.0,0.0,0.0
random_validation,0.3,1,48,agent1,2,1,0,0,0,1.0,0.0,0.0,0.0,0.0
random_validation,0.3,1,51,agent1,0,3,0,0,0,0.0,0.0,0.0,0.0,0.0
random_validation,0.3,1,51,agent1,1,1,0,0,0,0.0,0.0,0.0,0.0,0.0
random_validation,0.3,1,51,agent1,2,1,1,0,1,1.0,1.0,0.0,1.0,0.0
random_validation,0.3,1,57,agent1,0,5,0,0,0,0.0,0.0,0.0,0.0,0.0
random_validation,0.3,1,57,agent1,1,2,0,0,0,0.0,0.0,0.0,0.0,0.0
random_validation,0.3,1,57,agent1,2,2,0,0,0,0.0,0.0,0.0,0.0,0.0
random_validation,0.3,1,60,agent1,0,2,0,1,0,0.0,0.0,0.0,-1.0,-1.0
random_validation,0.3,1,60,agent1,1,3,0,0,0,1.0,0.0,0.0,0.0,-1.0
random_validation,0.3,1,60,agent1,2,3,0,2,0,-1.0,0.0,0.0,-2.0,-2.0
random_validation,0.3,1,61,agent1,0,4,0,0,0,0.0,0.0,0.0,0.0,0.0
random_validation,0.3,1,61,agent1,1,2,0,0,0,0.0,0.0,0.0,0.0,0.0
random_validation,0.3,1,61,agent1,2,3,0,0,0,0.0,0.0,0.0,0.0,0.0
random_validation,0.3,1,63,agent1,0,2,0,0,0,0.0,0.0,0.0,0.0,0.0
random_validation,0.3,1,63,agent1,1,4,0,0,0,0.0,0.0,0.0,0.0,-1.0
random_validation,0.3,1,63,agent1,2,2,0,0,0,0.0,0.0,0.0,0.0,0.0
random_validation,0.3,1,64,agent1,0,3,0,0,0,0.0,0.0,0.0,0.0,0.0
random_validation,0.3,1,64,agent1,2,4,0,0,0,0.0,0.0,0.0,0.0,0.0
random_validation,0.3,1,65,agent1,0,1,0,1,0,0.0,0.0,0.0,-1.0,-1.0
random_validation,0.3,1,65,agent1,1,1,0,0,0,1.0,0.0,0.0,0.0,0.0
random_validation,0.3,1,65,agent1,2,1,0,0,0,1.0,0.0,0.0,0.0,-1.0
random_validation,0.3,1,68,agent1,0,3,0,0,0,0.0,0.0,0.0,0.0,-1.0
random_validation,0.3,1,68,agent1,1,3,0,0,0,0.0,0.0,0.0,0.0,0.0
random_validation,0.3,1,68,agent1,2,5,0,0,0,0.0,0.0,0.0,0.0,0.0
random_validation,0.3,1,69,agent1,0,1,0,0,0,1.0,0.0,0.0,0.0,0.0
random_validation,0.3,1,69,agent1,1,2,0,1,0,0.0,0.0,0.0,-1.0,-1.0
random_validation,0.3,1,69,agent1,2,2,1,0,4,1.0,0.5,0.75,1.0,1.0
random_validation,0.3,1,70,agent1,0,3,0,0,0,0.0,0.0,0.0,0.0,1.0
random_validation,0.3,1,70,agent1,1,2,0,0,0,0.0,0.0,0.0,0.0,0.0
random_validation,0.3,1,72,agent1,0,3,0,0,0,1.0,0.0,0.0,0.0,-1.0
random_validation,0.3,1,72,agent1,1,1,0,0,0,1.0,0.0,0.0,0.0,0.0
random_validation,0.3,1,72,agent1,2,2,0,0,0,1.0,0.0,0.0,0.0,1.0
random_validation,0.3,1,73,agent1,1,1,0,0,0,0.0,0.0,0.0,0.0,0.0
random_validation,0.3,1,73,agent1,2,3,0,0,0,0.0,0.0,0.0,0.0,0.0
random_validation,0.3,1,75,agent1,0,2,0,0,0,0.0,0.0,0.0,0.0,0.0
random_validation,0.3,1,75,agent1,1,0,0,0,0,0.0,0.0,0.0,0.0,0.0
random_validation,0.3,1,75,agent1,2,0,0,0,0,0.0,0.0,0.0,0.0,0.0
random_validation,0.3,1,76,agent1,1,1,0,0,0,1.0,0.0,0.0,0.0,0.0
random_validation,0.3,1,77,agent1,0,2,0,0,0,0.0,0.0,0.0,0.0,0.0
random_validation,0.3,1,77,agent1,2,2,0,0,0,0.0,0.0,0.0,0.0,1.0
random_validation,0.3,1,79,agent1,0,2,0,0,0,0.0,0.0,0.0,0.0,-1.0
random_validation,0.3,1,79,agent1,2,2,0,0,0,0.0,0.0,0.0,0.0,0.0
random_validation,0.3,1,8,agent1,0,4,0,2,0,-1.0,0.0,0.0,-2.0,-3.0
random_validation,0.3,1,80,agent1,0,0,0,0,0,0.0,0.0,0.0,0.0,0.0
random_validation,0.3,1,80,agent1,1,1,0,0,0,0.0,0.0,0.0,0.0,0.0
random_validation,0.3,1,80,agent1,2,2,0,0,0,0.0,0.0,0.0,0.0,0.0
random_validation,0.3,1,82,agent1,0,1,0,0,0,0.0,0.0,0.0,0.0,0.0
random_validation,0.3,1,82,agent1,1,2,0,0,0,0.0,0.0,0.0,0.0,0.0
random_validation,0.3,1,84,agent1,0,1,0,0,0,0.0,0.0,0.0,0.0,0.0
random_validation,0.3,1,84,agent1,1,3,0,0,0,0.0,0.0,0.0,0.0,0.0
random_validation,0.3,1,84,agent1,2,1,0,0,0,0.0,0.0,0.0,0.0,0.0
random_validation,0.3,1,85,agent1,0,3,0,0,0,0.0,0.0,0.0,0.0,0.0
random_validation,0.3,1,85,agent1,1,3,0,0,0,0.0,0.0,0.0,0.0,0.0
random_validation,0.3,1,87,agent1,0,2,0,0,0,0.0,0.0,0.0,0.0,0.0
random_validation,0.3,1,87,agent1,2,2,0,0,0,0.0,0.0,0.0,0.0,0.0
random_validation,0.3,1,88,agent1,1,2,0,0,0,0.0,0.0,0.0,0.0,0.0
random_validation,0.3,1,88,agent1,2,6,0,0,0,0.0,0.0,0.0,0.0,0.0
random_validation,0.3,1,89,agent1,1,3,0,0,0,0.0,0.0,0.0,0.0,0.0
random_validation,0.3,1,89,agent1,2,4,0,0,0,0.0,0.0,0.0,0.0,0.0
random_validation,0.3,1,9,agent1,0,3,3,0,4,3.0,1.0,0.25,3.0,3.0
random_validation,0.3,1,9,agent1,1,3,0,0,0,1.0,0.0,0.0,0.0,0.0
random_validation,0.3,1,9,agent1,2,4,0,1,0,0.0,0.0,0.0,-1.0,-1.0
random_validation,0.3,2,10,agent1,0,2,2,0,3,2.0,1.0,0.3333333333333333,2.0,2.0
random_validation,0.3,2,10,agent1,1,1,0,0,1,0.0,0.0,1.0,0.0,0.0
random_validation,0.3,2,10,agent1,2,1,0,0,1,0.0,0.0,1.0,0.0,0.0
random_validation,0.3,2,100,agent1,1,1,0,0,0,0.0,0.0,0.0,0.0,0.0
random_validation,0.3,2,100,agent1,2,2,0,0,0,0.0,0.0,0.0,0.0,0.0
random_validation,0.3,2,11,agent1,1,2,0,0,0,0.0,0.0,0.0,0.0,1.0
random_validation,0.3,2,11,agent1,2,2,0,0,1,0.0,0.0,1.0,0.0,0.0
random_validation,0.3,2,13,agent1,2,1,0,0,0,1.0,0.0,0.0,0.0,0.0
random_validation,0.3,2,16,agent1,0,1,0,0,0,1.0,0.0,0.0,0.0,0.0
random_validation,0.3,2,16,agent1,1,6,0,0,0,1.0,0.0,0.0,0.0,0.0
random_validation,0.3,2,17,agent1,0,2,0,0,0,0.0,0.0,0.0,0.0,0.0
random_validation,0.3,2,17,agent1,1,2,1,0,1,1.0,0.5,0.0,1.0,1.0
random_validation,0.3,2,19,agent1,0,3,0,3,0,-2.0,0.0,0.0,-3.0,-3.0
random_validation,0.3,2,19,agent1,1,2,1,0,1,1.0,0.5,0.0,1.0,2.0
random_validation,0.3,2,19,agent1,2,1,0,0,0,0.0,0.0,0.0,0.0,0.0
random_validation,0.3,2,2,agent1,2,3,0,0,1,0.0,0.0,1.0,0.0,1.0
random_validation,0.3,2,21,agent1,0,1,0,0,0,0.0,0.0,0.0,0.0,0.0
random_validation,0.3,2,21,agent1,2,2,0,0,1,0.0,0.0,1.0,0.0,0.0
random_validation,0.3,2,22,agent1,0,2,0,0,0,1.0,0.0,0.0,0.0,1.0
random_validation,0.3,2,22,agent1,1,5,0,0,0,1.0,0.0,0.0,0.0,0.0
random_validation,0.3,2,23,agent1,0,2,0,0,1,0.0,0.0,1.0,0.0,0.0
random_validation,0.3,2,23,agent1,1,4,1,0,2,1.0,0.25,0.5,1.0,1.0
random_validation,0.3,2,23,agent1,2,5,2,0,2,2.0,0.4,0.0,2.0,2.0
random_validation,0.3,2,26,agent1,0,2,0,0,0,1.0,0.0,0.0,0.0,0.0
random_validation,0.3,2,26,agent1,1,1,0,0,0,1.0,0.0,0.0,0.0,1.0
random_validation,0.3,2,26,agent1,2,3,0,0,0,1.0,0.0,0.0,0.0,-1.0
random_validation,0.3,2,27,agent1,0,2,0,0,0,1.0,0.0,0.0,0.0,-1.0
random_validation,0.3,2,27,agent1,1,1,0,0,0,1.0,0.0,0.0,0.0,0.0
random_validation,0.3,2,27,agent1,2,3,0,0,0,1.0,0.0,0.0,0.0,-1.0
random_validation,0.3,2,29,agent1,0,3,0,0,1,0.0,0.0,1.0,0.0,0.0
random_validation,0.3,2,29,agent1,1,1,0,0,0,0.0,0.0,0.0,0.0,0.0
random_validation,0.3,2,3,agent1,0,3,0,3,0,-2.0,0.0,0.0,-3.0,-3.0
random_validation,0.3,2,3,agent1,1,4,1,0,1,1.0,0.25,0.0,1.0,1.0
random_validation,0.3,2,30,agent1,2,1,0,0,0,1.0,0.0,0.0,0.0,0.0
random_validation,0.3,2,31,agent1,1,3,0,0,0,0.0,0.0,0.0,0.0,1.0
random_validation,0.3,2,31,agent1,2,2,0,1,0,0.0,0.0,0.0,-1.0,1.0
random_validation,0.3,2,32,agent1,0,3,0,3,0,-2.0,0.0,0.0,-3.0,-2.0
random_validation,0.3,2,32,agent1,1,0,0,0,2,0.0,0.0,1.0,0.0,0.0
random_validation,0.3,2,33,agent1,1,3,1,0,2,1.0,0.3333333333333333,0.5,1.0,0.0
random_validation,0.3,2,33,agent1,2,5,0,0,0,0.0,0.0,0.0,0.0,0.0
random_validation,0.3,2,34,agent1,0,2,0,0,0,0.0,0.0,0.0,0.0,0.0
random_validation,0.3,2,34,agent1,1,4,2,0,2,2.0,0.5,0.0,2.0,2.0
random_validation,0.3,2,34,agent1,2,3,1,0,2,1.0,0.3333333333333333,0.5,1.0,1.0
random_validation,0.3,2,36,agent1,0,4,0,0,0,1.0,0.0,0.0,0.0,0.0
random_validation,0.3,2,36,agent1,1,4,0,0,0,1.0,0.0,0.0,0.0,-1.0
random_validation,0.3,2,36,agent1,2,0,0,0,0,1.0,0.0,0.0,0.0,0.0
random_validation,0.3,2,37,agent1,0,4,0,1,0,0.0,0.0,0.0,-1.0,-1.0
random_validation,0.3,2,37,agent1,1,2,0,0,0,1.0,0.0,0.0,0.0,0.0
random_validation,0.3,2,37,agent1,2,3,0,1,0,0.0,0.0,0.0,-1.0,0.0
random_validation,0.3,2,41,agent1,0,4,0,1,0,0.0,0.0,0.0,-1.0,-1.0
random_validation,0.3,2,41,agent1,1,3,2,0,4,2.0,0.6666666666666666,0.5,2.0,2.0
random_validation,0.3,2,41,agent1,2,4,0,0,0,1.0,0.0,0.0,0.0,0.0
random_validation,0.3,2,42,agent1,0,2,0,0,0,1.0,0.0,0.0,0.0,0.0
random_validation,0.3,2,42,agent1,1,3,0,1,0,0.0,0.0,0.0,-1.0,-2.0
random_validation,0.3,2,42,agent1,2,3,0,0,0,1.0,0.0,0.0,0.0,0.0
random_validation,0.3,2,48,agent1,0,1,0,0,0,1.0,0.0,0.0,0.0,0.0
random_validation,0.3,2,48,agent1,2,1,0,0,0,1.0,0.0,0.0,0.0,0.0
random_validation,0.3,2,51,agent1,0,4,0,0,0,0.0,0.0,0.0,0.0,0.0
random_validation,0.3,2,51,agent1,1,4,0,0,0,0.0,0.0,0.0,0.0,0.0
random_validation,0.3,2,51,agent1,2,2,0,0,1,0.0,0.0,1.0,0.0,1.0
random_validation,0.3,2,57,agent1,0,2,0,0,0,0.0,0.0,0.0,0.0,0.0
random_validation,0.3,2,57,agent1,1,1,0,0,0,0.0,0.0,0.0,0.0,0.0
random_validation,0.3,2,57,agent1,2,2,0,0,0,0.0,0.0,0.0,0.0,0.0
random_validation,0.3,2,60,agent1,0,3,0,1,0,0.0,0.0,0.0,-1.0,-1.0
random_validation,0.3,2,60,agent1,1,2,0,0,0,1.0,0.0,0.0,0.0,0.0
random_validation,0.3,2,60,agent1,2,5,0,4,0,-3.0,0.0,0.0,-4.0,-2.0
random_validation,0.3,2,61,agent1,0,2,0,0,0,0.0,0.0,0.0,0.0,0.0
random_validation,0.3,2,61,agent1,1,1,0,0,0,0.0,0.0,0.0,0.0,0.0
random_validation,0.3,2,61,agent1,2,2,0,0,0,0.0,0.0,0.0,0.0,0.0
random_validation,0.3,2,63,agent1,0,3,0,0,0,0.0,0.0,0.0,0.0,0.0
random_validation,0.3,2,63,agent1,1,4,0,0,0,0.0,0.0,0.0,0.0,0.0
random_validation,0.3,2,63,agent1,2,2,0,0,0,0.0,0.0,0.0,0.0,0.0
random_validation,0.3,2,64,agent1,0,3,0,0,0,0.0,0.0,0.0,0.0,1.0
random_validation,0.3,2,64,agent1,2,3,0,0,0,0.0,0.0,0.0,0.0,0.0
random_validation,0.3,2,65,agent1,0,2,0,1,0,0.0,0.0,0.0,-1.0,-1.0
random_validation,0.3,2,65,agent1,1,0,0,0,0,1.0,0.0,0.0,0.0,0.0
random_validation,0.3,2,65,agent1,2,1,0,0,0,1.0,0.0,0.0,0.0,0.0
random_validation,0.3,2,68,agent1,0,1,0,0,0,0.0,0.0,0.0,0.0,0.0
random_validation,0.3,2,68,agent1,1,3,0,0,0,0.0,0.0,0.0,0.0,0.0
random_validation,0.3,2,68,agent1,2,3,0,0,0,0.0,0.0,0.0,0.0,0.0
random_validation,0.3,2,69,agent1,0,2,0,2,0,-1.0,0.0,0.0,-2.0,-1.0
random_validation,0.3,2,69,agent1,1,2,0,2,0,-1.0,0.0,0.0,-2.0,-2.0
random_validation,0.3,2,69,agent1,2,2,2,0,4,2.0,1.0,0.5,2.0,2.0
random_validation,0.3,2,70,agent1,0,1,0,0,0,0.0,0.0,0.0,0.0,0.0
random_validation,0.3,2,70,agent1,1,2,0,0,0,0.0,0.0,0.0,0.0,0.0
random_validation,0.3,2,72,agent1,0,2,0,0,0,1.0,0.0,0.0,0.0,0.0
random_validation,0.3,2,72,agent1,1,1,0,0,0,1.0,0.0,0.0,0.0,0.0
random_validation,0.3,2,72,agent1,2,1,0,0,0,1.0,0.0,0.0,0.0,0.0
random_validation,0.3,2,73,agent1,1,2,0,0,0,0.0,0.0,0.0,0.0,0.0
random_validation,0.3,2,73,agent1,2,1,0,0,0,0.0,0.0,0.0,0.0,0.0
random_validation,0.3,2,75,agent1,0,1,0,0,0,0.0,0.0,0.0,0.0,0.0
random_validation,0.3,2,75,agent1,1,2,0,0,0,0.0,0.0,0.0,0.0,0.0
random_validation,0.3,2,75,agent1,2,1,0,0,0,0.0,0.0,0.0,0.0,0.0
random_validation,0.3,2,76,agent1,1,0,0,0,0,1.0,0.0,0.0,0.0,0.0
random_validation,0.3,2,77,agent1,0,2,0,0,0,0.0,0.0,0.0,0.0,0.0
random_validation,0.3,2,77,agent1,2,2,0,0,0,0.0,0.0,0.0,0.0,-1.0
random_validation,0.3,2,79,agent1,0,2,0,0,0,0.0,0.0,0.0,0.0,0.0
random_validation,0.3,2,79,agent1,2,4,0,0,0,0.0,0.0,0.0,0.0,0.0
random_validation,0.3,2,8,agent1,0,1,0,1,0,0.0,0.0,0.0,-1.0,-1.0
random_validation,0.3,2,80,agent1,0,3,0,0,0,0.0,0.0,0.0,0.0,0.0
random_validation,0.3,2,80,agent1,1,1,0,0,0,0.0,0.0,0.0,0.0,0.0
random_validation,0.3,2,80,agent1,2,1,0,0,0,0.0,0.0,0.0,0.0,1.0
random_validation,0.3,2,82,agent1,0,2,0,0,0,0.0,0.0,0.0,0.0,0.0
random_validation,0.3,2,82,agent1,1,2,0,0,0,0.0,0.0,0.0,0.0,0.0
random_validation,0.3,2,84,agent1,0,3,0,0,0,0.0,0.0,0.0,0.0,0.0
random_validation,0.3,2,84,agent1,1,1,0,0,0,0.0,0.0,0.0,0.0,0.0
random_validation,0.3,2,84,agent1,2,2,0,0,0,0.0,0.0,0.0,0.0,0.0
random_validation,0.3,2,85,agent1,0,5,0,0,0,0.0,0.0,0.0,0.0,0.0
random_validation,0.3,2,85,agent1,1,5,0,0,0,0.0,0.0,0.0,0.0,1.0
random_validation,0.3,2,87,agent1,0,1,0,0,0,0.0,0.0,0.0,0.0,0.0
random_validation,0.3,2,87,agent1,2,2,0,0,0,0.0,0.0,0.0,0.0,0.0
random_validation,0.3,2,88,agent1,1,3,0,0,0,0.0,0.0,0.0,0.0,0.0
random_validation,0.3,2,88,agent1,2,4,0,0,0,0.0,0.0,0.0,0.0,-1.0
random_validation,0.3,2,89,agent1,1,4,0,0,0,0.0,0.0,0.0,0.0,0.0
random_validation,0.3,2,89,agent1,2,2,0,0,0,0.0,0.0,0.0,0.0,0.0
random_validation,0.3,2,9,agent1,0,2,2,0,4,2.0,1.0,0.5,2.0,2.0
random_validation,0.3,2,9,agent1,1,4,0,0,0,1.0,0.0,0.0,0.0,0.0
random_validation,0.3,2,9,agent1,2,2,0,0,0,1.0,0.0,0.0,0.0,0.0
random_validation,0.3,3,10,agent1,0,0,0,0,3,0.0,0.0,1.0,0.0,0.0
random_validation,0.3,3,10,agent1,1,1,1,0,1,1.0,1.0,0.0,1.0,1.0
random_validation,0.3,3,10,agent1,2,1,1,0,1,1.0,1.0,0.0,1.0,1.0
random_validation,0.3,3,100,agent1,1,2,0,0,0,0.0,0.0,0.0,0.0,0.0
random_validation,0.3,3,100,agent1,2,2,0,0,0,0.0,0.0,0.0,0.0,-1.0
random_validation,0.3,3,11,agent1,1,1,0,0,0,0.0,0.0,0.0,0.0,0.0
random_validation,0.3,3,11,agent1,2,1,0,0,1,0.0,0.0,1.0,0.0,0.0
random_validation,0.3,3,13,agent1,2,0,0,0,0,1.0,0.0,0.0,0.0,0.0
random_validation,0.3,3,16,agent1,0,4,0,0,0,1.0,0.0,0.0,0.0,0.0
random_validation,0.3,3,16,agent1,1,1,0,0,0,1.0,0.0,0.0,0.0,0.0
random_validation,0.3,3,17,agent1,0,2,0,0,0,0.0,0.0,0.0,0.0,0.0
random_validation,0.3,3,17,agent1,1,0,0,0,1,0.0,0.0,1.0,0.0,0.0
random_validation,0.3,3,19,agent1,0,1,0,0,0,1.0,0.0,0.0,0.0,0.0
random_validation,0.3,3,19,agent1,1,1,0,0,1,0.0,0.0,1.0,0.0,0.0
random_validation,0.3,3,19,agent1,2,2,0,0,0,0.0,0.0,0.0,0.0,-1.0
random_validation,0.3,3,2,agent1,2,4,0,0,1,0.0,0.0,1.0,0.0,1.0
random_validation,0.3,3,21,agent1,0,1,0,0,0,0.0,0.0,0.0,0.0,0.0
random_validation,0.3,3,21,agent1,2,2,1,0,1,1.0,0.5,0.0,1.0,1.0
random_validation,0.3,3,22,agent1,0,1,0,0,0,1.0,0.0,0.0,0.0,0.0
random_validation,0.3,3,22,agent1,1,4,0,0,0,1.0,0.0,0.0,0.0,0.0
random_validation,0.3,3,23,agent1,0,1,1,0,1,1.0,1.0,0.0,1.0,1.0
random_validation,0.3,3,23,agent1,1,3,0,0,2,0.0,0.0,1.0,0.0,0.0
random_validation,0.3,3,23,agent1,2,2,0,0,2,0.0,0.0,1.0,0.0,1.0
random_validation,0.3,3,26,agent1,0,4,0,0,0,1.0,0.0,0.0,0.0,1.0
random_validation,0.3,3,26,agent1,1,3,0,1,0,0.0,0.0,0.0,-1.0,0.0
random_validation,0.3,3,26,agent1,2,2,0,0,0,1.0,0.0,0.0,0.0,0.0
random_validation,0.3,3,27,agent1,0,1,0,0,0,1.0,0.0,0.0,0.0,-1.0
random_validation,0.3,3,27,agent1,1,3,0,0,0,1.0,0.0,0.0,0.0,0.0
random_validation,0.3,3,27,agent1,2,3,0,0,0,1.0,0.0,0.0,0.0,0.0
random_validation,0.3,3,29,agent1,0,2,1,0,1,1.0,0.5,0.0,1.0,1.0
random_validation,0.3,3,29,agent1,1,2,0,0,0,0.0,0.0,0.0,0.0,0.0
random_validation,0.3,3,3,agent1,0,3,0,2,0,-1.0,0.0,0.0,-2.0,-2.0
random_validation,0.3,3,3,agent1,1,5,1,0,1,1.0,0.2,0.0,1.0,0.0
random_validation,0.3,3,30,agent1,2,1,0,0,0,1.0,0.0,0.0,0.0,0.0
random_validation,0.3,3,31,agent1,1,3,0,0,0,0.0,0.0,0.0,0.0,0.0
random_validation,0.3,3,31,agent1,2,2,0,1,0,0.0,0.0,0.0,-1.0,-1.0
random_validation,0.3,3,32,agent1,0,2,0,2,0,-1.0,0.0,0.0,-2.0,-2.0
random_validation,0.3,3,32,agent1,1,4,1,0,2,1.0,0.25,0.5,1.0,1.0
random_validation,0.3,3,33,agent1,1,2,0,0,2,0.0,0.0,1.0,0.0,-1.0
random_validation,0.3,3,33,agent1,2,3,0,0,0,0.0,0.0,0.0,0.0,0.0
random_validation,0.3,3,34,agent1,0,3,0,0,0,0.0,0.0,0.0,0.0,0.0
random_validation,0.3,3,34,agent1,1,4,2,0,2,2.0,0.5,0.0,2.0,2.0
random_validation,0.3,3,34,agent1,2,2,1,0,2,1.0,0.5,0.5,1.0,1.0
random_validation,0.3,3,36,agent1,0,3,0,0,0,1.0,0.0,0.0,0.0,0.0
random_validation,0.3,3,36,agent1,1,2,0,0,0,1.0,0.0,0.0,0.0,0.0
random_validation,0.3,3,36,agent1,2,1,0,0,0,1.0,0.0,0.0,0.0,0.0
random_validation,0.3,3,37,agent1,0,3,0,0,0,1.0,0.0,0.0,0.0,0.0
random_validation,0.3,3,37,agent1,1,2,0,1,0,0.0,0.0,0.0,-1.0,-1.0
random_validation,0.3,3,37,agent1,2,3,0,2,0,-1.0,0.0,0.0,-2.0,-2.0
random_validation,0.3,3,41,agent1,0,2,0,0,0,1.0,0.0,0.0,0.0,0.0
random_validation,0.3,3,41,agent1,1,3,3,0,4,3.0,1.0,0.25,3.0,3.0
random_validation,0.3,3,41,agent1,2,3,0,0,0,1.0,0.0,0.0,0.0,0.0
random_validation,0.3,3,42,agent1,0,0,0,0,0,1.0,0.0,0.0,0.0,0.0
random_validation,0.3,3,42,agent1,1,5,0,1,0,0.0,0.0,0.0,-1.0,-1.0
random_validation,0.3,3,42,agent1,2,1,0,0,0,1.0,0.0,0.0,0.0,0.0
random_validation,0.3,3,48,agent1,0,4,0,0,0,1.0,0.0,0.0,0.0,0.0
random_validation,0.3,3,48,agent1,2,3,0,0,0,1.0,0.0,0.0,0.0,0.0
random_validation,0.3,3,51,agent1,0,4,0,0,0,0.0,0.0,0.0,0.0,0.0
random_validation,0.3,3,51,agent1,1,2,0,0,0,0.0,0.0,0.0,0.0,0.0
random_validation,0.3,3,51,agent1,2,2,1,0,1,1.0,0.5,0.0,1.0,1.0
random_validation,0.3,3,57,agent1,0,4,0,0,0,0.0,0.0,0.0,0.0,1.0
random_validation,0.3,3,57,agent1,1,4,0,0,0,0.0,0.0,0.0,0.0,2.0
random_validation,0.3,3,57,agent1,2,3,0,0,0,0.0,0.0,0.0,0.0,0.0
random_validation,0.3,3,60,agent1,0,3,0,1,0,0.0,0.0,0.0,-1.0,-2.0
random_validation,0.3,3,60,agent1,1,3,0,0,0,1.0,0.0,0.0,0.0,0.0
random_validation,0.3,3,60,agent1,2,2,0,2,0,-1.0,0.0,0.0,-2.0,-1.0
random_validation,0.3,3,61,agent1,0,3,0,0,0,0.0,0.0,0.0,0.0,0.0
random_validation,0.3,3,61,agent1,1,3,0,0,0,0.0,0.0,0.0,0.0,0.0
random_validation,0.3,3,61,agent1,2,3,0,0,0,0.0,0.0,0.0,0.0,1.0
random_validation,0.3,3,63,agent1,0,1,0,0,0,0.0,0.0,0.0,0.0,0.0
random_validation,0.3,3,63,agent1,1,3,0,0,0,0.0,0.0,0.0,0.0,0.0
random_validation,0.3,3,63,agent1,2,3,0,0,0,0.0,0.0,0.0,0.0,0.0
random_validation,0.3,3,64,agent1,0,4,0,0,0,0.0,0.0,0.0,0.0,0.0
random_validation,0.3,3,64,agent1,2,4,0,0,0,0.0,0.0,0.0,0.0,0.0
random_validation,0.3,3,65,agent1,0,0,0,0,0,1.0,0.0,0.0,0.0,0.0
random_validation,0.3,3,65,agent1,1,0,0,0,0,1.0,0.0,0.0,0.0,0.0
random_validation,0.3,3,65,agent1,2,0,0,0,0,1.0,0.0,0.0,0.0,0.0
random_validation,0.3,3,68,agent1,0,3,0,0,0,0.0,0.0,0.0,0.0,1.0
random_validation,0.3,3,68,agent1,1,3,0,0,0,0.0,0.0,0.0,0.0,0.0
random_validation,0.3,3,68,agent1,2,2,0,0,0,0.0,0.0,0.0,0.0,0.0
random_validation,0.3,3,69,agent1,0,3,0,2,0,-1.0,0.0,0.0,-2.0,-2.0
random_validation,0.3,3,69,agent1,1,4,0,3,0,-2.0,0.0,0.0,-3.0,-2.0
random_validation,0.3,3,69,agent1,2,3,2,0,4,2.0,0.6666666666666666,0.5,2.0,2.0
random_validation,0.3,3,70,agent1,0,2,0,0,0,0.0,0.0,0.0,0.0,0.0
random_validation,0.3,3,70,agent1,1,3,0,0,0,0.0,0.0,0.0,0.0,0.0
random_validation,0.3,3,72,agent1,0,3,0,0,0,1.0,0.0,0.0,0.0,0.0
random_validation,0.3,3,72,agent1,1,1,0,0,0,1.0,0.0,0.0,0.0,0.0
random_validation,0.3,3,72,agent1,2,2,0,0,0,1.0,0.0,0.0,0.0,0.0
random_validation,0.3,3,73,agent1,1,0,0,0,0,0.0,0.0,0.0,0.0,0.0
random_validation,0.3,3,73,agent1,2,1,0,0,0,0.0,0.0,0.0,0.0,0.0
random_validation,0.3,3,75,agent1,0,2,0,0,0,0.0,0.0,0.0,0.0,0.0
random_validation,0.3,3,75,agent1,1,2,0,0,0,0.0,0.0,0.0,0.0,0.0
random_validation,0.3,3,75,agent1,2,0,0,0,0,0.0,0.0,0.0,0.0,0.0
random_validation,0.3,3,76,agent1,1,0,0,0,0,1.0,0.0,0.0,0.0,0.0
random_validation,0.3,3,77,agent1,0,1,0,0,0,0.0,0.0,0.0,0.0,0.0
random_validation,0.3,3,77,agent1,2,3,0,0,0,0.0,0.0,0.0,0.0,0.0
random_validation,0.3,3,79,agent1,0,1,0,0,0,0.0,0.0,0.0,0.0,0.0
random_validation,0.3,3,79,agent1,2,2,0,0,0,0.0,0.0,0.0,0.0,0.0
random_validation,0.3,3,8,agent1,0,1,0,0,0,1.0,0.0,0.0,0.0,0.0
random_validation,0.3,3,80,agent1,0,1,0,0,0,0.0,0.0,0.0,0.0,0.0
random_validation,0.3,3,80,agent1,1,2,0,0,0,0.0,0.0,0.0,0.0,0.0
random_validation,0.3,3,80,agent1,2,3,0,0,0,0.0,0.0,0.0,0.0,0.0
random_validation,0.3,3,82,agent1,0,2,0,0,0,0.0,0.0,0.0,0.0,-1.0
random_validation,0.3,3,82,agent1,1,3,0,0,0,0.0,0.0,0.0,0.0,0.0
random_validation,0.3,3,84,agent1,0,2,0,0,0,0.0,0.0,0.0,0.0,0.0
random_validation,0.3,3,84,agent1,1,0,0,0,0,0.0,0.0,0.0,0.0,0.0
random_validation,0.3,3,84,agent1,2,2,0,0,0,0.0,0.0,0.0,0.0,0.0
random_validation,0.3,3,85,agent1,0,2,0,0,0,0.0,0.0,0.0,0.0,0.0
random_validation,0.3,3,85,agent1,1,4,0,0,0,0.0,0.0,0.0,0.0,-1.0
random_validation,0.3,3,87,agent1,0,3,0,0,0,0.0,0.0,0.0,0.0,0.0
random_validation,0.3,3,87,agent1,2,1,0,0,0,0.0,0.0,0.0,0.0,0.0
random_validation,0.3,3,88,agent1,1,3,0,0,0,0.0,0.0,0.0,0.0,0.0
random_validation,0.3,3,88,agent1,2,3,0,0,0,0.0,0.0,0.0,0.0,1.0
random_validation,0.3,3,89,agent1,1,5,0,0,0,0.0,0.0,0.0,0.0,-1.0
random_validation,0.3,3,89,agent1,2,2,0,0,0,0.0,0.0,0.0,0.0,0.0
random_validation,0.3,3,9,agent1,0,2,2,0,4,2.0,1.0,0.5,2.0,1.0
random_validation,0.3,3,9,agent1,1,3,0,0,0,1.0,0.0,0.0,0.0,0.0
random_validation,0.3,3,9,agent1,2,3,0,0,0,1.0,0.0,0.0,0.0,1.0
random_validation,0.3,4,10,agent1,0,2,2,0,3,2.0,1.0,0.3333333333333333,2.0,2.0
random_validation,0.3,4,10,agent1,1,0,0,0,1,0.0,0.0,1.0,0.0,0.0
random_validation,0.3,4,10,agent1,2,2,1,0,1,1.0,0.5,0.0,1.0,1.0
random_validation,0.3,4,100,agent1,1,1,0,0,0,0.0,0.0,0.0,0.0,0.0
random_validation,0.3,4,100,agent1,2,2,0,0,0,0.0,0.0,0.0,0.0,0.0
random_validation,0.3,4,11,agent1,1,2,0,0,0,0.0,0.0,0.0,0.0,1.0
random_validation,0.3,4,11,agent1,2,2,0,0,1,0.0,0.0,1.0,0.0,0.0
random_validation,0.3,4,13,agent1,2,0,0,0,0,1.0,0.0,0.0,0.0,0.0
random_validation,0.3,4,16,agent1,0,3,0,0,0,1.0,0.0,0.0,0.0,-1.0
random_validation,0.3,4,16,agent1,1,3,0,0,0,1.0,0.0,0.0,0.0,-1.0
random_validation,0.3,4,17,agent1,0,2,0,0,0,0.0,0.0,0.0,0.0,0.0
random_validation,0.3,4,17,agent1,1,3,0,0,1,0.0,0.0,1.0,0.0,-1.0
random_validation,0.3,4,19,agent1,0,1,0,1,0,0.0,0.0,0.0,-1.0,-1.0
random_validation,0.3,4,19,agent1,1,0,0,0,1,0.0,0.0,1.0,0.0,0.0
random_validation,0.3,4,19,agent1,2,2,0,0,0,0.0,0.0,0.0,0.0,0.0
random_validation,0.3,4,2,agent1,2,2,0,0,1,0.0,0.0,1.0,0.0,0.0
random_validation,0.3,4,21,agent1,0,1,0,0,0,0.0,0.0,0.0,0.0,0.0
random_validation,0.3,4,21,agent1,2,2,0,0,1,0.0,0.0,1.0,0.0,0.0
random_validation,0.3,4,22,agent1,0,1,0,0,0,1.0,0.0,0.0,0.0,0.0
random_validation,0.3,4,22,agent1,1,4,0,0,0,1.0,0.0,0.0,0.0,0.0
random_validation,0.3,4,23,agent1,0,1,0,0,1,0.0,0.0,1.0,0.0,0.0
random_validation,0.3,4,23,agent1,1,1,0,0,2,0.0,0.0,1.0,0.0,0.0
random_validation,0.3,4,23,agent1,2,3,1,0,2,1.0,0.3333333333333333,0.5,1.0,1.0
random_validation,0.3,4,26,agent1,0,4,0,0,0,1.0,0.0,0.0,0.0,-1.0
random_validation,0.3,4,26,agent1,1,4,0,1,0,0.0,0.0,0.0,-1.0,0.0
random_validation,0.3,4,26,agent1,2,3,0,0,0,1.0,0.0,0.0,0.0,0.0
random_validation,0.3,4,27,agent1,0,2,0,0,0,1.0,0.0,0.0,0.0,0.0
random_validation,0.3,4,27,agent1,1,2,0,0,0,1.0,0.0,0.0,0.0,0.0
random_validation,0.3,4,27,agent1,2,1,0,0,0,1.0,0.0,0.0,0.0,0.0
random_validation,0.3,4,29,agent1,0,3,1,0,1,1.0,0.3333333333333333,0.0,1.0,1.0
random_validation,0.3,4,29,agent1,1,2,0,0,0,0.0,0.0,0.0,0.0,0.0
random_validation,0.3,4,3,agent1,0,1,0,1,0,0.0,0.0,0.0,-1.0,-1.0
random_validation,0.3,4,3,agent1,1,4,1,0,1,1.0,0.25,0.0,1.0,1.0
random_validation,0.3,4,30,agent1,2,2,0,0,0,1.0,0.0,0.0,0.0,0.0
random_validation,0.3,4,31,agent1,1,1,0,0,0,0.0,0.0,0.0,0.0,1.0
random_validation,0.3,4,31,agent1,2,0,0,0,0,1.0,0.0,0.0,0.0,0.0
random_validation,0.3,4,32,agent1,0,1,0,1,0,0.0,0.0,0.0,-1.0,-1.0
random_validation,0.3,4,32,agent1,1,2,1,0,2,1.0,0.5,0.5,1.0,1.0
random_validation,0.3,4,33,agent1,1,2,1,0,2,1.0,0.5,0.5,1.0,1.0
random_validation,0.3,4,33,agent1,2,4,0,0,0,0.0,0.0,0.0,0.0,2.0
random_validation,0.3,4,34,agent1,0,1,0,0,0,0.0,0.0,0.0,0.0,0.0
random_validation,0.3,4,34,agent1,1,2,1,0,2,1.0,0.5,0.5,1.0,1.0
random_validation,0.3,4,34,agent1,2,1,1,0,2,1.0,1.0,0.5,1.0,0.0
random_validation,0.3,4,36,agent1,0,3,0,0,0,1.0,0.0,0.0,0.0,0.0
random_validation,0.3,4,36,agent1,1,2,0,0,0,1.0,0.0,0.0,0.0,0.0
random_validation,0.3,4,36,agent1,2,1,0,0,0,1.0,0.0,0.0,0.0,0.0
random_validation,0.3,4,37,agent1,0,1,0,0,0,1.0,0.0,0.0,0.0,0.0
random_validation,0.3,4,37,agent1,1,3,0,1,0,0.0,0.0,0.0,-1.0,-1.0
random_validation,0.3,4,37,agent1,2,3,0,2,0,-1.0,0.0,0.0,-2.0,-2.0
random_validation,0.3,4,41,agent1,0,3,0,1,0,0.0,0.0,0.0,-1.0,0.0
random_validation,0.3,4,41,agent1,1,3,3,0,4,3.0,1.0,0.25,3.0,3.0
random_validation,0.3,4,41,agent1,2,2,0,0,0,1.0,0.0,0.0,0.0,0.0
random_validation,0.3,4,42,agent1,0,3,0,0,0,1.0,0.0,0.0,0.0,1.0
random_validation,0.3,4,42,agent1,1,3,0,1,0,0.0,0.0,0.0,-1.0,-2.0
random_validation,0.3,4,42,agent1,2,5,0,0,0,1.0,0.0,0.0,0.0,0.0
random_validation,0.3,4,48,agent1,0,2,0,0,0,1.0,0.0,0.0,0.0,0.0
random_validation,0.3,4,48,agent1,2,2,0,0,0,1.0,0.0,0.0,0.0,1.0
random_validation,0.3,4,51,agent1,0,5,0,0,0,0.0,0.0,0.0,0.0,1.0
random_validation,0.3,4,51,agent1,1,4,0,0,0,0.0,0.0,0.0,0.0,1.0
random_validation,0.3,4,51,agent1,2,3,1,0,1,1.0,0.3333333333333333,0.0,1.0,1.0
random_validation,0.3,4,57,agent1,0,3,0,0,0,0.0,0.0,0.0,0.0,0.0
random_validation,0.3,4,57,agent1,1,3,0,0,0,0.0,0.0,0.0,0.0,0.0
random_validation,0.3,4,57,agent1,2,2,0,0,0,0.0,0.0,0.0,0.0,0.0
random_validation,0.3,4,60,agent1,0,2,0,2,0,-1.0,0.0,0.0,-2.0,-2.0
random_validation,0.3,4,60,agent1,1,5,0,0,0,1.0,0.0,0.0,0.0,0.0
random_validation,0.3,4,60,agent1,2,2,0,1,0,0.0,0.0,0.0,-1.0,0.0
random_validation,0.3,4,61,agent1,0,1,0,0,0,0.0,0.0,0.0,0.0,1.0
random_validation,0.3,4,61,agent1,1,3,0,0,0,0.0,0.0,0.0,0.0,-1.0
random_validation,0.3,4,61,agent1,2,2,0,0,0,0.0,0.0,0.0,0.0,0.0
random_validation,0.3,4,63,agent1,0,4,0,0,0,0.0,0.0,0.0,0.0,1.0
random_validation,0.3,4,63,agent1,1,4,0,0,0,0.0,0.0,0.0,0.0,0.0
random_validation,0.3,4,63,agent1,2,4,0,0,0,0.0,0.0,0.0,0.0,0.0
random_validation,0.3,4,64,agent1,0,2,0,0,0,0.0,0.0,0.0,0.0,0.0
random_validation,0.3,4,64,agent1,2,3,0,0,0,0.0,0.0,0.0,0.0,0.0
random_validation,0.3,4,65,agent1,0,1,0,0,0,1.0,0.0,0.0,0.0,0.0
random_validation,0.3,4,65,agent1,1,1,0,0,0,1.0,0.0,0.0,0.0,0.0
random_validation,0.3,4,65,agent1,2,1,0,0,0,1.0,0.0,0.0,0.0,0.0
random_validation,0.3,4,68,agent1,0,1,0,0,0,0.0,0.0,0.0,0.0,0.0
random_validation,0.3,4,68,agent1,1,2,0,0,0,0.0,0.0,0.0,0.0,0.0
random_validation,0.3,4,68,agent1,2,1,0,0,0,0.0,0.0,0.0,0.0,0.0
random_validation,0.3,4,69,agent1,0,1,0,1,0,0.0,0.0,0.0,-1.0,-1.0
random_validation,0.3,4,69,agent1,1,4,0,3,0,-2.0,0.0,0.0,-3.0,-3.0
random_validation,0.3,4,69,agent1,2,1,0,0,4,0.0,0.0,1.0,0.0,0.0
random_validation,0.3,4,70,agent1,0,4,0,0,0,0.0,0.0,0.0,0.0,0.0
random_validation,0.3,4,70,agent1,1,1,0,0,0,0.0,0.0,0.0,0.0,0.0
random_validation,0.3,4,72,agent1,0,1,0,0,0,1.0,0.0,0.0,0.0,-1.0
random_validation,0.3,4,72,agent1,1,2,0,0,0,1.0,0.0,0.0,0.0,0.0
random_validation,0.3,4,72,agent1,2,0,0,0,0,1.0,0.0,0.0,0.0,0.0
random_validation,0.3,4,73,agent1,1,2,0,0,0,0.0,0.0,0.0,0.0,0.0
random_validation,0.3,4,73,agent1,2,3,0,0,0,0.0,0.0,0.0,0.0,0.0
random_validation,0.3,4,75,agent1,0,1,0,0,0,0.0,0.0,0.0,0.0,1.0
random_validation,0.3,4,75,agent1,1,2,0,0,0,0.0,0.0,0.0,0.0,0.0
random_validation,0.3,4,75,agent1,2,0,0,0,0,0.0,0.0,0.0,0.0,0.0
random_validation,0.3,4,76,agent1,1,1,0,0,0,1.0,0.0,0.0,0.0,0.0
random_validation,0.3,4,77,agent1,0,1,0,0,0,0.0,0.0,0.0,0.0,0.0
random_validation,0.3,4,77,agent1,2,1,0,0,0,0.0,0.0,0.0,0.0,0.0
random_validation,0.3,4,79,agent1,0,2,0,0,0,0.0,0.0,0.0,0.0,-1.0
random_validation,0.3,4,79,agent1,2,3,0,0,0,0.0,0.0,0.0,0.0,0.0
random_validation,0.3,4,8,agent1,0,3,0,2,0,-1.0,0.0,0.0,-2.0,-2.0
random_validation,0.3,4,80,agent1,0,0,0,0,0,0.0,0.0,0.0,0.0,0.0
random_validation,0.3,4,80,agent1,1,1,0,0,0,0.0,0.0,0.0,0.0,0.0
random_validation,0.3,4,80,agent1,2,1,0,0,0,0.0,0.0,0.0,0.0,0.0
random_validation,0.3,4,82,agent1,0,1,0,0,0,0.0,0.0,0.0,0.0,0.0
random_validation,0.3,4,82,agent1,1,4,0,0,0,0.0,0.0,0.0,0.0,0.0
random_validation,0.3,4,84,agent1,0,2,0,0,0,0.0,0.0,0.0,0.0,0.0
random_validation,0.3,4,84,agent1,1,1,0,0,0,0.0,0.0,0.0,0.0,-1.0
random_validation,0.3,4,84,agent1,2,2,0,0,0,0.0,0.0,0.0,0.0,0.0
random_validation,0.3,4,85,agent1,0,1,0,0,0,0.0,0.0,0.0,0.0,0.0
random_validation,0.3,4,85,agent1,1,3,0,0,0,0.0,0.0,0.0,0.0,-1.0
random_validation,0.3,4,87,agent1,0,2,0,0,0,0.0,0.0,0.0,0.0,0.0
random_validation,0.3,4,87,agent1,2,1,0,0,0,0.0,0.0,0.0,0.0,0.0
random_validation,0.3,4,88,agent1,1,2,0,0,0,0.0,0.0,0.0,0.0,0.0
random_validation,0.3,4,88,agent1,2,3,0,0,0,0.0,0.0,0.0,0.0,0.0
random_validation,0.3,4,89,agent1,1,1,0,0,0,0.0,0.0,0.0,0.0,0.0
random_validation,0.3,4,89,agent1,2,2,0,0,0,0.0,0.0,0.0,0.0,0.0
random_validation,0.3,4,9,agent1,0,3,3,0,4,3.0,1.0,0.25,3.0,2.0
random_validation,0.3,4,9,agent1,1,3,0,0,0,1.0,0.0,0.0,0.0,0.0
random_validation,0.3,4,9,agent1,2,3,0,0,0,1.0,0.0,0.0,0.0,0.0
