episode,method,seed,reward,cumulative_reward,n_stored,n_validated,n_rejected
0,full_memory,0,0.0,0.0,1,0,0
1,full_memory,0,0.0,0.0,2,0,0
2,full_memory,0,1.0,1.0,3,0,0
3,full_memory,0,0.0,1.0,4,0,0
4,full_memory,0,1.0,2.0,5,0,0
5,full_memory,0,0.0,2.0,6,0,0
6,full_memory,0,1.0,3.0,7,0,0
7,full_memory,0,0.0,3.0,8,0,0
8,full_memory,0,0.0,3.0,9,0,0
9,full_memory,0,1.0,4.0,10,0,0
10,full_memory,0,0.0,4.0,11,0,0
11,full_memory,0,0.0,4.0,12,0,0
12,full_memory,0,0.0,4.0,13,0,0
13,full_memory,0,0.0,4.0,14,0,0
14,full_memory,0,1.0,5.0,15,0,0
15,full_memory,0,0.0,5.0,16,0,0
16,full_memory,0,1.0,6.0,17,0,0
17,full_memory,0,0.0,6.0,18,0,0
18,full_memory,0,0.0,6.0,19,0,0
19,full_memory,0,1.0,7.0,20,0,0
20,full_memory,0,0.0,7.0,21,0,0
21,full_memory,0,1.0,8.0,22,0,0
22,full_memory,0,0.0,8.0,23,0,0
23,full_memory,0,1.0,9.0,24,0,0
24,full_memory,0,0.0,9.0,25,0,0
25,full_memory,0,0.0,9.0,26,0,0
26,full_memory,0,0.0,9.0,27,0,0
27,full_memory,0,0.0,9.0,28,0,0
28,full_memory,0,0.0,9.0,29,0,0
29,full_memory,0,0.0,9.0,30,0,0
30,full_memory,0,0.0,9.0,31,0,0
31,full_memory,0,1.0,10.0,32,0,0
32,full_memory,0,0.0,10.0,33,0,0
33,full_memory,0,1.0,11.0,34,0,0
34,full_memory,0,1.0,12.0,35,0,0
35,full_memory,0,1.0,13.0,36,0,0
36,full_memory,0,1.0,14.0,37,0,0
37,full_memory,0,0.0,14.0,38,0,0
38,full_memory,0,0.0,14.0,39,0,0
39,full_memory,0,0.0,14.0,40,0,0
40,full_memory,0,1.0,15.0,41,0,0
41,full_memory,0,1.0,16.0,42,0,0
42,full_memory,0,0.0,16.0,43,0,0
43,full_memory,0,1.0,17.0,44,0,0
44,full_memory,0,0.0,17.0,45,0,0
45,full_memory,0,1.0,18.0,46,0,0
46,full_memory,0,0.0,18.0,47,0,0
47,full_memory,0,1.0,19.0,48,0,0
48,full_memory,0,0.0,19.0,49,0,0
49,full_memory,0,0.0,19.0,50,0,0
50,full_memory,0,1.0,20.0,51,0,0
51,full_memory,0,1.0,21.0,52,0,0
52,full_memory,0,0.0,21.0,53,0,0
53,full_memory,0,1.0,22.0,54,0,0
54,full_memory,0,0.0,22.0,55,0,0
55,full_memory,0,0.0,22.0,56,0,0
56,full_memory,0,1.0,23.0,57,0,0
57,full_memory,0,0.0,23.0,58,0,0
58,full_memory,0,1.0,24.0,59,0,0
59,full_memory,0,1.0,25.0,60,0,0
60,full_memory,0,0.0,25.0,61,0,0
61,full_memory,0,0.0,25.0,62,0,0
62,full_memory,0,0.0,25.0,63,0,0
63,full_memory,0,1.0,26.0,64,0,0
64,full_memory,0,1.0,27.0,65,0,0
65,full_memory,0,1.0,28.0,66,0,0
66,full_memory,0,1.0,29.0,67,0,0
67,full_memory,0,1.0,30.0,68,0,0
68,full_memory,0,1.0,31.0,69,0,0
69,full_memory,0,0.0,31.0,70,0,0
70,full_memory,0,1.0,32.0,71,0,0
71,full_memory,0,1.0,33.0,72,0,0
72,full_memory,0,1.0,34.0,73,0,0
73,full_memory,0,1.0,35.0,74,0,0
74,full_memory,0,1.0,36.0,75,0,0
75,full_memory,0,1.0,37.0,76,0,0
76,full_memory,0,1.0,38.0,77,0,0
77,full_memory,0,1.0,39.0,78,0,0
78,full_memory,0,1.0,40.0,79,0,0
79,full_memory,0,1.0,41.0,80,0,0
80,full_memory,0,1.0,42.0,81,0,0
81,full_memory,0,1.0,43.0,82,0,0
82,full_memory,0,0.0,43.0,83,0,0
83,full_memory,0,1.0,44.0,84,0,0
84,full_memory,0,1.0,45.0,85,0,0
85,full_memory,0,1.0,46.0,86,0,0
86,full_memory,0,1.0,47.0,87,0,0
87,full_memory,0,1.0,48.0,88,0,0
88,full_memory,0,1.0,49.0,89,0,0
89,full_memory,0,0.0,49.0,90,0,0
90,full_memory,0,1.0,50.0,91,0,0
91,full_memory,0,1.0,51.0,92,0,0
92,full_memory,0,1.0,52.0,93,0,0
93,full_memory,0,1.0,53.0,94,0,0
94,full_memory,0,1.0,54.0,95,0,0
95,full_memory,0,1.0,55.0,96,0,0
96,full_memory,0,0.0,55.0,97,0,0
97,full_memory,0,1.0,56.0,98,0,0
98,full_memory,0,1.0,57.0,99,0,0
99,full_memory,0,1.0,58.0,100,0,0
0,retrieval,0,1.0,1.0,1,0,0
1,retrieval,0,0.0,1.0,2,0,0
2,retrieval,0,0.0,1.0,3,0,0
3,retrieval,0,1.0,2.0,4,0,0
4,retrieval,0,0.0,2.0,5,0,0
5,retrieval,0,1.0,3.0,6,0,0
6,retrieval,0,1.0,4.0,7,0,0
7,retrieval,0,0.0,4.0,8,0,0
8,retrieval,0,0.0,4.0,9,0,0
9,retrieval,0,1.0,5.0,10,0,0
10,retrieval,0,1.0,6.0,11,0,0
11,retrieval,0,1.0,7.0,12,0,0
12,retrieval,0,0.0,7.0,13,0,0
13,retrieval,0,1.0,8.0,14,0,0
14,retrieval,0,0.0,8.0,15,0,0
15,retrieval,0,1.0,9.0,16,0,0
16,retrieval,0,0.0,9.0,17,0,0
17,retrieval,0,0.0,9.0,18,0,0
18,retrieval,0,1.0,10.0,19,0,0
19,retrieval,0,1.0,11.0,20,0,0
20,retrieval,0,1.0,12.0,21,0,0
21,retrieval,0,1.0,13.0,22,0,0
22,retrieval,0,1.0,14.0,23,0,0
23,retrieval,0,0.0,14.0,24,0,0
24,retrieval,0,0.0,14.0,25,0,0
25,retrieval,0,1.0,15.0,26,0,0
26,retrieval,0,1.0,16.0,27,0,0
27,retrieval,0,0.0,16.0,28,0,0
28,retrieval,0,1.0,17.0,29,0,0
29,retrieval,0,1.0,18.0,30,0,0
30,retrieval,0,1.0,19.0,31,0,0
31,retrieval,0,1.0,20.0,32,0,0
32,retrieval,0,1.0,21.0,33,0,0
33,retrieval,0,1.0,22.0,34,0,0
34,retrieval,0,0.0,22.0,35,0,0
35,retrieval,0,0.0,22.0,36,0,0
36,retrieval,0,1.0,23.0,37,0,0
37,retrieval,0,1.0,24.0,38,0,0
38,retrieval,0,1.0,25.0,39,0,0
39,retrieval,0,1.0,26.0,40,0,0
40,retrieval,0,1.0,27.0,41,0,0
41,retrieval,0,0.0,27.0,42,0,0
42,retrieval,0,1.0,28.0,43,0,0
43,retrieval,0,1.0,29.0,44,0,0
44,retrieval,0,1.0,30.0,45,0,0
45,retrieval,0,1.0,31.0,46,0,0
46,retrieval,0,1.0,32.0,47,0,0
47,retrieval,0,1.0,33.0,48,0,0
48,retrieval,0,1.0,34.0,49,0,0
49,retrieval,0,1.0,35.0,50,0,0
50,retrieval,0,1.0,36.0,51,0,0
51,retrieval,0,1.0,37.0,52,0,0
52,retrieval,0,1.0,38.0,53,0,0
53,retrieval,0,1.0,39.0,54,0,0
54,retrieval,0,1.0,40.0,55,0,0
55,retrieval,0,1.0,41.0,56,0,0
56,retrieval,0,0.0,41.0,57,0,0
57,retrieval,0,1.0,42.0,58,0,0
58,retrieval,0,1.0,43.0,59,0,0
59,retrieval,0,1.0,44.0,60,0,0
60,retrieval,0,1.0,45.0,61,0,0
61,retrieval,0,1.0,46.0,62,0,0
62,retrieval,0,1.0,47.0,63,0,0
63,retrieval,0,1.0,48.0,64,0,0
64,retrieval,0,0.0,48.0,65,0,0
65,retrieval,0,1.0,49.0,66,0,0
66,retrieval,0,1.0,50.0,67,0,0
67,retrieval,0,1.0,51.0,68,0,0
68,retrieval,0,1.0,52.0,69,0,0
69,retrieval,0,1.0,53.0,70,0,0
70,retrieval,0,1.0,54.0,71,0,0
71,retrieval,0,1.0,55.0,72,0,0
72,retrieval,0,1.0,56.0,73,0,0
73,retrieval,0,0.0,56.0,74,0,0
74,retrieval,0,1.0,57.0,75,0,0
75,retrieval,0,1.0,58.0,76,0,0
76,retrieval,0,1.0,59.0,77,0,0
77,retrieval,0,1.0,60.0,78,0,0
78,retrieval,0,1.0,61.0,79,0,0
79,retrieval,0,1.0,62.0,80,0,0
80,retrieval,0,1.0,63.0,81,0,0
81,retrieval,0,1.0,64.0,82,0,0
82,retrieval,0,1.0,65.0,83,0,0
83,retrieval,0,1.0,66.0,84,0,0
84,retrieval,0,1.0,67.0,85,0,0
85,retrieval,0,1.0,68.0,86,0,0
86,retrieval,0,1.0,69.0,87,0,0
87,retrieval,0,1.0,70.0,88,0,0
88,retrieval,0,1.0,71.0,89,0,0
89,retrieval,0,1.0,72.0,90,0,0
90,retrieval,0,1.0,73.0,91,0,0
91,retrieval,0,1.0,74.0,92,0,0
92,retrieval,0,1.0,75.0,93,0,0
93,retrieval,0,1.0,76.0,94,0,0
94,retrieval,0,1.0,77.0,95,0,0
95,retrieval,0,0.0,77.0,96,0,0
96,retrieval,0,1.0,78.0,97,0,0
97,retrieval,0,1.0,79.0,98,0,0
98,retrieval,0,1.0,80.0,99,0,0
99,retrieval,0,1.0,81.0,100,0,0
0,reflexion,0,1.0,1.0,1,0,0
1,reflexion,0,0.0,1.0,2,0,0
2,reflexion,0,0.0,1.0,3,0,0
3,reflexion,0,1.0,2.0,4,0,0
4,reflexion,0,1.0,3.0,5,0,0
5,reflexion,0,0.0,3.0,6,0,0
6,reflexion,0,1.0,4.0,7,0,0
7,reflexion,0,1.0,5.0,8,0,0
8,reflexion,0,0.0,5.0,9,0,0
9,reflexion,0,0.0,5.0,10,0,0
10,reflexion,0,1.0,6.0,11,0,0
11,reflexion,0,0.0,6.0,12,0,0
12,reflexion,0,0.0,6.0,13,0,0
13,reflexion,0,1.0,7.0,14,0,0
14,reflexion,0,1.0,8.0,15,0,0
15,reflexion,0,1.0,9.0,16,0,0
16,reflexion,0,1.0,10.0,17,0,0
17,reflexion,0,1.0,11.0,18,0,0
18,reflexion,0,0.0,11.0,19,0,0
19,reflexion,0,1.0,12.0,20,0,0
20,reflexion,0,0.0,12.0,21,0,0
21,reflexion,0,1.0,13.0,22,0,0
22,reflexion,0,0.0,13.0,23,0,0
23,reflexion,0,1.0,14.0,24,0,0
24,reflexion,0,0.0,14.0,25,0,0
25,reflexion,0,1.0,15.0,26,0,0
26,reflexion,0,0.0,15.0,27,0,0
27,reflexion,0,1.0,16.0,28,0,0
28,reflexion,0,1.0,17.0,29,0,0
29,reflexion,0,1.0,18.0,30,0,0
30,reflexion,0,0.0,18.0,31,0,0
31,reflexion,0,1.0,19.0,32,0,0
32,reflexion,0,0.0,19.0,33,0,0
33,reflexion,0,1.0,20.0,34,0,0
34,reflexion,0,1.0,21.0,35,0,0
35,reflexion,0,1.0,22.0,36,0,0
36,reflexion,0,1.0,23.0,37,0,0
37,reflexion,0,0.0,23.0,38,0,0
38,reflexion,0,1.0,24.0,39,0,0
39,reflexion,0,1.0,25.0,40,0,0
40,reflexion,0,1.0,26.0,41,0,0
41,reflexion,0,1.0,27.0,42,0,0
42,reflexion,0,1.0,28.0,43,0,0
43,reflexion,0,1.0,29.0,44,0,0
44,reflexion,0,0.0,29.0,45,0,0
45,reflexion,0,1.0,30.0,46,0,0
46,reflexion,0,1.0,31.0,47,0,0
47,reflexion,0,1.0,32.0,48,0,0
48,reflexion,0,1.0,33.0,49,0,0
49,reflexion,0,1.0,34.0,50,0,0
50,reflexion,0,1.0,35.0,51,0,0
51,reflexion,0,1.0,36.0,52,0,0
52,reflexion,0,1.0,37.0,53,0,0
53,reflexion,0,0.0,37.0,54,0,0
54,reflexion,0,1.0,38.0,55,0,0
55,reflexion,0,0.0,38.0,56,0,0
56,reflexion,0,1.0,39.0,57,0,0
57,reflexion,0,1.0,40.0,58,0,0
58,reflexion,0,1.0,41.0,59,0,0
59,reflexion,0,0.0,41.0,60,0,0
60,reflexion,0,1.0,42.0,61,0,0
61,reflexion,0,1.0,43.0,62,0,0
62,reflexion,0,1.0,44.0,63,0,0
63,reflexion,0,1.0,45.0,64,0,0
64,reflexion,0,1.0,46.0,65,0,0
65,reflexion,0,1.0,47.0,66,0,0
66,reflexion,0,1.0,48.0,67,0,0
67,reflexion,0,1.0,49.0,68,0,0
68,reflexion,0,1.0,50.0,69,0,0
69,reflexion,0,1.0,51.0,70,0,0
70,reflexion,0,1.0,52.0,71,0,0
71,reflexion,0,1.0,53.0,72,0,0
72,reflexion,0,0.0,53.0,73,0,0
73,reflexion,0,1.0,54.0,74,0,0
74,reflexion,0,0.0,54.0,75,0,0
75,reflexion,0,0.0,54.0,76,0,0
76,reflexion,0,1.0,55.0,77,0,0
77,reflexion,0,1.0,56.0,78,0,0
78,reflexion,0,1.0,57.0,79,0,0
79,reflexion,0,0.0,57.0,80,0,0
80,reflexion,0,1.0,58.0,81,0,0
81,reflexion,0,1.0,59.0,82,0,0
82,reflexion,0,1.0,60.0,83,0,0
83,reflexion,0,1.0,61.0,84,0,0
84,reflexion,0,1.0,62.0,85,0,0
85,reflexion,0,1.0,63.0,86,0,0
86,reflexion,0,1.0,64.0,87,0,0
87,reflexion,0,1.0,65.0,88,0,0
88,reflexion,0,1.0,66.0,89,0,0
89,reflexion,0,1.0,67.0,90,0,0
90,reflexion,0,1.0,68.0,91,0,0
91,reflexion,0,1.0,69.0,92,0,0
92,reflexion,0,1.0,70.0,93,0,0
93,reflexion,0,1.0,71.0,94,0,0
94,reflexion,0,1.0,72.0,95,0,0
95,reflexion,0,1.0,73.0,96,0,0
96,reflexion,0,1.0,74.0,97,0,0
97,reflexion,0,1.0,75.0,98,0,0
98,reflexion,0,1.0,76.0,99,0,0
99,reflexion,0,1.0,77.0,100,0,0
0,agile,0,0.0,0.0,1,0,0
1,agile,0,1.0,1.0,2,0,0
2,agile,0,0.0,1.0,3,0,0
3,agile,0,1.0,2.0,4,0,0
4,agile,0,0.0,2.0,5,0,0
5,agile,0,1.0,3.0,6,0,0
6,agile,0,1.0,4.0,7,0,0
7,agile,0,1.0,5.0,8,0,0
8,agile,0,0.0,5.0,9,0,0
9,agile,0,0.0,5.0,10,0,0
10,agile,0,1.0,6.0,11,0,0
11,agile,0,1.0,7.0,12,0,0
12,agile,0,1.0,8.0,13,0,0
13,agile,0,0.0,8.0,14,0,0
14,agile,0,1.0,9.0,15,0,0
15,agile,0,1.0,10.0,16,0,0
16,agile,0,1.0,11.0,17,0,0
17,agile,0,1.0,12.0,18,0,0
18,agile,0,0.0,12.0,19,0,0
19,agile,0,1.0,13.0,20,0,0
20,agile,0,0.0,13.0,21,0,0
21,agile,0,1.0,14.0,22,0,0
22,agile,0,1.0,15.0,23,0,0
23,agile,0,1.0,16.0,24,0,0
24,agile,0,1.0,17.0,25,0,0
25,agile,0,1.0,18.0,26,0,0
26,agile,0,1.0,19.0,27,0,0
27,agile,0,1.0,20.0,28,0,0
28,agile,0,1.0,21.0,29,0,0
29,agile,0,1.0,22.0,30,0,0
30,agile,0,1.0,23.0,31,0,0
31,agile,0,1.0,24.0,32,0,0
32,agile,0,1.0,25.0,33,0,0
33,agile,0,1.0,26.0,34,0,0
34,agile,0,1.0,27.0,35,0,0
35,agile,0,1.0,28.0,36,0,0
36,agile,0,1.0,29.0,37,0,0
37,agile,0,1.0,30.0,38,0,0
38,agile,0,1.0,31.0,39,0,0
39,agile,0,0.0,31.0,40,0,0
40,agile,0,1.0,32.0,41,0,0
41,agile,0,0.0,32.0,42,0,0
42,agile,0,1.0,33.0,43,0,0
43,agile,0,1.0,34.0,44,0,0
44,agile,0,1.0,35.0,45,0,0
45,agile,0,1.0,36.0,46,0,0
46,agile,0,1.0,37.0,47,0,0
47,agile,0,1.0,38.0,48,0,0
48,agile,0,1.0,39.0,49,0,0
49,agile,0,1.0,40.0,50,0,0
50,agile,0,1.0,41.0,51,0,0
51,agile,0,1.0,42.0,52,0,0
52,agile,0,1.0,43.0,53,0,0
53,agile,0,1.0,44.0,54,0,0
54,agile,0,1.0,45.0,55,0,0
55,agile,0,1.0,46.0,56,0,0
56,agile,0,1.0,47.0,57,0,0
57,agile,0,0.0,47.0,58,0,0
58,agile,0,1.0,48.0,59,0,0
59,agile,0,0.0,48.0,60,0,0
60,agile,0,1.0,49.0,61,0,0
61,agile,0,0.0,49.0,62,0,0
62,agile,0,0.0,49.0,63,0,0
63,agile,0,1.0,50.0,64,0,0
64,agile,0,0.0,50.0,65,0,0
65,agile,0,0.0,50.0,66,0,0
66,agile,0,1.0,51.0,67,0,0
67,agile,0,1.0,52.0,68,0,0
68,agile,0,1.0,53.0,69,0,0
69,agile,0,1.0,54.0,70,0,0
70,agile,0,1.0,55.0,71,0,0
71,agile,0,1.0,56.0,72,0,0
72,agile,0,0.0,56.0,73,0,0
73,agile,0,0.0,56.0,74,0,0
74,agile,0,1.0,57.0,75,0,0
75,agile,0,1.0,58.0,76,0,0
76,agile,0,1.0,59.0,77,0,0
77,agile,0,1.0,60.0,78,0,0
78,agile,0,1.0,61.0,79,0,0
79,agile,0,1.0,62.0,80,0,0
80,agile,0,1.0,63.0,81,0,0
81,agile,0,1.0,64.0,82,0,0
82,agile,0,1.0,65.0,83,0,0
83,agile,0,1.0,66.0,84,0,0
84,agile,0,1.0,67.0,85,0,0
85,agile,0,1.0,68.0,86,0,0
86,agile,0,1.0,69.0,87,0,0
87,agile,0,1.0,70.0,88,0,0
88,agile,0,1.0,71.0,89,0,0
89,agile,0,1.0,72.0,90,0,0
90,agile,0,1.0,73.0,91,0,0
91,agile,0,0.0,73.0,92,0,0
92,agile,0,1.0,74.0,93,0,0
93,agile,0,1.0,75.0,94,0,0
94,agile,0,1.0,76.0,95,0,0
95,agile,0,1.0,77.0,96,0,0
96,agile,0,0.0,77.0,97,0,0
97,agile,0,1.0,78.0,98,0,0
98,agile,0,1.0,79.0,99,0,0
99,agile,0,1.0,80.0,100,0,0
0,heuristic,0,1.0,1.0,1,0,0
1,heuristic,0,1.0,2.0,2,0,0
2,heuristic,0,0.0,2.0,3,0,0
3,heuristic,0,0.0,2.0,4,0,0
4,heuristic,0,1.0,3.0,5,0,0
5,heuristic,0,0.0,3.0,6,0,0
6,heuristic,0,1.0,4.0,7,0,0
7,heuristic,0,1.0,5.0,8,0,0
8,heuristic,0,1.0,6.0,9,0,0
9,heuristic,0,0.0,6.0,10,0,0
10,heuristic,0,0.0,6.0,11,0,0
11,heuristic,0,1.0,7.0,12,0,0
12,heuristic,0,1.0,8.0,13,0,0
13,heuristic,0,0.0,8.0,14,0,0
14,heuristic,0,1.0,9.0,15,0,0
15,heuristic,0,0.0,9.0,16,0,0
16,heuristic,0,1.0,10.0,17,0,0
17,heuristic,0,1.0,11.0,18,0,0
18,heuristic,0,0.0,11.0,19,0,0
19,heuristic,0,0.0,11.0,20,0,0
20,heuristic,0,1.0,12.0,21,0,0
21,heuristic,0,0.0,12.0,22,0,0
22,heuristic,0,0.0,12.0,23,0,0
23,heuristic,0,1.0,13.0,24,0,0
24,heuristic,0,1.0,14.0,25,0,0
25,heuristic,0,1.0,15.0,26,0,0
26,heuristic,0,1.0,16.0,27,0,0
27,heuristic,0,1.0,17.0,28,0,0
28,heuristic,0,1.0,18.0,29,0,0
29,heuristic,0,1.0,19.0,30,0,0
30,heuristic,0,1.0,20.0,31,0,0
31,heuristic,0,1.0,21.0,32,0,0
32,heuristic,0,0.0,21.0,33,0,0
33,heuristic,0,1.0,22.0,34,0,0
34,heuristic,0,1.0,23.0,35,0,0
35,heuristic,0,1.0,24.0,36,0,0
36,heuristic,0,1.0,25.0,37,0,0
37,heuristic,0,0.0,25.0,38,0,0
38,heuristic,0,1.0,26.0,39,0,0
39,heuristic,0,1.0,27.0,40,0,0
40,heuristic,0,1.0,28.0,41,0,0
41,heuristic,0,1.0,29.0,42,0,0
42,heuristic,0,0.0,29.0,43,0,0
43,heuristic,0,0.0,29.0,44,0,0
44,heuristic,0,1.0,30.0,45,0,0
45,heuristic,0,1.0,31.0,46,0,0
46,heuristic,0,1.0,32.0,47,0,0
47,heuristic,0,1.0,33.0,48,0,0
48,heuristic,0,1.0,34.0,49,0,0
49,heuristic,0,0.0,34.0,50,0,0
50,heuristic,0,1.0,35.0,51,0,0
51,heuristic,0,1.0,36.0,52,0,0
52,heuristic,0,1.0,37.0,53,0,0
53,heuristic,0,1.0,38.0,54,0,0
54,heuristic,0,0.0,38.0,55,0,0
55,heuristic,0,0.0,38.0,56,0,0
56,heuristic,0,0.0,38.0,57,0,0
57,heuristic,0,1.0,39.0,58,0,0
58,heuristic,0,1.0,40.0,59,0,0
59,heuristic,0,1.0,41.0,60,0,0
60,heuristic,0,0.0,41.0,61,0,0
61,heuristic,0,1.0,42.0,62,0,0
62,heuristic,0,1.0,43.0,63,0,0
63,heuristic,0,1.0,44.0,64,0,0
64,heuristic,0,0.0,44.0,65,0,0
65,heuristic,0,0.0,44.0,66,0,0
66,heuristic,0,1.0,45.0,67,0,0
67,heuristic,0,1.0,46.0,68,0,0
68,heuristic,0,0.0,46.0,69,0,0
69,heuristic,0,1.0,47.0,70,0,0
70,heuristic,0,1.0,48.0,71,0,0
71,heuristic,0,1.0,49.0,72,0,0
72,heuristic,0,1.0,50.0,73,0,0
73,heuristic,0,0.0,50.0,74,0,0
74,heuristic,0,0.0,50.0,75,0,0
75,heuristic,0,0.0,50.0,76,0,0
76,heuristic,0,1.0,51.0,77,0,0
77,heuristic,0,0.0,51.0,78,0,0
78,heuristic,0,1.0,52.0,79,0,0
79,heuristic,0,1.0,53.0,80,0,0
80,heuristic,0,1.0,54.0,81,0,0
81,heuristic,0,0.0,54.0,82,0,0
82,heuristic,0,1.0,55.0,83,0,0
83,heuristic,0,1.0,56.0,84,0,0
84,heuristic,0,1.0,57.0,85,0,0
85,heuristic,0,0.0,57.0,86,0,0
86,heuristic,0,1.0,58.0,87,0,0
87,heuristic,0,1.0,59.0,88,0,0
88,heuristic,0,1.0,60.0,89,0,0
89,heuristic,0,1.0,61.0,90,0,0
90,heuristic,0,1.0,62.0,91,0,0
91,heuristic,0,1.0,63.0,92,0,0
92,heuristic,0,1.0,64.0,93,0,0
93,heuristic,0,1.0,65.0,94,0,0
94,heuristic,0,1.0,66.0,95,0,0
95,heuristic,0,1.0,67.0,96,0,0
96,heuristic,0,1.0,68.0,97,0,0
97,heuristic,0,1.0,69.0,98,0,0
98,heuristic,0,1.0,70.0,99,0,0
99,heuristic,0,0.0,70.0,100,0,0
0,agemem,0,1.0,1.0,1,0,0
1,agemem,0,1.0,2.0,2,0,0
2,agemem,0,1.0,3.0,3,0,0
3,agemem,0,1.0,4.0,4,0,0
4,agemem,0,0.0,4.0,5,0,0
5,agemem,0,1.0,5.0,6,0,0
6,agemem,0,1.0,6.0,7,0,0
7,agemem,0,1.0,7.0,8,0,0
8,agemem,0,0.0,7.0,9,0,0
9,agemem,0,0.0,7.0,10,0,0
10,agemem,0,1.0,8.0,11,0,0
11,agemem,0,0.0,8.0,12,0,0
12,agemem,0,0.0,8.0,13,0,0
13,agemem,0,1.0,9.0,14,0,0
14,agemem,0,0.0,9.0,15,0,0
15,agemem,0,0.0,9.0,16,0,0
16,agemem,0,1.0,10.0,17,0,0
17,agemem,0,1.0,11.0,18,0,0
18,agemem,0,1.0,12.0,19,0,0
19,agemem,0,0.0,12.0,20,0,0
20,agemem,0,1.0,13.0,21,0,0
21,agemem,0,0.0,13.0,22,0,0
22,agemem,0,1.0,14.0,23,0,0
23,agemem,0,1.0,15.0,24,0,0
24,agemem,0,1.0,16.0,25,0,0
25,agemem,0,1.0,17.0,26,0,0
26,agemem,0,1.0,18.0,27,0,0
27,agemem,0,1.0,19.0,28,0,0
28,agemem,0,1.0,20.0,29,0,0
29,agemem,0,1.0,21.0,30,0,0
30,agemem,0,1.0,22.0,31,0,0
31,agemem,0,0.0,22.0,31,0,0
32,agemem,0,1.0,23.0,32,0,0
33,agemem,0,1.0,24.0,33,0,0
34,agemem,0,0.0,24.0,33,0,0
35,agemem,0,0.0,24.0,33,0,0
36,agemem,0,0.0,24.0,33,0,0
37,agemem,0,1.0,25.0,34,0,0
38,agemem,0,1.0,26.0,35,0,0
39,agemem,0,1.0,27.0,36,0,0
40,agemem,0,1.0,28.0,37,0,0
41,agemem,0,1.0,29.0,38,0,0
42,agemem,0,1.0,30.0,39,0,0
43,agemem,0,1.0,31.0,40,0,0
44,agemem,0,1.0,32.0,40,0,0
45,agemem,0,0.0,32.0,40,0,0
46,agemem,0,1.0,33.0,41,0,0
47,agemem,0,1.0,34.0,41,0,0
48,agemem,0,1.0,35.0,42,0,0
49,agemem,0,0.0,35.0,42,0,0
50,agemem,0,0.0,35.0,42,0,0
51,agemem,0,1.0,36.0,43,0,0
52,agemem,0,0.0,36.0,44,0,0
53,agemem,0,1.0,37.0,44,0,0
54,agemem,0,1.0,38.0,45,0,0
55,agemem,0,1.0,39.0,45,0,0
56,agemem,0,1.0,40.0,46,0,0
57,agemem,0,1.0,41.0,47,0,0
58,agemem,0,0.0,41.0,47,0,0
59,agemem,0,1.0,42.0,47,0,0
60,agemem,0,1.0,43.0,47,0,0
61,agemem,0,1.0,44.0,47,0,0
62,agemem,0,1.0,45.0,47,0,0
63,agemem,0,1.0,46.0,47,0,0
64,agemem,0,1.0,47.0,47,0,0
65,agemem,0,0.0,47.0,47,0,0
66,agemem,0,0.0,47.0,47,0,0
67,agemem,0,0.0,47.0,48,0,0
68,agemem,0,1.0,48.0,48,0,0
69,agemem,0,1.0,49.0,49,0,0
70,agemem,0,1.0,50.0,49,0,0
71,agemem,0,0.0,50.0,49,0,0
72,agemem,0,1.0,51.0,49,0,0
73,agemem,0,0.0,51.0,49,0,0
74,agemem,0,0.0,51.0,49,0,0
75,agemem,0,0.0,51.0,49,0,0
76,agemem,0,1.0,52.0,50,0,0
77,agemem,0,1.0,53.0,50,0,0
78,agemem,0,0.0,53.0,50,0,0
79,agemem,0,0.0,53.0,50,0,0
80,agemem,0,0.0,53.0,50,0,0
81,agemem,0,0.0,53.0,50,0,0
82,agemem,0,0.0,53.0,50,0,0
83,agemem,0,0.0,53.0,50,0,0
84,agemem,0,0.0,53.0,50,0,0
85,agemem,0,1.0,54.0,50,0,0
86,agemem,0,1.0,55.0,50,0,0
87,agemem,0,1.0,56.0,50,0,0
88,agemem,0,1.0,57.0,50,0,0
89,agemem,0,1.0,58.0,50,0,0
90,agemem,0,1.0,59.0,50,0,0
91,agemem,0,1.0,60.0,50,0,0
92,agemem,0,0.0,60.0,50,0,0
93,agemem,0,1.0,61.0,50,0,0
94,agemem,0,1.0,62.0,50,0,0
95,agemem,0,1.0,63.0,50,0,0
96,agemem,0,1.0,64.0,50,0,0
97,agemem,0,1.0,65.0,50,0,0
98,agemem,0,0.0,65.0,50,0,0
99,agemem,0,1.0,66.0,50,0,0
0,smtr_tci,0,0.0,0.0,1,1,0
1,smtr_tci,0,1.0,1.0,2,1,1
2,smtr_tci,0,0.0,1.0,3,2,1
3,smtr_tci,0,1.0,2.0,4,2,2
4,smtr_tci,0,0.0,2.0,5,3,2
5,smtr_tci,0,0.0,2.0,6,4,2
6,smtr_tci,0,1.0,3.0,7,5,2
7,smtr_tci,0,0.0,3.0,8,6,2
8,smtr_tci,0,1.0,4.0,9,6,3
9,smtr_tci,0,0.0,4.0,10,6,4
10,smtr_tci,0,1.0,5.0,11,7,4
11,smtr_tci,0,1.0,6.0,12,8,4
12,smtr_tci,0,1.0,7.0,13,8,5
13,smtr_tci,0,1.0,8.0,14,8,6
14,smtr_tci,0,1.0,9.0,15,8,7
15,smtr_tci,0,0.0,9.0,16,8,8
16,smtr_tci,0,1.0,10.0,17,8,9
17,smtr_tci,0,1.0,11.0,18,8,10
18,smtr_tci,0,0.0,11.0,19,9,10
19,smtr_tci,0,1.0,12.0,20,9,11
20,smtr_tci,0,1.0,13.0,21,9,12
21,smtr_tci,0,1.0,14.0,22,9,13
22,smtr_tci,0,0.0,14.0,23,10,13
23,smtr_tci,0,1.0,15.0,24,9,15
24,smtr_tci,0,1.0,16.0,25,10,15
25,smtr_tci,0,1.0,17.0,26,9,17
26,smtr_tci,0,0.0,17.0,27,10,17
27,smtr_tci,0,1.0,18.0,28,10,18
28,smtr_tci,0,1.0,19.0,29,11,18
29,smtr_tci,0,1.0,20.0,30,12,18
30,smtr_tci,0,1.0,21.0,31,13,18
31,smtr_tci,0,1.0,22.0,32,13,19
32,smtr_tci,0,1.0,23.0,33,14,19
33,smtr_tci,0,1.0,24.0,34,15,19
34,smtr_tci,0,1.0,25.0,35,16,19
35,smtr_tci,0,1.0,26.0,36,15,21
36,smtr_tci,0,1.0,27.0,37,15,22
37,smtr_tci,0,1.0,28.0,38,16,22
38,smtr_tci,0,0.0,28.0,39,16,23
39,smtr_tci,0,1.0,29.0,40,17,23
40,smtr_tci,0,0.0,29.0,41,17,24
41,smtr_tci,0,0.0,29.0,42,17,25
42,smtr_tci,0,1.0,30.0,43,18,25
43,smtr_tci,0,0.0,30.0,44,19,25
44,smtr_tci,0,1.0,31.0,45,20,25
45,smtr_tci,0,1.0,32.0,46,19,27
46,smtr_tci,0,1.0,33.0,47,19,28
47,smtr_tci,0,1.0,34.0,48,18,30
48,smtr_tci,0,1.0,35.0,49,19,30
49,smtr_tci,0,1.0,36.0,50,20,30
50,smtr_tci,0,1.0,37.0,51,21,30
51,smtr_tci,0,1.0,38.0,52,21,31
52,smtr_tci,0,1.0,39.0,53,22,31
53,smtr_tci,0,1.0,40.0,54,22,32
54,smtr_tci,0,1.0,41.0,55,23,32
55,smtr_tci,0,0.0,41.0,56,24,32
56,smtr_tci,0,1.0,42.0,57,24,33
57,smtr_tci,0,1.0,43.0,58,24,34
58,smtr_tci,0,1.0,44.0,59,25,34
59,smtr_tci,0,1.0,45.0,60,24,36
60,smtr_tci,0,1.0,46.0,61,24,37
61,smtr_tci,0,1.0,47.0,62,24,38
62,smtr_tci,0,1.0,48.0,63,25,38
63,smtr_tci,0,1.0,49.0,64,26,38
64,smtr_tci,0,1.0,50.0,65,26,39
65,smtr_tci,0,0.0,50.0,66,26,40
66,smtr_tci,0,1.0,51.0,67,25,42
67,smtr_tci,0,1.0,52.0,68,26,42
68,smtr_tci,0,1.0,53.0,69,26,43
69,smtr_tci,0,1.0,54.0,70,25,45
70,smtr_tci,0,1.0,55.0,71,26,45
71,smtr_tci,0,1.0,56.0,72,27,45
72,smtr_tci,0,1.0,57.0,73,27,46
73,smtr_tci,0,1.0,58.0,74,28,46
74,smtr_tci,0,1.0,59.0,75,29,46
75,smtr_tci,0,1.0,60.0,76,30,46
76,smtr_tci,0,1.0,61.0,77,30,47
77,smtr_tci,0,1.0,62.0,78,30,48
78,smtr_tci,0,1.0,63.0,79,30,49
79,smtr_tci,0,1.0,64.0,80,31,49
80,smtr_tci,0,1.0,65.0,81,30,51
81,smtr_tci,0,1.0,66.0,82,31,51
82,smtr_tci,0,1.0,67.0,83,32,51
83,smtr_tci,0,1.0,68.0,84,31,53
84,smtr_tci,0,1.0,69.0,85,31,54
85,smtr_tci,0,1.0,70.0,86,30,56
86,smtr_tci,0,1.0,71.0,87,28,59
87,smtr_tci,0,1.0,72.0,88,29,59
88,smtr_tci,0,1.0,73.0,89,29,60
89,smtr_tci,0,1.0,74.0,90,29,61
90,smtr_tci,0,1.0,75.0,91,30,61
91,smtr_tci,0,1.0,76.0,92,30,62
92,smtr_tci,0,1.0,77.0,93,30,63
93,smtr_tci,0,1.0,78.0,94,30,64
94,smtr_tci,0,1.0,79.0,95,30,65
95,smtr_tci,0,1.0,80.0,96,31,65
96,smtr_tci,0,1.0,81.0,97,31,66
97,smtr_tci,0,1.0,82.0,98,31,67
98,smtr_tci,0,1.0,83.0,99,30,69
99,smtr_tci,0,1.0,84.0,100,30,70
0,full_memory,1,0.0,0.0,1,0,0
1,full_memory,1,1.0,1.0,2,0,0
2,full_memory,1,0.0,1.0,3,0,0
3,full_memory,1,1.0,2.0,4,0,0
4,full_memory,1,1.0,3.0,5,0,0
5,full_memory,1,1.0,4.0,6,0,0
6,full_memory,1,1.0,5.0,7,0,0
7,full_memory,1,0.0,5.0,8,0,0
8,full_memory,1,0.0,5.0,9,0,0
9,full_memory,1,1.0,6.0,10,0,0
10,full_memory,1,1.0,7.0,11,0,0
11,full_memory,1,1.0,8.0,12,0,0
12,full_memory,1,1.0,9.0,13,0,0
13,full_memory,1,1.0,10.0,14,0,0
14,full_memory,1,1.0,11.0,15,0,0
15,full_memory,1,1.0,12.0,16,0,0
16,full_memory,1,1.0,13.0,17,0,0
17,full_memory,1,1.0,14.0,18,0,0
18,full_memory,1,1.0,15.0,19,0,0
19,full_memory,1,1.0,16.0,20,0,0
20,full_memory,1,0.0,16.0,21,0,0
21,full_memory,1,1.0,17.0,22,0,0
22,full_memory,1,0.0,17.0,23,0,0
23,full_memory,1,1.0,18.0,24,0,0
24,full_memory,1,1.0,19.0,25,0,0
25,full_memory,1,1.0,20.0,26,0,0
26,full_memory,1,1.0,21.0,27,0,0
27,full_memory,1,1.0,22.0,28,0,0
28,full_memory,1,1.0,23.0,29,0,0
29,full_memory,1,0.0,23.0,30,0,0
30,full_memory,1,0.0,23.0,31,0,0
31,full_memory,1,0.0,23.0,32,0,0
32,full_memory,1,0.0,23.0,33,0,0
33,full_memory,1,0.0,23.0,34,0,0
34,full_memory,1,0.0,23.0,35,0,0
35,full_memory,1,1.0,24.0,36,0,0
36,full_memory,1,1.0,25.0,37,0,0
37,full_memory,1,1.0,26.0,38,0,0
38,full_memory,1,0.0,26.0,39,0,0
39,full_memory,1,0.0,26.0,40,0,0
40,full_memory,1,0.0,26.0,41,0,0
41,full_memory,1,1.0,27.0,42,0,0
42,full_memory,1,1.0,28.0,43,0,0
43,full_memory,1,1.0,29.0,44,0,0
44,full_memory,1,1.0,30.0,45,0,0
45,full_memory,1,1.0,31.0,46,0,0
46,full_memory,1,1.0,32.0,47,0,0
47,full_memory,1,1.0,33.0,48,0,0
48,full_memory,1,0.0,33.0,49,0,0
49,full_memory,1,1.0,34.0,50,0,0
50,full_memory,1,1.0,35.0,51,0,0
51,full_memory,1,0.0,35.0,52,0,0
52,full_memory,1,0.0,35.0,53,0,0
53,full_memory,1,1.0,36.0,54,0,0
54,full_memory,1,1.0,37.0,55,0,0
55,full_memory,1,1.0,38.0,56,0,0
56,full_memory,1,1.0,39.0,57,0,0
57,full_memory,1,1.0,40.0,58,0,0
58,full_memory,1,1.0,41.0,59,0,0
59,full_memory,1,1.0,42.0,60,0,0
60,full_memory,1,1.0,43.0,61,0,0
61,full_memory,1,1.0,44.0,62,0,0
62,full_memory,1,1.0,45.0,63,0,0
63,full_memory,1,1.0,46.0,64,0,0
64,full_memory,1,1.0,47.0,65,0,0
65,full_memory,1,0.0,47.0,66,0,0
66,full_memory,1,0.0,47.0,67,0,0
67,full_memory,1,1.0,48.0,68,0,0
68,full_memory,1,1.0,49.0,69,0,0
69,full_memory,1,1.0,50.0,70,0,0
70,full_memory,1,1.0,51.0,71,0,0
71,full_memory,1,1.0,52.0,72,0,0
72,full_memory,1,1.0,53.0,73,0,0
73,full_memory,1,1.0,54.0,74,0,0
74,full_memory,1,1.0,55.0,75,0,0
75,full_memory,1,1.0,56.0,76,0,0
76,full_memory,1,1.0,57.0,77,0,0
77,full_memory,1,1.0,58.0,78,0,0
78,full_memory,1,0.0,58.0,79,0,0
79,full_memory,1,1.0,59.0,80,0,0
80,full_memory,1,1.0,60.0,81,0,0
81,full_memory,1,1.0,61.0,82,0,0
82,full_memory,1,1.0,62.0,83,0,0
83,full_memory,1,1.0,63.0,84,0,0
84,full_memory,1,1.0,64.0,85,0,0
85,full_memory,1,0.0,64.0,86,0,0
86,full_memory,1,1.0,65.0,87,0,0
87,full_memory,1,1.0,66.0,88,0,0
88,full_memory,1,1.0,67.0,89,0,0
89,full_memory,1,0.0,67.0,90,0,0
90,full_memory,1,1.0,68.0,91,0,0
91,full_memory,1,1.0,69.0,92,0,0
92,full_memory,1,0.0,69.0,93,0,0
93,full_memory,1,1.0,70.0,94,0,0
94,full_memory,1,1.0,71.0,95,0,0
95,full_memory,1,1.0,72.0,96,0,0
96,full_memory,1,1.0,73.0,97,0,0
97,full_memory,1,1.0,74.0,98,0,0
98,full_memory,1,1.0,75.0,99,0,0
99,full_memory,1,1.0,76.0,100,0,0
0,retrieval,1,1.0,1.0,1,0,0
1,retrieval,1,0.0,1.0,2,0,0
2,retrieval,1,1.0,2.0,3,0,0
3,retrieval,1,0.0,2.0,4,0,0
4,retrieval,1,1.0,3.0,5,0,0
5,retrieval,1,0.0,3.0,6,0,0
6,retrieval,1,1.0,4.0,7,0,0
7,retrieval,1,0.0,4.0,8,0,0
8,retrieval,1,0.0,4.0,9,0,0
9,retrieval,1,1.0,5.0,10,0,0
10,retrieval,1,1.0,6.0,11,0,0
11,retrieval,1,1.0,7.0,12,0,0
12,retrieval,1,0.0,7.0,13,0,0
13,retrieval,1,0.0,7.0,14,0,0
14,retrieval,1,1.0,8.0,15,0,0
15,retrieval,1,0.0,8.0,16,0,0
16,retrieval,1,1.0,9.0,17,0,0
17,retrieval,1,0.0,9.0,18,0,0
18,retrieval,1,0.0,9.0,19,0,0
19,retrieval,1,1.0,10.0,20,0,0
20,retrieval,1,1.0,11.0,21,0,0
21,retrieval,1,1.0,12.0,22,0,0
22,retrieval,1,0.0,12.0,23,0,0
23,retrieval,1,1.0,13.0,24,0,0
24,retrieval,1,0.0,13.0,25,0,0
25,retrieval,1,1.0,14.0,26,0,0
26,retrieval,1,1.0,15.0,27,0,0
27,retrieval,1,0.0,15.0,28,0,0
28,retrieval,1,1.0,16.0,29,0,0
29,retrieval,1,1.0,17.0,30,0,0
30,retrieval,1,0.0,17.0,31,0,0
31,retrieval,1,1.0,18.0,32,0,0
32,retrieval,1,1.0,19.0,33,0,0
33,retrieval,1,1.0,20.0,34,0,0
34,retrieval,1,0.0,20.0,35,0,0
35,retrieval,1,1.0,21.0,36,0,0
36,retrieval,1,1.0,22.0,37,0,0
37,retrieval,1,1.0,23.0,38,0,0
38,retrieval,1,1.0,24.0,39,0,0
39,retrieval,1,1.0,25.0,40,0,0
40,retrieval,1,1.0,26.0,41,0,0
41,retrieval,1,1.0,27.0,42,0,0
42,retrieval,1,1.0,28.0,43,0,0
43,retrieval,1,1.0,29.0,44,0,0
44,retrieval,1,1.0,30.0,45,0,0
45,retrieval,1,1.0,31.0,46,0,0
46,retrieval,1,1.0,32.0,47,0,0
47,retrieval,1,1.0,33.0,48,0,0
48,retrieval,1,1.0,34.0,49,0,0
49,retrieval,1,0.0,34.0,50,0,0
50,retrieval,1,1.0,35.0,51,0,0
51,retrieval,1,1.0,36.0,52,0,0
52,retrieval,1,0.0,36.0,53,0,0
53,retrieval,1,1.0,37.0,54,0,0
54,retrieval,1,1.0,38.0,55,0,0
55,retrieval,1,0.0,38.0,56,0,0
56,retrieval,1,1.0,39.0,57,0,0
57,retrieval,1,0.0,39.0,58,0,0
58,retrieval,1,1.0,40.0,59,0,0
59,retrieval,1,1.0,41.0,60,0,0
60,retrieval,1,1.0,42.0,61,0,0
61,retrieval,1,1.0,43.0,62,0,0
62,retrieval,1,1.0,44.0,63,0,0
63,retrieval,1,1.0,45.0,64,0,0
64,retrieval,1,0.0,45.0,65,0,0
65,retrieval,1,1.0,46.0,66,0,0
66,retrieval,1,1.0,47.0,67,0,0
67,retrieval,1,1.0,48.0,68,0,0
68,retrieval,1,1.0,49.0,69,0,0
69,retrieval,1,1.0,50.0,70,0,0
70,retrieval,1,1.0,51.0,71,0,0
71,retrieval,1,0.0,51.0,72,0,0
72,retrieval,1,1.0,52.0,73,0,0
73,retrieval,1,1.0,53.0,74,0,0
74,retrieval,1,1.0,54.0,75,0,0
75,retrieval,1,1.0,55.0,76,0,0
76,retrieval,1,1.0,56.0,77,0,0
77,retrieval,1,1.0,57.0,78,0,0
78,retrieval,1,1.0,58.0,79,0,0
79,retrieval,1,1.0,59.0,80,0,0
80,retrieval,1,1.0,60.0,81,0,0
81,retrieval,1,1.0,61.0,82,0,0
82,retrieval,1,1.0,62.0,83,0,0
83,retrieval,1,1.0,63.0,84,0,0
84,retrieval,1,1.0,64.0,85,0,0
85,retrieval,1,1.0,65.0,86,0,0
86,retrieval,1,1.0,66.0,87,0,0
87,retrieval,1,1.0,67.0,88,0,0
88,retrieval,1,1.0,68.0,89,0,0
89,retrieval,1,1.0,69.0,90,0,0
90,retrieval,1,1.0,70.0,91,0,0
91,retrieval,1,1.0,71.0,92,0,0
92,retrieval,1,1.0,72.0,93,0,0
93,retrieval,1,1.0,73.0,94,0,0
94,retrieval,1,1.0,74.0,95,0,0
95,retrieval,1,1.0,75.0,96,0,0
96,retrieval,1,1.0,76.0,97,0,0
97,retrieval,1,1.0,77.0,98,0,0
98,retrieval,1,1.0,78.0,99,0,0
99,retrieval,1,1.0,79.0,100,0,0
0,reflexion,1,1.0,1.0,1,0,0
1,reflexion,1,0.0,1.0,2,0,0
2,reflexion,1,1.0,2.0,3,0,0
3,reflexion,1,0.0,2.0,4,0,0
4,reflexion,1,0.0,2.0,5,0,0
5,reflexion,1,0.0,2.0,6,0,0
6,reflexion,1,1.0,3.0,7,0,0
7,reflexion,1,0.0,3.0,8,0,0
8,reflexion,1,1.0,4.0,9,0,0
9,reflexion,1,0.0,4.0,10,0,0
10,reflexion,1,0.0,4.0,11,0,0
11,reflexion,1,1.0,5.0,12,0,0
12,reflexion,1,1.0,6.0,13,0,0
13,reflexion,1,1.0,7.0,14,0,0
14,reflexion,1,1.0,8.0,15,0,0
15,reflexion,1,1.0,9.0,16,0,0
16,reflexion,1,1.0,10.0,17,0,0
17,reflexion,1,0.0,10.0,18,0,0
18,reflexion,1,1.0,11.0,19,0,0
19,reflexion,1,1.0,12.0,20,0,0
20,reflexion,1,1.0,13.0,21,0,0
21,reflexion,1,1.0,14.0,22,0,0
22,reflexion,1,1.0,15.0,23,0,0
23,reflexion,1,1.0,16.0,24,0,0
24,reflexion,1,1.0,17.0,25,0,0
25,reflexion,1,1.0,18.0,26,0,0
26,reflexion,1,1.0,19.0,27,0,0
27,reflexion,1,1.0,20.0,28,0,0
28,reflexion,1,1.0,21.0,29,0,0
29,reflexion,1,1.0,22.0,30,0,0
30,reflexion,1,1.0,23.0,31,0,0
31,reflexion,1,1.0,24.0,32,0,0
32,reflexion,1,1.0,25.0,33,0,0
33,reflexion,1,1.0,26.0,34,0,0
34,reflexion,1,0.0,26.0,35,0,0
35,reflexion,1,1.0,27.0,36,0,0
36,reflexion,1,1.0,28.0,37,0,0
37,reflexion,1,1.0,29.0,38,0,0
38,reflexion,1,1.0,30.0,39,0,0
39,reflexion,1,1.0,31.0,40,0,0
40,reflexion,1,1.0,32.0,41,0,0
41,reflexion,1,1.0,33.0,42,0,0
42,reflexion,1,1.0,34.0,43,0,0
43,reflexion,1,1.0,35.0,44,0,0
44,reflexion,1,1.0,36.0,45,0,0
45,reflexion,1,1.0,37.0,46,0,0
46,reflexion,1,0.0,37.0,47,0,0
47,reflexion,1,0.0,37.0,48,0,0
48,reflexion,1,1.0,38.0,49,0,0
49,reflexion,1,1.0,39.0,50,0,0
50,reflexion,1,1.0,40.0,51,0,0
51,reflexion,1,1.0,41.0,52,0,0
52,reflexion,1,1.0,42.0,53,0,0
53,reflexion,1,0.0,42.0,54,0,0
54,reflexion,1,1.0,43.0,55,0,0
55,reflexion,1,1.0,44.0,56,0,0
56,reflexion,1,1.0,45.0,57,0,0
57,reflexion,1,1.0,46.0,58,0,0
58,reflexion,1,1.0,47.0,59,0,0
59,reflexion,1,1.0,48.0,60,0,0
60,reflexion,1,1.0,49.0,61,0,0
61,reflexion,1,1.0,50.0,62,0,0
62,reflexion,1,1.0,51.0,63,0,0
63,reflexion,1,1.0,52.0,64,0,0
64,reflexion,1,1.0,53.0,65,0,0
65,reflexion,1,1.0,54.0,66,0,0
66,reflexion,1,1.0,55.0,67,0,0
67,reflexion,1,1.0,56.0,68,0,0
68,reflexion,1,1.0,57.0,69,0,0
69,reflexion,1,1.0,58.0,70,0,0
70,reflexion,1,1.0,59.0,71,0,0
71,reflexion,1,0.0,59.0,72,0,0
72,reflexion,1,1.0,60.0,73,0,0
73,reflexion,1,1.0,61.0,74,0,0
74,reflexion,1,1.0,62.0,75,0,0
75,reflexion,1,1.0,63.0,76,0,0
76,reflexion,1,1.0,64.0,77,0,0
77,reflexion,1,0.0,64.0,78,0,0
78,reflexion,1,1.0,65.0,79,0,0
79,reflexion,1,1.0,66.0,80,0,0
80,reflexion,1,1.0,67.0,81,0,0
81,reflexion,1,1.0,68.0,82,0,0
82,reflexion,1,0.0,68.0,83,0,0
83,reflexion,1,1.0,69.0,84,0,0
84,reflexion,1,0.0,69.0,85,0,0
85,reflexion,1,1.0,70.0,86,0,0
86,reflexion,1,1.0,71.0,87,0,0
87,reflexion,1,0.0,71.0,88,0,0
88,reflexion,1,1.0,72.0,89,0,0
89,reflexion,1,1.0,73.0,90,0,0
90,reflexion,1,1.0,74.0,91,0,0
91,reflexion,1,1.0,75.0,92,0,0
92,reflexion,1,1.0,76.0,93,0,0
93,reflexion,1,1.0,77.0,94,0,0
94,reflexion,1,1.0,78.0,95,0,0
95,reflexion,1,1.0,79.0,96,0,0
96,reflexion,1,1.0,80.0,97,0,0
97,reflexion,1,1.0,81.0,98,0,0
98,reflexion,1,1.0,82.0,99,0,0
99,reflexion,1,1.0,83.0,100,0,0
0,agile,1,1.0,1.0,1,0,0
1,agile,1,0.0,1.0,2,0,0
2,agile,1,1.0,2.0,3,0,0
3,agile,1,0.0,2.0,4,0,0
4,agile,1,0.0,2.0,5,0,0
5,agile,1,1.0,3.0,6,0,0
6,agile,1,1.0,4.0,7,0,0
7,agile,1,1.0,5.0,8,0,0
8,agile,1,0.0,5.0,9,0,0
9,agile,1,1.0,6.0,10,0,0
10,agile,1,1.0,7.0,11,0,0
11,agile,1,1.0,8.0,12,0,0
12,agile,1,1.0,9.0,13,0,0
13,agile,1,1.0,10.0,14,0,0
14,agile,1,1.0,11.0,15,0,0
15,agile,1,1.0,12.0,16,0,0
16,agile,1,1.0,13.0,17,0,0
17,agile,1,1.0,14.0,18,0,0
18,agile,1,1.0,15.0,19,0,0
19,agile,1,1.0,16.0,20,0,0
20,agile,1,1.0,17.0,21,0,0
21,agile,1,1.0,18.0,22,0,0
22,agile,1,1.0,19.0,23,0,0
23,agile,1,0.0,19.0,24,0,0
24,agile,1,1.0,20.0,25,0,0
25,agile,1,1.0,21.0,26,0,0
26,agile,1,1.0,22.0,27,0,0
27,agile,1,1.0,23.0,28,0,0
28,agile,1,1.0,24.0,29,0,0
29,agile,1,0.0,24.0,30,0,0
30,agile,1,0.0,24.0,31,0,0
31,agile,1,1.0,25.0,32,0,0
32,agile,1,0.0,25.0,33,0,0
33,agile,1,1.0,26.0,34,0,0
34,agile,1,1.0,27.0,35,0,0
35,agile,1,1.0,28.0,36,0,0
36,agile,1,1.0,29.0,37,0,0
37,agile,1,1.0,30.0,38,0,0
38,agile,1,1.0,31.0,39,0,0
39,agile,1,1.0,32.0,40,0,0
40,agile,1,1.0,33.0,41,0,0
41,agile,1,1.0,34.0,42,0,0
42,agile,1,1.0,35.0,43,0,0
43,agile,1,1.0,36.0,44,0,0
44,agile,1,1.0,37.0,45,0,0
45,agile,1,1.0,38.0,46,0,0
46,agile,1,1.0,39.0,47,0,0
47,agile,1,1.0,40.0,48,0,0
48,agile,1,1.0,41.0,49,0,0
49,agile,1,1.0,42.0,50,0,0
50,agile,1,1.0,43.0,51,0,0
51,agile,1,1.0,44.0,52,0,0
52,agile,1,1.0,45.0,53,0,0
53,agile,1,1.0,46.0,54,0,0
54,agile,1,1.0,47.0,55,0,0
55,agile,1,1.0,48.0,56,0,0
56,agile,1,1.0,49.0,57,0,0
57,agile,1,1.0,50.0,58,0,0
58,agile,1,1.0,51.0,59,0,0
59,agile,1,1.0,52.0,60,0,0
60,agile,1,1.0,53.0,61,0,0
61,agile,1,1.0,54.0,62,0,0
62,agile,1,1.0,55.0,63,0,0
63,agile,1,1.0,56.0,64,0,0
64,agile,1,1.0,57.0,65,0,0
65,agile,1,1.0,58.0,66,0,0
66,agile,1,1.0,59.0,67,0,0
67,agile,1,1.0,60.0,68,0,0
68,agile,1,1.0,61.0,69,0,0
69,agile,1,1.0,62.0,70,0,0
70,agile,1,1.0,63.0,71,0,0
71,agile,1,1.0,64.0,72,0,0
72,agile,1,0.0,64.0,73,0,0
73,agile,1,1.0,65.0,74,0,0
74,agile,1,1.0,66.0,75,0,0
75,agile,1,1.0,67.0,76,0,0
76,agile,1,1.0,68.0,77,0,0
77,agile,1,0.0,68.0,78,0,0
78,agile,1,1.0,69.0,79,0,0
79,agile,1,1.0,70.0,80,0,0
80,agile,1,1.0,71.0,81,0,0
81,agile,1,1.0,72.0,82,0,0
82,agile,1,1.0,73.0,83,0,0
83,agile,1,1.0,74.0,84,0,0
84,agile,1,1.0,75.0,85,0,0
85,agile,1,1.0,76.0,86,0,0
86,agile,1,1.0,77.0,87,0,0
87,agile,1,1.0,78.0,88,0,0
88,agile,1,1.0,79.0,89,0,0
89,agile,1,1.0,80.0,90,0,0
90,agile,1,1.0,81.0,91,0,0
91,agile,1,1.0,82.0,92,0,0
92,agile,1,1.0,83.0,93,0,0
93,agile,1,1.0,84.0,94,0,0
94,agile,1,1.0,85.0,95,0,0
95,agile,1,1.0,86.0,96,0,0
96,agile,1,1.0,87.0,97,0,0
97,agile,1,1.0,88.0,98,0,0
98,agile,1,1.0,89.0,99,0,0
99,agile,1,1.0,90.0,100,0,0
0,heuristic,1,0.0,0.0,1,0,0
1,heuristic,1,0.0,0.0,2,0,0
2,heuristic,1,1.0,1.0,3,0,0
3,heuristic,1,0.0,1.0,4,0,0
4,heuristic,1,0.0,1.0,5,0,0
5,heuristic,1,1.0,2.0,6,0,0
6,heuristic,1,0.0,2.0,7,0,0
7,heuristic,1,1.0,3.0,8,0,0
8,heuristic,1,0.0,3.0,9,0,0
9,heuristic,1,0.0,3.0,10,0,0
10,heuristic,1,1.0,4.0,11,0,0
11,heuristic,1,0.0,4.0,12,0,0
12,heuristic,1,1.0,5.0,13,0,0
13,heuristic,1,1.0,6.0,14,0,0
14,heuristic,1,1.0,7.0,15,0,0
15,heuristic,1,1.0,8.0,16,0,0
16,heuristic,1,1.0,9.0,17,0,0
17,heuristic,1,0.0,9.0,18,0,0
18,heuristic,1,1.0,10.0,19,0,0
19,heuristic,1,1.0,11.0,20,0,0
20,heuristic,1,1.0,12.0,21,0,0
21,heuristic,1,1.0,13.0,22,0,0
22,heuristic,1,1.0,14.0,23,0,0
23,heuristic,1,0.0,14.0,24,0,0
24,heuristic,1,1.0,15.0,25,0,0
25,heuristic,1,1.0,16.0,26,0,0
26,heuristic,1,1.0,17.0,27,0,0
27,heuristic,1,0.0,17.0,28,0,0
28,heuristic,1,1.0,18.0,29,0,0
29,heuristic,1,1.0,19.0,30,0,0
30,heuristic,1,1.0,20.0,31,0,0
31,heuristic,1,1.0,21.0,32,0,0
32,heuristic,1,0.0,21.0,33,0,0
33,heuristic,1,0.0,21.0,34,0,0
34,heuristic,1,1.0,22.0,35,0,0
35,heuristic,1,1.0,23.0,36,0,0
36,heuristic,1,1.0,24.0,37,0,0
37,heuristic,1,1.0,25.0,38,0,0
38,heuristic,1,1.0,26.0,39,0,0
39,heuristic,1,0.0,26.0,40,0,0
40,heuristic,1,1.0,27.0,41,0,0
41,heuristic,1,0.0,27.0,42,0,0
42,heuristic,1,0.0,27.0,43,0,0
43,heuristic,1,1.0,28.0,44,0,0
44,heuristic,1,1.0,29.0,45,0,0
45,heuristic,1,1.0,30.0,46,0,0
46,heuristic,1,1.0,31.0,47,0,0
47,heuristic,1,1.0,32.0,48,0,0
48,heuristic,1,1.0,33.0,49,0,0
49,heuristic,1,1.0,34.0,50,0,0
50,heuristic,1,1.0,35.0,51,0,0
51,heuristic,1,1.0,36.0,52,0,0
52,heuristic,1,0.0,36.0,53,0,0
53,heuristic,1,1.0,37.0,54,0,0
54,heuristic,1,0.0,37.0,55,0,0
55,heuristic,1,1.0,38.0,56,0,0
56,heuristic,1,1.0,39.0,57,0,0
57,heuristic,1,1.0,40.0,58,0,0
58,heuristic,1,1.0,41.0,59,0,0
59,heuristic,1,1.0,42.0,60,0,0
60,heuristic,1,1.0,43.0,61,0,0
61,heuristic,1,1.0,44.0,62,0,0
62,heuristic,1,1.0,45.0,63,0,0
63,heuristic,1,1.0,46.0,64,0,0
64,heuristic,1,1.0,47.0,65,0,0
65,heuristic,1,1.0,48.0,66,0,0
66,heuristic,1,1.0,49.0,67,0,0
67,heuristic,1,1.0,50.0,68,0,0
68,heuristic,1,1.0,51.0,69,0,0
69,heuristic,1,1.0,52.0,70,0,0
70,heuristic,1,1.0,53.0,71,0,0
71,heuristic,1,1.0,54.0,72,0,0
72,heuristic,1,1.0,55.0,73,0,0
73,heuristic,1,1.0,56.0,74,0,0
74,heuristic,1,1.0,57.0,75,0,0
75,heuristic,1,1.0,58.0,76,0,0
76,heuristic,1,1.0,59.0,77,0,0
77,heuristic,1,1.0,60.0,78,0,0
78,heuristic,1,1.0,61.0,79,0,0
79,heuristic,1,1.0,62.0,80,0,0
80,heuristic,1,1.0,63.0,81,0,0
81,heuristic,1,1.0,64.0,82,0,0
82,heuristic,1,1.0,65.0,83,0,0
83,heuristic,1,1.0,66.0,84,0,0
84,heuristic,1,1.0,67.0,85,0,0
85,heuristic,1,1.0,68.0,86,0,0
86,heuristic,1,1.0,69.0,87,0,0
87,heuristic,1,0.0,69.0,88,0,0
88,heuristic,1,1.0,70.0,89,0,0
89,heuristic,1,0.0,70.0,90,0,0
90,heuristic,1,1.0,71.0,91,0,0
91,heuristic,1,1.0,72.0,92,0,0
92,heuristic,1,1.0,73.0,93,0,0
93,heuristic,1,1.0,74.0,94,0,0
94,heuristic,1,0.0,74.0,95,0,0
95,heuristic,1,1.0,75.0,96,0,0
96,heuristic,1,1.0,76.0,97,0,0
97,heuristic,1,1.0,77.0,98,0,0
98,heuristic,1,1.0,78.0,99,0,0
99,heuristic,1,1.0,79.0,100,0,0
0,agemem,1,1.0,1.0,1,0,0
1,agemem,1,0.0,1.0,2,0,0
2,agemem,1,0.0,1.0,3,0,0
3,agemem,1,1.0,2.0,4,0,0
4,agemem,1,0.0,2.0,5,0,0
5,agemem,1,0.0,2.0,6,0,0
6,agemem,1,0.0,2.0,7,0,0
7,agemem,1,0.0,2.0,8,0,0
8,agemem,1,1.0,3.0,9,0,0
9,agemem,1,1.0,4.0,10,0,0
10,agemem,1,1.0,5.0,11,0,0
11,agemem,1,1.0,6.0,12,0,0
12,agemem,1,1.0,7.0,13,0,0
13,agemem,1,0.0,7.0,14,0,0
14,agemem,1,0.0,7.0,15,0,0
15,agemem,1,1.0,8.0,16,0,0
16,agemem,1,1.0,9.0,17,0,0
17,agemem,1,1.0,10.0,18,0,0
18,agemem,1,1.0,11.0,19,0,0
19,agemem,1,1.0,12.0,20,0,0
20,agemem,1,1.0,13.0,21,0,0
21,agemem,1,1.0,14.0,22,0,0
22,agemem,1,0.0,14.0,23,0,0
23,agemem,1,1.0,15.0,24,0,0
24,agemem,1,1.0,16.0,25,0,0
25,agemem,1,1.0,17.0,26,0,0
26,agemem,1,1.0,18.0,27,0,0
27,agemem,1,1.0,19.0,28,0,0
28,agemem,1,1.0,20.0,28,0,0
29,agemem,1,0.0,20.0,29,0,0
30,agemem,1,1.0,21.0,30,0,0
31,agemem,1,1.0,22.0,31,0,0
32,agemem,1,1.0,23.0,32,0,0
33,agemem,1,1.0,24.0,33,0,0
34,agemem,1,0.0,24.0,34,0,0
35,agemem,1,1.0,25.0,34,0,0
36,agemem,1,1.0,26.0,35,0,0
37,agemem,1,1.0,27.0,35,0,0
38,agemem,1,1.0,28.0,36,0,0
39,agemem,1,1.0,29.0,37,0,0
40,agemem,1,1.0,30.0,38,0,0
41,agemem,1,1.0,31.0,39,0,0
42,agemem,1,1.0,32.0,39,0,0
43,agemem,1,1.0,33.0,40,0,0
44,agemem,1,1.0,34.0,41,0,0
45,agemem,1,1.0,35.0,42,0,0
46,agemem,1,1.0,36.0,42,0,0
47,agemem,1,1.0,37.0,43,0,0
48,agemem,1,1.0,38.0,44,0,0
49,agemem,1,1.0,39.0,45,0,0
50,agemem,1,1.0,40.0,45,0,0
51,agemem,1,1.0,41.0,46,0,0
52,agemem,1,1.0,42.0,46,0,0
53,agemem,1,1.0,43.0,46,0,0
54,agemem,1,1.0,44.0,46,0,0
55,agemem,1,1.0,45.0,47,0,0
56,agemem,1,1.0,46.0,47,0,0
57,agemem,1,1.0,47.0,47,0,0
58,agemem,1,1.0,48.0,47,0,0
59,agemem,1,1.0,49.0,47,0,0
60,agemem,1,1.0,50.0,48,0,0
61,agemem,1,1.0,51.0,48,0,0
62,agemem,1,0.0,51.0,49,0,0
63,agemem,1,1.0,52.0,49,0,0
64,agemem,1,1.0,53.0,49,0,0
65,agemem,1,1.0,54.0,49,0,0
66,agemem,1,1.0,55.0,50,0,0
67,agemem,1,1.0,56.0,50,0,0
68,agemem,1,1.0,57.0,50,0,0
69,agemem,1,1.0,58.0,50,0,0
70,agemem,1,1.0,59.0,50,0,0
71,agemem,1,1.0,60.0,50,0,0
72,agemem,1,0.0,60.0,50,0,0
73,agemem,1,1.0,61.0,50,0,0
74,agemem,1,1.0,62.0,50,0,0
75,agemem,1,1.0,63.0,50,0,0
76,agemem,1,1.0,64.0,50,0,0
77,agemem,1,0.0,64.0,50,0,0
78,agemem,1,1.0,65.0,50,0,0
79,agemem,1,1.0,66.0,50,0,0
80,agemem,1,1.0,67.0,50,0,0
81,agemem,1,1.0,68.0,50,0,0
82,agemem,1,1.0,69.0,50,0,0
83,agemem,1,1.0,70.0,50,0,0
84,agemem,1,1.0,71.0,50,0,0
85,agemem,1,1.0,72.0,50,0,0
86,agemem,1,0.0,72.0,50,0,0
87,agemem,1,1.0,73.0,50,0,0
88,agemem,1,1.0,74.0,50,0,0
89,agemem,1,1.0,75.0,50,0,0
90,agemem,1,1.0,76.0,50,0,0
91,agemem,1,1.0,77.0,50,0,0
92,agemem,1,1.0,78.0,50,0,0
93,agemem,1,1.0,79.0,50,0,0
94,agemem,1,1.0,80.0,50,0,0
95,agemem,1,1.0,81.0,50,0,0
96,agemem,1,1.0,82.0,50,0,0
97,agemem,1,1.0,83.0,50,0,0
98,agemem,1,1.0,84.0,50,0,0
99,agemem,1,1.0,85.0,50,0,0
0,smtr_tci,1,0.0,0.0,1,0,1
1,smtr_tci,1,1.0,1.0,2,1,1
2,smtr_tci,1,0.0,1.0,3,2,1
3,smtr_tci,1,0.0,1.0,4,2,2
4,smtr_tci,1,1.0,2.0,5,2,3
5,smtr_tci,1,0.0,2.0,6,3,3
6,smtr_tci,1,0.0,2.0,7,4,3
7,smtr_tci,1,1.0,3.0,8,5,3
8,smtr_tci,1,1.0,4.0,9,6,3
9,smtr_tci,1,0.0,4.0,10,7,3
10,smtr_tci,1,0.0,4.0,11,7,4
11,smtr_tci,1,0.0,4.0,12,8,4
12,smtr_tci,1,0.0,4.0,13,9,4
13,smtr_tci,1,1.0,5.0,14,10,4
14,smtr_tci,1,1.0,6.0,15,11,4
15,smtr_tci,1,1.0,7.0,16,11,5
16,smtr_tci,1,1.0,8.0,17,11,6
17,smtr_tci,1,1.0,9.0,18,11,7
18,smtr_tci,1,1.0,10.0,19,12,7
19,smtr_tci,1,1.0,11.0,20,11,9
20,smtr_tci,1,1.0,12.0,21,11,10
21,smtr_tci,1,1.0,13.0,22,10,12
22,smtr_tci,1,0.0,13.0,23,10,13
23,smtr_tci,1,1.0,14.0,24,11,13
24,smtr_tci,1,1.0,15.0,25,11,14
25,smtr_tci,1,1.0,16.0,26,11,15
26,smtr_tci,1,1.0,17.0,27,10,17
27,smtr_tci,1,1.0,18.0,28,10,18
28,smtr_tci,1,1.0,19.0,29,10,19
29,smtr_tci,1,1.0,20.0,30,10,20
30,smtr_tci,1,1.0,21.0,31,11,20
31,smtr_tci,1,1.0,22.0,32,11,21
32,smtr_tci,1,0.0,22.0,33,12,21
33,smtr_tci,1,1.0,23.0,34,12,22
34,smtr_tci,1,1.0,24.0,35,13,22
35,smtr_tci,1,1.0,25.0,36,13,23
36,smtr_tci,1,0.0,25.0,37,14,23
37,smtr_tci,1,1.0,26.0,38,15,23
38,smtr_tci,1,1.0,27.0,39,15,24
39,smtr_tci,1,1.0,28.0,40,16,24
40,smtr_tci,1,1.0,29.0,41,17,24
41,smtr_tci,1,1.0,30.0,42,17,25
42,smtr_tci,1,0.0,30.0,43,17,26
43,smtr_tci,1,1.0,31.0,44,17,27
44,smtr_tci,1,0.0,31.0,45,17,28
45,smtr_tci,1,1.0,32.0,46,16,30
46,smtr_tci,1,1.0,33.0,47,17,30
47,smtr_tci,1,0.0,33.0,48,18,30
48,smtr_tci,1,1.0,34.0,49,18,31
49,smtr_tci,1,1.0,35.0,50,19,31
50,smtr_tci,1,1.0,36.0,51,19,32
51,smtr_tci,1,1.0,37.0,52,20,32
52,smtr_tci,1,1.0,38.0,53,21,32
53,smtr_tci,1,1.0,39.0,54,21,33
54,smtr_tci,1,1.0,40.0,55,21,34
55,smtr_tci,1,1.0,41.0,56,20,36
56,smtr_tci,1,1.0,42.0,57,20,37
57,smtr_tci,1,1.0,43.0,58,21,37
58,smtr_tci,1,1.0,44.0,59,22,37
59,smtr_tci,1,1.0,45.0,60,23,37
60,smtr_tci,1,1.0,46.0,61,23,38
61,smtr_tci,1,1.0,47.0,62,24,38
62,smtr_tci,1,1.0,48.0,63,25,38
63,smtr_tci,1,1.0,49.0,64,26,38
64,smtr_tci,1,1.0,50.0,65,27,38
65,smtr_tci,1,1.0,51.0,66,28,38
66,smtr_tci,1,1.0,52.0,67,29,38
67,smtr_tci,1,1.0,53.0,68,30,38
68,smtr_tci,1,1.0,54.0,69,31,38
69,smtr_tci,1,1.0,55.0,70,30,40
70,smtr_tci,1,1.0,56.0,71,30,41
71,smtr_tci,1,1.0,57.0,72,30,42
72,smtr_tci,1,1.0,58.0,73,31,42
73,smtr_tci,1,1.0,59.0,74,30,44
74,smtr_tci,1,1.0,60.0,75,31,44
75,smtr_tci,1,1.0,61.0,76,31,45
76,smtr_tci,1,1.0,62.0,77,31,46
77,smtr_tci,1,1.0,63.0,78,31,47
78,smtr_tci,1,1.0,64.0,79,32,47
79,smtr_tci,1,1.0,65.0,80,31,49
80,smtr_tci,1,1.0,66.0,81,30,51
81,smtr_tci,1,1.0,67.0,82,29,53
82,smtr_tci,1,1.0,68.0,83,30,53
83,smtr_tci,1,1.0,69.0,84,30,54
84,smtr_tci,1,1.0,70.0,85,29,56
85,smtr_tci,1,1.0,71.0,86,28,58
86,smtr_tci,1,1.0,72.0,87,29,58
87,smtr_tci,1,1.0,73.0,88,29,59
88,smtr_tci,1,1.0,74.0,89,29,60
89,smtr_tci,1,1.0,75.0,90,28,62
90,smtr_tci,1,1.0,76.0,91,28,63
91,smtr_tci,1,1.0,77.0,92,29,63
92,smtr_tci,1,1.0,78.0,93,30,63
93,smtr_tci,1,1.0,79.0,94,30,64
94,smtr_tci,1,1.0,80.0,95,29,66
95,smtr_tci,1,1.0,81.0,96,28,68
96,smtr_tci,1,1.0,82.0,97,29,68
97,smtr_tci,1,1.0,83.0,98,29,69
98,smtr_tci,1,1.0,84.0,99,29,70
99,smtr_tci,1,1.0,85.0,100,29,71
0,full_memory,2,1.0,1.0,1,0,0
1,full_memory,2,1.0,2.0,2,0,0
2,full_memory,2,0.0,2.0,3,0,0
3,full_memory,2,0.0,2.0,4,0,0
4,full_memory,2,1.0,3.0,5,0,0
5,full_memory,2,0.0,3.0,6,0,0
6,full_memory,2,0.0,3.0,7,0,0
7,full_memory,2,0.0,3.0,8,0,0
8,full_memory,2,0.0,3.0,9,0,0
9,full_memory,2,1.0,4.0,10,0,0
10,full_memory,2,1.0,5.0,11,0,0
11,full_memory,2,1.0,6.0,12,0,0
12,full_memory,2,0.0,6.0,13,0,0
13,full_memory,2,1.0,7.0,14,0,0
14,full_memory,2,1.0,8.0,15,0,0
15,full_memory,2,1.0,9.0,16,0,0
16,full_memory,2,1.0,10.0,17,0,0
17,full_memory,2,1.0,11.0,18,0,0
18,full_memory,2,1.0,12.0,19,0,0
19,full_memory,2,1.0,13.0,20,0,0
20,full_memory,2,1.0,14.0,21,0,0
21,full_memory,2,1.0,15.0,22,0,0
22,full_memory,2,1.0,16.0,23,0,0
23,full_memory,2,1.0,17.0,24,0,0
24,full_memory,2,1.0,18.0,25,0,0
25,full_memory,2,1.0,19.0,26,0,0
26,full_memory,2,1.0,20.0,27,0,0
27,full_memory,2,0.0,20.0,28,0,0
28,full_memory,2,1.0,21.0,29,0,0
29,full_memory,2,1.0,22.0,30,0,0
30,full_memory,2,0.0,22.0,31,0,0
31,full_memory,2,1.0,23.0,32,0,0
32,full_memory,2,1.0,24.0,33,0,0
33,full_memory,2,0.0,24.0,34,0,0
34,full_memory,2,1.0,25.0,35,0,0
35,full_memory,2,0.0,25.0,36,0,0
36,full_memory,2,1.0,26.0,37,0,0
37,full_memory,2,1.0,27.0,38,0,0
38,full_memory,2,1.0,28.0,39,0,0
39,full_memory,2,1.0,29.0,40,0,0
40,full_memory,2,1.0,30.0,41,0,0
41,full_memory,2,1.0,31.0,42,0,0
42,full_memory,2,1.0,32.0,43,0,0
43,full_memory,2,1.0,33.0,44,0,0
44,full_memory,2,1.0,34.0,45,0,0
45,full_memory,2,1.0,35.0,46,0,0
46,full_memory,2,1.0,36.0,47,0,0
47,full_memory,2,1.0,37.0,48,0,0
48,full_memory,2,1.0,38.0,49,0,0
49,full_memory,2,0.0,38.0,50,0,0
50,full_memory,2,1.0,39.0,51,0,0
51,full_memory,2,0.0,39.0,52,0,0
52,full_memory,2,0.0,39.0,53,0,0
53,full_memory,2,1.0,40.0,54,0,0
54,full_memory,2,1.0,41.0,55,0,0
55,full_memory,2,1.0,42.0,56,0,0
56,full_memory,2,1.0,43.0,57,0,0
57,full_memory,2,1.0,44.0,58,0,0
58,full_memory,2,1.0,45.0,59,0,0
59,full_memory,2,1.0,46.0,60,0,0
60,full_memory,2,1.0,47.0,61,0,0
61,full_memory,2,1.0,48.0,62,0,0
62,full_memory,2,1.0,49.0,63,0,0
63,full_memory,2,1.0,50.0,64,0,0
64,full_memory,2,1.0,51.0,65,0,0
65,full_memory,2,1.0,52.0,66,0,0
66,full_memory,2,1.0,53.0,67,0,0
67,full_memory,2,1.0,54.0,68,0,0
68,full_memory,2,1.0,55.0,69,0,0
69,full_memory,2,1.0,56.0,70,0,0
70,full_memory,2,1.0,57.0,71,0,0
71,full_memory,2,1.0,58.0,72,0,0
72,full_memory,2,1.0,59.0,73,0,0
73,full_memory,2,1.0,60.0,74,0,0
74,full_memory,2,1.0,61.0,75,0,0
75,full_memory,2,1.0,62.0,76,0,0
76,full_memory,2,1.0,63.0,77,0,0
77,full_memory,2,1.0,64.0,78,0,0
78,full_memory,2,1.0,65.0,79,0,0
79,full_memory,2,1.0,66.0,80,0,0
80,full_memory,2,1.0,67.0,81,0,0
81,full_memory,2,0.0,67.0,82,0,0
82,full_memory,2,1.0,68.0,83,0,0
83,full_memory,2,1.0,69.0,84,0,0
84,full_memory,2,1.0,70.0,85,0,0
85,full_memory,2,1.0,71.0,86,0,0
86,full_memory,2,1.0,72.0,87,0,0
87,full_memory,2,1.0,73.0,88,0,0
88,full_memory,2,0.0,73.0,89,0,0
89,full_memory,2,1.0,74.0,90,0,0
90,full_memory,2,1.0,75.0,91,0,0
91,full_memory,2,1.0,76.0,92,0,0
92,full_memory,2,1.0,77.0,93,0,0
93,full_memory,2,1.0,78.0,94,0,0
94,full_memory,2,1.0,79.0,95,0,0
95,full_memory,2,1.0,80.0,96,0,0
96,full_memory,2,1.0,81.0,97,0,0
97,full_memory,2,1.0,82.0,98,0,0
98,full_memory,2,1.0,83.0,99,0,0
99,full_memory,2,1.0,84.0,100,0,0
0,retrieval,2,0.0,0.0,1,0,0
1,retrieval,2,0.0,0.0,2,0,0
2,retrieval,2,0.0,0.0,3,0,0
3,retrieval,2,1.0,1.0,4,0,0
4,retrieval,2,1.0,2.0,5,0,0
5,retrieval,2,1.0,3.0,6,0,0
6,retrieval,2,1.0,4.0,7,0,0
7,retrieval,2,1.0,5.0,8,0,0
8,retrieval,2,0.0,5.0,9,0,0
9,retrieval,2,0.0,5.0,10,0,0
10,retrieval,2,1.0,6.0,11,0,0
11,retrieval,2,0.0,6.0,12,0,0
12,retrieval,2,1.0,7.0,13,0,0
13,retrieval,2,1.0,8.0,14,0,0
14,retrieval,2,1.0,9.0,15,0,0
15,retrieval,2,1.0,10.0,16,0,0
16,retrieval,2,1.0,11.0,17,0,0
17,retrieval,2,1.0,12.0,18,0,0
18,retrieval,2,1.0,13.0,19,0,0
19,retrieval,2,1.0,14.0,20,0,0
20,retrieval,2,1.0,15.0,21,0,0
21,retrieval,2,1.0,16.0,22,0,0
22,retrieval,2,1.0,17.0,23,0,0
23,retrieval,2,1.0,18.0,24,0,0
24,retrieval,2,1.0,19.0,25,0,0
25,retrieval,2,0.0,19.0,26,0,0
26,retrieval,2,0.0,19.0,27,0,0
27,retrieval,2,1.0,20.0,28,0,0
28,retrieval,2,1.0,21.0,29,0,0
29,retrieval,2,1.0,22.0,30,0,0
30,retrieval,2,1.0,23.0,31,0,0
31,retrieval,2,1.0,24.0,32,0,0
32,retrieval,2,1.0,25.0,33,0,0
33,retrieval,2,1.0,26.0,34,0,0
34,retrieval,2,1.0,27.0,35,0,0
35,retrieval,2,1.0,28.0,36,0,0
36,retrieval,2,1.0,29.0,37,0,0
37,retrieval,2,1.0,30.0,38,0,0
38,retrieval,2,1.0,31.0,39,0,0
39,retrieval,2,1.0,32.0,40,0,0
40,retrieval,2,0.0,32.0,41,0,0
41,retrieval,2,1.0,33.0,42,0,0
42,retrieval,2,1.0,34.0,43,0,0
43,retrieval,2,1.0,35.0,44,0,0
44,retrieval,2,1.0,36.0,45,0,0
45,retrieval,2,1.0,37.0,46,0,0
46,retrieval,2,1.0,38.0,47,0,0
47,retrieval,2,1.0,39.0,48,0,0
48,retrieval,2,1.0,40.0,49,0,0
49,retrieval,2,1.0,41.0,50,0,0
50,retrieval,2,1.0,42.0,51,0,0
51,retrieval,2,1.0,43.0,52,0,0
52,retrieval,2,1.0,44.0,53,0,0
53,retrieval,2,1.0,45.0,54,0,0
54,retrieval,2,0.0,45.0,55,0,0
55,retrieval,2,1.0,46.0,56,0,0
56,retrieval,2,1.0,47.0,57,0,0
57,retrieval,2,1.0,48.0,58,0,0
58,retrieval,2,1.0,49.0,59,0,0
59,retrieval,2,1.0,50.0,60,0,0
60,retrieval,2,1.0,51.0,61,0,0
61,retrieval,2,1.0,52.0,62,0,0
62,retrieval,2,1.0,53.0,63,0,0
63,retrieval,2,1.0,54.0,64,0,0
64,retrieval,2,1.0,55.0,65,0,0
65,retrieval,2,1.0,56.0,66,0,0
66,retrieval,2,0.0,56.0,67,0,0
67,retrieval,2,1.0,57.0,68,0,0
68,retrieval,2,1.0,58.0,69,0,0
69,retrieval,2,1.0,59.0,70,0,0
70,retrieval,2,0.0,59.0,71,0,0
71,retrieval,2,1.0,60.0,72,0,0
72,retrieval,2,1.0,61.0,73,0,0
73,retrieval,2,1.0,62.0,74,0,0
74,retrieval,2,1.0,63.0,75,0,0
75,retrieval,2,1.0,64.0,76,0,0
76,retrieval,2,1.0,65.0,77,0,0
77,retrieval,2,1.0,66.0,78,0,0
78,retrieval,2,1.0,67.0,79,0,0
79,retrieval,2,1.0,68.0,80,0,0
80,retrieval,2,1.0,69.0,81,0,0
81,retrieval,2,1.0,70.0,82,0,0
82,retrieval,2,1.0,71.0,83,0,0
83,retrieval,2,1.0,72.0,84,0,0
84,retrieval,2,1.0,73.0,85,0,0
85,retrieval,2,1.0,74.0,86,0,0
86,retrieval,2,1.0,75.0,87,0,0
87,retrieval,2,1.0,76.0,88,0,0
88,retrieval,2,1.0,77.0,89,0,0
89,retrieval,2,1.0,78.0,90,0,0
90,retrieval,2,1.0,79.0,91,0,0
91,retrieval,2,1.0,80.0,92,0,0
92,retrieval,2,1.0,81.0,93,0,0
93,retrieval,2,1.0,82.0,94,0,0
94,retrieval,2,1.0,83.0,95,0,0
95,retrieval,2,1.0,84.0,96,0,0
96,retrieval,2,1.0,85.0,97,0,0
97,retrieval,2,1.0,86.0,98,0,0
98,retrieval,2,0.0,86.0,99,0,0
99,retrieval,2,1.0,87.0,100,0,0
0,reflexion,2,1.0,1.0,1,0,0
1,reflexion,2,1.0,2.0,2,0,0
2,reflexion,2,0.0,2.0,3,0,0
3,reflexion,2,1.0,3.0,4,0,0
4,reflexion,2,1.0,4.0,5,0,0
5,reflexion,2,1.0,5.0,6,0,0
6,reflexion,2,1.0,6.0,7,0,0
7,reflexion,2,0.0,6.0,8,0,0
8,reflexion,2,1.0,7.0,9,0,0
9,reflexion,2,1.0,8.0,10,0,0
10,reflexion,2,1.0,9.0,11,0,0
11,reflexion,2,1.0,10.0,12,0,0
12,reflexion,2,1.0,11.0,13,0,0
13,reflexion,2,1.0,12.0,14,0,0
14,reflexion,2,0.0,12.0,15,0,0
15,reflexion,2,1.0,13.0,16,0,0
16,reflexion,2,1.0,14.0,17,0,0
17,reflexion,2,1.0,15.0,18,0,0
18,reflexion,2,1.0,16.0,19,0,0
19,reflexion,2,0.0,16.0,20,0,0
20,reflexion,2,1.0,17.0,21,0,0
21,reflexion,2,1.0,18.0,22,0,0
22,reflexion,2,1.0,19.0,23,0,0
23,reflexion,2,0.0,19.0,24,0,0
24,reflexion,2,1.0,20.0,25,0,0
25,reflexion,2,1.0,21.0,26,0,0
26,reflexion,2,0.0,21.0,27,0,0
27,reflexion,2,1.0,22.0,28,0,0
28,reflexion,2,0.0,22.0,29,0,0
29,reflexion,2,0.0,22.0,30,0,0
30,reflexion,2,1.0,23.0,31,0,0
31,reflexion,2,1.0,24.0,32,0,0
32,reflexion,2,1.0,25.0,33,0,0
33,reflexion,2,1.0,26.0,34,0,0
34,reflexion,2,1.0,27.0,35,0,0
35,reflexion,2,1.0,28.0,36,0,0
36,reflexion,2,0.0,28.0,37,0,0
37,reflexion,2,1.0,29.0,38,0,0
38,reflexion,2,1.0,30.0,39,0,0
39,reflexion,2,0.0,30.0,40,0,0
40,reflexion,2,1.0,31.0,41,0,0
41,reflexion,2,1.0,32.0,42,0,0
42,reflexion,2,1.0,33.0,43,0,0
43,reflexion,2,1.0,34.0,44,0,0
44,reflexion,2,1.0,35.0,45,0,0
45,reflexion,2,1.0,36.0,46,0,0
46,reflexion,2,1.0,37.0,47,0,0
47,reflexion,2,0.0,37.0,48,0,0
48,reflexion,2,1.0,38.0,49,0,0
49,reflexion,2,1.0,39.0,50,0,0
50,reflexion,2,1.0,40.0,51,0,0
51,reflexion,2,1.0,41.0,52,0,0
52,reflexion,2,1.0,42.0,53,0,0
53,reflexion,2,0.0,42.0,54,0,0
54,reflexion,2,1.0,43.0,55,0,0
55,reflexion,2,1.0,44.0,56,0,0
56,reflexion,2,1.0,45.0,57,0,0
57,reflexion,2,1.0,46.0,58,0,0
58,reflexion,2,0.0,46.0,59,0,0
59,reflexion,2,1.0,47.0,60,0,0
60,reflexion,2,1.0,48.0,61,0,0
61,reflexion,2,1.0,49.0,62,0,0
62,reflexion,2,1.0,50.0,63,0,0
63,reflexion,2,1.0,51.0,64,0,0
64,reflexion,2,1.0,52.0,65,0,0
65,reflexion,2,1.0,53.0,66,0,0
66,reflexion,2,1.0,54.0,67,0,0
67,reflexion,2,1.0,55.0,68,0,0
68,reflexion,2,1.0,56.0,69,0,0
69,reflexion,2,1.0,57.0,70,0,0
70,reflexion,2,1.0,58.0,71,0,0
71,reflexion,2,1.0,59.0,72,0,0
72,reflexion,2,1.0,60.0,73,0,0
73,reflexion,2,1.0,61.0,74,0,0
74,reflexion,2,1.0,62.0,75,0,0
75,reflexion,2,1.0,63.0,76,0,0
76,reflexion,2,1.0,64.0,77,0,0
77,reflexion,2,1.0,65.0,78,0,0
78,reflexion,2,1.0,66.0,79,0,0
79,reflexion,2,1.0,67.0,80,0,0
80,reflexion,2,1.0,68.0,81,0,0
81,reflexion,2,1.0,69.0,82,0,0
82,reflexion,2,1.0,70.0,83,0,0
83,reflexion,2,1.0,71.0,84,0,0
84,reflexion,2,1.0,72.0,85,0,0
85,reflexion,2,1.0,73.0,86,0,0
86,reflexion,2,1.0,74.0,87,0,0
87,reflexion,2,1.0,75.0,88,0,0
88,reflexion,2,0.0,75.0,89,0,0
89,reflexion,2,1.0,76.0,90,0,0
90,reflexion,2,1.0,77.0,91,0,0
91,reflexion,2,1.0,78.0,92,0,0
92,reflexion,2,1.0,79.0,93,0,0
93,reflexion,2,1.0,80.0,94,0,0
94,reflexion,2,1.0,81.0,95,0,0
95,reflexion,2,1.0,82.0,96,0,0
96,reflexion,2,1.0,83.0,97,0,0
97,reflexion,2,1.0,84.0,98,0,0
98,reflexion,2,1.0,85.0,99,0,0
99,reflexion,2,1.0,86.0,100,0,0
0,agile,2,0.0,0.0,1,0,0
1,agile,2,0.0,0.0,2,0,0
2,agile,2,1.0,1.0,3,0,0
3,agile,2,1.0,2.0,4,0,0
4,agile,2,0.0,2.0,5,0,0
5,agile,2,0.0,2.0,6,0,0
6,agile,2,0.0,2.0,7,0,0
7,agile,2,1.0,3.0,8,0,0
8,agile,2,0.0,3.0,9,0,0
9,agile,2,0.0,3.0,10,0,0
10,agile,2,1.0,4.0,11,0,0
11,agile,2,1.0,5.0,12,0,0
12,agile,2,1.0,6.0,13,0,0
13,agile,2,1.0,7.0,14,0,0
14,agile,2,1.0,8.0,15,0,0
15,agile,2,1.0,9.0,16,0,0
16,agile,2,1.0,10.0,17,0,0
17,agile,2,1.0,11.0,18,0,0
18,agile,2,1.0,12.0,19,0,0
19,agile,2,0.0,12.0,20,0,0
20,agile,2,0.0,12.0,21,0,0
21,agile,2,1.0,13.0,22,0,0
22,agile,2,1.0,14.0,23,0,0
23,agile,2,1.0,15.0,24,0,0
24,agile,2,1.0,16.0,25,0,0
25,agile,2,0.0,16.0,26,0,0
26,agile,2,0.0,16.0,27,0,0
27,agile,2,1.0,17.0,28,0,0
28,agile,2,1.0,18.0,29,0,0
29,agile,2,1.0,19.0,30,0,0
30,agile,2,1.0,20.0,31,0,0
31,agile,2,1.0,21.0,32,0,0
32,agile,2,1.0,22.0,33,0,0
33,agile,2,1.0,23.0,34,0,0
34,agile,2,1.0,24.0,35,0,0
35,agile,2,1.0,25.0,36,0,0
36,agile,2,0.0,25.0,37,0,0
37,agile,2,0.0,25.0,38,0,0
38,agile,2,1.0,26.0,39,0,0
39,agile,2,1.0,27.0,40,0,0
40,agile,2,1.0,28.0,41,0,0
41,agile,2,1.0,29.0,42,0,0
42,agile,2,1.0,30.0,43,0,0
43,agile,2,1.0,31.0,44,0,0
44,agile,2,1.0,32.0,45,0,0
45,agile,2,1.0,33.0,46,0,0
46,agile,2,0.0,33.0,47,0,0
47,agile,2,1.0,34.0,48,0,0
48,agile,2,1.0,35.0,49,0,0
49,agile,2,1.0,36.0,50,0,0
50,agile,2,1.0,37.0,51,0,0
51,agile,2,1.0,38.0,52,0,0
52,agile,2,1.0,39.0,53,0,0
53,agile,2,1.0,40.0,54,0,0
54,agile,2,1.0,41.0,55,0,0
55,agile,2,1.0,42.0,56,0,0
56,agile,2,1.0,43.0,57,0,0
57,agile,2,1.0,44.0,58,0,0
58,agile,2,1.0,45.0,59,0,0
59,agile,2,0.0,45.0,60,0,0
60,agile,2,1.0,46.0,61,0,0
61,agile,2,1.0,47.0,62,0,0
62,agile,2,1.0,48.0,63,0,0
63,agile,2,1.0,49.0,64,0,0
64,agile,2,1.0,50.0,65,0,0
65,agile,2,1.0,51.0,66,0,0
66,agile,2,1.0,52.0,67,0,0
67,agile,2,1.0,53.0,68,0,0
68,agile,2,0.0,53.0,69,0,0
69,agile,2,1.0,54.0,70,0,0
70,agile,2,1.0,55.0,71,0,0
71,agile,2,1.0,56.0,72,0,0
72,agile,2,1.0,57.0,73,0,0
73,agile,2,1.0,58.0,74,0,0
74,agile,2,1.0,59.0,75,0,0
75,agile,2,1.0,60.0,76,0,0
76,agile,2,1.0,61.0,77,0,0
77,agile,2,1.0,62.0,78,0,0
78,agile,2,1.0,63.0,79,0,0
79,agile,2,1.0,64.0,80,0,0
80,agile,2,1.0,65.0,81,0,0
81,agile,2,1.0,66.0,82,0,0
82,agile,2,1.0,67.0,83,0,0
83,agile,2,1.0,68.0,84,0,0
84,agile,2,1.0,69.0,85,0,0
85,agile,2,1.0,70.0,86,0,0
86,agile,2,1.0,71.0,87,0,0
87,agile,2,1.0,72.0,88,0,0
88,agile,2,1.0,73.0,89,0,0
89,agile,2,1.0,74.0,90,0,0
90,agile,2,1.0,75.0,91,0,0
91,agile,2,1.0,76.0,92,0,0
92,agile,2,1.0,77.0,93,0,0
93,agile,2,1.0,78.0,94,0,0
94,agile,2,1.0,79.0,95,0,0
95,agile,2,0.0,79.0,96,0,0
96,agile,2,1.0,80.0,97,0,0
97,agile,2,1.0,81.0,98,0,0
98,agile,2,1.0,82.0,99,0,0
99,agile,2,1.0,83.0,100,0,0
0,heuristic,2,1.0,1.0,1,0,0
1,heuristic,2,1.0,2.0,2,0,0
2,heuristic,2,0.0,2.0,3,0,0
3,heuristic,2,0.0,2.0,4,0,0
4,heuristic,2,1.0,3.0,5,0,0
5,heuristic,2,0.0,3.0,6,0,0
6,heuristic,2,1.0,4.0,7,0,0
7,heuristic,2,0.0,4.0,8,0,0
8,heuristic,2,1.0,5.0,9,0,0
9,heuristic,2,0.0,5.0,10,0,0
10,heuristic,2,0.0,5.0,11,0,0
11,heuristic,2,1.0,6.0,12,0,0
12,heuristic,2,1.0,7.0,13,0,0
13,heuristic,2,1.0,8.0,14,0,0
14,heuristic,2,1.0,9.0,15,0,0
15,heuristic,2,1.0,10.0,16,0,0
16,heuristic,2,0.0,10.0,17,0,0
17,heuristic,2,1.0,11.0,18,0,0
18,heuristic,2,1.0,12.0,19,0,0
19,heuristic,2,0.0,12.0,20,0,0
20,heuristic,2,0.0,12.0,21,0,0
21,heuristic,2,1.0,13.0,22,0,0
22,heuristic,2,1.0,14.0,23,0,0
23,heuristic,2,1.0,15.0,24,0,0
24,heuristic,2,1.0,16.0,25,0,0
25,heuristic,2,1.0,17.0,26,0,0
26,heuristic,2,0.0,17.0,27,0,0
27,heuristic,2,1.0,18.0,28,0,0
28,heuristic,2,1.0,19.0,29,0,0
29,heuristic,2,1.0,20.0,30,0,0
30,heuristic,2,1.0,21.0,31,0,0
31,heuristic,2,1.0,22.0,32,0,0
32,heuristic,2,1.0,23.0,33,0,0
33,heuristic,2,1.0,24.0,34,0,0
34,heuristic,2,1.0,25.0,35,0,0
35,heuristic,2,1.0,26.0,36,0,0
36,heuristic,2,1.0,27.0,37,0,0
37,heuristic,2,1.0,28.0,38,0,0
38,heuristic,2,1.0,29.0,39,0,0
39,heuristic,2,1.0,30.0,40,0,0
40,heuristic,2,1.0,31.0,41,0,0
41,heuristic,2,1.0,32.0,42,0,0
42,heuristic,2,1.0,33.0,43,0,0
43,heuristic,2,1.0,34.0,44,0,0
44,heuristic,2,1.0,35.0,45,0,0
45,heuristic,2,1.0,36.0,46,0,0
46,heuristic,2,0.0,36.0,47,0,0
47,heuristic,2,1.0,37.0,48,0,0
48,heuristic,2,1.0,38.0,49,0,0
49,heuristic,2,1.0,39.0,50,0,0
50,heuristic,2,1.0,40.0,51,0,0
51,heuristic,2,1.0,41.0,52,0,0
52,heuristic,2,1.0,42.0,53,0,0
53,heuristic,2,1.0,43.0,54,0,0
54,heuristic,2,1.0,44.0,55,0,0
55,heuristic,2,1.0,45.0,56,0,0
56,heuristic,2,1.0,46.0,57,0,0
57,heuristic,2,1.0,47.0,58,0,0
58,heuristic,2,1.0,48.0,59,0,0
59,heuristic,2,1.0,49.0,60,0,0
60,heuristic,2,1.0,50.0,61,0,0
61,heuristic,2,1.0,51.0,62,0,0
62,heuristic,2,1.0,52.0,63,0,0
63,heuristic,2,0.0,52.0,64,0,0
64,heuristic,2,1.0,53.0,65,0,0
65,heuristic,2,0.0,53.0,66,0,0
66,heuristic,2,1.0,54.0,67,0,0
67,heuristic,2,1.0,55.0,68,0,0
68,heuristic,2,1.0,56.0,69,0,0
69,heuristic,2,1.0,57.0,70,0,0
70,heuristic,2,1.0,58.0,71,0,0
71,heuristic,2,1.0,59.0,72,0,0
72,heuristic,2,1.0,60.0,73,0,0
73,heuristic,2,1.0,61.0,74,0,0
74,heuristic,2,1.0,62.0,75,0,0
75,heuristic,2,1.0,63.0,76,0,0
76,heuristic,2,1.0,64.0,77,0,0
77,heuristic,2,1.0,65.0,78,0,0
78,heuristic,2,0.0,65.0,79,0,0
79,heuristic,2,1.0,66.0,80,0,0
80,heuristic,2,1.0,67.0,81,0,0
81,heuristic,2,1.0,68.0,82,0,0
82,heuristic,2,1.0,69.0,83,0,0
83,heuristic,2,1.0,70.0,84,0,0
84,heuristic,2,1.0,71.0,85,0,0
85,heuristic,2,1.0,72.0,86,0,0
86,heuristic,2,1.0,73.0,87,0,0
87,heuristic,2,1.0,74.0,88,0,0
88,heuristic,2,1.0,75.0,89,0,0
89,heuristic,2,1.0,76.0,90,0,0
90,heuristic,2,1.0,77.0,91,0,0
91,heuristic,2,1.0,78.0,92,0,0
92,heuristic,2,1.0,79.0,93,0,0
93,heuristic,2,1.0,80.0,94,0,0
94,heuristic,2,1.0,81.0,95,0,0
95,heuristic,2,1.0,82.0,96,0,0
96,heuristic,2,1.0,83.0,97,0,0
97,heuristic,2,1.0,84.0,98,0,0
98,heuristic,2,1.0,85.0,99,0,0
99,heuristic,2,1.0,86.0,100,0,0
0,agemem,2,0.0,0.0,1,0,0
1,agemem,2,0.0,0.0,2,0,0
2,agemem,2,1.0,1.0,3,0,0
3,agemem,2,1.0,2.0,4,0,0
4,agemem,2,1.0,3.0,5,0,0
5,agemem,2,1.0,4.0,6,0,0
6,agemem,2,1.0,5.0,7,0,0
7,agemem,2,0.0,5.0,8,0,0
8,agemem,2,0.0,5.0,9,0,0
9,agemem,2,1.0,6.0,10,0,0
10,agemem,2,0.0,6.0,11,0,0
11,agemem,2,1.0,7.0,12,0,0
12,agemem,2,1.0,8.0,13,0,0
13,agemem,2,0.0,8.0,14,0,0
14,agemem,2,0.0,8.0,15,0,0
15,agemem,2,1.0,9.0,16,0,0
16,agemem,2,1.0,10.0,17,0,0
17,agemem,2,1.0,11.0,18,0,0
18,agemem,2,1.0,12.0,19,0,0
19,agemem,2,1.0,13.0,20,0,0
20,agemem,2,1.0,14.0,21,0,0
21,agemem,2,1.0,15.0,22,0,0
22,agemem,2,1.0,16.0,23,0,0
23,agemem,2,1.0,17.0,24,0,0
24,agemem,2,0.0,17.0,25,0,0
25,agemem,2,1.0,18.0,26,0,0
26,agemem,2,0.0,18.0,27,0,0
27,agemem,2,0.0,18.0,28,0,0
28,agemem,2,0.0,18.0,29,0,0
29,agemem,2,1.0,19.0,30,0,0
30,agemem,2,1.0,20.0,31,0,0
31,agemem,2,1.0,21.0,31,0,0
32,agemem,2,0.0,21.0,32,0,0
33,agemem,2,1.0,22.0,33,0,0
34,agemem,2,1.0,23.0,34,0,0
35,agemem,2,0.0,23.0,35,0,0
36,agemem,2,1.0,24.0,36,0,0
37,agemem,2,1.0,25.0,36,0,0
38,agemem,2,1.0,26.0,37,0,0
39,agemem,2,0.0,26.0,38,0,0
40,agemem,2,1.0,27.0,39,0,0
41,agemem,2,1.0,28.0,39,0,0
42,agemem,2,1.0,29.0,40,0,0
43,agemem,2,1.0,30.0,41,0,0
44,agemem,2,1.0,31.0,42,0,0
45,agemem,2,0.0,31.0,43,0,0
46,agemem,2,1.0,32.0,44,0,0
47,agemem,2,1.0,33.0,45,0,0
48,agemem,2,1.0,34.0,46,0,0
49,agemem,2,1.0,35.0,46,0,0
50,agemem,2,1.0,36.0,46,0,0
51,agemem,2,1.0,37.0,46,0,0
52,agemem,2,1.0,38.0,46,0,0
53,agemem,2,1.0,39.0,46,0,0
54,agemem,2,1.0,40.0,46,0,0
55,agemem,2,1.0,41.0,47,0,0
56,agemem,2,1.0,42.0,47,0,0
57,agemem,2,1.0,43.0,47,0,0
58,agemem,2,1.0,44.0,47,0,0
59,agemem,2,1.0,45.0,47,0,0
60,agemem,2,1.0,46.0,47,0,0
61,agemem,2,1.0,47.0,47,0,0
62,agemem,2,1.0,48.0,48,0,0
63,agemem,2,1.0,49.0,48,0,0
64,agemem,2,1.0,50.0,48,0,0
65,agemem,2,1.0,51.0,48,0,0
66,agemem,2,1.0,52.0,48,0,0
67,agemem,2,1.0,53.0,48,0,0
68,agemem,2,1.0,54.0,48,0,0
69,agemem,2,1.0,55.0,48,0,0
70,agemem,2,1.0,56.0,48,0,0
71,agemem,2,1.0,57.0,48,0,0
72,agemem,2,1.0,58.0,48,0,0
73,agemem,2,1.0,59.0,48,0,0
74,agemem,2,1.0,60.0,48,0,0
75,agemem,2,1.0,61.0,48,0,0
76,agemem,2,1.0,62.0,48,0,0
77,agemem,2,1.0,63.0,48,0,0
78,agemem,2,1.0,64.0,49,0,0
79,agemem,2,1.0,65.0,50,0,0
80,agemem,2,1.0,66.0,50,0,0
81,agemem,2,1.0,67.0,50,0,0
82,agemem,2,1.0,68.0,50,0,0
83,agemem,2,1.0,69.0,50,0,0
84,agemem,2,1.0,70.0,50,0,0
85,agemem,2,1.0,71.0,50,0,0
86,agemem,2,1.0,72.0,50,0,0
87,agemem,2,1.0,73.0,50,0,0
88,agemem,2,1.0,74.0,50,0,0
89,agemem,2,1.0,75.0,50,0,0
90,agemem,2,1.0,76.0,50,0,0
91,agemem,2,1.0,77.0,50,0,0
92,agemem,2,1.0,78.0,50,0,0
93,agemem,2,1.0,79.0,50,0,0
94,agemem,2,1.0,80.0,50,0,0
95,agemem,2,1.0,81.0,50,0,0
96,agemem,2,1.0,82.0,50,0,0
97,agemem,2,1.0,83.0,50,0,0
98,agemem,2,1.0,84.0,50,0,0
99,agemem,2,1.0,85.0,50,0,0
0,smtr_tci,2,1.0,1.0,1,1,0
1,smtr_tci,2,0.0,1.0,2,1,1
2,smtr_tci,2,1.0,2.0,3,1,2
3,smtr_tci,2,1.0,3.0,4,2,2
4,smtr_tci,2,1.0,4.0,5,2,3
5,smtr_tci,2,0.0,4.0,6,2,4
6,smtr_tci,2,1.0,5.0,7,3,4
7,smtr_tci,2,1.0,6.0,8,4,4
8,smtr_tci,2,0.0,6.0,9,5,4
9,smtr_tci,2,1.0,7.0,10,5,5
10,smtr_tci,2,1.0,8.0,11,5,6
11,smtr_tci,2,1.0,9.0,12,5,7
12,smtr_tci,2,1.0,10.0,13,6,7
13,smtr_tci,2,1.0,11.0,14,7,7
14,smtr_tci,2,1.0,12.0,15,8,7
15,smtr_tci,2,1.0,13.0,16,9,7
16,smtr_tci,2,1.0,14.0,17,10,7
17,smtr_tci,2,1.0,15.0,18,11,7
18,smtr_tci,2,1.0,16.0,19,11,8
19,smtr_tci,2,1.0,17.0,20,12,8
20,smtr_tci,2,1.0,18.0,21,13,8
21,smtr_tci,2,1.0,19.0,22,14,8
22,smtr_tci,2,1.0,20.0,23,15,8
23,smtr_tci,2,1.0,21.0,24,15,9
24,smtr_tci,2,1.0,22.0,25,16,9
25,smtr_tci,2,1.0,23.0,26,17,9
26,smtr_tci,2,1.0,24.0,27,18,9
27,smtr_tci,2,1.0,25.0,28,18,10
28,smtr_tci,2,0.0,25.0,29,19,10
29,smtr_tci,2,1.0,26.0,30,19,11
30,smtr_tci,2,1.0,27.0,31,19,12
31,smtr_tci,2,1.0,28.0,32,20,12
32,smtr_tci,2,1.0,29.0,33,20,13
33,smtr_tci,2,1.0,30.0,34,21,13
34,smtr_tci,2,1.0,31.0,35,21,14
35,smtr_tci,2,1.0,32.0,36,21,15
36,smtr_tci,2,1.0,33.0,37,22,15
37,smtr_tci,2,1.0,34.0,38,22,16
38,smtr_tci,2,1.0,35.0,39,23,16
39,smtr_tci,2,1.0,36.0,40,23,17
40,smtr_tci,2,1.0,37.0,41,24,17
41,smtr_tci,2,1.0,38.0,42,25,17
42,smtr_tci,2,1.0,39.0,43,25,18
43,smtr_tci,2,1.0,40.0,44,25,19
44,smtr_tci,2,1.0,41.0,45,26,19
45,smtr_tci,2,1.0,42.0,46,27,19
46,smtr_tci,2,1.0,43.0,47,27,20
47,smtr_tci,2,1.0,44.0,48,28,20
48,smtr_tci,2,1.0,45.0,49,28,21
49,smtr_tci,2,1.0,46.0,50,29,21
50,smtr_tci,2,1.0,47.0,51,28,23
51,smtr_tci,2,1.0,48.0,52,28,24
52,smtr_tci,2,1.0,49.0,53,28,25
53,smtr_tci,2,1.0,50.0,54,28,26
54,smtr_tci,2,1.0,51.0,55,29,26
55,smtr_tci,2,1.0,52.0,56,27,29
56,smtr_tci,2,1.0,53.0,57,26,31
57,smtr_tci,2,1.0,54.0,58,27,31
58,smtr_tci,2,1.0,55.0,59,27,32
59,smtr_tci,2,1.0,56.0,60,28,32
60,smtr_tci,2,1.0,57.0,61,28,33
61,smtr_tci,2,1.0,58.0,62,29,33
62,smtr_tci,2,1.0,59.0,63,30,33
63,smtr_tci,2,1.0,60.0,64,29,35
64,smtr_tci,2,1.0,61.0,65,30,35
65,smtr_tci,2,1.0,62.0,66,31,35
66,smtr_tci,2,1.0,63.0,67,32,35
67,smtr_tci,2,1.0,64.0,68,32,36
68,smtr_tci,2,1.0,65.0,69,32,37
69,smtr_tci,2,1.0,66.0,70,33,37
70,smtr_tci,2,1.0,67.0,71,33,38
71,smtr_tci,2,1.0,68.0,72,33,39
72,smtr_tci,2,1.0,69.0,73,34,39
73,smtr_tci,2,1.0,70.0,74,34,40
74,smtr_tci,2,1.0,71.0,75,33,42
75,smtr_tci,2,0.0,71.0,76,33,43
76,smtr_tci,2,1.0,72.0,77,33,44
77,smtr_tci,2,1.0,73.0,78,33,45
78,smtr_tci,2,1.0,74.0,79,34,45
79,smtr_tci,2,1.0,75.0,80,33,47
80,smtr_tci,2,1.0,76.0,81,32,49
81,smtr_tci,2,1.0,77.0,82,33,49
82,smtr_tci,2,1.0,78.0,83,34,49
83,smtr_tci,2,1.0,79.0,84,35,49
84,smtr_tci,2,1.0,80.0,85,35,50
85,smtr_tci,2,1.0,81.0,86,35,51
86,smtr_tci,2,1.0,82.0,87,35,52
87,smtr_tci,2,1.0,83.0,88,36,52
88,smtr_tci,2,1.0,84.0,89,37,52
89,smtr_tci,2,1.0,85.0,90,37,53
90,smtr_tci,2,1.0,86.0,91,37,54
91,smtr_tci,2,1.0,87.0,92,36,56
92,smtr_tci,2,1.0,88.0,93,36,57
93,smtr_tci,2,1.0,89.0,94,36,58
94,smtr_tci,2,1.0,90.0,95,37,58
95,smtr_tci,2,1.0,91.0,96,36,60
96,smtr_tci,2,1.0,92.0,97,37,60
97,smtr_tci,2,1.0,93.0,98,37,61
98,smtr_tci,2,1.0,94.0,99,34,65
99,smtr_tci,2,1.0,95.0,100,34,66
0,full_memory,3,1.0,1.0,1,0,0
1,full_memory,3,1.0,2.0,2,0,0
2,full_memory,3,0.0,2.0,3,0,0
3,full_memory,3,1.0,3.0,4,0,0
4,full_memory,3,1.0,4.0,5,0,0
5,full_memory,3,0.0,4.0,6,0,0
6,full_memory,3,1.0,5.0,7,0,0
7,full_memory,3,1.0,6.0,8,0,0
8,full_memory,3,1.0,7.0,9,0,0
9,full_memory,3,1.0,8.0,10,0,0
10,full_memory,3,1.0,9.0,11,0,0
11,full_memory,3,0.0,9.0,12,0,0
12,full_memory,3,0.0,9.0,13,0,0
13,full_memory,3,1.0,10.0,14,0,0
14,full_memory,3,1.0,11.0,15,0,0
15,full_memory,3,0.0,11.0,16,0,0
16,full_memory,3,1.0,12.0,17,0,0
17,full_memory,3,0.0,12.0,18,0,0
18,full_memory,3,1.0,13.0,19,0,0
19,full_memory,3,0.0,13.0,20,0,0
20,full_memory,3,1.0,14.0,21,0,0
21,full_memory,3,0.0,14.0,22,0,0
22,full_memory,3,1.0,15.0,23,0,0
23,full_memory,3,1.0,16.0,24,0,0
24,full_memory,3,1.0,17.0,25,0,0
25,full_memory,3,1.0,18.0,26,0,0
26,full_memory,3,1.0,19.0,27,0,0
27,full_memory,3,0.0,19.0,28,0,0
28,full_memory,3,1.0,20.0,29,0,0
29,full_memory,3,0.0,20.0,30,0,0
30,full_memory,3,1.0,21.0,31,0,0
31,full_memory,3,1.0,22.0,32,0,0
32,full_memory,3,1.0,23.0,33,0,0
33,full_memory,3,1.0,24.0,34,0,0
34,full_memory,3,0.0,24.0,35,0,0
35,full_memory,3,1.0,25.0,36,0,0
36,full_memory,3,1.0,26.0,37,0,0
37,full_memory,3,1.0,27.0,38,0,0
38,full_memory,3,1.0,28.0,39,0,0
39,full_memory,3,1.0,29.0,40,0,0
40,full_memory,3,1.0,30.0,41,0,0
41,full_memory,3,1.0,31.0,42,0,0
42,full_memory,3,1.0,32.0,43,0,0
43,full_memory,3,1.0,33.0,44,0,0
44,full_memory,3,1.0,34.0,45,0,0
45,full_memory,3,1.0,35.0,46,0,0
46,full_memory,3,1.0,36.0,47,0,0
47,full_memory,3,1.0,37.0,48,0,0
48,full_memory,3,1.0,38.0,49,0,0
49,full_memory,3,1.0,39.0,50,0,0
50,full_memory,3,1.0,40.0,51,0,0
51,full_memory,3,1.0,41.0,52,0,0
52,full_memory,3,1.0,42.0,53,0,0
53,full_memory,3,1.0,43.0,54,0,0
54,full_memory,3,1.0,44.0,55,0,0
55,full_memory,3,1.0,45.0,56,0,0
56,full_memory,3,1.0,46.0,57,0,0
57,full_memory,3,1.0,47.0,58,0,0
58,full_memory,3,1.0,48.0,59,0,0
59,full_memory,3,1.0,49.0,60,0,0
60,full_memory,3,1.0,50.0,61,0,0
61,full_memory,3,1.0,51.0,62,0,0
62,full_memory,3,1.0,52.0,63,0,0
63,full_memory,3,1.0,53.0,64,0,0
64,full_memory,3,0.0,53.0,65,0,0
65,full_memory,3,1.0,54.0,66,0,0
66,full_memory,3,1.0,55.0,67,0,0
67,full_memory,3,1.0,56.0,68,0,0
68,full_memory,3,1.0,57.0,69,0,0
69,full_memory,3,1.0,58.0,70,0,0
70,full_memory,3,1.0,59.0,71,0,0
71,full_memory,3,1.0,60.0,72,0,0
72,full_memory,3,1.0,61.0,73,0,0
73,full_memory,3,1.0,62.0,74,0,0
74,full_memory,3,1.0,63.0,75,0,0
75,full_memory,3,1.0,64.0,76,0,0
76,full_memory,3,1.0,65.0,77,0,0
77,full_memory,3,1.0,66.0,78,0,0
78,full_memory,3,1.0,67.0,79,0,0
79,full_memory,3,1.0,68.0,80,0,0
80,full_memory,3,1.0,69.0,81,0,0
81,full_memory,3,1.0,70.0,82,0,0
82,full_memory,3,1.0,71.0,83,0,0
83,full_memory,3,1.0,72.0,84,0,0
84,full_memory,3,1.0,73.0,85,0,0
85,full_memory,3,1.0,74.0,86,0,0
86,full_memory,3,1.0,75.0,87,0,0
87,full_memory,3,1.0,76.0,88,0,0
88,full_memory,3,1.0,77.0,89,0,0
89,full_memory,3,1.0,78.0,90,0,0
90,full_memory,3,1.0,79.0,91,0,0
91,full_memory,3,1.0,80.0,92,0,0
92,full_memory,3,1.0,81.0,93,0,0
93,full_memory,3,1.0,82.0,94,0,0
94,full_memory,3,1.0,83.0,95,0,0
95,full_memory,3,1.0,84.0,96,0,0
96,full_memory,3,1.0,85.0,97,0,0
97,full_memory,3,1.0,86.0,98,0,0
98,full_memory,3,1.0,87.0,99,0,0
99,full_memory,3,1.0,88.0,100,0,0
0,retrieval,3,0.0,0.0,1,0,0
1,retrieval,3,0.0,0.0,2,0,0
2,retrieval,3,0.0,0.0,3,0,0
3,retrieval,3,1.0,1.0,4,0,0
4,retrieval,3,0.0,1.0,5,0,0
5,retrieval,3,0.0,1.0,6,0,0
6,retrieval,3,0.0,1.0,7,0,0
7,retrieval,3,1.0,2.0,8,0,0
8,retrieval,3,0.0,2.0,9,0,0
9,retrieval,3,1.0,3.0,10,0,0
10,retrieval,3,1.0,4.0,11,0,0
11,retrieval,3,1.0,5.0,12,0,0
12,retrieval,3,1.0,6.0,13,0,0
13,retrieval,3,0.0,6.0,14,0,0
14,retrieval,3,0.0,6.0,15,0,0
15,retrieval,3,1.0,7.0,16,0,0
16,retrieval,3,1.0,8.0,17,0,0
17,retrieval,3,0.0,8.0,18,0,0
18,retrieval,3,1.0,9.0,19,0,0
19,retrieval,3,0.0,9.0,20,0,0
20,retrieval,3,1.0,10.0,21,0,0
21,retrieval,3,1.0,11.0,22,0,0
22,retrieval,3,1.0,12.0,23,0,0
23,retrieval,3,1.0,13.0,24,0,0
24,retrieval,3,1.0,14.0,25,0,0
25,retrieval,3,1.0,15.0,26,0,0
26,retrieval,3,1.0,16.0,27,0,0
27,retrieval,3,1.0,17.0,28,0,0
28,retrieval,3,1.0,18.0,29,0,0
29,retrieval,3,1.0,19.0,30,0,0
30,retrieval,3,0.0,19.0,31,0,0
31,retrieval,3,1.0,20.0,32,0,0
32,retrieval,3,1.0,21.0,33,0,0
33,retrieval,3,1.0,22.0,34,0,0
34,retrieval,3,1.0,23.0,35,0,0
35,retrieval,3,1.0,24.0,36,0,0
36,retrieval,3,1.0,25.0,37,0,0
37,retrieval,3,1.0,26.0,38,0,0
38,retrieval,3,0.0,26.0,39,0,0
39,retrieval,3,0.0,26.0,40,0,0
40,retrieval,3,0.0,26.0,41,0,0
41,retrieval,3,1.0,27.0,42,0,0
42,retrieval,3,1.0,28.0,43,0,0
43,retrieval,3,1.0,29.0,44,0,0
44,retrieval,3,1.0,30.0,45,0,0
45,retrieval,3,1.0,31.0,46,0,0
46,retrieval,3,1.0,32.0,47,0,0
47,retrieval,3,1.0,33.0,48,0,0
48,retrieval,3,1.0,34.0,49,0,0
49,retrieval,3,1.0,35.0,50,0,0
50,retrieval,3,1.0,36.0,51,0,0
51,retrieval,3,1.0,37.0,52,0,0
52,retrieval,3,1.0,38.0,53,0,0
53,retrieval,3,1.0,39.0,54,0,0
54,retrieval,3,1.0,40.0,55,0,0
55,retrieval,3,1.0,41.0,56,0,0
56,retrieval,3,1.0,42.0,57,0,0
57,retrieval,3,1.0,43.0,58,0,0
58,retrieval,3,1.0,44.0,59,0,0
59,retrieval,3,1.0,45.0,60,0,0
60,retrieval,3,1.0,46.0,61,0,0
61,retrieval,3,1.0,47.0,62,0,0
62,retrieval,3,1.0,48.0,63,0,0
63,retrieval,3,1.0,49.0,64,0,0
64,retrieval,3,1.0,50.0,65,0,0
65,retrieval,3,1.0,51.0,66,0,0
66,retrieval,3,1.0,52.0,67,0,0
67,retrieval,3,1.0,53.0,68,0,0
68,retrieval,3,0.0,53.0,69,0,0
69,retrieval,3,1.0,54.0,70,0,0
70,retrieval,3,1.0,55.0,71,0,0
71,retrieval,3,1.0,56.0,72,0,0
72,retrieval,3,1.0,57.0,73,0,0
73,retrieval,3,1.0,58.0,74,0,0
74,retrieval,3,1.0,59.0,75,0,0
75,retrieval,3,1.0,60.0,76,0,0
76,retrieval,3,1.0,61.0,77,0,0
77,retrieval,3,1.0,62.0,78,0,0
78,retrieval,3,1.0,63.0,79,0,0
79,retrieval,3,1.0,64.0,80,0,0
80,retrieval,3,1.0,65.0,81,0,0
81,retrieval,3,1.0,66.0,82,0,0
82,retrieval,3,1.0,67.0,83,0,0
83,retrieval,3,0.0,67.0,84,0,0
84,retrieval,3,1.0,68.0,85,0,0
85,retrieval,3,1.0,69.0,86,0,0
86,retrieval,3,0.0,69.0,87,0,0
87,retrieval,3,1.0,70.0,88,0,0
88,retrieval,3,1.0,71.0,89,0,0
89,retrieval,3,1.0,72.0,90,0,0
90,retrieval,3,1.0,73.0,91,0,0
91,retrieval,3,0.0,73.0,92,0,0
92,retrieval,3,1.0,74.0,93,0,0
93,retrieval,3,1.0,75.0,94,0,0
94,retrieval,3,1.0,76.0,95,0,0
95,retrieval,3,1.0,77.0,96,0,0
96,retrieval,3,1.0,78.0,97,0,0
97,retrieval,3,1.0,79.0,98,0,0
98,retrieval,3,1.0,80.0,99,0,0
99,retrieval,3,1.0,81.0,100,0,0
0,reflexion,3,1.0,1.0,1,0,0
1,reflexion,3,1.0,2.0,2,0,0
2,reflexion,3,0.0,2.0,3,0,0
3,reflexion,3,0.0,2.0,4,0,0
4,reflexion,3,0.0,2.0,5,0,0
5,reflexion,3,1.0,3.0,6,0,0
6,reflexion,3,1.0,4.0,7,0,0
7,reflexion,3,1.0,5.0,8,0,0
8,reflexion,3,1.0,6.0,9,0,0
9,reflexion,3,1.0,7.0,10,0,0
10,reflexion,3,0.0,7.0,11,0,0
11,reflexion,3,1.0,8.0,12,0,0
12,reflexion,3,1.0,9.0,13,0,0
13,reflexion,3,1.0,10.0,14,0,0
14,reflexion,3,0.0,10.0,15,0,0
15,reflexion,3,1.0,11.0,16,0,0
16,reflexion,3,0.0,11.0,17,0,0
17,reflexion,3,1.0,12.0,18,0,0
18,reflexion,3,1.0,13.0,19,0,0
19,reflexion,3,0.0,13.0,20,0,0
20,reflexion,3,1.0,14.0,21,0,0
21,reflexion,3,0.0,14.0,22,0,0
22,reflexion,3,1.0,15.0,23,0,0
23,reflexion,3,1.0,16.0,24,0,0
24,reflexion,3,1.0,17.0,25,0,0
25,reflexion,3,1.0,18.0,26,0,0
26,reflexion,3,1.0,19.0,27,0,0
27,reflexion,3,1.0,20.0,28,0,0
28,reflexion,3,1.0,21.0,29,0,0
29,reflexion,3,1.0,22.0,30,0,0
30,reflexion,3,1.0,23.0,31,0,0
31,reflexion,3,1.0,24.0,32,0,0
32,reflexion,3,1.0,25.0,33,0,0
33,reflexion,3,1.0,26.0,34,0,0
34,reflexion,3,1.0,27.0,35,0,0
35,reflexion,3,1.0,28.0,36,0,0
36,reflexion,3,1.0,29.0,37,0,0
37,reflexion,3,0.0,29.0,38,0,0
38,reflexion,3,1.0,30.0,39,0,0
39,reflexion,3,1.0,31.0,40,0,0
40,reflexion,3,1.0,32.0,41,0,0
41,reflexion,3,1.0,33.0,42,0,0
42,reflexion,3,1.0,34.0,43,0,0
43,reflexion,3,1.0,35.0,44,0,0
44,reflexion,3,1.0,36.0,45,0,0
45,reflexion,3,1.0,37.0,46,0,0
46,reflexion,3,0.0,37.0,47,0,0
47,reflexion,3,1.0,38.0,48,0,0
48,reflexion,3,1.0,39.0,49,0,0
49,reflexion,3,1.0,40.0,50,0,0
50,reflexion,3,0.0,40.0,51,0,0
51,reflexion,3,1.0,41.0,52,0,0
52,reflexion,3,1.0,42.0,53,0,0
53,reflexion,3,1.0,43.0,54,0,0
54,reflexion,3,1.0,44.0,55,0,0
55,reflexion,3,1.0,45.0,56,0,0
56,reflexion,3,1.0,46.0,57,0,0
57,reflexion,3,1.0,47.0,58,0,0
58,reflexion,3,1.0,48.0,59,0,0
59,reflexion,3,1.0,49.0,60,0,0
60,reflexion,3,1.0,50.0,61,0,0
61,reflexion,3,1.0,51.0,62,0,0
62,reflexion,3,1.0,52.0,63,0,0
63,reflexion,3,1.0,53.0,64,0,0
64,reflexion,3,1.0,54.0,65,0,0
65,reflexion,3,1.0,55.0,66,0,0
66,reflexion,3,1.0,56.0,67,0,0
67,reflexion,3,1.0,57.0,68,0,0
68,reflexion,3,1.0,58.0,69,0,0
69,reflexion,3,1.0,59.0,70,0,0
70,reflexion,3,1.0,60.0,71,0,0
71,reflexion,3,1.0,61.0,72,0,0
72,reflexion,3,1.0,62.0,73,0,0
73,reflexion,3,1.0,63.0,74,0,0
74,reflexion,3,1.0,64.0,75,0,0
75,reflexion,3,1.0,65.0,76,0,0
76,reflexion,3,1.0,66.0,77,0,0
77,reflexion,3,1.0,67.0,78,0,0
78,reflexion,3,1.0,68.0,79,0,0
79,reflexion,3,1.0,69.0,80,0,0
80,reflexion,3,1.0,70.0,81,0,0
81,reflexion,3,1.0,71.0,82,0,0
82,reflexion,3,1.0,72.0,83,0,0
83,reflexion,3,1.0,73.0,84,0,0
84,reflexion,3,1.0,74.0,85,0,0
85,reflexion,3,1.0,75.0,86,0,0
86,reflexion,3,1.0,76.0,87,0,0
87,reflexion,3,1.0,77.0,88,0,0
88,reflexion,3,1.0,78.0,89,0,0
89,reflexion,3,1.0,79.0,90,0,0
90,reflexion,3,1.0,80.0,91,0,0
91,reflexion,3,1.0,81.0,92,0,0
92,reflexion,3,0.0,81.0,93,0,0
93,reflexion,3,1.0,82.0,94,0,0
94,reflexion,3,1.0,83.0,95,0,0
95,reflexion,3,0.0,83.0,96,0,0
96,reflexion,3,1.0,84.0,97,0,0
97,reflexion,3,1.0,85.0,98,0,0
98,reflexion,3,1.0,86.0,99,0,0
99,reflexion,3,1.0,87.0,100,0,0
0,agile,3,0.0,0.0,1,0,0
1,agile,3,0.0,0.0,2,0,0
2,agile,3,1.0,1.0,3,0,0
3,agile,3,0.0,1.0,4,0,0
4,agile,3,1.0,2.0,5,0,0
5,agile,3,1.0,3.0,6,0,0
6,agile,3,1.0,4.0,7,0,0
7,agile,3,0.0,4.0,8,0,0
8,agile,3,0.0,4.0,9,0,0
9,agile,3,0.0,4.0,10,0,0
10,agile,3,1.0,5.0,11,0,0
11,agile,3,0.0,5.0,12,0,0
12,agile,3,0.0,5.0,13,0,0
13,agile,3,1.0,6.0,14,0,0
14,agile,3,0.0,6.0,15,0,0
15,agile,3,0.0,6.0,16,0,0
16,agile,3,0.0,6.0,17,0,0
17,agile,3,0.0,6.0,18,0,0
18,agile,3,0.0,6.0,19,0,0
19,agile,3,1.0,7.0,20,0,0
20,agile,3,0.0,7.0,21,0,0
21,agile,3,0.0,7.0,22,0,0
22,agile,3,1.0,8.0,23,0,0
23,agile,3,1.0,9.0,24,0,0
24,agile,3,0.0,9.0,25,0,0
25,agile,3,1.0,10.0,26,0,0
26,agile,3,0.0,10.0,27,0,0
27,agile,3,0.0,10.0,28,0,0
28,agile,3,0.0,10.0,29,0,0
29,agile,3,1.0,11.0,30,0,0
30,agile,3,1.0,12.0,31,0,0
31,agile,3,1.0,13.0,32,0,0
32,agile,3,0.0,13.0,33,0,0
33,agile,3,1.0,14.0,34,0,0
34,agile,3,1.0,15.0,35,0,0
35,agile,3,1.0,16.0,36,0,0
36,agile,3,1.0,17.0,37,0,0
37,agile,3,1.0,18.0,38,0,0
38,agile,3,1.0,19.0,39,0,0
39,agile,3,1.0,20.0,40,0,0
40,agile,3,1.0,21.0,41,0,0
41,agile,3,1.0,22.0,42,0,0
42,agile,3,1.0,23.0,43,0,0
43,agile,3,1.0,24.0,44,0,0
44,agile,3,0.0,24.0,45,0,0
45,agile,3,0.0,24.0,46,0,0
46,agile,3,0.0,24.0,47,0,0
47,agile,3,1.0,25.0,48,0,0
48,agile,3,1.0,26.0,49,0,0
49,agile,3,1.0,27.0,50,0,0
50,agile,3,1.0,28.0,51,0,0
51,agile,3,1.0,29.0,52,0,0
52,agile,3,1.0,30.0,53,0,0
53,agile,3,0.0,30.0,54,0,0
54,agile,3,1.0,31.0,55,0,0
55,agile,3,0.0,31.0,56,0,0
56,agile,3,1.0,32.0,57,0,0
57,agile,3,1.0,33.0,58,0,0
58,agile,3,1.0,34.0,59,0,0
59,agile,3,1.0,35.0,60,0,0
60,agile,3,1.0,36.0,61,0,0
61,agile,3,1.0,37.0,62,0,0
62,agile,3,0.0,37.0,63,0,0
63,agile,3,1.0,38.0,64,0,0
64,agile,3,1.0,39.0,65,0,0
65,agile,3,1.0,40.0,66,0,0
66,agile,3,1.0,41.0,67,0,0
67,agile,3,1.0,42.0,68,0,0
68,agile,3,1.0,43.0,69,0,0
69,agile,3,1.0,44.0,70,0,0
70,agile,3,1.0,45.0,71,0,0
71,agile,3,1.0,46.0,72,0,0
72,agile,3,0.0,46.0,73,0,0
73,agile,3,1.0,47.0,74,0,0
74,agile,3,1.0,48.0,75,0,0
75,agile,3,0.0,48.0,76,0,0
76,agile,3,1.0,49.0,77,0,0
77,agile,3,1.0,50.0,78,0,0
78,agile,3,1.0,51.0,79,0,0
79,agile,3,1.0,52.0,80,0,0
80,agile,3,0.0,52.0,81,0,0
81,agile,3,0.0,52.0,82,0,0
82,agile,3,0.0,52.0,83,0,0
83,agile,3,1.0,53.0,84,0,0
84,agile,3,1.0,54.0,85,0,0
85,agile,3,1.0,55.0,86,0,0
86,agile,3,1.0,56.0,87,0,0
87,agile,3,0.0,56.0,88,0,0
88,agile,3,0.0,56.0,89,0,0
89,agile,3,0.0,56.0,90,0,0
90,agile,3,1.0,57.0,91,0,0
91,agile,3,1.0,58.0,92,0,0
92,agile,3,1.0,59.0,93,0,0
93,agile,3,1.0,60.0,94,0,0
94,agile,3,1.0,61.0,95,0,0
95,agile,3,1.0,62.0,96,0,0
96,agile,3,0.0,62.0,97,0,0
97,agile,3,1.0,63.0,98,0,0
98,agile,3,0.0,63.0,99,0,0
99,agile,3,1.0,64.0,100,0,0
0,heuristic,3,1.0,1.0,1,0,0
1,heuristic,3,0.0,1.0,2,0,0
2,heuristic,3,1.0,2.0,3,0,0
3,heuristic,3,1.0,3.0,4,0,0
4,heuristic,3,1.0,4.0,5,0,0
5,heuristic,3,0.0,4.0,6,0,0
6,heuristic,3,0.0,4.0,7,0,0
7,heuristic,3,1.0,5.0,8,0,0
8,heuristic,3,1.0,6.0,9,0,0
9,heuristic,3,1.0,7.0,10,0,0
10,heuristic,3,1.0,8.0,11,0,0
11,heuristic,3,0.0,8.0,12,0,0
12,heuristic,3,0.0,8.0,13,0,0
13,heuristic,3,1.0,9.0,14,0,0
14,heuristic,3,1.0,10.0,15,0,0
15,heuristic,3,0.0,10.0,16,0,0
16,heuristic,3,1.0,11.0,17,0,0
17,heuristic,3,0.0,11.0,18,0,0
18,heuristic,3,0.0,11.0,19,0,0
19,heuristic,3,1.0,12.0,20,0,0
20,heuristic,3,1.0,13.0,21,0,0
21,heuristic,3,1.0,14.0,22,0,0
22,heuristic,3,1.0,15.0,23,0,0
23,heuristic,3,0.0,15.0,24,0,0
24,heuristic,3,1.0,16.0,25,0,0
25,heuristic,3,1.0,17.0,26,0,0
26,heuristic,3,1.0,18.0,27,0,0
27,heuristic,3,0.0,18.0,28,0,0
28,heuristic,3,1.0,19.0,29,0,0
29,heuristic,3,1.0,20.0,30,0,0
30,heuristic,3,1.0,21.0,31,0,0
31,heuristic,3,0.0,21.0,32,0,0
32,heuristic,3,1.0,22.0,33,0,0
33,heuristic,3,1.0,23.0,34,0,0
34,heuristic,3,0.0,23.0,35,0,0
35,heuristic,3,0.0,23.0,36,0,0
36,heuristic,3,1.0,24.0,37,0,0
37,heuristic,3,1.0,25.0,38,0,0
38,heuristic,3,1.0,26.0,39,0,0
39,heuristic,3,1.0,27.0,40,0,0
40,heuristic,3,0.0,27.0,41,0,0
41,heuristic,3,1.0,28.0,42,0,0
42,heuristic,3,1.0,29.0,43,0,0
43,heuristic,3,1.0,30.0,44,0,0
44,heuristic,3,1.0,31.0,45,0,0
45,heuristic,3,1.0,32.0,46,0,0
46,heuristic,3,0.0,32.0,47,0,0
47,heuristic,3,1.0,33.0,48,0,0
48,heuristic,3,1.0,34.0,49,0,0
49,heuristic,3,1.0,35.0,50,0,0
50,heuristic,3,1.0,36.0,51,0,0
51,heuristic,3,1.0,37.0,52,0,0
52,heuristic,3,1.0,38.0,53,0,0
53,heuristic,3,1.0,39.0,54,0,0
54,heuristic,3,1.0,40.0,55,0,0
55,heuristic,3,1.0,41.0,56,0,0
56,heuristic,3,1.0,42.0,57,0,0
57,heuristic,3,1.0,43.0,58,0,0
58,heuristic,3,1.0,44.0,59,0,0
59,heuristic,3,0.0,44.0,60,0,0
60,heuristic,3,1.0,45.0,61,0,0
61,heuristic,3,1.0,46.0,62,0,0
62,heuristic,3,0.0,46.0,63,0,0
63,heuristic,3,1.0,47.0,64,0,0
64,heuristic,3,0.0,47.0,65,0,0
65,heuristic,3,0.0,47.0,66,0,0
66,heuristic,3,1.0,48.0,67,0,0
67,heuristic,3,1.0,49.0,68,0,0
68,heuristic,3,1.0,50.0,69,0,0
69,heuristic,3,1.0,51.0,70,0,0
70,heuristic,3,1.0,52.0,71,0,0
71,heuristic,3,1.0,53.0,72,0,0
72,heuristic,3,1.0,54.0,73,0,0
73,heuristic,3,1.0,55.0,74,0,0
74,heuristic,3,0.0,55.0,75,0,0
75,heuristic,3,1.0,56.0,76,0,0
76,heuristic,3,1.0,57.0,77,0,0
77,heuristic,3,1.0,58.0,78,0,0
78,heuristic,3,0.0,58.0,79,0,0
79,heuristic,3,1.0,59.0,80,0,0
80,heuristic,3,1.0,60.0,81,0,0
81,heuristic,3,1.0,61.0,82,0,0
82,heuristic,3,1.0,62.0,83,0,0
83,heuristic,3,0.0,62.0,84,0,0
84,heuristic,3,1.0,63.0,85,0,0
85,heuristic,3,1.0,64.0,86,0,0
86,heuristic,3,1.0,65.0,87,0,0
87,heuristic,3,1.0,66.0,88,0,0
88,heuristic,3,1.0,67.0,89,0,0
89,heuristic,3,1.0,68.0,90,0,0
90,heuristic,3,1.0,69.0,91,0,0
91,heuristic,3,1.0,70.0,92,0,0
92,heuristic,3,1.0,71.0,93,0,0
93,heuristic,3,1.0,72.0,94,0,0
94,heuristic,3,1.0,73.0,95,0,0
95,heuristic,3,0.0,73.0,96,0,0
96,heuristic,3,1.0,74.0,97,0,0
97,heuristic,3,1.0,75.0,98,0,0
98,heuristic,3,1.0,76.0,99,0,0
99,heuristic,3,1.0,77.0,100,0,0
0,agemem,3,0.0,0.0,1,0,0
1,agemem,3,1.0,1.0,2,0,0
2,agemem,3,1.0,2.0,3,0,0
3,agemem,3,1.0,3.0,4,0,0
4,agemem,3,1.0,4.0,5,0,0
5,agemem,3,0.0,4.0,6,0,0
6,agemem,3,1.0,5.0,7,0,0
7,agemem,3,0.0,5.0,8,0,0
8,agemem,3,1.0,6.0,9,0,0
9,agemem,3,1.0,7.0,10,0,0
10,agemem,3,1.0,8.0,11,0,0
11,agemem,3,1.0,9.0,12,0,0
12,agemem,3,0.0,9.0,13,0,0
13,agemem,3,0.0,9.0,14,0,0
14,agemem,3,0.0,9.0,15,0,0
15,agemem,3,0.0,9.0,16,0,0
16,agemem,3,1.0,10.0,17,0,0
17,agemem,3,0.0,10.0,18,0,0
18,agemem,3,0.0,10.0,19,0,0
19,agemem,3,1.0,11.0,20,0,0
20,agemem,3,0.0,11.0,21,0,0
21,agemem,3,1.0,12.0,22,0,0
22,agemem,3,1.0,13.0,23,0,0
23,agemem,3,1.0,14.0,24,0,0
24,agemem,3,1.0,15.0,25,0,0
25,agemem,3,1.0,16.0,26,0,0
26,agemem,3,1.0,17.0,26,0,0
27,agemem,3,0.0,17.0,27,0,0
28,agemem,3,1.0,18.0,27,0,0
29,agemem,3,1.0,19.0,28,0,0
30,agemem,3,1.0,20.0,29,0,0
31,agemem,3,1.0,21.0,30,0,0
32,agemem,3,1.0,22.0,31,0,0
33,agemem,3,0.0,22.0,32,0,0
34,agemem,3,1.0,23.0,33,0,0
35,agemem,3,0.0,23.0,34,0,0
36,agemem,3,1.0,24.0,35,0,0
37,agemem,3,0.0,24.0,36,0,0
38,agemem,3,1.0,25.0,37,0,0
39,agemem,3,1.0,26.0,38,0,0
40,agemem,3,1.0,27.0,39,0,0
41,agemem,3,0.0,27.0,40,0,0
42,agemem,3,1.0,28.0,41,0,0
43,agemem,3,1.0,29.0,41,0,0
44,agemem,3,1.0,30.0,41,0,0
45,agemem,3,0.0,30.0,41,0,0
46,agemem,3,1.0,31.0,42,0,0
47,agemem,3,1.0,32.0,42,0,0
48,agemem,3,0.0,32.0,42,0,0
49,agemem,3,1.0,33.0,42,0,0
50,agemem,3,1.0,34.0,42,0,0
51,agemem,3,1.0,35.0,42,0,0
52,agemem,3,1.0,36.0,42,0,0
53,agemem,3,1.0,37.0,42,0,0
54,agemem,3,0.0,37.0,43,0,0
55,agemem,3,1.0,38.0,44,0,0
56,agemem,3,1.0,39.0,44,0,0
57,agemem,3,1.0,40.0,44,0,0
58,agemem,3,1.0,41.0,44,0,0
59,agemem,3,1.0,42.0,44,0,0
60,agemem,3,0.0,42.0,45,0,0
61,agemem,3,0.0,42.0,46,0,0
62,agemem,3,1.0,43.0,46,0,0
63,agemem,3,1.0,44.0,46,0,0
64,agemem,3,0.0,44.0,46,0,0
65,agemem,3,1.0,45.0,46,0,0
66,agemem,3,1.0,46.0,46,0,0
67,agemem,3,1.0,47.0,46,0,0
68,agemem,3,1.0,48.0,46,0,0
69,agemem,3,1.0,49.0,46,0,0
70,agemem,3,1.0,50.0,46,0,0
71,agemem,3,0.0,50.0,46,0,0
72,agemem,3,1.0,51.0,46,0,0
73,agemem,3,1.0,52.0,46,0,0
74,agemem,3,0.0,52.0,47,0,0
75,agemem,3,1.0,53.0,47,0,0
76,agemem,3,0.0,53.0,47,0,0
77,agemem,3,1.0,54.0,47,0,0
78,agemem,3,1.0,55.0,47,0,0
79,agemem,3,1.0,56.0,47,0,0
80,agemem,3,1.0,57.0,47,0,0
81,agemem,3,1.0,58.0,47,0,0
82,agemem,3,1.0,59.0,47,0,0
83,agemem,3,1.0,60.0,47,0,0
84,agemem,3,1.0,61.0,47,0,0
85,agemem,3,1.0,62.0,48,0,0
86,agemem,3,1.0,63.0,48,0,0
87,agemem,3,1.0,64.0,48,0,0
88,agemem,3,0.0,64.0,48,0,0
89,agemem,3,1.0,65.0,48,0,0
90,agemem,3,0.0,65.0,48,0,0
91,agemem,3,1.0,66.0,48,0,0
92,agemem,3,0.0,66.0,48,0,0
93,agemem,3,1.0,67.0,48,0,0
94,agemem,3,1.0,68.0,49,0,0
95,agemem,3,1.0,69.0,49,0,0
96,agemem,3,1.0,70.0,49,0,0
97,agemem,3,0.0,70.0,49,0,0
98,agemem,3,1.0,71.0,49,0,0
99,agemem,3,1.0,72.0,49,0,0
0,smtr_tci,3,1.0,1.0,1,1,0
1,smtr_tci,3,0.0,1.0,2,1,1
2,smtr_tci,3,1.0,2.0,3,2,1
3,smtr_tci,3,1.0,3.0,4,2,2
4,smtr_tci,3,0.0,3.0,5,3,2
5,smtr_tci,3,0.0,3.0,6,3,3
6,smtr_tci,3,1.0,4.0,7,3,4
7,smtr_tci,3,1.0,5.0,8,4,4
8,smtr_tci,3,0.0,5.0,9,4,5
9,smtr_tci,3,0.0,5.0,10,5,5
10,smtr_tci,3,1.0,6.0,11,6,5
11,smtr_tci,3,1.0,7.0,12,6,6
12,smtr_tci,3,1.0,8.0,13,6,7
13,smtr_tci,3,0.0,8.0,14,7,7
14,smtr_tci,3,0.0,8.0,15,7,8
15,smtr_tci,3,1.0,9.0,16,7,9
16,smtr_tci,3,1.0,10.0,17,8,9
17,smtr_tci,3,0.0,10.0,18,9,9
18,smtr_tci,3,0.0,10.0,19,10,9
19,smtr_tci,3,0.0,10.0,20,11,9
20,smtr_tci,3,1.0,11.0,21,12,9
21,smtr_tci,3,1.0,12.0,22,12,10
22,smtr_tci,3,1.0,13.0,23,12,11
23,smtr_tci,3,1.0,14.0,24,13,11
24,smtr_tci,3,1.0,15.0,25,12,13
25,smtr_tci,3,1.0,16.0,26,12,14
26,smtr_tci,3,1.0,17.0,27,13,14
27,smtr_tci,3,0.0,17.0,28,13,15
28,smtr_tci,3,1.0,18.0,29,14,15
29,smtr_tci,3,1.0,19.0,30,15,15
30,smtr_tci,3,1.0,20.0,31,16,15
31,smtr_tci,3,1.0,21.0,32,17,15
32,smtr_tci,3,1.0,22.0,33,18,15
33,smtr_tci,3,1.0,23.0,34,18,16
34,smtr_tci,3,1.0,24.0,35,19,16
35,smtr_tci,3,0.0,24.0,36,19,17
36,smtr_tci,3,1.0,25.0,37,20,17
37,smtr_tci,3,0.0,25.0,38,21,17
38,smtr_tci,3,1.0,26.0,39,22,17
39,smtr_tci,3,1.0,27.0,40,23,17
40,smtr_tci,3,1.0,28.0,41,22,19
41,smtr_tci,3,1.0,29.0,42,23,19
42,smtr_tci,3,0.0,29.0,43,24,19
43,smtr_tci,3,1.0,30.0,44,24,20
44,smtr_tci,3,1.0,31.0,45,24,21
45,smtr_tci,3,1.0,32.0,46,22,24
46,smtr_tci,3,1.0,33.0,47,23,24
47,smtr_tci,3,1.0,34.0,48,20,28
48,smtr_tci,3,1.0,35.0,49,20,29
49,smtr_tci,3,1.0,36.0,50,21,29
50,smtr_tci,3,1.0,37.0,51,22,29
51,smtr_tci,3,1.0,38.0,52,22,30
52,smtr_tci,3,1.0,39.0,53,21,32
53,smtr_tci,3,1.0,40.0,54,22,32
54,smtr_tci,3,0.0,40.0,55,23,32
55,smtr_tci,3,1.0,41.0,56,21,35
56,smtr_tci,3,1.0,42.0,57,22,35
57,smtr_tci,3,1.0,43.0,58,22,36
58,smtr_tci,3,1.0,44.0,59,20,39
59,smtr_tci,3,1.0,45.0,60,21,39
60,smtr_tci,3,1.0,46.0,61,21,40
61,smtr_tci,3,1.0,47.0,62,21,41
62,smtr_tci,3,1.0,48.0,63,22,41
63,smtr_tci,3,1.0,49.0,64,23,41
64,smtr_tci,3,1.0,50.0,65,23,42
65,smtr_tci,3,1.0,51.0,66,22,44
66,smtr_tci,3,1.0,52.0,67,22,45
67,smtr_tci,3,1.0,53.0,68,22,46
68,smtr_tci,3,1.0,54.0,69,23,46
69,smtr_tci,3,1.0,55.0,70,24,46
70,smtr_tci,3,1.0,56.0,71,24,47
71,smtr_tci,3,1.0,57.0,72,25,47
72,smtr_tci,3,1.0,58.0,73,25,48
73,smtr_tci,3,1.0,59.0,74,26,48
74,smtr_tci,3,1.0,60.0,75,27,48
75,smtr_tci,3,1.0,61.0,76,28,48
76,smtr_tci,3,1.0,62.0,77,29,48
77,smtr_tci,3,1.0,63.0,78,29,49
78,smtr_tci,3,1.0,64.0,79,30,49
79,smtr_tci,3,1.0,65.0,80,30,50
80,smtr_tci,3,1.0,66.0,81,30,51
81,smtr_tci,3,1.0,67.0,82,30,52
82,smtr_tci,3,1.0,68.0,83,31,52
83,smtr_tci,3,1.0,69.0,84,32,52
84,smtr_tci,3,1.0,70.0,85,33,52
85,smtr_tci,3,1.0,71.0,86,34,52
86,smtr_tci,3,1.0,72.0,87,35,52
87,smtr_tci,3,1.0,73.0,88,34,54
88,smtr_tci,3,1.0,74.0,89,34,55
89,smtr_tci,3,1.0,75.0,90,34,56
90,smtr_tci,3,1.0,76.0,91,34,57
91,smtr_tci,3,1.0,77.0,92,34,58
92,smtr_tci,3,1.0,78.0,93,35,58
93,smtr_tci,3,1.0,79.0,94,34,60
94,smtr_tci,3,1.0,80.0,95,35,60
95,smtr_tci,3,1.0,81.0,96,36,60
96,smtr_tci,3,1.0,82.0,97,36,61
97,smtr_tci,3,1.0,83.0,98,35,63
98,smtr_tci,3,1.0,84.0,99,33,66
99,smtr_tci,3,1.0,85.0,100,33,67
0,full_memory,4,1.0,1.0,1,0,0
1,full_memory,4,0.0,1.0,2,0,0
2,full_memory,4,1.0,2.0,3,0,0
3,full_memory,4,0.0,2.0,4,0,0
4,full_memory,4,0.0,2.0,5,0,0
5,full_memory,4,1.0,3.0,6,0,0
6,full_memory,4,0.0,3.0,7,0,0
7,full_memory,4,0.0,3.0,8,0,0
8,full_memory,4,1.0,4.0,9,0,0
9,full_memory,4,1.0,5.0,10,0,0
10,full_memory,4,1.0,6.0,11,0,0
11,full_memory,4,0.0,6.0,12,0,0
12,full_memory,4,1.0,7.0,13,0,0
13,full_memory,4,0.0,7.0,14,0,0
14,full_memory,4,1.0,8.0,15,0,0
15,full_memory,4,0.0,8.0,16,0,0
16,full_memory,4,0.0,8.0,17,0,0
17,full_memory,4,1.0,9.0,18,0,0
18,full_memory,4,1.0,10.0,19,0,0
19,full_memory,4,1.0,11.0,20,0,0
20,full_memory,4,0.0,11.0,21,0,0
21,full_memory,4,0.0,11.0,22,0,0
22,full_memory,4,1.0,12.0,23,0,0
23,full_memory,4,0.0,12.0,24,0,0
24,full_memory,4,0.0,12.0,25,0,0
25,full_memory,4,1.0,13.0,26,0,0
26,full_memory,4,1.0,14.0,27,0,0
27,full_memory,4,1.0,15.0,28,0,0
28,full_memory,4,0.0,15.0,29,0,0
29,full_memory,4,0.0,15.0,30,0,0
30,full_memory,4,1.0,16.0,31,0,0
31,full_memory,4,1.0,17.0,32,0,0
32,full_memory,4,1.0,18.0,33,0,0
33,full_memory,4,1.0,19.0,34,0,0
34,full_memory,4,1.0,20.0,35,0,0
35,full_memory,4,0.0,20.0,36,0,0
36,full_memory,4,1.0,21.0,37,0,0
37,full_memory,4,1.0,22.0,38,0,0
38,full_memory,4,1.0,23.0,39,0,0
39,full_memory,4,1.0,24.0,40,0,0
40,full_memory,4,1.0,25.0,41,0,0
41,full_memory,4,0.0,25.0,42,0,0
42,full_memory,4,1.0,26.0,43,0,0
43,full_memory,4,0.0,26.0,44,0,0
44,full_memory,4,1.0,27.0,45,0,0
45,full_memory,4,0.0,27.0,46,0,0
46,full_memory,4,0.0,27.0,47,0,0
47,full_memory,4,0.0,27.0,48,0,0
48,full_memory,4,1.0,28.0,49,0,0
49,full_memory,4,1.0,29.0,50,0,0
50,full_memory,4,1.0,30.0,51,0,0
51,full_memory,4,0.0,30.0,52,0,0
52,full_memory,4,1.0,31.0,53,0,0
53,full_memory,4,1.0,32.0,54,0,0
54,full_memory,4,1.0,33.0,55,0,0
55,full_memory,4,1.0,34.0,56,0,0
56,full_memory,4,1.0,35.0,57,0,0
57,full_memory,4,1.0,36.0,58,0,0
58,full_memory,4,1.0,37.0,59,0,0
59,full_memory,4,0.0,37.0,60,0,0
60,full_memory,4,1.0,38.0,61,0,0
61,full_memory,4,1.0,39.0,62,0,0
62,full_memory,4,1.0,40.0,63,0,0
63,full_memory,4,1.0,41.0,64,0,0
64,full_memory,4,1.0,42.0,65,0,0
65,full_memory,4,1.0,43.0,66,0,0
66,full_memory,4,0.0,43.0,67,0,0
67,full_memory,4,1.0,44.0,68,0,0
68,full_memory,4,0.0,44.0,69,0,0
69,full_memory,4,1.0,45.0,70,0,0
70,full_memory,4,0.0,45.0,71,0,0
71,full_memory,4,1.0,46.0,72,0,0
72,full_memory,4,1.0,47.0,73,0,0
73,full_memory,4,1.0,48.0,74,0,0
74,full_memory,4,1.0,49.0,75,0,0
75,full_memory,4,1.0,50.0,76,0,0
76,full_memory,4,0.0,50.0,77,0,0
77,full_memory,4,1.0,51.0,78,0,0
78,full_memory,4,1.0,52.0,79,0,0
79,full_memory,4,1.0,53.0,80,0,0
80,full_memory,4,0.0,53.0,81,0,0
81,full_memory,4,0.0,53.0,82,0,0
82,full_memory,4,1.0,54.0,83,0,0
83,full_memory,4,0.0,54.0,84,0,0
84,full_memory,4,1.0,55.0,85,0,0
85,full_memory,4,1.0,56.0,86,0,0
86,full_memory,4,1.0,57.0,87,0,0
87,full_memory,4,1.0,58.0,88,0,0
88,full_memory,4,1.0,59.0,89,0,0
89,full_memory,4,1.0,60.0,90,0,0
90,full_memory,4,1.0,61.0,91,0,0
91,full_memory,4,1.0,62.0,92,0,0
92,full_memory,4,1.0,63.0,93,0,0
93,full_memory,4,1.0,64.0,94,0,0
94,full_memory,4,1.0,65.0,95,0,0
95,full_memory,4,1.0,66.0,96,0,0
96,full_memory,4,1.0,67.0,97,0,0
97,full_memory,4,1.0,68.0,98,0,0
98,full_memory,4,1.0,69.0,99,0,0
99,full_memory,4,1.0,70.0,100,0,0
0,retrieval,4,0.0,0.0,1,0,0
1,retrieval,4,0.0,0.0,2,0,0
2,retrieval,4,0.0,0.0,3,0,0
3,retrieval,4,1.0,1.0,4,0,0
4,retrieval,4,0.0,1.0,5,0,0
5,retrieval,4,1.0,2.0,6,0,0
6,retrieval,4,1.0,3.0,7,0,0
7,retrieval,4,1.0,4.0,8,0,0
8,retrieval,4,0.0,4.0,9,0,0
9,retrieval,4,1.0,5.0,10,0,0
10,retrieval,4,1.0,6.0,11,0,0
11,retrieval,4,0.0,6.0,12,0,0
12,retrieval,4,1.0,7.0,13,0,0
13,retrieval,4,1.0,8.0,14,0,0
14,retrieval,4,1.0,9.0,15,0,0
15,retrieval,4,1.0,10.0,16,0,0
16,retrieval,4,1.0,11.0,17,0,0
17,retrieval,4,1.0,12.0,18,0,0
18,retrieval,4,1.0,13.0,19,0,0
19,retrieval,4,1.0,14.0,20,0,0
20,retrieval,4,0.0,14.0,21,0,0
21,retrieval,4,1.0,15.0,22,0,0
22,retrieval,4,1.0,16.0,23,0,0
23,retrieval,4,1.0,17.0,24,0,0
24,retrieval,4,1.0,18.0,25,0,0
25,retrieval,4,1.0,19.0,26,0,0
26,retrieval,4,1.0,20.0,27,0,0
27,retrieval,4,1.0,21.0,28,0,0
28,retrieval,4,1.0,22.0,29,0,0
29,retrieval,4,1.0,23.0,30,0,0
30,retrieval,4,1.0,24.0,31,0,0
31,retrieval,4,1.0,25.0,32,0,0
32,retrieval,4,0.0,25.0,33,0,0
33,retrieval,4,1.0,26.0,34,0,0
34,retrieval,4,1.0,27.0,35,0,0
35,retrieval,4,0.0,27.0,36,0,0
36,retrieval,4,0.0,27.0,37,0,0
37,retrieval,4,0.0,27.0,38,0,0
38,retrieval,4,1.0,28.0,39,0,0
39,retrieval,4,0.0,28.0,40,0,0
40,retrieval,4,1.0,29.0,41,0,0
41,retrieval,4,1.0,30.0,42,0,0
42,retrieval,4,1.0,31.0,43,0,0
43,retrieval,4,1.0,32.0,44,0,0
44,retrieval,4,0.0,32.0,45,0,0
45,retrieval,4,1.0,33.0,46,0,0
46,retrieval,4,1.0,34.0,47,0,0
47,retrieval,4,0.0,34.0,48,0,0
48,retrieval,4,1.0,35.0,49,0,0
49,retrieval,4,1.0,36.0,50,0,0
50,retrieval,4,1.0,37.0,51,0,0
51,retrieval,4,0.0,37.0,52,0,0
52,retrieval,4,1.0,38.0,53,0,0
53,retrieval,4,1.0,39.0,54,0,0
54,retrieval,4,1.0,40.0,55,0,0
55,retrieval,4,1.0,41.0,56,0,0
56,retrieval,4,1.0,42.0,57,0,0
57,retrieval,4,1.0,43.0,58,0,0
58,retrieval,4,1.0,44.0,59,0,0
59,retrieval,4,1.0,45.0,60,0,0
60,retrieval,4,1.0,46.0,61,0,0
61,retrieval,4,1.0,47.0,62,0,0
62,retrieval,4,1.0,48.0,63,0,0
63,retrieval,4,1.0,49.0,64,0,0
64,retrieval,4,0.0,49.0,65,0,0
65,retrieval,4,1.0,50.0,66,0,0
66,retrieval,4,1.0,51.0,67,0,0
67,retrieval,4,1.0,52.0,68,0,0
68,retrieval,4,0.0,52.0,69,0,0
69,retrieval,4,1.0,53.0,70,0,0
70,retrieval,4,1.0,54.0,71,0,0
71,retrieval,4,1.0,55.0,72,0,0
72,retrieval,4,1.0,56.0,73,0,0
73,retrieval,4,1.0,57.0,74,0,0
74,retrieval,4,1.0,58.0,75,0,0
75,retrieval,4,1.0,59.0,76,0,0
76,retrieval,4,1.0,60.0,77,0,0
77,retrieval,4,1.0,61.0,78,0,0
78,retrieval,4,1.0,62.0,79,0,0
79,retrieval,4,1.0,63.0,80,0,0
80,retrieval,4,1.0,64.0,81,0,0
81,retrieval,4,1.0,65.0,82,0,0
82,retrieval,4,1.0,66.0,83,0,0
83,retrieval,4,1.0,67.0,84,0,0
84,retrieval,4,1.0,68.0,85,0,0
85,retrieval,4,1.0,69.0,86,0,0
86,retrieval,4,0.0,69.0,87,0,0
87,retrieval,4,0.0,69.0,88,0,0
88,retrieval,4,1.0,70.0,89,0,0
89,retrieval,4,1.0,71.0,90,0,0
90,retrieval,4,1.0,72.0,91,0,0
91,retrieval,4,1.0,73.0,92,0,0
92,retrieval,4,1.0,74.0,93,0,0
93,retrieval,4,1.0,75.0,94,0,0
94,retrieval,4,1.0,76.0,95,0,0
95,retrieval,4,1.0,77.0,96,0,0
96,retrieval,4,1.0,78.0,97,0,0
97,retrieval,4,1.0,79.0,98,0,0
98,retrieval,4,1.0,80.0,99,0,0
99,retrieval,4,1.0,81.0,100,0,0
0,reflexion,4,0.0,0.0,1,0,0
1,reflexion,4,1.0,1.0,2,0,0
2,reflexion,4,0.0,1.0,3,0,0
3,reflexion,4,0.0,1.0,4,0,0
4,reflexion,4,0.0,1.0,5,0,0
5,reflexion,4,1.0,2.0,6,0,0
6,reflexion,4,0.0,2.0,7,0,0
7,reflexion,4,0.0,2.0,8,0,0
8,reflexion,4,1.0,3.0,9,0,0
9,reflexion,4,1.0,4.0,10,0,0
10,reflexion,4,0.0,4.0,11,0,0
11,reflexion,4,0.0,4.0,12,0,0
12,reflexion,4,1.0,5.0,13,0,0
13,reflexion,4,1.0,6.0,14,0,0
14,reflexion,4,0.0,6.0,15,0,0
15,reflexion,4,0.0,6.0,16,0,0
16,reflexion,4,0.0,6.0,17,0,0
17,reflexion,4,0.0,6.0,18,0,0
18,reflexion,4,1.0,7.0,19,0,0
19,reflexion,4,1.0,8.0,20,0,0
20,reflexion,4,0.0,8.0,21,0,0
21,reflexion,4,1.0,9.0,22,0,0
22,reflexion,4,0.0,9.0,23,0,0
23,reflexion,4,1.0,10.0,24,0,0
24,reflexion,4,0.0,10.0,25,0,0
25,reflexion,4,1.0,11.0,26,0,0
26,reflexion,4,1.0,12.0,27,0,0
27,reflexion,4,1.0,13.0,28,0,0
28,reflexion,4,1.0,14.0,29,0,0
29,reflexion,4,0.0,14.0,30,0,0
30,reflexion,4,1.0,15.0,31,0,0
31,reflexion,4,1.0,16.0,32,0,0
32,reflexion,4,1.0,17.0,33,0,0
33,reflexion,4,1.0,18.0,34,0,0
34,reflexion,4,0.0,18.0,35,0,0
35,reflexion,4,1.0,19.0,36,0,0
36,reflexion,4,1.0,20.0,37,0,0
37,reflexion,4,1.0,21.0,38,0,0
38,reflexion,4,1.0,22.0,39,0,0
39,reflexion,4,1.0,23.0,40,0,0
40,reflexion,4,0.0,23.0,41,0,0
41,reflexion,4,1.0,24.0,42,0,0
42,reflexion,4,1.0,25.0,43,0,0
43,reflexion,4,1.0,26.0,44,0,0
44,reflexion,4,1.0,27.0,45,0,0
45,reflexion,4,1.0,28.0,46,0,0
46,reflexion,4,1.0,29.0,47,0,0
47,reflexion,4,0.0,29.0,48,0,0
48,reflexion,4,1.0,30.0,49,0,0
49,reflexion,4,0.0,30.0,50,0,0
50,reflexion,4,1.0,31.0,51,0,0
51,reflexion,4,1.0,32.0,52,0,0
52,reflexion,4,1.0,33.0,53,0,0
53,reflexion,4,1.0,34.0,54,0,0
54,reflexion,4,1.0,35.0,55,0,0
55,reflexion,4,1.0,36.0,56,0,0
56,reflexion,4,1.0,37.0,57,0,0
57,reflexion,4,1.0,38.0,58,0,0
58,reflexion,4,1.0,39.0,59,0,0
59,reflexion,4,1.0,40.0,60,0,0
60,reflexion,4,1.0,41.0,61,0,0
61,reflexion,4,0.0,41.0,62,0,0
62,reflexion,4,1.0,42.0,63,0,0
63,reflexion,4,1.0,43.0,64,0,0
64,reflexion,4,1.0,44.0,65,0,0
65,reflexion,4,1.0,45.0,66,0,0
66,reflexion,4,1.0,46.0,67,0,0
67,reflexion,4,1.0,47.0,68,0,0
68,reflexion,4,1.0,48.0,69,0,0
69,reflexion,4,1.0,49.0,70,0,0
70,reflexion,4,1.0,50.0,71,0,0
71,reflexion,4,1.0,51.0,72,0,0
72,reflexion,4,1.0,52.0,73,0,0
73,reflexion,4,1.0,53.0,74,0,0
74,reflexion,4,1.0,54.0,75,0,0
75,reflexion,4,1.0,55.0,76,0,0
76,reflexion,4,1.0,56.0,77,0,0
77,reflexion,4,1.0,57.0,78,0,0
78,reflexion,4,1.0,58.0,79,0,0
79,reflexion,4,1.0,59.0,80,0,0
80,reflexion,4,1.0,60.0,81,0,0
81,reflexion,4,1.0,61.0,82,0,0
82,reflexion,4,1.0,62.0,83,0,0
83,reflexion,4,1.0,63.0,84,0,0
84,reflexion,4,1.0,64.0,85,0,0
85,reflexion,4,0.0,64.0,86,0,0
86,reflexion,4,1.0,65.0,87,0,0
87,reflexion,4,1.0,66.0,88,0,0
88,reflexion,4,1.0,67.0,89,0,0
89,reflexion,4,1.0,68.0,90,0,0
90,reflexion,4,0.0,68.0,91,0,0
91,reflexion,4,1.0,69.0,92,0,0
92,reflexion,4,1.0,70.0,93,0,0
93,reflexion,4,1.0,71.0,94,0,0
94,reflexion,4,1.0,72.0,95,0,0
95,reflexion,4,1.0,73.0,96,0,0
96,reflexion,4,1.0,74.0,97,0,0
97,reflexion,4,1.0,75.0,98,0,0
98,reflexion,4,1.0,76.0,99,0,0
99,reflexion,4,1.0,77.0,100,0,0
0,agile,4,0.0,0.0,1,0,0
1,agile,4,0.0,0.0,2,0,0
2,agile,4,0.0,0.0,3,0,0
3,agile,4,0.0,0.0,4,0,0
4,agile,4,1.0,1.0,5,0,0
5,agile,4,0.0,1.0,6,0,0
6,agile,4,0.0,1.0,7,0,0
7,agile,4,0.0,1.0,8,0,0
8,agile,4,1.0,2.0,9,0,0
9,agile,4,1.0,3.0,10,0,0
10,agile,4,1.0,4.0,11,0,0
11,agile,4,1.0,5.0,12,0,0
12,agile,4,1.0,6.0,13,0,0
13,agile,4,1.0,7.0,14,0,0
14,agile,4,1.0,8.0,15,0,0
15,agile,4,0.0,8.0,16,0,0
16,agile,4,1.0,9.0,17,0,0
17,agile,4,1.0,10.0,18,0,0
18,agile,4,0.0,10.0,19,0,0
19,agile,4,1.0,11.0,20,0,0
20,agile,4,0.0,11.0,21,0,0
21,agile,4,1.0,12.0,22,0,0
22,agile,4,0.0,12.0,23,0,0
23,agile,4,0.0,12.0,24,0,0
24,agile,4,0.0,12.0,25,0,0
25,agile,4,1.0,13.0,26,0,0
26,agile,4,1.0,14.0,27,0,0
27,agile,4,1.0,15.0,28,0,0
28,agile,4,1.0,16.0,29,0,0
29,agile,4,1.0,17.0,30,0,0
30,agile,4,0.0,17.0,31,0,0
31,agile,4,1.0,18.0,32,0,0
32,agile,4,0.0,18.0,33,0,0
33,agile,4,1.0,19.0,34,0,0
34,agile,4,1.0,20.0,35,0,0
35,agile,4,1.0,21.0,36,0,0
36,agile,4,0.0,21.0,37,0,0
37,agile,4,1.0,22.0,38,0,0
38,agile,4,1.0,23.0,39,0,0
39,agile,4,1.0,24.0,40,0,0
40,agile,4,1.0,25.0,41,0,0
41,agile,4,1.0,26.0,42,0,0
42,agile,4,1.0,27.0,43,0,0
43,agile,4,1.0,28.0,44,0,0
44,agile,4,0.0,28.0,45,0,0
45,agile,4,1.0,29.0,46,0,0
46,agile,4,1.0,30.0,47,0,0
47,agile,4,1.0,31.0,48,0,0
48,agile,4,0.0,31.0,49,0,0
49,agile,4,1.0,32.0,50,0,0
50,agile,4,0.0,32.0,51,0,0
51,agile,4,1.0,33.0,52,0,0
52,agile,4,1.0,34.0,53,0,0
53,agile,4,1.0,35.0,54,0,0
54,agile,4,1.0,36.0,55,0,0
55,agile,4,1.0,37.0,56,0,0
56,agile,4,1.0,38.0,57,0,0
57,agile,4,1.0,39.0,58,0,0
58,agile,4,1.0,40.0,59,0,0
59,agile,4,1.0,41.0,60,0,0
60,agile,4,1.0,42.0,61,0,0
61,agile,4,1.0,43.0,62,0,0
62,agile,4,1.0,44.0,63,0,0
63,agile,4,1.0,45.0,64,0,0
64,agile,4,0.0,45.0,65,0,0
65,agile,4,1.0,46.0,66,0,0
66,agile,4,0.0,46.0,67,0,0
67,agile,4,1.0,47.0,68,0,0
68,agile,4,1.0,48.0,69,0,0
69,agile,4,1.0,49.0,70,0,0
70,agile,4,1.0,50.0,71,0,0
71,agile,4,1.0,51.0,72,0,0
72,agile,4,1.0,52.0,73,0,0
73,agile,4,1.0,53.0,74,0,0
74,agile,4,0.0,53.0,75,0,0
75,agile,4,1.0,54.0,76,0,0
76,agile,4,1.0,55.0,77,0,0
77,agile,4,1.0,56.0,78,0,0
78,agile,4,1.0,57.0,79,0,0
79,agile,4,1.0,58.0,80,0,0
80,agile,4,1.0,59.0,81,0,0
81,agile,4,1.0,60.0,82,0,0
82,agile,4,1.0,61.0,83,0,0
83,agile,4,1.0,62.0,84,0,0
84,agile,4,1.0,63.0,85,0,0
85,agile,4,1.0,64.0,86,0,0
86,agile,4,0.0,64.0,87,0,0
87,agile,4,1.0,65.0,88,0,0
88,agile,4,1.0,66.0,89,0,0
89,agile,4,1.0,67.0,90,0,0
90,agile,4,1.0,68.0,91,0,0
91,agile,4,0.0,68.0,92,0,0
92,agile,4,1.0,69.0,93,0,0
93,agile,4,1.0,70.0,94,0,0
94,agile,4,1.0,71.0,95,0,0
95,agile,4,1.0,72.0,96,0,0
96,agile,4,1.0,73.0,97,0,0
97,agile,4,1.0,74.0,98,0,0
98,agile,4,0.0,74.0,99,0,0
99,agile,4,1.0,75.0,100,0,0
0,heuristic,4,0.0,0.0,1,0,0
1,heuristic,4,0.0,0.0,2,0,0
2,heuristic,4,1.0,1.0,3,0,0
3,heuristic,4,0.0,1.0,4,0,0
4,heuristic,4,0.0,1.0,5,0,0
5,heuristic,4,1.0,2.0,6,0,0
6,heuristic,4,0.0,2.0,7,0,0
7,heuristic,4,0.0,2.0,8,0,0
8,heuristic,4,1.0,3.0,9,0,0
9,heuristic,4,1.0,4.0,10,0,0
10,heuristic,4,1.0,5.0,11,0,0
11,heuristic,4,0.0,5.0,12,0,0
12,heuristic,4,1.0,6.0,13,0,0
13,heuristic,4,0.0,6.0,14,0,0
14,heuristic,4,1.0,7.0,15,0,0
15,heuristic,4,1.0,8.0,16,0,0
16,heuristic,4,1.0,9.0,17,0,0
17,heuristic,4,1.0,10.0,18,0,0
18,heuristic,4,0.0,10.0,19,0,0
19,heuristic,4,1.0,11.0,20,0,0
20,heuristic,4,0.0,11.0,21,0,0
21,heuristic,4,1.0,12.0,22,0,0
22,heuristic,4,0.0,12.0,23,0,0
23,heuristic,4,1.0,13.0,24,0,0
24,heuristic,4,1.0,14.0,25,0,0
25,heuristic,4,1.0,15.0,26,0,0
26,heuristic,4,1.0,16.0,27,0,0
27,heuristic,4,1.0,17.0,28,0,0
28,heuristic,4,1.0,18.0,29,0,0
29,heuristic,4,1.0,19.0,30,0,0
30,heuristic,4,1.0,20.0,31,0,0
31,heuristic,4,1.0,21.0,32,0,0
32,heuristic,4,1.0,22.0,33,0,0
33,heuristic,4,1.0,23.0,34,0,0
34,heuristic,4,0.0,23.0,35,0,0
35,heuristic,4,1.0,24.0,36,0,0
36,heuristic,4,0.0,24.0,37,0,0
37,heuristic,4,1.0,25.0,38,0,0
38,heuristic,4,1.0,26.0,39,0,0
39,heuristic,4,1.0,27.0,40,0,0
40,heuristic,4,1.0,28.0,41,0,0
41,heuristic,4,0.0,28.0,42,0,0
42,heuristic,4,1.0,29.0,43,0,0
43,heuristic,4,1.0,30.0,44,0,0
44,heuristic,4,1.0,31.0,45,0,0
45,heuristic,4,1.0,32.0,46,0,0
46,heuristic,4,0.0,32.0,47,0,0
47,heuristic,4,1.0,33.0,48,0,0
48,heuristic,4,1.0,34.0,49,0,0
49,heuristic,4,1.0,35.0,50,0,0
50,heuristic,4,1.0,36.0,51,0,0
51,heuristic,4,1.0,37.0,52,0,0
52,heuristic,4,0.0,37.0,53,0,0
53,heuristic,4,1.0,38.0,54,0,0
54,heuristic,4,1.0,39.0,55,0,0
55,heuristic,4,1.0,40.0,56,0,0
56,heuristic,4,1.0,41.0,57,0,0
57,heuristic,4,1.0,42.0,58,0,0
58,heuristic,4,1.0,43.0,59,0,0
59,heuristic,4,1.0,44.0,60,0,0
60,heuristic,4,1.0,45.0,61,0,0
61,heuristic,4,0.0,45.0,62,0,0
62,heuristic,4,1.0,46.0,63,0,0
63,heuristic,4,0.0,46.0,64,0,0
64,heuristic,4,1.0,47.0,65,0,0
65,heuristic,4,1.0,48.0,66,0,0
66,heuristic,4,1.0,49.0,67,0,0
67,heuristic,4,1.0,50.0,68,0,0
68,heuristic,4,1.0,51.0,69,0,0
69,heuristic,4,1.0,52.0,70,0,0
70,heuristic,4,1.0,53.0,71,0,0
71,heuristic,4,0.0,53.0,72,0,0
72,heuristic,4,1.0,54.0,73,0,0
73,heuristic,4,1.0,55.0,74,0,0
74,heuristic,4,1.0,56.0,75,0,0
75,heuristic,4,1.0,57.0,76,0,0
76,heuristic,4,1.0,58.0,77,0,0
77,heuristic,4,0.0,58.0,78,0,0
78,heuristic,4,1.0,59.0,79,0,0
79,heuristic,4,0.0,59.0,80,0,0
80,heuristic,4,1.0,60.0,81,0,0
81,heuristic,4,1.0,61.0,82,0,0
82,heuristic,4,1.0,62.0,83,0,0
83,heuristic,4,0.0,62.0,84,0,0
84,heuristic,4,1.0,63.0,85,0,0
85,heuristic,4,1.0,64.0,86,0,0
86,heuristic,4,0.0,64.0,87,0,0
87,heuristic,4,1.0,65.0,88,0,0
88,heuristic,4,1.0,66.0,89,0,0
89,heuristic,4,1.0,67.0,90,0,0
90,heuristic,4,1.0,68.0,91,0,0
91,heuristic,4,1.0,69.0,92,0,0
92,heuristic,4,1.0,70.0,93,0,0
93,heuristic,4,1.0,71.0,94,0,0
94,heuristic,4,1.0,72.0,95,0,0
95,heuristic,4,1.0,73.0,96,0,0
96,heuristic,4,1.0,74.0,97,0,0
97,heuristic,4,0.0,74.0,98,0,0
98,heuristic,4,1.0,75.0,99,0,0
99,heuristic,4,1.0,76.0,100,0,0
0,agemem,4,0.0,0.0,1,0,0
1,agemem,4,0.0,0.0,2,0,0
2,agemem,4,1.0,1.0,3,0,0
3,agemem,4,0.0,1.0,4,0,0
4,agemem,4,1.0,2.0,5,0,0
5,agemem,4,0.0,2.0,6,0,0
6,agemem,4,0.0,2.0,7,0,0
7,agemem,4,0.0,2.0,8,0,0
8,agemem,4,1.0,3.0,9,0,0
9,agemem,4,1.0,4.0,10,0,0
10,agemem,4,0.0,4.0,11,0,0
11,agemem,4,1.0,5.0,12,0,0
12,agemem,4,1.0,6.0,13,0,0
13,agemem,4,1.0,7.0,14,0,0
14,agemem,4,1.0,8.0,15,0,0
15,agemem,4,1.0,9.0,16,0,0
16,agemem,4,1.0,10.0,17,0,0
17,agemem,4,1.0,11.0,18,0,0
18,agemem,4,1.0,12.0,19,0,0
19,agemem,4,0.0,12.0,19,0,0
20,agemem,4,1.0,13.0,20,0,0
21,agemem,4,1.0,14.0,21,0,0
22,agemem,4,1.0,15.0,22,0,0
23,agemem,4,1.0,16.0,23,0,0
24,agemem,4,1.0,17.0,24,0,0
25,agemem,4,1.0,18.0,25,0,0
26,agemem,4,1.0,19.0,26,0,0
27,agemem,4,1.0,20.0,27,0,0
28,agemem,4,1.0,21.0,28,0,0
29,agemem,4,0.0,21.0,29,0,0
30,agemem,4,1.0,22.0,30,0,0
31,agemem,4,0.0,22.0,30,0,0
32,agemem,4,1.0,23.0,31,0,0
33,agemem,4,0.0,23.0,31,0,0
34,agemem,4,1.0,24.0,32,0,0
35,agemem,4,0.0,24.0,33,0,0
36,agemem,4,1.0,25.0,34,0,0
37,agemem,4,1.0,26.0,35,0,0
38,agemem,4,0.0,26.0,36,0,0
39,agemem,4,1.0,27.0,37,0,0
40,agemem,4,0.0,27.0,37,0,0
41,agemem,4,1.0,28.0,38,0,0
42,agemem,4,1.0,29.0,38,0,0
43,agemem,4,0.0,29.0,39,0,0
44,agemem,4,1.0,30.0,40,0,0
45,agemem,4,1.0,31.0,41,0,0
46,agemem,4,1.0,32.0,42,0,0
47,agemem,4,1.0,33.0,42,0,0
48,agemem,4,1.0,34.0,43,0,0
49,agemem,4,0.0,34.0,43,0,0
50,agemem,4,1.0,35.0,43,0,0
51,agemem,4,1.0,36.0,44,0,0
52,agemem,4,1.0,37.0,45,0,0
53,agemem,4,0.0,37.0,45,0,0
54,agemem,4,0.0,37.0,45,0,0
55,agemem,4,1.0,38.0,45,0,0
56,agemem,4,1.0,39.0,46,0,0
57,agemem,4,0.0,39.0,46,0,0
58,agemem,4,0.0,39.0,46,0,0
59,agemem,4,1.0,40.0,46,0,0
60,agemem,4,1.0,41.0,46,0,0
61,agemem,4,0.0,41.0,46,0,0
62,agemem,4,1.0,42.0,47,0,0
63,agemem,4,1.0,43.0,47,0,0
64,agemem,4,1.0,44.0,47,0,0
65,agemem,4,1.0,45.0,47,0,0
66,agemem,4,1.0,46.0,48,0,0
67,agemem,4,1.0,47.0,48,0,0
68,agemem,4,0.0,47.0,48,0,0
69,agemem,4,1.0,48.0,48,0,0
70,agemem,4,1.0,49.0,48,0,0
71,agemem,4,1.0,50.0,48,0,0
72,agemem,4,1.0,51.0,48,0,0
73,agemem,4,0.0,51.0,48,0,0
74,agemem,4,1.0,52.0,48,0,0
75,agemem,4,0.0,52.0,49,0,0
76,agemem,4,1.0,53.0,49,0,0
77,agemem,4,0.0,53.0,49,0,0
78,agemem,4,0.0,53.0,50,0,0
79,agemem,4,1.0,54.0,50,0,0
80,agemem,4,1.0,55.0,50,0,0
81,agemem,4,1.0,56.0,50,0,0
82,agemem,4,1.0,57.0,50,0,0
83,agemem,4,0.0,57.0,50,0,0
84,agemem,4,0.0,57.0,50,0,0
85,agemem,4,1.0,58.0,50,0,0
86,agemem,4,1.0,59.0,50,0,0
87,agemem,4,0.0,59.0,50,0,0
88,agemem,4,1.0,60.0,50,0,0
89,agemem,4,1.0,61.0,50,0,0
90,agemem,4,1.0,62.0,50,0,0
91,agemem,4,1.0,63.0,50,0,0
92,agemem,4,1.0,64.0,50,0,0
93,agemem,4,1.0,65.0,50,0,0
94,agemem,4,1.0,66.0,50,0,0
95,agemem,4,0.0,66.0,50,0,0
96,agemem,4,1.0,67.0,50,0,0
97,agemem,4,1.0,68.0,50,0,0
98,agemem,4,1.0,69.0,50,0,0
99,agemem,4,1.0,70.0,50,0,0
0,smtr_tci,4,1.0,1.0,1,1,0
1,smtr_tci,4,1.0,2.0,2,2,0
2,smtr_tci,4,0.0,2.0,3,3,0
3,smtr_tci,4,0.0,2.0,4,4,0
4,smtr_tci,4,1.0,3.0,5,4,1
5,smtr_tci,4,1.0,4.0,6,5,1
6,smtr_tci,4,1.0,5.0,7,6,1
7,smtr_tci,4,0.0,5.0,8,7,1
8,smtr_tci,4,1.0,6.0,9,7,2
9,smtr_tci,4,1.0,7.0,10,8,2
10,smtr_tci,4,1.0,8.0,11,9,2
11,smtr_tci,4,1.0,9.0,12,10,2
12,smtr_tci,4,1.0,10.0,13,10,3
13,smtr_tci,4,1.0,11.0,14,11,3
14,smtr_tci,4,1.0,12.0,15,12,3
15,smtr_tci,4,0.0,12.0,16,12,4
16,smtr_tci,4,1.0,13.0,17,12,5
17,smtr_tci,4,1.0,14.0,18,12,6
18,smtr_tci,4,0.0,14.0,19,12,7
19,smtr_tci,4,1.0,15.0,20,11,9
20,smtr_tci,4,1.0,16.0,21,12,9
21,smtr_tci,4,1.0,17.0,22,13,9
22,smtr_tci,4,1.0,18.0,23,14,9
23,smtr_tci,4,1.0,19.0,24,14,10
24,smtr_tci,4,1.0,20.0,25,15,10
25,smtr_tci,4,1.0,21.0,26,14,12
26,smtr_tci,4,1.0,22.0,27,15,12
27,smtr_tci,4,1.0,23.0,28,16,12
28,smtr_tci,4,1.0,24.0,29,16,13
29,smtr_tci,4,0.0,24.0,30,16,14
30,smtr_tci,4,1.0,25.0,31,16,15
31,smtr_tci,4,1.0,26.0,32,17,15
32,smtr_tci,4,1.0,27.0,33,18,15
33,smtr_tci,4,1.0,28.0,34,19,15
34,smtr_tci,4,0.0,28.0,35,19,16
35,smtr_tci,4,1.0,29.0,36,20,16
36,smtr_tci,4,1.0,30.0,37,21,16
37,smtr_tci,4,0.0,30.0,38,22,16
38,smtr_tci,4,1.0,31.0,39,23,16
39,smtr_tci,4,1.0,32.0,40,23,17
40,smtr_tci,4,1.0,33.0,41,23,18
41,smtr_tci,4,1.0,34.0,42,23,19
42,smtr_tci,4,1.0,35.0,43,23,20
43,smtr_tci,4,1.0,36.0,44,23,21
44,smtr_tci,4,1.0,37.0,45,24,21
45,smtr_tci,4,1.0,38.0,46,25,21
46,smtr_tci,4,1.0,39.0,47,25,22
47,smtr_tci,4,1.0,40.0,48,26,22
48,smtr_tci,4,1.0,41.0,49,26,23
49,smtr_tci,4,1.0,42.0,50,24,26
50,smtr_tci,4,1.0,43.0,51,23,28
51,smtr_tci,4,1.0,44.0,52,24,28
52,smtr_tci,4,1.0,45.0,53,25,28
53,smtr_tci,4,0.0,45.0,54,25,29
54,smtr_tci,4,1.0,46.0,55,25,30
55,smtr_tci,4,1.0,47.0,56,25,31
56,smtr_tci,4,1.0,48.0,57,26,31
57,smtr_tci,4,1.0,49.0,58,27,31
58,smtr_tci,4,1.0,50.0,59,28,31
59,smtr_tci,4,1.0,51.0,60,28,32
60,smtr_tci,4,1.0,52.0,61,29,32
61,smtr_tci,4,1.0,53.0,62,30,32
62,smtr_tci,4,1.0,54.0,63,30,33
63,smtr_tci,4,1.0,55.0,64,31,33
64,smtr_tci,4,0.0,55.0,65,31,34
65,smtr_tci,4,1.0,56.0,66,32,34
66,smtr_tci,4,1.0,57.0,67,33,34
67,smtr_tci,4,1.0,58.0,68,33,35
68,smtr_tci,4,1.0,59.0,69,33,36
69,smtr_tci,4,1.0,60.0,70,34,36
70,smtr_tci,4,1.0,61.0,71,34,37
71,smtr_tci,4,1.0,62.0,72,33,39
72,smtr_tci,4,0.0,62.0,73,34,39
73,smtr_tci,4,1.0,63.0,74,32,42
74,smtr_tci,4,1.0,64.0,75,33,42
75,smtr_tci,4,1.0,65.0,76,33,43
76,smtr_tci,4,1.0,66.0,77,33,44
77,smtr_tci,4,1.0,67.0,78,34,44
78,smtr_tci,4,1.0,68.0,79,33,46
79,smtr_tci,4,0.0,68.0,80,32,48
80,smtr_tci,4,0.0,68.0,81,31,50
81,smtr_tci,4,1.0,69.0,82,31,51
82,smtr_tci,4,1.0,70.0,83,31,52
83,smtr_tci,4,1.0,71.0,84,31,53
84,smtr_tci,4,1.0,72.0,85,31,54
85,smtr_tci,4,1.0,73.0,86,32,54
86,smtr_tci,4,1.0,74.0,87,30,57
87,smtr_tci,4,1.0,75.0,88,30,58
88,smtr_tci,4,1.0,76.0,89,30,59
89,smtr_tci,4,1.0,77.0,90,31,59
90,smtr_tci,4,1.0,78.0,91,32,59
91,smtr_tci,4,1.0,79.0,92,32,60
92,smtr_tci,4,1.0,80.0,93,32,61
93,smtr_tci,4,1.0,81.0,94,32,62
94,smtr_tci,4,1.0,82.0,95,31,64
95,smtr_tci,4,1.0,83.0,96,32,64
96,smtr_tci,4,1.0,84.0,97,32,65
97,smtr_tci,4,1.0,85.0,98,33,65
98,smtr_tci,4,1.0,86.0,99,32,67
99,smtr_tci,4,1.0,87.0,100,33,67
