method,task_id,seed,receiver_id,memory_id,expose_reward,withhold_reward,delta,decision
full_memory,10,0,receiver_1,dbproc-01870edcc464-agent5,1.0,0.0,1.0,validated
full_memory,10,0,receiver_1,dbproc-01870edcc464-agent1,0.0,0.0,0.0,injected_unvalidated
full_memory,10,0,receiver_1,dbproc-06c28b92d681-agent1,1.0,0.0,1.0,validated
full_memory,10,0,receiver_1,dbproc-01870edcc464-agent3,1.0,0.0,1.0,validated
full_memory,10,0,receiver_2,dbproc-01870edcc464-agent5,1.0,0.0,1.0,validated
full_memory,10,0,receiver_2,dbproc-01870edcc464-agent1,1.0,0.0,1.0,validated
full_memory,10,0,receiver_2,dbproc-06c28b92d681-agent1,0.0,0.0,0.0,injected_unvalidated
full_memory,10,0,receiver_2,dbproc-01870edcc464-agent3,1.0,0.0,1.0,validated
full_memory,10,0,receiver_3,dbproc-01870edcc464-agent5,0.0,0.0,0.0,injected_unvalidated
full_memory,10,0,receiver_3,dbproc-01870edcc464-agent1,0.0,0.0,0.0,injected_unvalidated
full_memory,10,0,receiver_3,dbproc-06c28b92d681-agent1,0.0,0.0,0.0,injected_unvalidated
full_memory,10,0,receiver_3,dbproc-01870edcc464-agent3,0.0,0.0,0.0,injected_unvalidated
retrieval,10,0,receiver_1,dbproc-01870edcc464-agent1,0.0,0.0,0.0,injected_unvalidated
retrieval,10,0,receiver_1,dbproc-01870edcc464-agent3,1.0,0.0,1.0,validated
retrieval,10,0,receiver_1,dbproc-01870edcc464-agent5,1.0,0.0,1.0,validated
retrieval,10,0,receiver_2,dbproc-01870edcc464-agent1,1.0,0.0,1.0,validated
retrieval,10,0,receiver_2,dbproc-01870edcc464-agent3,1.0,0.0,1.0,validated
retrieval,10,0,receiver_2,dbproc-01870edcc464-agent5,1.0,0.0,1.0,validated
retrieval,10,0,receiver_3,dbproc-01870edcc464-agent1,0.0,0.0,0.0,injected_unvalidated
retrieval,10,0,receiver_3,dbproc-01870edcc464-agent3,0.0,0.0,0.0,injected_unvalidated
retrieval,10,0,receiver_3,dbproc-01870edcc464-agent5,0.0,0.0,0.0,injected_unvalidated
smtr_uniform,10,0,receiver_1,dbproc-01870edcc464-agent5,1.0,0.0,1.0,validated
smtr_uniform,10,0,receiver_1,dbproc-01870edcc464-agent3,1.0,0.0,1.0,validated
smtr_uniform,10,0,receiver_1,dbproc-06c28b92d681-agent1,1.0,0.0,1.0,validated
smtr_uniform,10,0,receiver_2,dbproc-01870edcc464-agent5,1.0,0.0,1.0,validated
smtr_uniform,10,0,receiver_2,dbproc-01870edcc464-agent3,1.0,0.0,1.0,validated
smtr_uniform,10,0,receiver_2,dbproc-06c28b92d681-agent1,0.0,0.0,0.0,injected_unvalidated
smtr_uniform,10,0,receiver_3,dbproc-01870edcc464-agent5,0.0,0.0,0.0,injected_unvalidated
smtr_uniform,10,0,receiver_3,dbproc-01870edcc464-agent3,0.0,0.0,0.0,injected_unvalidated
smtr_uniform,10,0,receiver_3,dbproc-06c28b92d681-agent1,0.0,0.0,0.0,injected_unvalidated
smtr_receiver,10,0,receiver_1,dbproc-06c28b92d681-agent1,1.0,0.0,1.0,validated
smtr_receiver,10,0,receiver_1,dbproc-01870edcc464-agent5,1.0,0.0,1.0,validated
smtr_receiver,10,0,receiver_1,dbproc-01870edcc464-agent3,1.0,0.0,1.0,validated
smtr_receiver,10,0,receiver_2,dbproc-01870edcc464-agent5,1.0,0.0,1.0,validated
smtr_receiver,10,0,receiver_2,dbproc-01870edcc464-agent3,1.0,0.0,1.0,validated
smtr_receiver,10,0,receiver_2,dbproc-01870edcc464-agent1,1.0,0.0,1.0,validated
full_memory,10,1,receiver_1,dbproc-01870edcc464-agent1,1.0,0.0,1.0,validated
full_memory,10,1,receiver_1,dbproc-01870edcc464-agent3,0.0,0.0,0.0,injected_unvalidated
full_memory,10,1,receiver_2,dbproc-01870edcc464-agent1,0.0,0.0,0.0,injected_unvalidated
full_memory,10,1,receiver_2,dbproc-01870edcc464-agent3,0.0,0.0,0.0,injected_unvalidated
full_memory,10,1,receiver_3,dbproc-01870edcc464-agent1,1.0,0.0,1.0,validated
full_memory,10,1,receiver_3,dbproc-01870edcc464-agent3,1.0,0.0,1.0,validated
retrieval,10,1,receiver_1,dbproc-01870edcc464-agent1,1.0,0.0,1.0,validated
retrieval,10,1,receiver_1,dbproc-01870edcc464-agent3,0.0,0.0,0.0,injected_unvalidated
retrieval,10,1,receiver_2,dbproc-01870edcc464-agent1,0.0,0.0,0.0,injected_unvalidated
retrieval,10,1,receiver_2,dbproc-01870edcc464-agent3,0.0,0.0,0.0,injected_unvalidated
retrieval,10,1,receiver_3,dbproc-01870edcc464-agent1,1.0,0.0,1.0,validated
retrieval,10,1,receiver_3,dbproc-01870edcc464-agent3,1.0,0.0,1.0,validated
smtr_uniform,10,1,receiver_1,dbproc-01870edcc464-agent1,1.0,0.0,1.0,validated
smtr_uniform,10,1,receiver_1,dbproc-01870edcc464-agent3,0.0,0.0,0.0,injected_unvalidated
smtr_uniform,10,1,receiver_2,dbproc-01870edcc464-agent1,0.0,0.0,0.0,injected_unvalidated
smtr_uniform,10,1,receiver_2,dbproc-01870edcc464-agent3,0.0,0.0,0.0,injected_unvalidated
smtr_uniform,10,1,receiver_3,dbproc-01870edcc464-agent1,1.0,0.0,1.0,validated
smtr_uniform,10,1,receiver_3,dbproc-01870edcc464-agent3,1.0,0.0,1.0,validated
smtr_receiver,10,1,receiver_1,dbproc-01870edcc464-agent1,1.0,0.0,1.0,validated
smtr_receiver,10,1,receiver_3,dbproc-01870edcc464-agent3,1.0,0.0,1.0,validated
smtr_receiver,10,1,receiver_3,dbproc-01870edcc464-agent1,1.0,0.0,1.0,validated
full_memory,10,2,receiver_1,dbproc-01870edcc464-agent1,1.0,0.0,1.0,validated
full_memory,10,2,receiver_1,dbproc-06c28b92d681-agent1,0.0,0.0,0.0,injected_unvalidated
full_memory,10,2,receiver_2,dbproc-01870edcc464-agent1,0.0,0.0,0.0,injected_unvalidated
full_memory,10,2,receiver_2,dbproc-06c28b92d681-agent1,1.0,0.0,1.0,validated
full_memory,10,2,receiver_3,dbproc-01870edcc464-agent1,1.0,0.0,1.0,validated
full_memory,10,2,receiver_3,dbproc-06c28b92d681-agent1,1.0,0.0,1.0,validated
retrieval,10,2,receiver_1,dbproc-01870edcc464-agent1,1.0,0.0,1.0,validated
retrieval,10,2,receiver_1,dbproc-06c28b92d681-agent1,0.0,0.0,0.0,injected_unvalidated
retrieval,10,2,receiver_2,dbproc-01870edcc464-agent1,0.0,0.0,0.0,injected_unvalidated
retrieval,10,2,receiver_2,dbproc-06c28b92d681-agent1,1.0,0.0,1.0,validated
retrieval,10,2,receiver_3,dbproc-01870edcc464-agent1,1.0,0.0,1.0,validated
retrieval,10,2,receiver_3,dbproc-06c28b92d681-agent1,1.0,0.0,1.0,validated
smtr_uniform,10,2,receiver_1,dbproc-06c28b92d681-agent1,0.0,0.0,0.0,injected_unvalidated
smtr_uniform,10,2,receiver_1,dbproc-01870edcc464-agent1,1.0,0.0,1.0,validated
smtr_uniform,10,2,receiver_2,dbproc-06c28b92d681-agent1,1.0,0.0,1.0,validated
smtr_uniform,10,2,receiver_2,dbproc-01870edcc464-agent1,0.0,0.0,0.0,injected_unvalidated
smtr_uniform,10,2,receiver_3,dbproc-06c28b92d681-agent1,1.0,0.0,1.0,validated
smtr_uniform,10,2,receiver_3,dbproc-01870edcc464-agent1,1.0,0.0,1.0,validated
smtr_receiver,10,2,receiver_1,dbproc-01870edcc464-agent1,1.0,0.0,1.0,validated
smtr_receiver,10,2,receiver_2,dbproc-06c28b92d681-agent1,1.0,0.0,1.0,validated
smtr_receiver,10,2,receiver_3,dbproc-06c28b92d681-agent1,1.0,0.0,1.0,validated
smtr_receiver,10,2,receiver_3,dbproc-01870edcc464-agent1,1.0,0.0,1.0,validated
full_memory,100,1,receiver_1,dbproc-01870edcc464-agent2,0.0,0.0,0.0,injected_unvalidated
full_memory,100,1,receiver_1,dbproc-06c28b92d681-agent1,0.0,0.0,0.0,injected_unvalidated
full_memory,100,1,receiver_1,dbproc-01870edcc464-agent3,0.0,0.0,0.0,injected_unvalidated
full_memory,100,1,receiver_2,dbproc-01870edcc464-agent2,0.0,0.0,0.0,injected_unvalidated
full_memory,100,1,receiver_2,dbproc-06c28b92d681-agent1,0.0,1.0,-1.0,injected_unvalidated
full_memory,100,1,receiver_2,dbproc-01870edcc464-agent3,0.0,0.0,0.0,injected_unvalidated
full_memory,100,1,receiver_3,dbproc-01870edcc464-agent2,0.0,0.0,0.0,injected_unvalidated
full_memory,100,1,receiver_3,dbproc-06c28b92d681-agent1,1.0,0.0,1.0,validated
full_memory,100,1,receiver_3,dbproc-01870edcc464-agent3,0.0,0.0,0.0,injected_unvalidated
retrieval,100,1,receiver_1,dbproc-01870edcc464-agent2,0.0,0.0,0.0,injected_unvalidated
retrieval,100,1,receiver_1,dbproc-01870edcc464-agent3,0.0,0.0,0.0,injected_unvalidated
retrieval,100,1,receiver_1,dbproc-06c28b92d681-agent1,0.0,0.0,0.0,injected_unvalidated
retrieval,100,1,receiver_2,dbproc-01870edcc464-agent2,0.0,0.0,0.0,injected_unvalidated
retrieval,100,1,receiver_2,dbproc-01870edcc464-agent3,0.0,0.0,0.0,injected_unvalidated
retrieval,100,1,receiver_2,dbproc-06c28b92d681-agent1,0.0,1.0,-1.0,injected_unvalidated
retrieval,100,1,receiver_3,dbproc-01870edcc464-agent2,0.0,0.0,0.0,injected_unvalidated
retrieval,100,1,receiver_3,dbproc-01870edcc464-agent3,0.0,0.0,0.0,injected_unvalidated
retrieval,100,1,receiver_3,dbproc-06c28b92d681-agent1,1.0,0.0,1.0,validated
smtr_receiver,100,1,receiver_3,dbproc-06c28b92d681-agent1,1.0,0.0,1.0,validated
full_memory,100,2,receiver_1,dbproc-06c28b92d681-agent1,0.0,0.0,0.0,injected_unvalidated
full_memory,100,2,receiver_1,dbproc-01870edcc464-agent1,0.0,0.0,0.0,injected_unvalidated
full_memory,100,2,receiver_1,dbproc-01870edcc464-agent3,0.0,0.0,0.0,injected_unvalidated
full_memory,100,2,receiver_2,dbproc-06c28b92d681-agent1,0.0,1.0,-1.0,injected_unvalidated
full_memory,100,2,receiver_2,dbproc-01870edcc464-agent1,0.0,0.0,0.0,injected_unvalidated
full_memory,100,2,receiver_2,dbproc-01870edcc464-agent3,0.0,0.0,0.0,injected_unvalidated
full_memory,100,2,receiver_3,dbproc-06c28b92d681-agent1,1.0,0.0,1.0,validated
full_memory,100,2,receiver_3,dbproc-01870edcc464-agent1,0.0,0.0,0.0,injected_unvalidated
full_memory,100,2,receiver_3,dbproc-01870edcc464-agent3,0.0,0.0,0.0,injected_unvalidated
retrieval,100,2,receiver_1,dbproc-01870edcc464-agent1,0.0,0.0,0.0,injected_unvalidated
retrieval,100,2,receiver_1,dbproc-01870edcc464-agent3,0.0,0.0,0.0,injected_unvalidated
retrieval,100,2,receiver_1,dbproc-06c28b92d681-agent1,0.0,0.0,0.0,injected_unvalidated
retrieval,100,2,receiver_2,dbproc-01870edcc464-agent1,0.0,0.0,0.0,injected_unvalidated
retrieval,100,2,receiver_2,dbproc-01870edcc464-agent3,0.0,0.0,0.0,injected_unvalidated
retrieval,100,2,receiver_2,dbproc-06c28b92d681-agent1,0.0,1.0,-1.0,injected_unvalidated
retrieval,100,2,receiver_3,dbproc-01870edcc464-agent1,0.0,0.0,0.0,injected_unvalidated
retrieval,100,2,receiver_3,dbproc-01870edcc464-agent3,0.0,0.0,0.0,injected_unvalidated
retrieval,100,2,receiver_3,dbproc-06c28b92d681-agent1,1.0,0.0,1.0,validated
smtr_receiver,100,2,receiver_3,dbproc-06c28b92d681-agent1,1.0,0.0,1.0,validated
full_memory,11,1,receiver_1,dbproc-01870edcc464-agent1,0.0,0.0,0.0,injected_unvalidated
full_memory,11,1,receiver_1,dbproc-01870edcc464-agent2,0.0,0.0,0.0,injected_unvalidated
full_memory,11,1,receiver_1,dbproc-01870edcc464-agent5,0.0,0.0,0.0,injected_unvalidated
full_memory,11,1,receiver_2,dbproc-01870edcc464-agent1,0.0,0.0,0.0,injected_unvalidated
full_memory,11,1,receiver_2,dbproc-01870edcc464-agent2,0.0,0.0,0.0,injected_unvalidated
full_memory,11,1,receiver_2,dbproc-01870edcc464-agent5,1.0,0.0,1.0,validated
full_memory,11,1,receiver_3,dbproc-01870edcc464-agent1,0.0,0.0,0.0,injected_unvalidated
full_memory,11,1,receiver_3,dbproc-01870edcc464-agent2,0.0,0.0,0.0,injected_unvalidated
full_memory,11,1,receiver_3,dbproc-01870edcc464-agent5,0.0,1.0,-1.0,injected_unvalidated
retrieval,11,1,receiver_1,dbproc-01870edcc464-agent1,0.0,0.0,0.0,injected_unvalidated
retrieval,11,1,receiver_1,dbproc-01870edcc464-agent2,0.0,0.0,0.0,injected_unvalidated
retrieval,11,1,receiver_1,dbproc-01870edcc464-agent5,0.0,0.0,0.0,injected_unvalidated
retrieval,11,1,receiver_2,dbproc-01870edcc464-agent1,0.0,0.0,0.0,injected_unvalidated
retrieval,11,1,receiver_2,dbproc-01870edcc464-agent2,0.0,0.0,0.0,injected_unvalidated
retrieval,11,1,receiver_2,dbproc-01870edcc464-agent5,1.0,0.0,1.0,validated
retrieval,11,1,receiver_3,dbproc-01870edcc464-agent1,0.0,0.0,0.0,injected_unvalidated
retrieval,11,1,receiver_3,dbproc-01870edcc464-agent2,0.0,0.0,0.0,injected_unvalidated
retrieval,11,1,receiver_3,dbproc-01870edcc464-agent5,0.0,1.0,-1.0,injected_unvalidated
smtr_receiver,11,1,receiver_2,dbproc-01870edcc464-agent5,1.0,0.0,1.0,validated
full_memory,11,2,receiver_1,dbproc-01870edcc464-agent3,0.0,0.0,0.0,injected_unvalidated
full_memory,11,2,receiver_1,dbproc-01870edcc464-agent1,0.0,0.0,0.0,injected_unvalidated
full_memory,11,2,receiver_1,dbproc-01870edcc464-agent4,0.0,0.0,0.0,injected_unvalidated
full_memory,11,2,receiver_1,dbproc-06c28b92d681-agent1,1.0,0.0,1.0,validated
full_memory,11,2,receiver_1,dbproc-01870edcc464-agent2,0.0,0.0,0.0,injected_unvalidated
full_memory,11,2,receiver_2,dbproc-01870edcc464-agent3,0.0,1.0,-1.0,injected_unvalidated
full_memory,11,2,receiver_2,dbproc-01870edcc464-agent1,0.0,0.0,0.0,injected_unvalidated
full_memory,11,2,receiver_2,dbproc-01870edcc464-agent4,1.0,0.0,1.0,validated
full_memory,11,2,receiver_2,dbproc-06c28b92d681-agent1,1.0,0.0,1.0,validated
full_memory,11,2,receiver_2,dbproc-01870edcc464-agent2,0.0,0.0,0.0,injected_unvalidated
full_memory,11,2,receiver_3,dbproc-01870edcc464-agent3,0.0,0.0,0.0,injected_unvalidated
full_memory,11,2,receiver_3,dbproc-01870edcc464-agent1,0.0,0.0,0.0,injected_unvalidated
full_memory,11,2,receiver_3,dbproc-01870edcc464-agent4,0.0,0.0,0.0,injected_unvalidated
full_memory,11,2,receiver_3,dbproc-06c28b92d681-agent1,1.0,0.0,1.0,validated
full_memory,11,2,receiver_3,dbproc-01870edcc464-agent2,0.0,0.0,0.0,injected_unvalidated
retrieval,11,2,receiver_1,dbproc-01870edcc464-agent1,0.0,0.0,0.0,injected_unvalidated
retrieval,11,2,receiver_1,dbproc-01870edcc464-agent2,0.0,0.0,0.0,injected_unvalidated
retrieval,11,2,receiver_1,dbproc-01870edcc464-agent3,0.0,0.0,0.0,injected_unvalidated
retrieval,11,2,receiver_2,dbproc-01870edcc464-agent1,0.0,0.0,0.0,injected_unvalidated
retrieval,11,2,receiver_2,dbproc-01870edcc464-agent2,0.0,0.0,0.0,injected_unvalidated
retrieval,11,2,receiver_2,dbproc-01870edcc464-agent3,0.0,1.0,-1.0,injected_unvalidated
retrieval,11,2,receiver_3,dbproc-01870edcc464-agent1,0.0,0.0,0.0,injected_unvalidated
retrieval,11,2,receiver_3,dbproc-01870edcc464-agent2,0.0,0.0,0.0,injected_unvalidated
retrieval,11,2,receiver_3,dbproc-01870edcc464-agent3,0.0,0.0,0.0,injected_unvalidated
smtr_uniform,11,2,receiver_1,dbproc-06c28b92d681-agent1,1.0,0.0,1.0,validated
smtr_uniform,11,2,receiver_1,dbproc-01870edcc464-agent4,0.0,0.0,0.0,injected_unvalidated
smtr_uniform,11,2,receiver_2,dbproc-06c28b92d681-agent1,1.0,0.0,1.0,validated
smtr_uniform,11,2,receiver_2,dbproc-01870edcc464-agent4,1.0,0.0,1.0,validated
smtr_uniform,11,2,receiver_3,dbproc-06c28b92d681-agent1,1.0,0.0,1.0,validated
smtr_uniform,11,2,receiver_3,dbproc-01870edcc464-agent4,0.0,0.0,0.0,injected_unvalidated
smtr_receiver,11,2,receiver_1,dbproc-06c28b92d681-agent1,1.0,0.0,1.0,validated
smtr_receiver,11,2,receiver_2,dbproc-06c28b92d681-agent1,1.0,0.0,1.0,validated
smtr_receiver,11,2,receiver_2,dbproc-01870edcc464-agent4,1.0,0.0,1.0,validated
smtr_receiver,11,2,receiver_3,dbproc-06c28b92d681-agent1,1.0,0.0,1.0,validated
full_memory,13,2,receiver_1,dbproc-01870edcc464-agent4,1.0,1.0,0.0,injected_unvalidated
full_memory,13,2,receiver_2,dbproc-01870edcc464-agent4,1.0,1.0,0.0,injected_unvalidated
full_memory,13,2,receiver_3,dbproc-01870edcc464-agent4,1.0,1.0,0.0,injected_unvalidated
retrieval,13,2,receiver_1,dbproc-01870edcc464-agent4,1.0,1.0,0.0,injected_unvalidated
retrieval,13,2,receiver_2,dbproc-01870edcc464-agent4,1.0,1.0,0.0,injected_unvalidated
retrieval,13,2,receiver_3,dbproc-01870edcc464-agent4,1.0,1.0,0.0,injected_unvalidated
full_memory,16,0,receiver_1,dbproc-01870edcc464-agent3,1.0,1.0,0.0,injected_unvalidated
full_memory,16,0,receiver_1,dbproc-01870edcc464-agent1,1.0,1.0,0.0,injected_unvalidated
full_memory,16,0,receiver_1,dbproc-01870edcc464-agent2,1.0,1.0,0.0,injected_unvalidated
full_memory,16,0,receiver_1,dbproc-01870edcc464-agent4,1.0,1.0,0.0,injected_unvalidated
full_memory,16,0,receiver_1,dbproc-06c28b92d681-agent1,1.0,1.0,0.0,injected_unvalidated
full_memory,16,0,receiver_2,dbproc-01870edcc464-agent3,1.0,1.0,0.0,injected_unvalidated
full_memory,16,0,receiver_2,dbproc-01870edcc464-agent1,1.0,1.0,0.0,injected_unvalidated
full_memory,16,0,receiver_2,dbproc-01870edcc464-agent2,1.0,1.0,0.0,injected_unvalidated
full_memory,16,0,receiver_2,dbproc-01870edcc464-agent4,1.0,1.0,0.0,injected_unvalidated
full_memory,16,0,receiver_2,dbproc-06c28b92d681-agent1,1.0,1.0,0.0,injected_unvalidated
full_memory,16,0,receiver_3,dbproc-01870edcc464-agent3,1.0,1.0,0.0,injected_unvalidated
full_memory,16,0,receiver_3,dbproc-01870edcc464-agent1,1.0,1.0,0.0,injected_unvalidated
full_memory,16,0,receiver_3,dbproc-01870edcc464-agent2,0.0,1.0,-1.0,injected_unvalidated
full_memory,16,0,receiver_3,dbproc-01870edcc464-agent4,1.0,1.0,0.0,injected_unvalidated
full_memory,16,0,receiver_3,dbproc-06c28b92d681-agent1,1.0,1.0,0.0,injected_unvalidated
retrieval,16,0,receiver_1,dbproc-01870edcc464-agent1,1.0,1.0,0.0,injected_unvalidated
retrieval,16,0,receiver_1,dbproc-01870edcc464-agent2,1.0,1.0,0.0,injected_unvalidated
retrieval,16,0,receiver_1,dbproc-01870edcc464-agent3,1.0,1.0,0.0,injected_unvalidated
retrieval,16,0,receiver_2,dbproc-01870edcc464-agent1,1.0,1.0,0.0,injected_unvalidated
retrieval,16,0,receiver_2,dbproc-01870edcc464-agent2,1.0,1.0,0.0,injected_unvalidated
retrieval,16,0,receiver_2,dbproc-01870edcc464-agent3,1.0,1.0,0.0,injected_unvalidated
retrieval,16,0,receiver_3,dbproc-01870edcc464-agent1,1.0,1.0,0.0,injected_unvalidated
retrieval,16,0,receiver_3,dbproc-01870edcc464-agent2,0.0,1.0,-1.0,injected_unvalidated
retrieval,16,0,receiver_3,dbproc-01870edcc464-agent3,1.0,1.0,0.0,injected_unvalidated
full_memory,16,1,receiver_1,dbproc-01870edcc464-agent3,1.0,1.0,0.0,injected_unvalidated
full_memory,16,1,receiver_1,dbproc-01870edcc464-agent1,1.0,1.0,0.0,injected_unvalidated
full_memory,16,1,receiver_1,dbproc-01870edcc464-agent2,1.0,1.0,0.0,injected_unvalidated
full_memory,16,1,receiver_1,dbproc-01870edcc464-agent4,1.0,1.0,0.0,injected_unvalidated
full_memory,16,1,receiver_1,dbproc-01870edcc464-agent5,1.0,1.0,0.0,injected_unvalidated
full_memory,16,1,receiver_1,dbproc-06c28b92d681-agent1,1.0,1.0,0.0,injected_unvalidated
full_memory,16,1,receiver_2,dbproc-01870edcc464-agent3,1.0,1.0,0.0,injected_unvalidated
full_memory,16,1,receiver_2,dbproc-01870edcc464-agent1,1.0,1.0,0.0,injected_unvalidated
full_memory,16,1,receiver_2,dbproc-01870edcc464-agent2,1.0,1.0,0.0,injected_unvalidated
full_memory,16,1,receiver_2,dbproc-01870edcc464-agent4,1.0,1.0,0.0,injected_unvalidated
full_memory,16,1,receiver_2,dbproc-01870edcc464-agent5,1.0,1.0,0.0,injected_unvalidated
full_memory,16,1,receiver_2,dbproc-06c28b92d681-agent1,1.0,1.0,0.0,injected_unvalidated
full_memory,16,1,receiver_3,dbproc-01870edcc464-agent3,1.0,1.0,0.0,injected_unvalidated
full_memory,16,1,receiver_3,dbproc-01870edcc464-agent1,1.0,1.0,0.0,injected_unvalidated
full_memory,16,1,receiver_3,dbproc-01870edcc464-agent2,0.0,1.0,-1.0,injected_unvalidated
full_memory,16,1,receiver_3,dbproc-01870edcc464-agent4,1.0,1.0,0.0,injected_unvalidated
full_memory,16,1,receiver_3,dbproc-01870edcc464-agent5,1.0,1.0,0.0,injected_unvalidated
full_memory,16,1,receiver_3,dbproc-06c28b92d681-agent1,1.0,1.0,0.0,injected_unvalidated
retrieval,16,1,receiver_1,dbproc-01870edcc464-agent1,1.0,1.0,0.0,injected_unvalidated
retrieval,16,1,receiver_1,dbproc-01870edcc464-agent2,1.0,1.0,0.0,injected_unvalidated
retrieval,16,1,receiver_1,dbproc-01870edcc464-agent3,1.0,1.0,0.0,injected_unvalidated
retrieval,16,1,receiver_2,dbproc-01870edcc464-agent1,1.0,1.0,0.0,injected_unvalidated
retrieval,16,1,receiver_2,dbproc-01870edcc464-agent2,1.0,1.0,0.0,injected_unvalidated
retrieval,16,1,receiver_2,dbproc-01870edcc464-agent3,1.0,1.0,0.0,injected_unvalidated
retrieval,16,1,receiver_3,dbproc-01870edcc464-agent1,1.0,1.0,0.0,injected_unvalidated
retrieval,16,1,receiver_3,dbproc-01870edcc464-agent2,0.0,1.0,-1.0,injected_unvalidated
retrieval,16,1,receiver_3,dbproc-01870edcc464-agent3,1.0,1.0,0.0,injected_unvalidated
full_memory,17,0,receiver_1,dbproc-01870edcc464-agent2,0.0,0.0,0.0,injected_unvalidated
full_memory,17,0,receiver_1,dbproc-01870edcc464-agent5,0.0,0.0,0.0,injected_unvalidated
full_memory,17,0,receiver_1,dbproc-01870edcc464-agent4,0.0,0.0,0.0,injected_unvalidated
full_memory,17,0,receiver_1,dbproc-06c28b92d681-agent1,0.0,0.0,0.0,injected_unvalidated
full_memory,17,0,receiver_2,dbproc-01870edcc464-agent2,0.0,0.0,0.0,injected_unvalidated
full_memory,17,0,receiver_2,dbproc-01870edcc464-agent5,0.0,0.0,0.0,injected_unvalidated
full_memory,17,0,receiver_2,dbproc-01870edcc464-agent4,0.0,0.0,0.0,injected_unvalidated
full_memory,17,0,receiver_2,dbproc-06c28b92d681-agent1,1.0,0.0,1.0,validated
full_memory,17,0,receiver_3,dbproc-01870edcc464-agent2,0.0,0.0,0.0,injected_unvalidated
full_memory,17,0,receiver_3,dbproc-01870edcc464-agent5,0.0,0.0,0.0,injected_unvalidated
full_memory,17,0,receiver_3,dbproc-01870edcc464-agent4,0.0,0.0,0.0,injected_unvalidated
full_memory,17,0,receiver_3,dbproc-06c28b92d681-agent1,1.0,0.0,1.0,validated
retrieval,17,0,receiver_1,dbproc-01870edcc464-agent2,0.0,0.0,0.0,injected_unvalidated
retrieval,17,0,receiver_1,dbproc-01870edcc464-agent4,0.0,0.0,0.0,injected_unvalidated
retrieval,17,0,receiver_1,dbproc-01870edcc464-agent5,0.0,0.0,0.0,injected_unvalidated
retrieval,17,0,receiver_2,dbproc-01870edcc464-agent2,0.0,0.0,0.0,injected_unvalidated
retrieval,17,0,receiver_2,dbproc-01870edcc464-agent4,0.0,0.0,0.0,injected_unvalidated
retrieval,17,0,receiver_2,dbproc-01870edcc464-agent5,0.0,0.0,0.0,injected_unvalidated
retrieval,17,0,receiver_3,dbproc-01870edcc464-agent2,0.0,0.0,0.0,injected_unvalidated
retrieval,17,0,receiver_3,dbproc-01870edcc464-agent4,0.0,0.0,0.0,injected_unvalidated
retrieval,17,0,receiver_3,dbproc-01870edcc464-agent5,0.0,0.0,0.0,injected_unvalidated
smtr_uniform,17,0,receiver_1,dbproc-06c28b92d681-agent1,0.0,0.0,0.0,injected_unvalidated
smtr_uniform,17,0,receiver_2,dbproc-06c28b92d681-agent1,1.0,0.0,1.0,validated
smtr_uniform,17,0,receiver_3,dbproc-06c28b92d681-agent1,1.0,0.0,1.0,validated
smtr_receiver,17,0,receiver_2,dbproc-06c28b92d681-agent1,1.0,0.0,1.0,validated
smtr_receiver,17,0,receiver_3,dbproc-06c28b92d681-agent1,1.0,0.0,1.0,validated
full_memory,17,1,receiver_1,dbproc-01870edcc464-agent2,0.0,0.0,0.0,injected_unvalidated
full_memory,17,1,receiver_1,dbproc-01870edcc464-agent5,1.0,0.0,1.0,validated
full_memory,17,1,receiver_1,dbproc-06c28b92d681-agent1,0.0,0.0,0.0,injected_unvalidated
full_memory,17,1,receiver_1,dbproc-01870edcc464-agent1,0.0,0.0,0.0,injected_unvalidated
full_memory,17,1,receiver_2,dbproc-01870edcc464-agent2,0.0,0.0,0.0,injected_unvalidated
full_memory,17,1,receiver_2,dbproc-01870edcc464-agent5,1.0,0.0,1.0,validated
full_memory,17,1,receiver_2,dbproc-06c28b92d681-agent1,1.0,0.0,1.0,validated
full_memory,17,1,receiver_2,dbproc-01870edcc464-agent1,0.0,0.0,0.0,injected_unvalidated
full_memory,17,1,receiver_3,dbproc-01870edcc464-agent2,0.0,0.0,0.0,injected_unvalidated
full_memory,17,1,receiver_3,dbproc-01870edcc464-agent5,1.0,0.0,1.0,validated
full_memory,17,1,receiver_3,dbproc-06c28b92d681-agent1,1.0,0.0,1.0,validated
full_memory,17,1,receiver_3,dbproc-01870edcc464-agent1,0.0,0.0,0.0,injected_unvalidated
retrieval,17,1,receiver_1,dbproc-01870edcc464-agent1,0.0,0.0,0.0,injected_unvalidated
retrieval,17,1,receiver_1,dbproc-01870edcc464-agent2,0.0,0.0,0.0,injected_unvalidated
retrieval,17,1,receiver_1,dbproc-01870edcc464-agent5,1.0,0.0,1.0,validated
retrieval,17,1,receiver_2,dbproc-01870edcc464-agent1,0.0,0.0,0.0,injected_unvalidated
retrieval,17,1,receiver_2,dbproc-01870edcc464-agent2,0.0,0.0,0.0,injected_unvalidated
retrieval,17,1,receiver_2,dbproc-01870edcc464-agent5,1.0,0.0,1.0,validated
retrieval,17,1,receiver_3,dbproc-01870edcc464-agent1,0.0,0.0,0.0,injected_unvalidated
retrieval,17,1,receiver_3,dbproc-01870edcc464-agent2,0.0,0.0,0.0,injected_unvalidated
retrieval,17,1,receiver_3,dbproc-01870edcc464-agent5,1.0,0.0,1.0,validated
smtr_uniform,17,1,receiver_1,dbproc-01870edcc464-agent5,1.0,0.0,1.0,validated
smtr_uniform,17,1,receiver_1,dbproc-06c28b92d681-agent1,0.0,0.0,0.0,injected_unvalidated
smtr_uniform,17,1,receiver_2,dbproc-01870edcc464-agent5,1.0,0.0,1.0,validated
smtr_uniform,17,1,receiver_2,dbproc-06c28b92d681-agent1,1.0,0.0,1.0,validated
smtr_uniform,17,1,receiver_3,dbproc-01870edcc464-agent5,1.0,0.0,1.0,validated
smtr_uniform,17,1,receiver_3,dbproc-06c28b92d681-agent1,1.0,0.0,1.0,validated
smtr_receiver,17,1,receiver_1,dbproc-01870edcc464-agent5,1.0,0.0,1.0,validated
smtr_receiver,17,1,receiver_2,dbproc-06c28b92d681-agent1,1.0,0.0,1.0,validated
smtr_receiver,17,1,receiver_2,dbproc-01870edcc464-agent5,1.0,0.0,1.0,validated
smtr_receiver,17,1,receiver_3,dbproc-06c28b92d681-agent1,1.0,0.0,1.0,validated
smtr_receiver,17,1,receiver_3,dbproc-01870edcc464-agent5,1.0,0.0,1.0,validated
full_memory,19,0,receiver_1,dbproc-01870edcc464-agent2,0.0,1.0,-1.0,injected_unvalidated
full_memory,19,0,receiver_1,dbproc-01870edcc464-agent3,0.0,1.0,-1.0,injected_unvalidated
full_memory,19,0,receiver_1,dbproc-01870edcc464-agent4,0.0,1.0,-1.0,injected_unvalidated
full_memory,19,0,receiver_1,dbproc-01870edcc464-agent1,1.0,1.0,0.0,injected_unvalidated
full_memory,19,0,receiver_1,dbproc-01870edcc464-agent5,0.0,1.0,-1.0,injected_unvalidated
full_memory,19,0,receiver_2,dbproc-01870edcc464-agent2,0.0,1.0,-1.0,injected_unvalidated
full_memory,19,0,receiver_2,dbproc-01870edcc464-agent3,0.0,1.0,-1.0,injected_unvalidated
full_memory,19,0,receiver_2,dbproc-01870edcc464-agent4,0.0,1.0,-1.0,injected_unvalidated
full_memory,19,0,receiver_2,dbproc-01870edcc464-agent1,1.0,1.0,0.0,injected_unvalidated
full_memory,19,0,receiver_2,dbproc-01870edcc464-agent5,0.0,1.0,-1.0,injected_unvalidated
full_memory,19,0,receiver_3,dbproc-01870edcc464-agent2,0.0,1.0,-1.0,injected_unvalidated
full_memory,19,0,receiver_3,dbproc-01870edcc464-agent3,1.0,1.0,0.0,injected_unvalidated
full_memory,19,0,receiver_3,dbproc-01870edcc464-agent4,1.0,1.0,0.0,injected_unvalidated
full_memory,19,0,receiver_3,dbproc-01870edcc464-agent1,1.0,1.0,0.0,injected_unvalidated
full_memory,19,0,receiver_3,dbproc-01870edcc464-agent5,0.0,1.0,-1.0,injected_unvalidated
retrieval,19,0,receiver_1,dbproc-01870edcc464-agent1,1.0,1.0,0.0,injected_unvalidated
retrieval,19,0,receiver_1,dbproc-01870edcc464-agent2,0.0,1.0,-1.0,injected_unvalidated
retrieval,19,0,receiver_1,dbproc-01870edcc464-agent3,0.0,1.0,-1.0,injected_unvalidated
retrieval,19,0,receiver_2,dbproc-01870edcc464-agent1,1.0,1.0,0.0,injected_unvalidated
retrieval,19,0,receiver_2,dbproc-01870edcc464-agent2,0.0,1.0,-1.0,injected_unvalidated
retrieval,19,0,receiver_2,dbproc-01870edcc464-agent3,0.0,1.0,-1.0,injected_unvalidated
retrieval,19,0,receiver_3,dbproc-01870edcc464-agent1,1.0,1.0,0.0,injected_unvalidated
retrieval,19,0,receiver_3,dbproc-01870edcc464-agent2,0.0,1.0,-1.0,injected_unvalidated
retrieval,19,0,receiver_3,dbproc-01870edcc464-agent3,1.0,1.0,0.0,injected_unvalidated
full_memory,19,1,receiver_1,dbproc-01870edcc464-agent2,0.0,0.0,0.0,injected_unvalidated
full_memory,19,1,receiver_1,dbproc-01870edcc464-agent3,0.0,0.0,0.0,injected_unvalidated
full_memory,19,1,receiver_1,dbproc-01870edcc464-agent4,0.0,0.0,0.0,injected_unvalidated
full_memory,19,1,receiver_1,dbproc-01870edcc464-agent1,1.0,0.0,1.0,validated
full_memory,19,1,receiver_2,dbproc-01870edcc464-agent2,0.0,0.0,0.0,injected_unvalidated
full_memory,19,1,receiver_2,dbproc-01870edcc464-agent3,0.0,0.0,0.0,injected_unvalidated
full_memory,19,1,receiver_2,dbproc-01870edcc464-agent4,0.0,0.0,0.0,injected_unvalidated
full_memory,19,1,receiver_2,dbproc-01870edcc464-agent1,1.0,0.0,1.0,validated
full_memory,19,1,receiver_3,dbproc-01870edcc464-agent2,0.0,0.0,0.0,injected_unvalidated
full_memory,19,1,receiver_3,dbproc-01870edcc464-agent3,1.0,0.0,1.0,validated
full_memory,19,1,receiver_3,dbproc-01870edcc464-agent4,1.0,0.0,1.0,validated
full_memory,19,1,receiver_3,dbproc-01870edcc464-agent1,1.0,0.0,1.0,validated
retrieval,19,1,receiver_1,dbproc-01870edcc464-agent1,1.0,0.0,1.0,validated
retrieval,19,1,receiver_1,dbproc-01870edcc464-agent2,0.0,0.0,0.0,injected_unvalidated
retrieval,19,1,receiver_1,dbproc-01870edcc464-agent3,0.0,0.0,0.0,injected_unvalidated
retrieval,19,1,receiver_2,dbproc-01870edcc464-agent1,1.0,0.0,1.0,validated
retrieval,19,1,receiver_2,dbproc-01870edcc464-agent2,0.0,0.0,0.0,injected_unvalidated
retrieval,19,1,receiver_2,dbproc-01870edcc464-agent3,0.0,0.0,0.0,injected_unvalidated
retrieval,19,1,receiver_3,dbproc-01870edcc464-agent1,1.0,0.0,1.0,validated
retrieval,19,1,receiver_3,dbproc-01870edcc464-agent2,0.0,0.0,0.0,injected_unvalidated
retrieval,19,1,receiver_3,dbproc-01870edcc464-agent3,1.0,0.0,1.0,validated
smtr_uniform,19,1,receiver_1,dbproc-01870edcc464-agent1,1.0,0.0,1.0,validated
smtr_uniform,19,1,receiver_1,dbproc-01870edcc464-agent4,0.0,0.0,0.0,injected_unvalidated
smtr_uniform,19,1,receiver_1,dbproc-01870edcc464-agent3,0.0,0.0,0.0,injected_unvalidated
smtr_uniform,19,1,receiver_2,dbproc-01870edcc464-agent1,1.0,0.0,1.0,validated
smtr_uniform,19,1,receiver_2,dbproc-01870edcc464-agent4,0.0,0.0,0.0,injected_unvalidated
smtr_uniform,19,1,receiver_2,dbproc-01870edcc464-agent3,0.0,0.0,0.0,injected_unvalidated
smtr_uniform,19,1,receiver_3,dbproc-01870edcc464-agent1,1.0,0.0,1.0,validated
smtr_uniform,19,1,receiver_3,dbproc-01870edcc464-agent4,1.0,0.0,1.0,validated
smtr_uniform,19,1,receiver_3,dbproc-01870edcc464-agent3,1.0,0.0,1.0,validated
smtr_receiver,19,1,receiver_1,dbproc-01870edcc464-agent1,1.0,0.0,1.0,validated
smtr_receiver,19,1,receiver_2,dbproc-01870edcc464-agent1,1.0,0.0,1.0,validated
smtr_receiver,19,1,receiver_3,dbproc-01870edcc464-agent4,1.0,0.0,1.0,validated
smtr_receiver,19,1,receiver_3,dbproc-01870edcc464-agent3,1.0,0.0,1.0,validated
smtr_receiver,19,1,receiver_3,dbproc-01870edcc464-agent1,1.0,0.0,1.0,validated
full_memory,19,2,receiver_1,dbproc-01870edcc464-agent4,0.0,0.0,0.0,injected_unvalidated
full_memory,19,2,receiver_1,dbproc-06c28b92d681-agent1,0.0,0.0,0.0,injected_unvalidated
full_memory,19,2,receiver_2,dbproc-01870edcc464-agent4,0.0,0.0,0.0,injected_unvalidated
full_memory,19,2,receiver_2,dbproc-06c28b92d681-agent1,0.0,0.0,0.0,injected_unvalidated
full_memory,19,2,receiver_3,dbproc-01870edcc464-agent4,1.0,0.0,1.0,validated
full_memory,19,2,receiver_3,dbproc-06c28b92d681-agent1,0.0,0.0,0.0,injected_unvalidated
retrieval,19,2,receiver_1,dbproc-01870edcc464-agent4,0.0,0.0,0.0,injected_unvalidated
retrieval,19,2,receiver_1,dbproc-06c28b92d681-agent1,0.0,0.0,0.0,injected_unvalidated
retrieval,19,2,receiver_2,dbproc-01870edcc464-agent4,0.0,0.0,0.0,injected_unvalidated
retrieval,19,2,receiver_2,dbproc-06c28b92d681-agent1,0.0,0.0,0.0,injected_unvalidated
retrieval,19,2,receiver_3,dbproc-01870edcc464-agent4,1.0,0.0,1.0,validated
retrieval,19,2,receiver_3,dbproc-06c28b92d681-agent1,0.0,0.0,0.0,injected_unvalidated
smtr_uniform,19,2,receiver_1,dbproc-01870edcc464-agent4,0.0,0.0,0.0,injected_unvalidated
smtr_uniform,19,2,receiver_2,dbproc-01870edcc464-agent4,0.0,0.0,0.0,injected_unvalidated
smtr_uniform,19,2,receiver_3,dbproc-01870edcc464-agent4,1.0,0.0,1.0,validated
smtr_receiver,19,2,receiver_3,dbproc-01870edcc464-agent4,1.0,0.0,1.0,validated
full_memory,2,2,receiver_1,dbproc-01870edcc464-agent1,0.0,0.0,0.0,injected_unvalidated
full_memory,2,2,receiver_1,dbproc-01870edcc464-agent3,1.0,0.0,1.0,validated
full_memory,2,2,receiver_1,dbproc-01870edcc464-agent2,0.0,0.0,0.0,injected_unvalidated
full_memory,2,2,receiver_1,dbproc-01870edcc464-agent4,0.0,0.0,0.0,injected_unvalidated
full_memory,2,2,receiver_1,dbproc-06c28b92d681-agent1,0.0,0.0,0.0,injected_unvalidated
full_memory,2,2,receiver_1,dbproc-01870edcc464-agent5,0.0,0.0,0.0,injected_unvalidated
full_memory,2,2,receiver_2,dbproc-01870edcc464-agent1,1.0,0.0,1.0,validated
full_memory,2,2,receiver_2,dbproc-01870edcc464-agent3,0.0,0.0,0.0,injected_unvalidated
full_memory,2,2,receiver_2,dbproc-01870edcc464-agent2,0.0,0.0,0.0,injected_unvalidated
full_memory,2,2,receiver_2,dbproc-01870edcc464-agent4,0.0,0.0,0.0,injected_unvalidated
full_memory,2,2,receiver_2,dbproc-06c28b92d681-agent1,0.0,0.0,0.0,injected_unvalidated
full_memory,2,2,receiver_2,dbproc-01870edcc464-agent5,0.0,0.0,0.0,injected_unvalidated
full_memory,2,2,receiver_3,dbproc-01870edcc464-agent1,0.0,0.0,0.0,injected_unvalidated
full_memory,2,2,receiver_3,dbproc-01870edcc464-agent3,0.0,0.0,0.0,injected_unvalidated
full_memory,2,2,receiver_3,dbproc-01870edcc464-agent2,0.0,0.0,0.0,injected_unvalidated
full_memory,2,2,receiver_3,dbproc-01870edcc464-agent4,0.0,0.0,0.0,injected_unvalidated
full_memory,2,2,receiver_3,dbproc-06c28b92d681-agent1,0.0,0.0,0.0,injected_unvalidated
full_memory,2,2,receiver_3,dbproc-01870edcc464-agent5,0.0,0.0,0.0,injected_unvalidated
retrieval,2,2,receiver_1,dbproc-01870edcc464-agent1,0.0,0.0,0.0,injected_unvalidated
retrieval,2,2,receiver_1,dbproc-01870edcc464-agent2,0.0,0.0,0.0,injected_unvalidated
retrieval,2,2,receiver_1,dbproc-01870edcc464-agent3,1.0,0.0,1.0,validated
retrieval,2,2,receiver_2,dbproc-01870edcc464-agent1,1.0,0.0,1.0,validated
retrieval,2,2,receiver_2,dbproc-01870edcc464-agent2,0.0,0.0,0.0,injected_unvalidated
retrieval,2,2,receiver_2,dbproc-01870edcc464-agent3,0.0,0.0,0.0,injected_unvalidated
retrieval,2,2,receiver_3,dbproc-01870edcc464-agent1,0.0,0.0,0.0,injected_unvalidated
retrieval,2,2,receiver_3,dbproc-01870edcc464-agent2,0.0,0.0,0.0,injected_unvalidated
retrieval,2,2,receiver_3,dbproc-01870edcc464-agent3,0.0,0.0,0.0,injected_unvalidated
smtr_uniform,2,2,receiver_1,dbproc-01870edcc464-agent3,1.0,0.0,1.0,validated
smtr_uniform,2,2,receiver_1,dbproc-01870edcc464-agent1,0.0,0.0,0.0,injected_unvalidated
smtr_uniform,2,2,receiver_2,dbproc-01870edcc464-agent3,0.0,0.0,0.0,injected_unvalidated
smtr_uniform,2,2,receiver_2,dbproc-01870edcc464-agent1,1.0,0.0,1.0,validated
smtr_uniform,2,2,receiver_3,dbproc-01870edcc464-agent3,0.0,0.0,0.0,injected_unvalidated
smtr_uniform,2,2,receiver_3,dbproc-01870edcc464-agent1,0.0,0.0,0.0,injected_unvalidated
smtr_receiver,2,2,receiver_1,dbproc-01870edcc464-agent3,1.0,0.0,1.0,validated
smtr_receiver,2,2,receiver_2,dbproc-01870edcc464-agent1,1.0,0.0,1.0,validated
full_memory,21,0,receiver_1,dbproc-01870edcc464-agent2,0.0,0.0,0.0,injected_unvalidated
full_memory,21,0,receiver_2,dbproc-01870edcc464-agent2,0.0,0.0,0.0,injected_unvalidated
full_memory,21,0,receiver_3,dbproc-01870edcc464-agent2,1.0,0.0,1.0,validated
retrieval,21,0,receiver_1,dbproc-01870edcc464-agent2,0.0,0.0,0.0,injected_unvalidated
retrieval,21,0,receiver_2,dbproc-01870edcc464-agent2,0.0,0.0,0.0,injected_unvalidated
retrieval,21,0,receiver_3,dbproc-01870edcc464-agent2,1.0,0.0,1.0,validated
smtr_uniform,21,0,receiver_1,dbproc-01870edcc464-agent2,0.0,0.0,0.0,injected_unvalidated
smtr_uniform,21,0,receiver_2,dbproc-01870edcc464-agent2,0.0,0.0,0.0,injected_unvalidated
smtr_uniform,21,0,receiver_3,dbproc-01870edcc464-agent2,1.0,0.0,1.0,validated
smtr_receiver,21,0,receiver_3,dbproc-01870edcc464-agent2,1.0,0.0,1.0,validated
full_memory,21,2,receiver_1,dbproc-06c28b92d681-agent1,1.0,0.0,1.0,validated
full_memory,21,2,receiver_1,dbproc-01870edcc464-agent3,0.0,0.0,0.0,injected_unvalidated
full_memory,21,2,receiver_1,dbproc-01870edcc464-agent2,0.0,0.0,0.0,injected_unvalidated
full_memory,21,2,receiver_1,dbproc-01870edcc464-agent5,0.0,0.0,0.0,injected_unvalidated
full_memory,21,2,receiver_1,dbproc-01870edcc464-agent4,0.0,0.0,0.0,injected_unvalidated
full_memory,21,2,receiver_2,dbproc-06c28b92d681-agent1,0.0,0.0,0.0,injected_unvalidated
full_memory,21,2,receiver_2,dbproc-01870edcc464-agent3,1.0,0.0,1.0,validated
full_memory,21,2,receiver_2,dbproc-01870edcc464-agent2,0.0,0.0,0.0,injected_unvalidated
full_memory,21,2,receiver_2,dbproc-01870edcc464-agent5,0.0,0.0,0.0,injected_unvalidated
full_memory,21,2,receiver_2,dbproc-01870edcc464-agent4,0.0,0.0,0.0,injected_unvalidated
full_memory,21,2,receiver_3,dbproc-06c28b92d681-agent1,1.0,0.0,1.0,validated
full_memory,21,2,receiver_3,dbproc-01870edcc464-agent3,0.0,0.0,0.0,injected_unvalidated
full_memory,21,2,receiver_3,dbproc-01870edcc464-agent2,1.0,0.0,1.0,validated
full_memory,21,2,receiver_3,dbproc-01870edcc464-agent5,1.0,0.0,1.0,validated
full_memory,21,2,receiver_3,dbproc-01870edcc464-agent4,0.0,0.0,0.0,injected_unvalidated
retrieval,21,2,receiver_1,dbproc-01870edcc464-agent2,0.0,0.0,0.0,injected_unvalidated
retrieval,21,2,receiver_1,dbproc-01870edcc464-agent3,0.0,0.0,0.0,injected_unvalidated
retrieval,21,2,receiver_1,dbproc-01870edcc464-agent4,0.0,0.0,0.0,injected_unvalidated
retrieval,21,2,receiver_2,dbproc-01870edcc464-agent2,0.0,0.0,0.0,injected_unvalidated
retrieval,21,2,receiver_2,dbproc-01870edcc464-agent3,1.0,0.0,1.0,validated
retrieval,21,2,receiver_2,dbproc-01870edcc464-agent4,0.0,0.0,0.0,injected_unvalidated
retrieval,21,2,receiver_3,dbproc-01870edcc464-agent2,1.0,0.0,1.0,validated
retrieval,21,2,receiver_3,dbproc-01870edcc464-agent3,0.0,0.0,0.0,injected_unvalidated
retrieval,21,2,receiver_3,dbproc-01870edcc464-agent4,0.0,0.0,0.0,injected_unvalidated
smtr_uniform,21,2,receiver_1,dbproc-06c28b92d681-agent1,1.0,0.0,1.0,validated
smtr_uniform,21,2,receiver_1,dbproc-01870edcc464-agent5,0.0,0.0,0.0,injected_unvalidated
smtr_uniform,21,2,receiver_1,dbproc-01870edcc464-agent3,0.0,0.0,0.0,injected_unvalidated
smtr_uniform,21,2,receiver_2,dbproc-06c28b92d681-agent1,0.0,0.0,0.0,injected_unvalidated
smtr_uniform,21,2,receiver_2,dbproc-01870edcc464-agent5,0.0,0.0,0.0,injected_unvalidated
smtr_uniform,21,2,receiver_2,dbproc-01870edcc464-agent3,1.0,0.0,1.0,validated
smtr_uniform,21,2,receiver_3,dbproc-06c28b92d681-agent1,1.0,0.0,1.0,validated
smtr_uniform,21,2,receiver_3,dbproc-01870edcc464-agent5,1.0,0.0,1.0,validated
smtr_uniform,21,2,receiver_3,dbproc-01870edcc464-agent3,0.0,0.0,0.0,injected_unvalidated
smtr_receiver,21,2,receiver_1,dbproc-06c28b92d681-agent1,1.0,0.0,1.0,validated
smtr_receiver,21,2,receiver_2,dbproc-01870edcc464-agent3,1.0,0.0,1.0,validated
smtr_receiver,21,2,receiver_3,dbproc-06c28b92d681-agent1,1.0,0.0,1.0,validated
smtr_receiver,21,2,receiver_3,dbproc-01870edcc464-agent5,1.0,0.0,1.0,validated
smtr_receiver,21,2,receiver_3,dbproc-01870edcc464-agent2,1.0,0.0,1.0,validated
full_memory,22,0,receiver_1,dbproc-01870edcc464-agent3,1.0,1.0,0.0,injected_unvalidated
full_memory,22,0,receiver_1,dbproc-01870edcc464-agent4,1.0,1.0,0.0,injected_unvalidated
full_memory,22,0,receiver_1,dbproc-01870edcc464-agent2,1.0,1.0,0.0,injected_unvalidated
full_memory,22,0,receiver_1,dbproc-01870edcc464-agent1,1.0,1.0,0.0,injected_unvalidated
full_memory,22,0,receiver_2,dbproc-01870edcc464-agent3,1.0,1.0,0.0,injected_unvalidated
full_memory,22,0,receiver_2,dbproc-01870edcc464-agent4,1.0,1.0,0.0,injected_unvalidated
full_memory,22,0,receiver_2,dbproc-01870edcc464-agent2,1.0,1.0,0.0,injected_unvalidated
full_memory,22,0,receiver_2,dbproc-01870edcc464-agent1,1.0,1.0,0.0,injected_unvalidated
full_memory,22,0,receiver_3,dbproc-01870edcc464-agent3,1.0,1.0,0.0,injected_unvalidated
full_memory,22,0,receiver_3,dbproc-01870edcc464-agent4,1.0,1.0,0.0,injected_unvalidated
full_memory,22,0,receiver_3,dbproc-01870edcc464-agent2,1.0,1.0,0.0,injected_unvalidated
full_memory,22,0,receiver_3,dbproc-01870edcc464-agent1,1.0,1.0,0.0,injected_unvalidated
retrieval,22,0,receiver_1,dbproc-01870edcc464-agent1,1.0,1.0,0.0,injected_unvalidated
retrieval,22,0,receiver_1,dbproc-01870edcc464-agent2,1.0,1.0,0.0,injected_unvalidated
retrieval,22,0,receiver_1,dbproc-01870edcc464-agent3,1.0,1.0,0.0,injected_unvalidated
retrieval,22,0,receiver_2,dbproc-01870edcc464-agent1,1.0,1.0,0.0,injected_unvalidated
retrieval,22,0,receiver_2,dbproc-01870edcc464-agent2,1.0,1.0,0.0,injected_unvalidated
retrieval,22,0,receiver_2,dbproc-01870edcc464-agent3,1.0,1.0,0.0,injected_unvalidated
retrieval,22,0,receiver_3,dbproc-01870edcc464-agent1,1.0,1.0,0.0,injected_unvalidated
retrieval,22,0,receiver_3,dbproc-01870edcc464-agent2,1.0,1.0,0.0,injected_unvalidated
retrieval,22,0,receiver_3,dbproc-01870edcc464-agent3,1.0,1.0,0.0,injected_unvalidated
full_memory,22,1,receiver_1,dbproc-01870edcc464-agent5,1.0,1.0,0.0,injected_unvalidated
full_memory,22,1,receiver_1,dbproc-06c28b92d681-agent1,1.0,1.0,0.0,injected_unvalidated
full_memory,22,1,receiver_1,dbproc-01870edcc464-agent4,1.0,1.0,0.0,injected_unvalidated
full_memory,22,1,receiver_1,dbproc-01870edcc464-agent2,1.0,1.0,0.0,injected_unvalidated
full_memory,22,1,receiver_1,dbproc-01870edcc464-agent1,1.0,1.0,0.0,injected_unvalidated
full_memory,22,1,receiver_2,dbproc-01870edcc464-agent5,1.0,1.0,0.0,injected_unvalidated
full_memory,22,1,receiver_2,dbproc-06c28b92d681-agent1,1.0,1.0,0.0,injected_unvalidated
full_memory,22,1,receiver_2,dbproc-01870edcc464-agent4,1.0,1.0,0.0,injected_unvalidated
full_memory,22,1,receiver_2,dbproc-01870edcc464-agent2,1.0,1.0,0.0,injected_unvalidated
full_memory,22,1,receiver_2,dbproc-01870edcc464-agent1,1.0,1.0,0.0,injected_unvalidated
full_memory,22,1,receiver_3,dbproc-01870edcc464-agent5,1.0,1.0,0.0,injected_unvalidated
full_memory,22,1,receiver_3,dbproc-06c28b92d681-agent1,1.0,1.0,0.0,injected_unvalidated
full_memory,22,1,receiver_3,dbproc-01870edcc464-agent4,1.0,1.0,0.0,injected_unvalidated
full_memory,22,1,receiver_3,dbproc-01870edcc464-agent2,1.0,1.0,0.0,injected_unvalidated
full_memory,22,1,receiver_3,dbproc-01870edcc464-agent1,1.0,1.0,0.0,injected_unvalidated
retrieval,22,1,receiver_1,dbproc-01870edcc464-agent1,1.0,1.0,0.0,injected_unvalidated
retrieval,22,1,receiver_1,dbproc-01870edcc464-agent2,1.0,1.0,0.0,injected_unvalidated
retrieval,22,1,receiver_1,dbproc-01870edcc464-agent4,1.0,1.0,0.0,injected_unvalidated
retrieval,22,1,receiver_2,dbproc-01870edcc464-agent1,1.0,1.0,0.0,injected_unvalidated
retrieval,22,1,receiver_2,dbproc-01870edcc464-agent2,1.0,1.0,0.0,injected_unvalidated
retrieval,22,1,receiver_2,dbproc-01870edcc464-agent4,1.0,1.0,0.0,injected_unvalidated
retrieval,22,1,receiver_3,dbproc-01870edcc464-agent1,1.0,1.0,0.0,injected_unvalidated
retrieval,22,1,receiver_3,dbproc-01870edcc464-agent2,1.0,1.0,0.0,injected_unvalidated
retrieval,22,1,receiver_3,dbproc-01870edcc464-agent4,1.0,1.0,0.0,injected_unvalidated
full_memory,23,0,receiver_1,dbproc-01870edcc464-agent5,1.0,0.0,1.0,validated
full_memory,23,0,receiver_1,dbproc-01870edcc464-agent4,0.0,0.0,0.0,injected_unvalidated
full_memory,23,0,receiver_1,dbproc-06c28b92d681-agent1,0.0,0.0,0.0,injected_unvalidated
full_memory,23,0,receiver_1,dbproc-01870edcc464-agent1,0.0,0.0,0.0,injected_unvalidated
full_memory,23,0,receiver_2,dbproc-01870edcc464-agent5,1.0,0.0,1.0,validated
full_memory,23,0,receiver_2,dbproc-01870edcc464-agent4,0.0,0.0,0.0,injected_unvalidated
full_memory,23,0,receiver_2,dbproc-06c28b92d681-agent1,0.0,0.0,0.0,injected_unvalidated
full_memory,23,0,receiver_2,dbproc-01870edcc464-agent1,0.0,0.0,0.0,injected_unvalidated
full_memory,23,0,receiver_3,dbproc-01870edcc464-agent5,1.0,0.0,1.0,validated
full_memory,23,0,receiver_3,dbproc-01870edcc464-agent4,0.0,0.0,0.0,injected_unvalidated
full_memory,23,0,receiver_3,dbproc-06c28b92d681-agent1,1.0,0.0,1.0,validated
full_memory,23,0,receiver_3,dbproc-01870edcc464-agent1,0.0,1.0,-1.0,injected_unvalidated
retrieval,23,0,receiver_1,dbproc-01870edcc464-agent1,0.0,0.0,0.0,injected_unvalidated
retrieval,23,0,receiver_1,dbproc-01870edcc464-agent4,0.0,0.0,0.0,injected_unvalidated
retrieval,23,0,receiver_1,dbproc-01870edcc464-agent5,1.0,0.0,1.0,validated
retrieval,23,0,receiver_2,dbproc-01870edcc464-agent1,0.0,0.0,0.0,injected_unvalidated
retrieval,23,0,receiver_2,dbproc-01870edcc464-agent4,0.0,0.0,0.0,injected_unvalidated
retrieval,23,0,receiver_2,dbproc-01870edcc464-agent5,1.0,0.0,1.0,validated
retrieval,23,0,receiver_3,dbproc-01870edcc464-agent1,0.0,1.0,-1.0,injected_unvalidated
retrieval,23,0,receiver_3,dbproc-01870edcc464-agent4,0.0,0.0,0.0,injected_unvalidated
retrieval,23,0,receiver_3,dbproc-01870edcc464-agent5,1.0,0.0,1.0,validated
smtr_uniform,23,0,receiver_1,dbproc-01870edcc464-agent5,1.0,0.0,1.0,validated
smtr_uniform,23,0,receiver_1,dbproc-06c28b92d681-agent1,0.0,0.0,0.0,injected_unvalidated
smtr_uniform,23,0,receiver_2,dbproc-01870edcc464-agent5,1.0,0.0,1.0,validated
smtr_uniform,23,0,receiver_2,dbproc-06c28b92d681-agent1,0.0,0.0,0.0,injected_unvalidated
smtr_uniform,23,0,receiver_3,dbproc-01870edcc464-agent5,1.0,0.0,1.0,validated
smtr_uniform,23,0,receiver_3,dbproc-06c28b92d681-agent1,1.0,0.0,1.0,validated
smtr_receiver,23,0,receiver_1,dbproc-01870edcc464-agent5,1.0,0.0,1.0,validated
smtr_receiver,23,0,receiver_2,dbproc-01870edcc464-agent5,1.0,0.0,1.0,validated
smtr_receiver,23,0,receiver_3,dbproc-06c28b92d681-agent1,1.0,0.0,1.0,validated
smtr_receiver,23,0,receiver_3,dbproc-01870edcc464-agent5,1.0,0.0,1.0,validated
full_memory,23,1,receiver_1,dbproc-01870edcc464-agent5,0.0,0.0,0.0,injected_unvalidated
full_memory,23,1,receiver_1,dbproc-01870edcc464-agent4,1.0,0.0,1.0,validated
full_memory,23,1,receiver_1,dbproc-01870edcc464-agent2,1.0,0.0,1.0,validated
full_memory,23,1,receiver_1,dbproc-01870edcc464-agent3,0.0,0.0,0.0,injected_unvalidated
full_memory,23,1,receiver_1,dbproc-06c28b92d681-agent1,0.0,0.0,0.0,injected_unvalidated
full_memory,23,1,receiver_1,dbproc-01870edcc464-agent1,0.0,0.0,0.0,injected_unvalidated
full_memory,23,1,receiver_2,dbproc-01870edcc464-agent5,0.0,1.0,-1.0,injected_unvalidated
full_memory,23,1,receiver_2,dbproc-01870edcc464-agent4,0.0,0.0,0.0,injected_unvalidated
full_memory,23,1,receiver_2,dbproc-01870edcc464-agent2,1.0,0.0,1.0,validated
full_memory,23,1,receiver_2,dbproc-01870edcc464-agent3,0.0,0.0,0.0,injected_unvalidated
full_memory,23,1,receiver_2,dbproc-06c28b92d681-agent1,0.0,0.0,0.0,injected_unvalidated
full_memory,23,1,receiver_2,dbproc-01870edcc464-agent1,0.0,0.0,0.0,injected_unvalidated
full_memory,23,1,receiver_3,dbproc-01870edcc464-agent5,0.0,0.0,0.0,injected_unvalidated
full_memory,23,1,receiver_3,dbproc-01870edcc464-agent4,0.0,0.0,0.0,injected_unvalidated
full_memory,23,1,receiver_3,dbproc-01870edcc464-agent2,1.0,0.0,1.0,validated
full_memory,23,1,receiver_3,dbproc-01870edcc464-agent3,0.0,0.0,0.0,injected_unvalidated
full_memory,23,1,receiver_3,dbproc-06c28b92d681-agent1,1.0,0.0,1.0,validated
full_memory,23,1,receiver_3,dbproc-01870edcc464-agent1,0.0,1.0,-1.0,injected_unvalidated
retrieval,23,1,receiver_1,dbproc-01870edcc464-agent1,0.0,0.0,0.0,injected_unvalidated
retrieval,23,1,receiver_1,dbproc-01870edcc464-agent2,1.0,0.0,1.0,validated
retrieval,23,1,receiver_1,dbproc-01870edcc464-agent3,0.0,0.0,0.0,injected_unvalidated
retrieval,23,1,receiver_2,dbproc-01870edcc464-agent1,0.0,0.0,0.0,injected_unvalidated
retrieval,23,1,receiver_2,dbproc-01870edcc464-agent2,1.0,0.0,1.0,validated
retrieval,23,1,receiver_2,dbproc-01870edcc464-agent3,0.0,0.0,0.0,injected_unvalidated
retrieval,23,1,receiver_3,dbproc-01870edcc464-agent1,0.0,1.0,-1.0,injected_unvalidated
retrieval,23,1,receiver_3,dbproc-01870edcc464-agent2,1.0,0.0,1.0,validated
retrieval,23,1,receiver_3,dbproc-01870edcc464-agent3,0.0,0.0,0.0,injected_unvalidated
smtr_uniform,23,1,receiver_1,dbproc-01870edcc464-agent2,1.0,0.0,1.0,validated
smtr_uniform,23,1,receiver_1,dbproc-06c28b92d681-agent1,0.0,0.0,0.0,injected_unvalidated
smtr_uniform,23,1,receiver_1,dbproc-01870edcc464-agent4,1.0,0.0,1.0,validated
smtr_uniform,23,1,receiver_2,dbproc-01870edcc464-agent2,1.0,0.0,1.0,validated
smtr_uniform,23,1,receiver_2,dbproc-06c28b92d681-agent1,0.0,0.0,0.0,injected_unvalidated
smtr_uniform,23,1,receiver_2,dbproc-01870edcc464-agent4,0.0,0.0,0.0,injected_unvalidated
smtr_uniform,23,1,receiver_3,dbproc-01870edcc464-agent2,1.0,0.0,1.0,validated
smtr_uniform,23,1,receiver_3,dbproc-06c28b92d681-agent1,1.0,0.0,1.0,validated
smtr_uniform,23,1,receiver_3,dbproc-01870edcc464-agent4,0.0,0.0,0.0,injected_unvalidated
smtr_receiver,23,1,receiver_1,dbproc-01870edcc464-agent4,1.0,0.0,1.0,validated
smtr_receiver,23,1,receiver_1,dbproc-01870edcc464-agent2,1.0,0.0,1.0,validated
smtr_receiver,23,1,receiver_2,dbproc-01870edcc464-agent2,1.0,0.0,1.0,validated
smtr_receiver,23,1,receiver_3,dbproc-06c28b92d681-agent1,1.0,0.0,1.0,validated
smtr_receiver,23,1,receiver_3,dbproc-01870edcc464-agent2,1.0,0.0,1.0,validated
full_memory,23,2,receiver_1,dbproc-01870edcc464-agent5,0.0,0.0,0.0,injected_unvalidated
full_memory,23,2,receiver_1,dbproc-01870edcc464-agent4,1.0,0.0,1.0,validated
full_memory,23,2,receiver_1,dbproc-01870edcc464-agent2,0.0,0.0,0.0,injected_unvalidated
full_memory,23,2,receiver_1,dbproc-01870edcc464-agent3,0.0,0.0,0.0,injected_unvalidated
full_memory,23,2,receiver_1,dbproc-01870edcc464-agent1,1.0,0.0,1.0,validated
full_memory,23,2,receiver_2,dbproc-01870edcc464-agent5,0.0,1.0,-1.0,injected_unvalidated
full_memory,23,2,receiver_2,dbproc-01870edcc464-agent4,0.0,0.0,0.0,injected_unvalidated
full_memory,23,2,receiver_2,dbproc-01870edcc464-agent2,0.0,1.0,-1.0,injected_unvalidated
full_memory,23,2,receiver_2,dbproc-01870edcc464-agent3,0.0,0.0,0.0,injected_unvalidated
full_memory,23,2,receiver_2,dbproc-01870edcc464-agent1,1.0,0.0,1.0,validated
full_memory,23,2,receiver_3,dbproc-01870edcc464-agent5,0.0,0.0,0.0,injected_unvalidated
full_memory,23,2,receiver_3,dbproc-01870edcc464-agent4,0.0,0.0,0.0,injected_unvalidated
full_memory,23,2,receiver_3,dbproc-01870edcc464-agent2,0.0,0.0,0.0,injected_unvalidated
full_memory,23,2,receiver_3,dbproc-01870edcc464-agent3,0.0,0.0,0.0,injected_unvalidated
full_memory,23,2,receiver_3,dbproc-01870edcc464-agent1,1.0,0.0,1.0,validated
retrieval,23,2,receiver_1,dbproc-01870edcc464-agent1,1.0,0.0,1.0,validated
retrieval,23,2,receiver_1,dbproc-01870edcc464-agent2,0.0,0.0,0.0,injected_unvalidated
retrieval,23,2,receiver_1,dbproc-01870edcc464-agent3,0.0,0.0,0.0,injected_unvalidated
retrieval,23,2,receiver_2,dbproc-01870edcc464-agent1,1.0,0.0,1.0,validated
retrieval,23,2,receiver_2,dbproc-01870edcc464-agent2,0.0,1.0,-1.0,injected_unvalidated
retrieval,23,2,receiver_2,dbproc-01870edcc464-agent3,0.0,0.0,0.0,injected_unvalidated
retrieval,23,2,receiver_3,dbproc-01870edcc464-agent1,1.0,0.0,1.0,validated
retrieval,23,2,receiver_3,dbproc-01870edcc464-agent2,0.0,0.0,0.0,injected_unvalidated
retrieval,23,2,receiver_3,dbproc-01870edcc464-agent3,0.0,0.0,0.0,injected_unvalidated
smtr_uniform,23,2,receiver_1,dbproc-01870edcc464-agent1,1.0,0.0,1.0,validated
smtr_uniform,23,2,receiver_1,dbproc-01870edcc464-agent4,1.0,0.0,1.0,validated
smtr_uniform,23,2,receiver_2,dbproc-01870edcc464-agent1,1.0,0.0,1.0,validated
smtr_uniform,23,2,receiver_2,dbproc-01870edcc464-agent4,0.0,0.0,0.0,injected_unvalidated
smtr_uniform,23,2,receiver_3,dbproc-01870edcc464-agent1,1.0,0.0,1.0,validated
smtr_uniform,23,2,receiver_3,dbproc-01870edcc464-agent4,0.0,0.0,0.0,injected_unvalidated
smtr_receiver,23,2,receiver_1,dbproc-01870edcc464-agent4,1.0,0.0,1.0,validated
smtr_receiver,23,2,receiver_1,dbproc-01870edcc464-agent1,1.0,0.0,1.0,validated
smtr_receiver,23,2,receiver_2,dbproc-01870edcc464-agent1,1.0,0.0,1.0,validated
smtr_receiver,23,2,receiver_3,dbproc-01870edcc464-agent1,1.0,0.0,1.0,validated
full_memory,26,0,receiver_1,dbproc-06c28b92d681-agent2,1.0,1.0,0.0,injected_unvalidated
full_memory,26,0,receiver_1,dbproc-06c28b92d681-agent3,1.0,1.0,0.0,injected_unvalidated
full_memory,26,0,receiver_1,dbproc-06c28b92d681-agent5,1.0,1.0,0.0,injected_unvalidated
full_memory,26,0,receiver_1,dbproc-06c28b92d681-agent1,1.0,1.0,0.0,injected_unvalidated
full_memory,26,0,receiver_1,dbproc-06c28b92d681-agent4,1.0,1.0,0.0,injected_unvalidated
full_memory,26,0,receiver_1,dbproc-0d97cd2103b4-agent1,1.0,1.0,0.0,injected_unvalidated
full_memory,26,0,receiver_2,dbproc-06c28b92d681-agent2,0.0,1.0,-1.0,injected_unvalidated
full_memory,26,0,receiver_2,dbproc-06c28b92d681-agent3,1.0,1.0,0.0,injected_unvalidated
full_memory,26,0,receiver_2,dbproc-06c28b92d681-agent5,1.0,1.0,0.0,injected_unvalidated
full_memory,26,0,receiver_2,dbproc-06c28b92d681-agent1,1.0,1.0,0.0,injected_unvalidated
full_memory,26,0,receiver_2,dbproc-06c28b92d681-agent4,1.0,1.0,0.0,injected_unvalidated
full_memory,26,0,receiver_2,dbproc-0d97cd2103b4-agent1,1.0,1.0,0.0,injected_unvalidated
full_memory,26,0,receiver_3,dbproc-06c28b92d681-agent2,1.0,1.0,0.0,injected_unvalidated
full_memory,26,0,receiver_3,dbproc-06c28b92d681-agent3,1.0,1.0,0.0,injected_unvalidated
full_memory,26,0,receiver_3,dbproc-06c28b92d681-agent5,1.0,1.0,0.0,injected_unvalidated
full_memory,26,0,receiver_3,dbproc-06c28b92d681-agent1,1.0,1.0,0.0,injected_unvalidated
full_memory,26,0,receiver_3,dbproc-06c28b92d681-agent4,1.0,1.0,0.0,injected_unvalidated
full_memory,26,0,receiver_3,dbproc-0d97cd2103b4-agent1,1.0,1.0,0.0,injected_unvalidated
retrieval,26,0,receiver_1,dbproc-06c28b92d681-agent1,1.0,1.0,0.0,injected_unvalidated
retrieval,26,0,receiver_1,dbproc-06c28b92d681-agent2,1.0,1.0,0.0,injected_unvalidated
retrieval,26,0,receiver_1,dbproc-06c28b92d681-agent3,1.0,1.0,0.0,injected_unvalidated
retrieval,26,0,receiver_2,dbproc-06c28b92d681-agent1,1.0,1.0,0.0,injected_unvalidated
retrieval,26,0,receiver_2,dbproc-06c28b92d681-agent2,0.0,1.0,-1.0,injected_unvalidated
retrieval,26,0,receiver_2,dbproc-06c28b92d681-agent3,1.0,1.0,0.0,injected_unvalidated
retrieval,26,0,receiver_3,dbproc-06c28b92d681-agent1,1.0,1.0,0.0,injected_unvalidated
retrieval,26,0,receiver_3,dbproc-06c28b92d681-agent2,1.0,1.0,0.0,injected_unvalidated
retrieval,26,0,receiver_3,dbproc-06c28b92d681-agent3,1.0,1.0,0.0,injected_unvalidated
full_memory,26,1,receiver_1,dbproc-06c28b92d681-agent2,1.0,1.0,0.0,injected_unvalidated
full_memory,26,1,receiver_1,dbproc-06c28b92d681-agent3,1.0,1.0,0.0,injected_unvalidated
full_memory,26,1,receiver_1,dbproc-06c28b92d681-agent5,1.0,1.0,0.0,injected_unvalidated
full_memory,26,1,receiver_1,dbproc-06c28b92d681-agent1,1.0,1.0,0.0,injected_unvalidated
full_memory,26,1,receiver_1,dbproc-06c28b92d681-agent4,0.0,1.0,-1.0,injected_unvalidated
full_memory,26,1,receiver_1,dbproc-0d97cd2103b4-agent1,1.0,1.0,0.0,injected_unvalidated
full_memory,26,1,receiver_2,dbproc-06c28b92d681-agent2,0.0,1.0,-1.0,injected_unvalidated
full_memory,26,1,receiver_2,dbproc-06c28b92d681-agent3,1.0,1.0,0.0,injected_unvalidated
full_memory,26,1,receiver_2,dbproc-06c28b92d681-agent5,1.0,1.0,0.0,injected_unvalidated
full_memory,26,1,receiver_2,dbproc-06c28b92d681-agent1,1.0,1.0,0.0,injected_unvalidated
full_memory,26,1,receiver_2,dbproc-06c28b92d681-agent4,0.0,1.0,-1.0,injected_unvalidated
full_memory,26,1,receiver_2,dbproc-0d97cd2103b4-agent1,1.0,1.0,0.0,injected_unvalidated
full_memory,26,1,receiver_3,dbproc-06c28b92d681-agent2,1.0,1.0,0.0,injected_unvalidated
full_memory,26,1,receiver_3,dbproc-06c28b92d681-agent3,1.0,1.0,0.0,injected_unvalidated
full_memory,26,1,receiver_3,dbproc-06c28b92d681-agent5,1.0,1.0,0.0,injected_unvalidated
full_memory,26,1,receiver_3,dbproc-06c28b92d681-agent1,1.0,1.0,0.0,injected_unvalidated
full_memory,26,1,receiver_3,dbproc-06c28b92d681-agent4,0.0,1.0,-1.0,injected_unvalidated
full_memory,26,1,receiver_3,dbproc-0d97cd2103b4-agent1,1.0,1.0,0.0,injected_unvalidated
retrieval,26,1,receiver_1,dbproc-06c28b92d681-agent1,1.0,1.0,0.0,injected_unvalidated
retrieval,26,1,receiver_1,dbproc-06c28b92d681-agent2,1.0,1.0,0.0,injected_unvalidated
retrieval,26,1,receiver_1,dbproc-06c28b92d681-agent3,1.0,1.0,0.0,injected_unvalidated
retrieval,26,1,receiver_2,dbproc-06c28b92d681-agent1,1.0,1.0,0.0,injected_unvalidated
retrieval,26,1,receiver_2,dbproc-06c28b92d681-agent2,0.0,1.0,-1.0,injected_unvalidated
retrieval,26,1,receiver_2,dbproc-06c28b92d681-agent3,1.0,1.0,0.0,injected_unvalidated
retrieval,26,1,receiver_3,dbproc-06c28b92d681-agent1,1.0,1.0,0.0,injected_unvalidated
retrieval,26,1,receiver_3,dbproc-06c28b92d681-agent2,1.0,1.0,0.0,injected_unvalidated
retrieval,26,1,receiver_3,dbproc-06c28b92d681-agent3,1.0,1.0,0.0,injected_unvalidated
full_memory,26,2,receiver_1,dbproc-06c28b92d681-agent2,1.0,1.0,0.0,injected_unvalidated
full_memory,26,2,receiver_1,dbproc-06c28b92d681-agent3,1.0,1.0,0.0,injected_unvalidated
full_memory,26,2,receiver_1,dbproc-06c28b92d681-agent5,1.0,1.0,0.0,injected_unvalidated
full_memory,26,2,receiver_1,dbproc-06c28b92d681-agent1,1.0,1.0,0.0,injected_unvalidated
full_memory,26,2,receiver_1,dbproc-06c28b92d681-agent4,1.0,1.0,0.0,injected_unvalidated
full_memory,26,2,receiver_1,dbproc-0d97cd2103b4-agent1,1.0,1.0,0.0,injected_unvalidated
full_memory,26,2,receiver_2,dbproc-06c28b92d681-agent2,0.0,1.0,-1.0,injected_unvalidated
full_memory,26,2,receiver_2,dbproc-06c28b92d681-agent3,1.0,1.0,0.0,injected_unvalidated
full_memory,26,2,receiver_2,dbproc-06c28b92d681-agent5,1.0,1.0,0.0,injected_unvalidated
full_memory,26,2,receiver_2,dbproc-06c28b92d681-agent1,1.0,1.0,0.0,injected_unvalidated
full_memory,26,2,receiver_2,dbproc-06c28b92d681-agent4,1.0,1.0,0.0,injected_unvalidated
full_memory,26,2,receiver_2,dbproc-0d97cd2103b4-agent1,1.0,1.0,0.0,injected_unvalidated
full_memory,26,2,receiver_3,dbproc-06c28b92d681-agent2,1.0,1.0,0.0,injected_unvalidated
full_memory,26,2,receiver_3,dbproc-06c28b92d681-agent3,1.0,1.0,0.0,injected_unvalidated
full_memory,26,2,receiver_3,dbproc-06c28b92d681-agent5,1.0,1.0,0.0,injected_unvalidated
full_memory,26,2,receiver_3,dbproc-06c28b92d681-agent1,1.0,1.0,0.0,injected_unvalidated
full_memory,26,2,receiver_3,dbproc-06c28b92d681-agent4,1.0,1.0,0.0,injected_unvalidated
full_memory,26,2,receiver_3,dbproc-0d97cd2103b4-agent1,1.0,1.0,0.0,injected_unvalidated
retrieval,26,2,receiver_1,dbproc-06c28b92d681-agent1,1.0,1.0,0.0,injected_unvalidated
retrieval,26,2,receiver_1,dbproc-06c28b92d681-agent2,1.0,1.0,0.0,injected_unvalidated
retrieval,26,2,receiver_1,dbproc-06c28b92d681-agent3,1.0,1.0,0.0,injected_unvalidated
retrieval,26,2,receiver_2,dbproc-06c28b92d681-agent1,1.0,1.0,0.0,injected_unvalidated
retrieval,26,2,receiver_2,dbproc-06c28b92d681-agent2,0.0,1.0,-1.0,injected_unvalidated
retrieval,26,2,receiver_2,dbproc-06c28b92d681-agent3,1.0,1.0,0.0,injected_unvalidated
retrieval,26,2,receiver_3,dbproc-06c28b92d681-agent1,1.0,1.0,0.0,injected_unvalidated
retrieval,26,2,receiver_3,dbproc-06c28b92d681-agent2,1.0,1.0,0.0,injected_unvalidated
retrieval,26,2,receiver_3,dbproc-06c28b92d681-agent3,1.0,1.0,0.0,injected_unvalidated
full_memory,27,0,receiver_1,dbproc-01870edcc464-agent1,1.0,1.0,0.0,injected_unvalidated
full_memory,27,0,receiver_1,dbproc-01870edcc464-agent2,1.0,1.0,0.0,injected_unvalidated
full_memory,27,0,receiver_1,dbproc-06c28b92d681-agent1,1.0,1.0,0.0,injected_unvalidated
full_memory,27,0,receiver_1,dbproc-01870edcc464-agent3,1.0,1.0,0.0,injected_unvalidated
full_memory,27,0,receiver_1,dbproc-01870edcc464-agent5,1.0,1.0,0.0,injected_unvalidated
full_memory,27,0,receiver_2,dbproc-01870edcc464-agent1,0.0,1.0,-1.0,injected_unvalidated
full_memory,27,0,receiver_2,dbproc-01870edcc464-agent2,1.0,1.0,0.0,injected_unvalidated
full_memory,27,0,receiver_2,dbproc-06c28b92d681-agent1,1.0,1.0,0.0,injected_unvalidated
full_memory,27,0,receiver_2,dbproc-01870edcc464-agent3,1.0,1.0,0.0,injected_unvalidated
full_memory,27,0,receiver_2,dbproc-01870edcc464-agent5,0.0,1.0,-1.0,injected_unvalidated
full_memory,27,0,receiver_3,dbproc-01870edcc464-agent1,1.0,1.0,0.0,injected_unvalidated
full_memory,27,0,receiver_3,dbproc-01870edcc464-agent2,1.0,1.0,0.0,injected_unvalidated
full_memory,27,0,receiver_3,dbproc-06c28b92d681-agent1,1.0,1.0,0.0,injected_unvalidated
full_memory,27,0,receiver_3,dbproc-01870edcc464-agent3,1.0,1.0,0.0,injected_unvalidated
full_memory,27,0,receiver_3,dbproc-01870edcc464-agent5,1.0,1.0,0.0,injected_unvalidated
retrieval,27,0,receiver_1,dbproc-01870edcc464-agent1,1.0,1.0,0.0,injected_unvalidated
retrieval,27,0,receiver_1,dbproc-01870edcc464-agent2,1.0,1.0,0.0,injected_unvalidated
retrieval,27,0,receiver_1,dbproc-01870edcc464-agent3,1.0,1.0,0.0,injected_unvalidated
retrieval,27,0,receiver_2,dbproc-01870edcc464-agent1,0.0,1.0,-1.0,injected_unvalidated
retrieval,27,0,receiver_2,dbproc-01870edcc464-agent2,1.0,1.0,0.0,injected_unvalidated
retrieval,27,0,receiver_2,dbproc-01870edcc464-agent3,1.0,1.0,0.0,injected_unvalidated
retrieval,27,0,receiver_3,dbproc-01870edcc464-agent1,1.0,1.0,0.0,injected_unvalidated
retrieval,27,0,receiver_3,dbproc-01870edcc464-agent2,1.0,1.0,0.0,injected_unvalidated
retrieval,27,0,receiver_3,dbproc-01870edcc464-agent3,1.0,1.0,0.0,injected_unvalidated
full_memory,27,1,receiver_1,dbproc-01870edcc464-agent1,1.0,1.0,0.0,injected_unvalidated
full_memory,27,1,receiver_1,dbproc-01870edcc464-agent2,1.0,1.0,0.0,injected_unvalidated
full_memory,27,1,receiver_1,dbproc-01870edcc464-agent3,1.0,1.0,0.0,injected_unvalidated
full_memory,27,1,receiver_1,dbproc-01870edcc464-agent5,1.0,1.0,0.0,injected_unvalidated
full_memory,27,1,receiver_1,dbproc-01870edcc464-agent4,1.0,1.0,0.0,injected_unvalidated
full_memory,27,1,receiver_2,dbproc-01870edcc464-agent1,0.0,1.0,-1.0,injected_unvalidated
full_memory,27,1,receiver_2,dbproc-01870edcc464-agent2,1.0,1.0,0.0,injected_unvalidated
full_memory,27,1,receiver_2,dbproc-01870edcc464-agent3,1.0,1.0,0.0,injected_unvalidated
full_memory,27,1,receiver_2,dbproc-01870edcc464-agent5,0.0,1.0,-1.0,injected_unvalidated
full_memory,27,1,receiver_2,dbproc-01870edcc464-agent4,1.0,1.0,0.0,injected_unvalidated
full_memory,27,1,receiver_3,dbproc-01870edcc464-agent1,1.0,1.0,0.0,injected_unvalidated
full_memory,27,1,receiver_3,dbproc-01870edcc464-agent2,1.0,1.0,0.0,injected_unvalidated
full_memory,27,1,receiver_3,dbproc-01870edcc464-agent3,1.0,1.0,0.0,injected_unvalidated
full_memory,27,1,receiver_3,dbproc-01870edcc464-agent5,1.0,1.0,0.0,injected_unvalidated
full_memory,27,1,receiver_3,dbproc-01870edcc464-agent4,1.0,1.0,0.0,injected_unvalidated
retrieval,27,1,receiver_1,dbproc-01870edcc464-agent1,1.0,1.0,0.0,injected_unvalidated
retrieval,27,1,receiver_1,dbproc-01870edcc464-agent2,1.0,1.0,0.0,injected_unvalidated
retrieval,27,1,receiver_1,dbproc-01870edcc464-agent3,1.0,1.0,0.0,injected_unvalidated
retrieval,27,1,receiver_2,dbproc-01870edcc464-agent1,0.0,1.0,-1.0,injected_unvalidated
retrieval,27,1,receiver_2,dbproc-01870edcc464-agent2,1.0,1.0,0.0,injected_unvalidated
retrieval,27,1,receiver_2,dbproc-01870edcc464-agent3,1.0,1.0,0.0,injected_unvalidated
retrieval,27,1,receiver_3,dbproc-01870edcc464-agent1,1.0,1.0,0.0,injected_unvalidated
retrieval,27,1,receiver_3,dbproc-01870edcc464-agent2,1.0,1.0,0.0,injected_unvalidated
retrieval,27,1,receiver_3,dbproc-01870edcc464-agent3,1.0,1.0,0.0,injected_unvalidated
full_memory,27,2,receiver_1,dbproc-01870edcc464-agent1,1.0,1.0,0.0,injected_unvalidated
full_memory,27,2,receiver_1,dbproc-01870edcc464-agent2,1.0,1.0,0.0,injected_unvalidated
full_memory,27,2,receiver_1,dbproc-06c28b92d681-agent1,1.0,1.0,0.0,injected_unvalidated
full_memory,27,2,receiver_1,dbproc-01870edcc464-agent3,1.0,1.0,0.0,injected_unvalidated
full_memory,27,2,receiver_2,dbproc-01870edcc464-agent1,0.0,1.0,-1.0,injected_unvalidated
full_memory,27,2,receiver_2,dbproc-01870edcc464-agent2,1.0,1.0,0.0,injected_unvalidated
full_memory,27,2,receiver_2,dbproc-06c28b92d681-agent1,1.0,1.0,0.0,injected_unvalidated
full_memory,27,2,receiver_2,dbproc-01870edcc464-agent3,1.0,1.0,0.0,injected_unvalidated
full_memory,27,2,receiver_3,dbproc-01870edcc464-agent1,1.0,1.0,0.0,injected_unvalidated
full_memory,27,2,receiver_3,dbproc-01870edcc464-agent2,1.0,1.0,0.0,injected_unvalidated
full_memory,27,2,receiver_3,dbproc-06c28b92d681-agent1,1.0,1.0,0.0,injected_unvalidated
full_memory,27,2,receiver_3,dbproc-01870edcc464-agent3,1.0,1.0,0.0,injected_unvalidated
retrieval,27,2,receiver_1,dbproc-01870edcc464-agent1,1.0,1.0,0.0,injected_unvalidated
retrieval,27,2,receiver_1,dbproc-01870edcc464-agent2,1.0,1.0,0.0,injected_unvalidated
retrieval,27,2,receiver_1,dbproc-01870edcc464-agent3,1.0,1.0,0.0,injected_unvalidated
retrieval,27,2,receiver_2,dbproc-01870edcc464-agent1,0.0,1.0,-1.0,injected_unvalidated
retrieval,27,2,receiver_2,dbproc-01870edcc464-agent2,1.0,1.0,0.0,injected_unvalidated
retrieval,27,2,receiver_2,dbproc-01870edcc464-agent3,1.0,1.0,0.0,injected_unvalidated
retrieval,27,2,receiver_3,dbproc-01870edcc464-agent1,1.0,1.0,0.0,injected_unvalidated
retrieval,27,2,receiver_3,dbproc-01870edcc464-agent2,1.0,1.0,0.0,injected_unvalidated
retrieval,27,2,receiver_3,dbproc-01870edcc464-agent3,1.0,1.0,0.0,injected_unvalidated
full_memory,29,0,receiver_1,dbproc-06c28b92d681-agent1,0.0,0.0,0.0,injected_unvalidated
full_memory,29,0,receiver_1,dbproc-01870edcc464-agent5,1.0,0.0,1.0,validated
full_memory,29,0,receiver_1,dbproc-01870edcc464-agent1,0.0,0.0,0.0,injected_unvalidated
full_memory,29,0,receiver_1,dbproc-01870edcc464-agent3,0.0,0.0,0.0,injected_unvalidated
full_memory,29,0,receiver_1,dbproc-01870edcc464-agent2,0.0,0.0,0.0,injected_unvalidated
full_memory,29,0,receiver_2,dbproc-06c28b92d681-agent1,0.0,0.0,0.0,injected_unvalidated
full_memory,29,0,receiver_2,dbproc-01870edcc464-agent5,0.0,0.0,0.0,injected_unvalidated
full_memory,29,0,receiver_2,dbproc-01870edcc464-agent1,0.0,0.0,0.0,injected_unvalidated
full_memory,29,0,receiver_2,dbproc-01870edcc464-agent3,0.0,0.0,0.0,injected_unvalidated
full_memory,29,0,receiver_2,dbproc-01870edcc464-agent2,0.0,0.0,0.0,injected_unvalidated
full_memory,29,0,receiver_3,dbproc-06c28b92d681-agent1,1.0,0.0,1.0,validated
full_memory,29,0,receiver_3,dbproc-01870edcc464-agent5,0.0,0.0,0.0,injected_unvalidated
full_memory,29,0,receiver_3,dbproc-01870edcc464-agent1,0.0,0.0,0.0,injected_unvalidated
full_memory,29,0,receiver_3,dbproc-01870edcc464-agent3,0.0,0.0,0.0,injected_unvalidated
full_memory,29,0,receiver_3,dbproc-01870edcc464-agent2,0.0,0.0,0.0,injected_unvalidated
retrieval,29,0,receiver_1,dbproc-01870edcc464-agent1,0.0,0.0,0.0,injected_unvalidated
retrieval,29,0,receiver_1,dbproc-01870edcc464-agent2,0.0,0.0,0.0,injected_unvalidated
retrieval,29,0,receiver_1,dbproc-01870edcc464-agent3,0.0,0.0,0.0,injected_unvalidated
retrieval,29,0,receiver_2,dbproc-01870edcc464-agent1,0.0,0.0,0.0,injected_unvalidated
retrieval,29,0,receiver_2,dbproc-01870edcc464-agent2,0.0,0.0,0.0,injected_unvalidated
retrieval,29,0,receiver_2,dbproc-01870edcc464-agent3,0.0,0.0,0.0,injected_unvalidated
retrieval,29,0,receiver_3,dbproc-01870edcc464-agent1,0.0,0.0,0.0,injected_unvalidated
retrieval,29,0,receiver_3,dbproc-01870edcc464-agent2,0.0,0.0,0.0,injected_unvalidated
retrieval,29,0,receiver_3,dbproc-01870edcc464-agent3,0.0,0.0,0.0,injected_unvalidated
smtr_uniform,29,0,receiver_1,dbproc-06c28b92d681-agent1,0.0,0.0,0.0,injected_unvalidated
smtr_uniform,29,0,receiver_1,dbproc-01870edcc464-agent5,1.0,0.0,1.0,validated
smtr_uniform,29,0,receiver_2,dbproc-06c28b92d681-agent1,0.0,0.0,0.0,injected_unvalidated
smtr_uniform,29,0,receiver_2,dbproc-01870edcc464-agent5,0.0,0.0,0.0,injected_unvalidated
smtr_uniform,29,0,receiver_3,dbproc-06c28b92d681-agent1,1.0,0.0,1.0,validated
smtr_uniform,29,0,receiver_3,dbproc-01870edcc464-agent5,0.0,0.0,0.0,injected_unvalidated
smtr_receiver,29,0,receiver_1,dbproc-01870edcc464-agent5,1.0,0.0,1.0,validated
smtr_receiver,29,0,receiver_3,dbproc-06c28b92d681-agent1,1.0,0.0,1.0,validated
full_memory,29,1,receiver_1,dbproc-06c28b92d681-agent1,0.0,0.0,0.0,injected_unvalidated
full_memory,29,1,receiver_1,dbproc-01870edcc464-agent5,0.0,0.0,0.0,injected_unvalidated
full_memory,29,1,receiver_1,dbproc-01870edcc464-agent4,0.0,0.0,0.0,injected_unvalidated
full_memory,29,1,receiver_1,dbproc-01870edcc464-agent1,0.0,0.0,0.0,injected_unvalidated
full_memory,29,1,receiver_1,dbproc-01870edcc464-agent3,0.0,0.0,0.0,injected_unvalidated
full_memory,29,1,receiver_1,dbproc-01870edcc464-agent2,0.0,0.0,0.0,injected_unvalidated
full_memory,29,1,receiver_2,dbproc-06c28b92d681-agent1,0.0,0.0,0.0,injected_unvalidated
full_memory,29,1,receiver_2,dbproc-01870edcc464-agent5,0.0,0.0,0.0,injected_unvalidated
full_memory,29,1,receiver_2,dbproc-01870edcc464-agent4,0.0,0.0,0.0,injected_unvalidated
full_memory,29,1,receiver_2,dbproc-01870edcc464-agent1,0.0,0.0,0.0,injected_unvalidated
full_memory,29,1,receiver_2,dbproc-01870edcc464-agent3,0.0,0.0,0.0,injected_unvalidated
full_memory,29,1,receiver_2,dbproc-01870edcc464-agent2,0.0,0.0,0.0,injected_unvalidated
full_memory,29,1,receiver_3,dbproc-06c28b92d681-agent1,1.0,0.0,1.0,validated
full_memory,29,1,receiver_3,dbproc-01870edcc464-agent5,0.0,0.0,0.0,injected_unvalidated
full_memory,29,1,receiver_3,dbproc-01870edcc464-agent4,0.0,0.0,0.0,injected_unvalidated
full_memory,29,1,receiver_3,dbproc-01870edcc464-agent1,0.0,0.0,0.0,injected_unvalidated
full_memory,29,1,receiver_3,dbproc-01870edcc464-agent3,0.0,0.0,0.0,injected_unvalidated
full_memory,29,1,receiver_3,dbproc-01870edcc464-agent2,0.0,0.0,0.0,injected_unvalidated
retrieval,29,1,receiver_1,dbproc-01870edcc464-agent1,0.0,0.0,0.0,injected_unvalidated
retrieval,29,1,receiver_1,dbproc-01870edcc464-agent2,0.0,0.0,0.0,injected_unvalidated
retrieval,29,1,receiver_1,dbproc-01870edcc464-agent3,0.0,0.0,0.0,injected_unvalidated
retrieval,29,1,receiver_2,dbproc-01870edcc464-agent1,0.0,0.0,0.0,injected_unvalidated
retrieval,29,1,receiver_2,dbproc-01870edcc464-agent2,0.0,0.0,0.0,injected_unvalidated
retrieval,29,1,receiver_2,dbproc-01870edcc464-agent3,0.0,0.0,0.0,injected_unvalidated
retrieval,29,1,receiver_3,dbproc-01870edcc464-agent1,0.0,0.0,0.0,injected_unvalidated
retrieval,29,1,receiver_3,dbproc-01870edcc464-agent2,0.0,0.0,0.0,injected_unvalidated
retrieval,29,1,receiver_3,dbproc-01870edcc464-agent3,0.0,0.0,0.0,injected_unvalidated
smtr_uniform,29,1,receiver_1,dbproc-06c28b92d681-agent1,0.0,0.0,0.0,injected_unvalidated
smtr_uniform,29,1,receiver_2,dbproc-06c28b92d681-agent1,0.0,0.0,0.0,injected_unvalidated
smtr_uniform,29,1,receiver_3,dbproc-06c28b92d681-agent1,1.0,0.0,1.0,validated
smtr_receiver,29,1,receiver_3,dbproc-06c28b92d681-agent1,1.0,0.0,1.0,validated
full_memory,3,0,receiver_1,dbproc-01870edcc464-agent5,0.0,1.0,-1.0,injected_unvalidated
full_memory,3,0,receiver_1,dbproc-06c28b92d681-agent1,0.0,1.0,-1.0,injected_unvalidated
full_memory,3,0,receiver_1,dbproc-01870edcc464-agent4,0.0,1.0,-1.0,injected_unvalidated
full_memory,3,0,receiver_1,dbproc-01870edcc464-agent1,0.0,1.0,-1.0,injected_unvalidated
full_memory,3,0,receiver_1,dbproc-01870edcc464-agent3,1.0,1.0,0.0,injected_unvalidated
full_memory,3,0,receiver_1,dbproc-01870edcc464-agent2,0.0,1.0,-1.0,injected_unvalidated
full_memory,3,0,receiver_2,dbproc-01870edcc464-agent5,0.0,1.0,-1.0,injected_unvalidated
full_memory,3,0,receiver_2,dbproc-06c28b92d681-agent1,0.0,1.0,-1.0,injected_unvalidated
full_memory,3,0,receiver_2,dbproc-01870edcc464-agent4,0.0,1.0,-1.0,injected_unvalidated
full_memory,3,0,receiver_2,dbproc-01870edcc464-agent1,0.0,1.0,-1.0,injected_unvalidated
full_memory,3,0,receiver_2,dbproc-01870edcc464-agent3,0.0,1.0,-1.0,injected_unvalidated
full_memory,3,0,receiver_2,dbproc-01870edcc464-agent2,0.0,1.0,-1.0,injected_unvalidated
full_memory,3,0,receiver_3,dbproc-01870edcc464-agent5,0.0,1.0,-1.0,injected_unvalidated
full_memory,3,0,receiver_3,dbproc-06c28b92d681-agent1,1.0,1.0,0.0,injected_unvalidated
full_memory,3,0,receiver_3,dbproc-01870edcc464-agent4,0.0,1.0,-1.0,injected_unvalidated
full_memory,3,0,receiver_3,dbproc-01870edcc464-agent1,1.0,1.0,0.0,injected_unvalidated
full_memory,3,0,receiver_3,dbproc-01870edcc464-agent3,1.0,1.0,0.0,injected_unvalidated
full_memory,3,0,receiver_3,dbproc-01870edcc464-agent2,0.0,1.0,-1.0,injected_unvalidated
retrieval,3,0,receiver_1,dbproc-01870edcc464-agent1,0.0,1.0,-1.0,injected_unvalidated
retrieval,3,0,receiver_1,dbproc-01870edcc464-agent2,0.0,1.0,-1.0,injected_unvalidated
retrieval,3,0,receiver_1,dbproc-01870edcc464-agent3,1.0,1.0,0.0,injected_unvalidated
retrieval,3,0,receiver_2,dbproc-01870edcc464-agent1,0.0,1.0,-1.0,injected_unvalidated
retrieval,3,0,receiver_2,dbproc-01870edcc464-agent2,0.0,1.0,-1.0,injected_unvalidated
retrieval,3,0,receiver_2,dbproc-01870edcc464-agent3,0.0,1.0,-1.0,injected_unvalidated
retrieval,3,0,receiver_3,dbproc-01870edcc464-agent1,1.0,1.0,0.0,injected_unvalidated
retrieval,3,0,receiver_3,dbproc-01870edcc464-agent2,0.0,1.0,-1.0,injected_unvalidated
retrieval,3,0,receiver_3,dbproc-01870edcc464-agent3,1.0,1.0,0.0,injected_unvalidated
full_memory,3,1,receiver_1,dbproc-06c28b92d681-agent1,0.0,0.0,0.0,injected_unvalidated
full_memory,3,1,receiver_1,dbproc-01870edcc464-agent4,0.0,0.0,0.0,injected_unvalidated
full_memory,3,1,receiver_1,dbproc-01870edcc464-agent1,0.0,0.0,0.0,injected_unvalidated
full_memory,3,1,receiver_1,dbproc-01870edcc464-agent3,1.0,0.0,1.0,validated
full_memory,3,1,receiver_1,dbproc-01870edcc464-agent2,0.0,0.0,0.0,injected_unvalidated
full_memory,3,1,receiver_2,dbproc-06c28b92d681-agent1,0.0,0.0,0.0,injected_unvalidated
full_memory,3,1,receiver_2,dbproc-01870edcc464-agent4,0.0,1.0,-1.0,injected_unvalidated
full_memory,3,1,receiver_2,dbproc-01870edcc464-agent1,0.0,0.0,0.0,injected_unvalidated
full_memory,3,1,receiver_2,dbproc-01870edcc464-agent3,1.0,0.0,1.0,validated
full_memory,3,1,receiver_2,dbproc-01870edcc464-agent2,0.0,0.0,0.0,injected_unvalidated
full_memory,3,1,receiver_3,dbproc-06c28b92d681-agent1,0.0,0.0,0.0,injected_unvalidated
full_memory,3,1,receiver_3,dbproc-01870edcc464-agent4,0.0,1.0,-1.0,injected_unvalidated
full_memory,3,1,receiver_3,dbproc-01870edcc464-agent1,0.0,0.0,0.0,injected_unvalidated
full_memory,3,1,receiver_3,dbproc-01870edcc464-agent3,1.0,0.0,1.0,validated
full_memory,3,1,receiver_3,dbproc-01870edcc464-agent2,0.0,0.0,0.0,injected_unvalidated
retrieval,3,1,receiver_1,dbproc-01870edcc464-agent1,0.0,0.0,0.0,injected_unvalidated
retrieval,3,1,receiver_1,dbproc-01870edcc464-agent2,0.0,0.0,0.0,injected_unvalidated
retrieval,3,1,receiver_1,dbproc-01870edcc464-agent3,1.0,0.0,1.0,validated
retrieval,3,1,receiver_2,dbproc-01870edcc464-agent1,0.0,0.0,0.0,injected_unvalidated
retrieval,3,1,receiver_2,dbproc-01870edcc464-agent2,0.0,0.0,0.0,injected_unvalidated
retrieval,3,1,receiver_2,dbproc-01870edcc464-agent3,1.0,0.0,1.0,validated
retrieval,3,1,receiver_3,dbproc-01870edcc464-agent1,0.0,0.0,0.0,injected_unvalidated
retrieval,3,1,receiver_3,dbproc-01870edcc464-agent2,0.0,0.0,0.0,injected_unvalidated
retrieval,3,1,receiver_3,dbproc-01870edcc464-agent3,1.0,0.0,1.0,validated
smtr_uniform,3,1,receiver_1,dbproc-01870edcc464-agent3,1.0,0.0,1.0,validated
smtr_uniform,3,1,receiver_2,dbproc-01870edcc464-agent3,1.0,0.0,1.0,validated
smtr_uniform,3,1,receiver_3,dbproc-01870edcc464-agent3,1.0,0.0,1.0,validated
smtr_receiver,3,1,receiver_1,dbproc-01870edcc464-agent3,1.0,0.0,1.0,validated
smtr_receiver,3,1,receiver_2,dbproc-01870edcc464-agent3,1.0,0.0,1.0,validated
smtr_receiver,3,1,receiver_3,dbproc-01870edcc464-agent3,1.0,0.0,1.0,validated
full_memory,30,2,receiver_1,dbproc-01870edcc464-agent4,1.0,1.0,0.0,injected_unvalidated
full_memory,30,2,receiver_1,dbproc-01870edcc464-agent2,1.0,1.0,0.0,injected_unvalidated
full_memory,30,2,receiver_1,dbproc-01870edcc464-agent5,1.0,1.0,0.0,injected_unvalidated
full_memory,30,2,receiver_1,dbproc-01870edcc464-agent3,1.0,1.0,0.0,injected_unvalidated
full_memory,30,2,receiver_2,dbproc-01870edcc464-agent4,1.0,1.0,0.0,injected_unvalidated
full_memory,30,2,receiver_2,dbproc-01870edcc464-agent2,1.0,1.0,0.0,injected_unvalidated
full_memory,30,2,receiver_2,dbproc-01870edcc464-agent5,1.0,1.0,0.0,injected_unvalidated
full_memory,30,2,receiver_2,dbproc-01870edcc464-agent3,1.0,1.0,0.0,injected_unvalidated
full_memory,30,2,receiver_3,dbproc-01870edcc464-agent4,1.0,1.0,0.0,injected_unvalidated
full_memory,30,2,receiver_3,dbproc-01870edcc464-agent2,1.0,1.0,0.0,injected_unvalidated
full_memory,30,2,receiver_3,dbproc-01870edcc464-agent5,0.0,1.0,-1.0,injected_unvalidated
full_memory,30,2,receiver_3,dbproc-01870edcc464-agent3,1.0,1.0,0.0,injected_unvalidated
retrieval,30,2,receiver_1,dbproc-01870edcc464-agent2,1.0,1.0,0.0,injected_unvalidated
retrieval,30,2,receiver_1,dbproc-01870edcc464-agent3,1.0,1.0,0.0,injected_unvalidated
retrieval,30,2,receiver_1,dbproc-01870edcc464-agent4,1.0,1.0,0.0,injected_unvalidated
retrieval,30,2,receiver_2,dbproc-01870edcc464-agent2,1.0,1.0,0.0,injected_unvalidated
retrieval,30,2,receiver_2,dbproc-01870edcc464-agent3,1.0,1.0,0.0,injected_unvalidated
retrieval,30,2,receiver_2,dbproc-01870edcc464-agent4,1.0,1.0,0.0,injected_unvalidated
retrieval,30,2,receiver_3,dbproc-01870edcc464-agent2,1.0,1.0,0.0,injected_unvalidated
retrieval,30,2,receiver_3,dbproc-01870edcc464-agent3,1.0,1.0,0.0,injected_unvalidated
retrieval,30,2,receiver_3,dbproc-01870edcc464-agent4,1.0,1.0,0.0,injected_unvalidated
full_memory,31,1,receiver_1,dbproc-06c28b92d681-agent1,0.0,0.0,0.0,injected_unvalidated
full_memory,31,1,receiver_1,dbproc-01870edcc464-agent1,0.0,0.0,0.0,injected_unvalidated
full_memory,31,1,receiver_1,dbproc-01870edcc464-agent2,0.0,0.0,0.0,injected_unvalidated
full_memory,31,1,receiver_1,dbproc-01870edcc464-agent3,0.0,0.0,0.0,injected_unvalidated
full_memory,31,1,receiver_1,dbproc-01870edcc464-agent5,0.0,0.0,0.0,injected_unvalidated
full_memory,31,1,receiver_2,dbproc-06c28b92d681-agent1,1.0,0.0,1.0,validated
full_memory,31,1,receiver_2,dbproc-01870edcc464-agent1,0.0,0.0,0.0,injected_unvalidated
full_memory,31,1,receiver_2,dbproc-01870edcc464-agent2,0.0,1.0,-1.0,injected_unvalidated
full_memory,31,1,receiver_2,dbproc-01870edcc464-agent3,1.0,0.0,1.0,validated
full_memory,31,1,receiver_2,dbproc-01870edcc464-agent5,0.0,0.0,0.0,injected_unvalidated
full_memory,31,1,receiver_3,dbproc-06c28b92d681-agent1,0.0,0.0,0.0,injected_unvalidated
full_memory,31,1,receiver_3,dbproc-01870edcc464-agent1,0.0,0.0,0.0,injected_unvalidated
full_memory,31,1,receiver_3,dbproc-01870edcc464-agent2,0.0,0.0,0.0,injected_unvalidated
full_memory,31,1,receiver_3,dbproc-01870edcc464-agent3,0.0,0.0,0.0,injected_unvalidated
full_memory,31,1,receiver_3,dbproc-01870edcc464-agent5,1.0,0.0,1.0,validated
retrieval,31,1,receiver_1,dbproc-01870edcc464-agent1,0.0,0.0,0.0,injected_unvalidated
retrieval,31,1,receiver_1,dbproc-01870edcc464-agent2,0.0,0.0,0.0,injected_unvalidated
retrieval,31,1,receiver_1,dbproc-01870edcc464-agent3,0.0,0.0,0.0,injected_unvalidated
retrieval,31,1,receiver_2,dbproc-01870edcc464-agent1,0.0,0.0,0.0,injected_unvalidated
retrieval,31,1,receiver_2,dbproc-01870edcc464-agent2,0.0,1.0,-1.0,injected_unvalidated
retrieval,31,1,receiver_2,dbproc-01870edcc464-agent3,1.0,0.0,1.0,validated
retrieval,31,1,receiver_3,dbproc-01870edcc464-agent1,0.0,0.0,0.0,injected_unvalidated
retrieval,31,1,receiver_3,dbproc-01870edcc464-agent2,0.0,0.0,0.0,injected_unvalidated
retrieval,31,1,receiver_3,dbproc-01870edcc464-agent3,0.0,0.0,0.0,injected_unvalidated
smtr_uniform,31,1,receiver_1,dbproc-06c28b92d681-agent1,0.0,0.0,0.0,injected_unvalidated
smtr_uniform,31,1,receiver_1,dbproc-01870edcc464-agent5,0.0,0.0,0.0,injected_unvalidated
smtr_uniform,31,1,receiver_1,dbproc-01870edcc464-agent3,0.0,0.0,0.0,injected_unvalidated
smtr_uniform,31,1,receiver_2,dbproc-06c28b92d681-agent1,1.0,0.0,1.0,validated
smtr_uniform,31,1,receiver_2,dbproc-01870edcc464-agent5,0.0,0.0,0.0,injected_unvalidated
smtr_uniform,31,1,receiver_2,dbproc-01870edcc464-agent3,1.0,0.0,1.0,validated
smtr_uniform,31,1,receiver_3,dbproc-06c28b92d681-agent1,0.0,0.0,0.0,injected_unvalidated
smtr_uniform,31,1,receiver_3,dbproc-01870edcc464-agent5,1.0,0.0,1.0,validated
smtr_uniform,31,1,receiver_3,dbproc-01870edcc464-agent3,0.0,0.0,0.0,injected_unvalidated
smtr_receiver,31,1,receiver_2,dbproc-06c28b92d681-agent1,1.0,0.0,1.0,validated
smtr_receiver,31,1,receiver_2,dbproc-01870edcc464-agent3,1.0,0.0,1.0,validated
smtr_receiver,31,1,receiver_3,dbproc-01870edcc464-agent5,1.0,0.0,1.0,validated
full_memory,31,2,receiver_1,dbproc-06c28b92d681-agent1,1.0,1.0,0.0,injected_unvalidated
full_memory,31,2,receiver_1,dbproc-01870edcc464-agent1,1.0,1.0,0.0,injected_unvalidated
full_memory,31,2,receiver_1,dbproc-01870edcc464-agent2,0.0,1.0,-1.0,injected_unvalidated
full_memory,31,2,receiver_2,dbproc-06c28b92d681-agent1,1.0,1.0,0.0,injected_unvalidated
full_memory,31,2,receiver_2,dbproc-01870edcc464-agent1,1.0,1.0,0.0,injected_unvalidated
full_memory,31,2,receiver_2,dbproc-01870edcc464-agent2,0.0,1.0,-1.0,injected_unvalidated
full_memory,31,2,receiver_3,dbproc-06c28b92d681-agent1,1.0,1.0,0.0,injected_unvalidated
full_memory,31,2,receiver_3,dbproc-01870edcc464-agent1,1.0,1.0,0.0,injected_unvalidated
full_memory,31,2,receiver_3,dbproc-01870edcc464-agent2,0.0,1.0,-1.0,injected_unvalidated
retrieval,31,2,receiver_1,dbproc-01870edcc464-agent1,1.0,1.0,0.0,injected_unvalidated
retrieval,31,2,receiver_1,dbproc-01870edcc464-agent2,0.0,1.0,-1.0,injected_unvalidated
retrieval,31,2,receiver_1,dbproc-06c28b92d681-agent1,1.0,1.0,0.0,injected_unvalidated
retrieval,31,2,receiver_2,dbproc-01870edcc464-agent1,1.0,1.0,0.0,injected_unvalidated
retrieval,31,2,receiver_2,dbproc-01870edcc464-agent2,0.0,1.0,-1.0,injected_unvalidated
retrieval,31,2,receiver_2,dbproc-06c28b92d681-agent1,1.0,1.0,0.0,injected_unvalidated
retrieval,31,2,receiver_3,dbproc-01870edcc464-agent1,1.0,1.0,0.0,injected_unvalidated
retrieval,31,2,receiver_3,dbproc-01870edcc464-agent2,0.0,1.0,-1.0,injected_unvalidated
retrieval,31,2,receiver_3,dbproc-06c28b92d681-agent1,1.0,1.0,0.0,injected_unvalidated
full_memory,32,0,receiver_1,dbproc-01870edcc464-agent2,0.0,1.0,-1.0,injected_unvalidated
full_memory,32,0,receiver_1,dbproc-06c28b92d681-agent1,0.0,1.0,-1.0,injected_unvalidated
full_memory,32,0,receiver_1,dbproc-01870edcc464-agent4,0.0,1.0,-1.0,injected_unvalidated
full_memory,32,0,receiver_1,dbproc-01870edcc464-agent5,0.0,1.0,-1.0,injected_unvalidated
full_memory,32,0,receiver_2,dbproc-01870edcc464-agent2,0.0,1.0,-1.0,injected_unvalidated
full_memory,32,0,receiver_2,dbproc-06c28b92d681-agent1,1.0,1.0,0.0,injected_unvalidated
full_memory,32,0,receiver_2,dbproc-01870edcc464-agent4,0.0,1.0,-1.0,injected_unvalidated
full_memory,32,0,receiver_2,dbproc-01870edcc464-agent5,0.0,1.0,-1.0,injected_unvalidated
full_memory,32,0,receiver_3,dbproc-01870edcc464-agent2,1.0,1.0,0.0,injected_unvalidated
full_memory,32,0,receiver_3,dbproc-06c28b92d681-agent1,0.0,1.0,-1.0,injected_unvalidated
full_memory,32,0,receiver_3,dbproc-01870edcc464-agent4,0.0,1.0,-1.0,injected_unvalidated
full_memory,32,0,receiver_3,dbproc-01870edcc464-agent5,0.0,1.0,-1.0,injected_unvalidated
retrieval,32,0,receiver_1,dbproc-01870edcc464-agent2,0.0,1.0,-1.0,injected_unvalidated
retrieval,32,0,receiver_1,dbproc-01870edcc464-agent4,0.0,1.0,-1.0,injected_unvalidated
retrieval,32,0,receiver_1,dbproc-01870edcc464-agent5,0.0,1.0,-1.0,injected_unvalidated
retrieval,32,0,receiver_2,dbproc-01870edcc464-agent2,0.0,1.0,-1.0,injected_unvalidated
retrieval,32,0,receiver_2,dbproc-01870edcc464-agent4,0.0,1.0,-1.0,injected_unvalidated
retrieval,32,0,receiver_2,dbproc-01870edcc464-agent5,0.0,1.0,-1.0,injected_unvalidated
retrieval,32,0,receiver_3,dbproc-01870edcc464-agent2,1.0,1.0,0.0,injected_unvalidated
retrieval,32,0,receiver_3,dbproc-01870edcc464-agent4,0.0,1.0,-1.0,injected_unvalidated
retrieval,32,0,receiver_3,dbproc-01870edcc464-agent5,0.0,1.0,-1.0,injected_unvalidated
full_memory,32,1,receiver_1,dbproc-01870edcc464-agent1,0.0,0.0,0.0,injected_unvalidated
full_memory,32,1,receiver_1,dbproc-01870edcc464-agent3,1.0,0.0,1.0,validated
full_memory,32,1,receiver_1,dbproc-06c28b92d681-agent1,0.0,0.0,0.0,injected_unvalidated
full_memory,32,1,receiver_1,dbproc-01870edcc464-agent4,0.0,0.0,0.0,injected_unvalidated
full_memory,32,1,receiver_1,dbproc-01870edcc464-agent5,1.0,0.0,1.0,validated
full_memory,32,1,receiver_2,dbproc-01870edcc464-agent1,0.0,0.0,0.0,injected_unvalidated
full_memory,32,1,receiver_2,dbproc-01870edcc464-agent3,1.0,0.0,1.0,validated
full_memory,32,1,receiver_2,dbproc-06c28b92d681-agent1,1.0,0.0,1.0,validated
full_memory,32,1,receiver_2,dbproc-01870edcc464-agent4,0.0,0.0,0.0,injected_unvalidated
full_memory,32,1,receiver_2,dbproc-01870edcc464-agent5,1.0,0.0,1.0,validated
full_memory,32,1,receiver_3,dbproc-01870edcc464-agent1,0.0,0.0,0.0,injected_unvalidated
full_memory,32,1,receiver_3,dbproc-01870edcc464-agent3,1.0,0.0,1.0,validated
full_memory,32,1,receiver_3,dbproc-06c28b92d681-agent1,0.0,0.0,0.0,injected_unvalidated
full_memory,32,1,receiver_3,dbproc-01870edcc464-agent4,0.0,0.0,0.0,injected_unvalidated
full_memory,32,1,receiver_3,dbproc-01870edcc464-agent5,1.0,0.0,1.0,validated
retrieval,32,1,receiver_1,dbproc-01870edcc464-agent1,0.0,0.0,0.0,injected_unvalidated
retrieval,32,1,receiver_1,dbproc-01870edcc464-agent3,1.0,0.0,1.0,validated
retrieval,32,1,receiver_1,dbproc-01870edcc464-agent4,0.0,0.0,0.0,injected_unvalidated
retrieval,32,1,receiver_2,dbproc-01870edcc464-agent1,0.0,0.0,0.0,injected_unvalidated
retrieval,32,1,receiver_2,dbproc-01870edcc464-agent3,1.0,0.0,1.0,validated
retrieval,32,1,receiver_2,dbproc-01870edcc464-agent4,0.0,0.0,0.0,injected_unvalidated
retrieval,32,1,receiver_3,dbproc-01870edcc464-agent1,0.0,0.0,0.0,injected_unvalidated
retrieval,32,1,receiver_3,dbproc-01870edcc464-agent3,1.0,0.0,1.0,validated
retrieval,32,1,receiver_3,dbproc-01870edcc464-agent4,0.0,0.0,0.0,injected_unvalidated
smtr_uniform,32,1,receiver_1,dbproc-01870edcc464-agent5,1.0,0.0,1.0,validated
smtr_uniform,32,1,receiver_1,dbproc-01870edcc464-agent3,1.0,0.0,1.0,validated
smtr_uniform,32,1,receiver_1,dbproc-06c28b92d681-agent1,0.0,0.0,0.0,injected_unvalidated
smtr_uniform,32,1,receiver_2,dbproc-01870edcc464-agent5,1.0,0.0,1.0,validated
smtr_uniform,32,1,receiver_2,dbproc-01870edcc464-agent3,1.0,0.0,1.0,validated
smtr_uniform,32,1,receiver_2,dbproc-06c28b92d681-agent1,1.0,0.0,1.0,validated
smtr_uniform,32,1,receiver_3,dbproc-01870edcc464-agent5,1.0,0.0,1.0,validated
smtr_uniform,32,1,receiver_3,dbproc-01870edcc464-agent3,1.0,0.0,1.0,validated
smtr_uniform,32,1,receiver_3,dbproc-06c28b92d681-agent1,0.0,0.0,0.0,injected_unvalidated
smtr_receiver,32,1,receiver_1,dbproc-01870edcc464-agent5,1.0,0.0,1.0,validated
smtr_receiver,32,1,receiver_1,dbproc-01870edcc464-agent3,1.0,0.0,1.0,validated
smtr_receiver,32,1,receiver_2,dbproc-06c28b92d681-agent1,1.0,0.0,1.0,validated
smtr_receiver,32,1,receiver_2,dbproc-01870edcc464-agent5,1.0,0.0,1.0,validated
smtr_receiver,32,1,receiver_2,dbproc-01870edcc464-agent3,1.0,0.0,1.0,validated
smtr_receiver,32,1,receiver_3,dbproc-01870edcc464-agent5,1.0,0.0,1.0,validated
smtr_receiver,32,1,receiver_3,dbproc-01870edcc464-agent3,1.0,0.0,1.0,validated
full_memory,33,1,receiver_1,dbproc-01870edcc464-agent5,0.0,0.0,0.0,injected_unvalidated
full_memory,33,1,receiver_1,dbproc-01870edcc464-agent4,1.0,0.0,1.0,validated
full_memory,33,1,receiver_1,dbproc-01870edcc464-agent2,1.0,0.0,1.0,validated
full_memory,33,1,receiver_1,dbproc-06c28b92d681-agent1,0.0,0.0,0.0,injected_unvalidated
full_memory,33,1,receiver_1,dbproc-01870edcc464-agent3,0.0,0.0,0.0,injected_unvalidated
full_memory,33,1,receiver_2,dbproc-01870edcc464-agent5,0.0,0.0,0.0,injected_unvalidated
full_memory,33,1,receiver_2,dbproc-01870edcc464-agent4,1.0,0.0,1.0,validated
full_memory,33,1,receiver_2,dbproc-01870edcc464-agent2,0.0,0.0,0.0,injected_unvalidated
full_memory,33,1,receiver_2,dbproc-06c28b92d681-agent1,0.0,0.0,0.0,injected_unvalidated
full_memory,33,1,receiver_2,dbproc-01870edcc464-agent3,0.0,0.0,0.0,injected_unvalidated
full_memory,33,1,receiver_3,dbproc-01870edcc464-agent5,0.0,0.0,0.0,injected_unvalidated
full_memory,33,1,receiver_3,dbproc-01870edcc464-agent4,0.0,0.0,0.0,injected_unvalidated
full_memory,33,1,receiver_3,dbproc-01870edcc464-agent2,1.0,0.0,1.0,validated
full_memory,33,1,receiver_3,dbproc-06c28b92d681-agent1,0.0,0.0,0.0,injected_unvalidated
full_memory,33,1,receiver_3,dbproc-01870edcc464-agent3,0.0,0.0,0.0,injected_unvalidated
retrieval,33,1,receiver_1,dbproc-01870edcc464-agent2,1.0,0.0,1.0,validated
retrieval,33,1,receiver_1,dbproc-01870edcc464-agent3,0.0,0.0,0.0,injected_unvalidated
retrieval,33,1,receiver_1,dbproc-01870edcc464-agent4,1.0,0.0,1.0,validated
retrieval,33,1,receiver_2,dbproc-01870edcc464-agent2,0.0,0.0,0.0,injected_unvalidated
retrieval,33,1,receiver_2,dbproc-01870edcc464-agent3,0.0,0.0,0.0,injected_unvalidated
retrieval,33,1,receiver_2,dbproc-01870edcc464-agent4,1.0,0.0,1.0,validated
retrieval,33,1,receiver_3,dbproc-01870edcc464-agent2,1.0,0.0,1.0,validated
retrieval,33,1,receiver_3,dbproc-01870edcc464-agent3,0.0,0.0,0.0,injected_unvalidated
retrieval,33,1,receiver_3,dbproc-01870edcc464-agent4,0.0,0.0,0.0,injected_unvalidated
smtr_uniform,33,1,receiver_1,dbproc-01870edcc464-agent4,1.0,0.0,1.0,validated
smtr_uniform,33,1,receiver_1,dbproc-01870edcc464-agent2,1.0,0.0,1.0,validated
smtr_uniform,33,1,receiver_2,dbproc-01870edcc464-agent4,1.0,0.0,1.0,validated
smtr_uniform,33,1,receiver_2,dbproc-01870edcc464-agent2,0.0,0.0,0.0,injected_unvalidated
smtr_uniform,33,1,receiver_3,dbproc-01870edcc464-agent4,0.0,0.0,0.0,injected_unvalidated
smtr_uniform,33,1,receiver_3,dbproc-01870edcc464-agent2,1.0,0.0,1.0,validated
smtr_receiver,33,1,receiver_1,dbproc-01870edcc464-agent4,1.0,0.0,1.0,validated
smtr_receiver,33,1,receiver_1,dbproc-01870edcc464-agent2,1.0,0.0,1.0,validated
smtr_receiver,33,1,receiver_2,dbproc-01870edcc464-agent4,1.0,0.0,1.0,validated
smtr_receiver,33,1,receiver_3,dbproc-01870edcc464-agent2,1.0,0.0,1.0,validated
full_memory,33,2,receiver_1,dbproc-01870edcc464-agent1,0.0,0.0,0.0,injected_unvalidated
full_memory,33,2,receiver_1,dbproc-01870edcc464-agent5,0.0,0.0,0.0,injected_unvalidated
full_memory,33,2,receiver_1,dbproc-01870edcc464-agent4,0.0,0.0,0.0,injected_unvalidated
full_memory,33,2,receiver_1,dbproc-01870edcc464-agent2,0.0,0.0,0.0,injected_unvalidated
full_memory,33,2,receiver_1,dbproc-06c28b92d681-agent1,0.0,0.0,0.0,injected_unvalidated
full_memory,33,2,receiver_1,dbproc-01870edcc464-agent3,0.0,0.0,0.0,injected_unvalidated
full_memory,33,2,receiver_2,dbproc-01870edcc464-agent1,0.0,0.0,0.0,injected_unvalidated
full_memory,33,2,receiver_2,dbproc-01870edcc464-agent5,0.0,0.0,0.0,injected_unvalidated
full_memory,33,2,receiver_2,dbproc-01870edcc464-agent4,0.0,0.0,0.0,injected_unvalidated
full_memory,33,2,receiver_2,dbproc-01870edcc464-agent2,1.0,0.0,1.0,validated
full_memory,33,2,receiver_2,dbproc-06c28b92d681-agent1,0.0,0.0,0.0,injected_unvalidated
full_memory,33,2,receiver_2,dbproc-01870edcc464-agent3,0.0,0.0,0.0,injected_unvalidated
full_memory,33,2,receiver_3,dbproc-01870edcc464-agent1,0.0,0.0,0.0,injected_unvalidated
full_memory,33,2,receiver_3,dbproc-01870edcc464-agent5,0.0,0.0,0.0,injected_unvalidated
full_memory,33,2,receiver_3,dbproc-01870edcc464-agent4,0.0,0.0,0.0,injected_unvalidated
full_memory,33,2,receiver_3,dbproc-01870edcc464-agent2,0.0,1.0,-1.0,injected_unvalidated
full_memory,33,2,receiver_3,dbproc-06c28b92d681-agent1,0.0,0.0,0.0,injected_unvalidated
full_memory,33,2,receiver_3,dbproc-01870edcc464-agent3,0.0,0.0,0.0,injected_unvalidated
retrieval,33,2,receiver_1,dbproc-01870edcc464-agent1,0.0,0.0,0.0,injected_unvalidated
retrieval,33,2,receiver_1,dbproc-01870edcc464-agent2,0.0,0.0,0.0,injected_unvalidated
retrieval,33,2,receiver_1,dbproc-01870edcc464-agent3,0.0,0.0,0.0,injected_unvalidated
retrieval,33,2,receiver_2,dbproc-01870edcc464-agent1,0.0,0.0,0.0,injected_unvalidated
retrieval,33,2,receiver_2,dbproc-01870edcc464-agent2,1.0,0.0,1.0,validated
retrieval,33,2,receiver_2,dbproc-01870edcc464-agent3,0.0,0.0,0.0,injected_unvalidated
retrieval,33,2,receiver_3,dbproc-01870edcc464-agent1,0.0,0.0,0.0,injected_unvalidated
retrieval,33,2,receiver_3,dbproc-01870edcc464-agent2,0.0,1.0,-1.0,injected_unvalidated
retrieval,33,2,receiver_3,dbproc-01870edcc464-agent3,0.0,0.0,0.0,injected_unvalidated
smtr_receiver,33,2,receiver_2,dbproc-01870edcc464-agent2,1.0,0.0,1.0,validated
full_memory,34,0,receiver_1,dbproc-01870edcc464-agent1,0.0,0.0,0.0,injected_unvalidated
full_memory,34,0,receiver_1,dbproc-01870edcc464-agent2,0.0,0.0,0.0,injected_unvalidated
full_memory,34,0,receiver_1,dbproc-06c28b92d681-agent1,0.0,0.0,0.0,injected_unvalidated
full_memory,34,0,receiver_1,dbproc-01870edcc464-agent3,0.0,0.0,0.0,injected_unvalidated
full_memory,34,0,receiver_1,dbproc-01870edcc464-agent4,0.0,0.0,0.0,injected_unvalidated
full_memory,34,0,receiver_2,dbproc-01870edcc464-agent1,0.0,0.0,0.0,injected_unvalidated
full_memory,34,0,receiver_2,dbproc-01870edcc464-agent2,1.0,0.0,1.0,validated
full_memory,34,0,receiver_2,dbproc-06c28b92d681-agent1,0.0,0.0,0.0,injected_unvalidated
full_memory,34,0,receiver_2,dbproc-01870edcc464-agent3,0.0,0.0,0.0,injected_unvalidated
full_memory,34,0,receiver_2,dbproc-01870edcc464-agent4,0.0,0.0,0.0,injected_unvalidated
full_memory,34,0,receiver_3,dbproc-01870edcc464-agent1,1.0,0.0,1.0,validated
full_memory,34,0,receiver_3,dbproc-01870edcc464-agent2,0.0,0.0,0.0,injected_unvalidated
full_memory,34,0,receiver_3,dbproc-06c28b92d681-agent1,0.0,0.0,0.0,injected_unvalidated
full_memory,34,0,receiver_3,dbproc-01870edcc464-agent3,0.0,0.0,0.0,injected_unvalidated
full_memory,34,0,receiver_3,dbproc-01870edcc464-agent4,0.0,1.0,-1.0,injected_unvalidated
retrieval,34,0,receiver_1,dbproc-01870edcc464-agent1,0.0,0.0,0.0,injected_unvalidated
retrieval,34,0,receiver_1,dbproc-01870edcc464-agent2,0.0,0.0,0.0,injected_unvalidated
retrieval,34,0,receiver_1,dbproc-01870edcc464-agent3,0.0,0.0,0.0,injected_unvalidated
retrieval,34,0,receiver_2,dbproc-01870edcc464-agent1,0.0,0.0,0.0,injected_unvalidated
retrieval,34,0,receiver_2,dbproc-01870edcc464-agent2,1.0,0.0,1.0,validated
retrieval,34,0,receiver_2,dbproc-01870edcc464-agent3,0.0,0.0,0.0,injected_unvalidated
retrieval,34,0,receiver_3,dbproc-01870edcc464-agent1,1.0,0.0,1.0,validated
retrieval,34,0,receiver_3,dbproc-01870edcc464-agent2,0.0,0.0,0.0,injected_unvalidated
retrieval,34,0,receiver_3,dbproc-01870edcc464-agent3,0.0,0.0,0.0,injected_unvalidated
smtr_uniform,34,0,receiver_1,dbproc-01870edcc464-agent2,0.0,0.0,0.0,injected_unvalidated
smtr_uniform,34,0,receiver_1,dbproc-01870edcc464-agent1,0.0,0.0,0.0,injected_unvalidated
smtr_uniform,34,0,receiver_2,dbproc-01870edcc464-agent2,1.0,0.0,1.0,validated
smtr_uniform,34,0,receiver_2,dbproc-01870edcc464-agent1,0.0,0.0,0.0,injected_unvalidated
smtr_uniform,34,0,receiver_3,dbproc-01870edcc464-agent2,0.0,0.0,0.0,injected_unvalidated
smtr_uniform,34,0,receiver_3,dbproc-01870edcc464-agent1,1.0,0.0,1.0,validated
smtr_receiver,34,0,receiver_2,dbproc-01870edcc464-agent2,1.0,0.0,1.0,validated
smtr_receiver,34,0,receiver_3,dbproc-01870edcc464-agent1,1.0,0.0,1.0,validated
full_memory,34,1,receiver_1,dbproc-01870edcc464-agent1,0.0,0.0,0.0,injected_unvalidated
full_memory,34,1,receiver_1,dbproc-01870edcc464-agent2,0.0,0.0,0.0,injected_unvalidated
full_memory,34,1,receiver_1,dbproc-01870edcc464-agent5,0.0,0.0,0.0,injected_unvalidated
full_memory,34,1,receiver_1,dbproc-06c28b92d681-agent1,1.0,0.0,1.0,validated
full_memory,34,1,receiver_1,dbproc-01870edcc464-agent3,0.0,0.0,0.0,injected_unvalidated
full_memory,34,1,receiver_1,dbproc-01870edcc464-agent4,1.0,0.0,1.0,validated
full_memory,34,1,receiver_2,dbproc-01870edcc464-agent1,0.0,0.0,0.0,injected_unvalidated
full_memory,34,1,receiver_2,dbproc-01870edcc464-agent2,1.0,0.0,1.0,validated
full_memory,34,1,receiver_2,dbproc-01870edcc464-agent5,0.0,0.0,0.0,injected_unvalidated
full_memory,34,1,receiver_2,dbproc-06c28b92d681-agent1,1.0,0.0,1.0,validated
full_memory,34,1,receiver_2,dbproc-01870edcc464-agent3,0.0,0.0,0.0,injected_unvalidated
full_memory,34,1,receiver_2,dbproc-01870edcc464-agent4,1.0,0.0,1.0,validated
full_memory,34,1,receiver_3,dbproc-01870edcc464-agent1,1.0,0.0,1.0,validated
full_memory,34,1,receiver_3,dbproc-01870edcc464-agent2,0.0,0.0,0.0,injected_unvalidated
full_memory,34,1,receiver_3,dbproc-01870edcc464-agent5,0.0,0.0,0.0,injected_unvalidated
full_memory,34,1,receiver_3,dbproc-06c28b92d681-agent1,0.0,0.0,0.0,injected_unvalidated
full_memory,34,1,receiver_3,dbproc-01870edcc464-agent3,0.0,0.0,0.0,injected_unvalidated
full_memory,34,1,receiver_3,dbproc-01870edcc464-agent4,1.0,0.0,1.0,validated
retrieval,34,1,receiver_1,dbproc-01870edcc464-agent1,0.0,0.0,0.0,injected_unvalidated
retrieval,34,1,receiver_1,dbproc-01870edcc464-agent2,0.0,0.0,0.0,injected_unvalidated
retrieval,34,1,receiver_1,dbproc-01870edcc464-agent3,0.0,0.0,0.0,injected_unvalidated
retrieval,34,1,receiver_2,dbproc-01870edcc464-agent1,0.0,0.0,0.0,injected_unvalidated
retrieval,34,1,receiver_2,dbproc-01870edcc464-agent2,1.0,0.0,1.0,validated
retrieval,34,1,receiver_2,dbproc-01870edcc464-agent3,0.0,0.0,0.0,injected_unvalidated
retrieval,34,1,receiver_3,dbproc-01870edcc464-agent1,1.0,0.0,1.0,validated
retrieval,34,1,receiver_3,dbproc-01870edcc464-agent2,0.0,0.0,0.0,injected_unvalidated
retrieval,34,1,receiver_3,dbproc-01870edcc464-agent3,0.0,0.0,0.0,injected_unvalidated
smtr_uniform,34,1,receiver_1,dbproc-01870edcc464-agent4,1.0,0.0,1.0,validated
smtr_uniform,34,1,receiver_1,dbproc-06c28b92d681-agent1,1.0,0.0,1.0,validated
smtr_uniform,34,1,receiver_1,dbproc-01870edcc464-agent2,0.0,0.0,0.0,injected_unvalidated
smtr_uniform,34,1,receiver_2,dbproc-01870edcc464-agent4,1.0,0.0,1.0,validated
smtr_uniform,34,1,receiver_2,dbproc-06c28b92d681-agent1,1.0,0.0,1.0,validated
smtr_uniform,34,1,receiver_2,dbproc-01870edcc464-agent2,1.0,0.0,1.0,validated
smtr_uniform,34,1,receiver_3,dbproc-01870edcc464-agent4,1.0,0.0,1.0,validated
smtr_uniform,34,1,receiver_3,dbproc-06c28b92d681-agent1,0.0,0.0,0.0,injected_unvalidated
smtr_uniform,34,1,receiver_3,dbproc-01870edcc464-agent2,0.0,0.0,0.0,injected_unvalidated
smtr_receiver,34,1,receiver_1,dbproc-06c28b92d681-agent1,1.0,0.0,1.0,validated
smtr_receiver,34,1,receiver_1,dbproc-01870edcc464-agent4,1.0,0.0,1.0,validated
smtr_receiver,34,1,receiver_2,dbproc-06c28b92d681-agent1,1.0,0.0,1.0,validated
smtr_receiver,34,1,receiver_2,dbproc-01870edcc464-agent4,1.0,0.0,1.0,validated
smtr_receiver,34,1,receiver_2,dbproc-01870edcc464-agent2,1.0,0.0,1.0,validated
smtr_receiver,34,1,receiver_3,dbproc-01870edcc464-agent4,1.0,0.0,1.0,validated
smtr_receiver,34,1,receiver_3,dbproc-01870edcc464-agent1,1.0,0.0,1.0,validated
full_memory,34,2,receiver_1,dbproc-01870edcc464-agent1,0.0,0.0,0.0,injected_unvalidated
full_memory,34,2,receiver_1,dbproc-01870edcc464-agent2,1.0,0.0,1.0,validated
full_memory,34,2,receiver_1,dbproc-06c28b92d681-agent1,0.0,0.0,0.0,injected_unvalidated
full_memory,34,2,receiver_1,dbproc-01870edcc464-agent3,1.0,0.0,1.0,validated
full_memory,34,2,receiver_1,dbproc-01870edcc464-agent4,0.0,0.0,0.0,injected_unvalidated
full_memory,34,2,receiver_2,dbproc-01870edcc464-agent1,0.0,0.0,0.0,injected_unvalidated
full_memory,34,2,receiver_2,dbproc-01870edcc464-agent2,0.0,0.0,0.0,injected_unvalidated
full_memory,34,2,receiver_2,dbproc-06c28b92d681-agent1,0.0,0.0,0.0,injected_unvalidated
full_memory,34,2,receiver_2,dbproc-01870edcc464-agent3,1.0,0.0,1.0,validated
full_memory,34,2,receiver_2,dbproc-01870edcc464-agent4,0.0,0.0,0.0,injected_unvalidated
full_memory,34,2,receiver_3,dbproc-01870edcc464-agent1,1.0,0.0,1.0,validated
full_memory,34,2,receiver_3,dbproc-01870edcc464-agent2,1.0,0.0,1.0,validated
full_memory,34,2,receiver_3,dbproc-06c28b92d681-agent1,0.0,0.0,0.0,injected_unvalidated
full_memory,34,2,receiver_3,dbproc-01870edcc464-agent3,0.0,0.0,0.0,injected_unvalidated
full_memory,34,2,receiver_3,dbproc-01870edcc464-agent4,0.0,1.0,-1.0,injected_unvalidated
retrieval,34,2,receiver_1,dbproc-01870edcc464-agent1,0.0,0.0,0.0,injected_unvalidated
retrieval,34,2,receiver_1,dbproc-01870edcc464-agent2,1.0,0.0,1.0,validated
retrieval,34,2,receiver_1,dbproc-01870edcc464-agent3,1.0,0.0,1.0,validated
retrieval,34,2,receiver_2,dbproc-01870edcc464-agent1,0.0,0.0,0.0,injected_unvalidated
retrieval,34,2,receiver_2,dbproc-01870edcc464-agent2,0.0,0.0,0.0,injected_unvalidated
retrieval,34,2,receiver_2,dbproc-01870edcc464-agent3,1.0,0.0,1.0,validated
retrieval,34,2,receiver_3,dbproc-01870edcc464-agent1,1.0,0.0,1.0,validated
retrieval,34,2,receiver_3,dbproc-01870edcc464-agent2,1.0,0.0,1.0,validated
retrieval,34,2,receiver_3,dbproc-01870edcc464-agent3,0.0,0.0,0.0,injected_unvalidated
smtr_uniform,34,2,receiver_1,dbproc-01870edcc464-agent3,1.0,0.0,1.0,validated
smtr_uniform,34,2,receiver_1,dbproc-01870edcc464-agent2,1.0,0.0,1.0,validated
smtr_uniform,34,2,receiver_1,dbproc-01870edcc464-agent1,0.0,0.0,0.0,injected_unvalidated
smtr_uniform,34,2,receiver_2,dbproc-01870edcc464-agent3,1.0,0.0,1.0,validated
smtr_uniform,34,2,receiver_2,dbproc-01870edcc464-agent2,0.0,0.0,0.0,injected_unvalidated
smtr_uniform,34,2,receiver_2,dbproc-01870edcc464-agent1,0.0,0.0,0.0,injected_unvalidated
smtr_uniform,34,2,receiver_3,dbproc-01870edcc464-agent3,0.0,0.0,0.0,injected_unvalidated
smtr_uniform,34,2,receiver_3,dbproc-01870edcc464-agent2,1.0,0.0,1.0,validated
smtr_uniform,34,2,receiver_3,dbproc-01870edcc464-agent1,1.0,0.0,1.0,validated
smtr_receiver,34,2,receiver_1,dbproc-01870edcc464-agent3,1.0,0.0,1.0,validated
smtr_receiver,34,2,receiver_1,dbproc-01870edcc464-agent2,1.0,0.0,1.0,validated
smtr_receiver,34,2,receiver_2,dbproc-01870edcc464-agent3,1.0,0.0,1.0,validated
smtr_receiver,34,2,receiver_3,dbproc-01870edcc464-agent2,1.0,0.0,1.0,validated
smtr_receiver,34,2,receiver_3,dbproc-01870edcc464-agent1,1.0,0.0,1.0,validated
