task_id,agent,seed,edge_id,real_engine,success,evaluator,agents_audited,has_output,warnings
10,agent1,2,edge_f98ced5f2b15f446,True,True,marble_database_evaluate_task_db,7,True,OK
10,agent1,2,edge_1ee829f19aa39a81,False,False,marble_database_engine,0,False,real_engine_not_executed;outcome_failed;no_marble_output
10,agent1,2,edge_3a765b8c2c74dd77,False,False,marble_database_engine,0,False,real_engine_not_executed;outcome_failed;no_marble_output
10,agent1,2,edge_363f8ee521783824,True,False,marble_database_evaluate_task_db,7,True,outcome_failed
10,agent1,2,edge_9ecf8e5a9767eb78,False,False,marble_database_engine,0,False,real_engine_not_executed;outcome_failed;no_marble_output
10,agent1,2,edge_83a076f0e677fe62,False,False,marble_database_engine,0,False,real_engine_not_executed;outcome_failed;no_marble_output
10,agent1,1,edge_f98ced5f2b15f446,True,True,marble_database_evaluate_task_db,7,True,OK
10,agent1,1,edge_1ee829f19aa39a81,False,False,marble_database_engine,0,False,real_engine_not_executed;outcome_failed;no_marble_output
10,agent1,1,edge_3a765b8c2c74dd77,False,False,marble_database_engine,0,False,real_engine_not_executed;outcome_failed;no_marble_output
10,agent1,1,edge_363f8ee521783824,False,False,marble_database_engine,0,False,real_engine_not_executed;outcome_failed;no_marble_output
10,agent1,1,edge_9ecf8e5a9767eb78,True,False,marble_database_evaluate_task_db,7,True,outcome_failed
10,agent1,1,edge_83a076f0e677fe62,False,False,marble_database_engine,0,False,real_engine_not_executed;outcome_failed;no_marble_output
10,agent1,0,edge_f98ced5f2b15f446,True,False,marble_database_evaluate_task_db,7,True,outcome_failed
10,agent1,0,edge_1ee829f19aa39a81,True,True,marble_database_evaluate_task_db,7,True,OK
10,agent1,0,edge_3a765b8c2c74dd77,False,False,marble_database_engine,0,False,real_engine_not_executed;outcome_failed;no_marble_output
10,agent1,0,edge_363f8ee521783824,True,True,marble_database_evaluate_task_db,7,True,OK
10,agent1,0,edge_9ecf8e5a9767eb78,True,True,marble_database_evaluate_task_db,7,True,OK
10,agent1,0,edge_83a076f0e677fe62,False,False,marble_database_engine,0,False,real_engine_not_executed;outcome_failed;no_marble_output
100,agent1,2,edge_a3b256415cf0be55,False,False,marble_database_engine,0,False,real_engine_not_executed;outcome_failed;no_marble_output
100,agent1,2,edge_00b4f9984c35cd56,False,False,marble_database_engine,0,False,real_engine_not_executed;outcome_failed;no_marble_output
100,agent1,2,edge_dde9aefcb973776a,True,False,marble_database_evaluate_task_db,7,True,outcome_failed
100,agent1,2,edge_0283983030ae3098,True,False,marble_database_evaluate_task_db,7,True,outcome_failed
100,agent1,2,edge_457c5e3c1c95afd6,True,False,marble_database_evaluate_task_db,7,True,outcome_failed
100,agent1,2,edge_bfddde354a82faaa,False,False,marble_database_engine,0,False,real_engine_not_executed;outcome_failed;no_marble_output
100,agent1,1,edge_a3b256415cf0be55,False,False,marble_database_engine,0,False,real_engine_not_executed;outcome_failed;no_marble_output
100,agent1,1,edge_00b4f9984c35cd56,False,False,marble_database_engine,0,False,real_engine_not_executed;outcome_failed;no_marble_output
100,agent1,1,edge_dde9aefcb973776a,True,False,marble_database_evaluate_task_db,7,True,outcome_failed
100,agent1,1,edge_0283983030ae3098,False,False,marble_database_engine,0,False,real_engine_not_executed;outcome_failed;no_marble_output
100,agent1,1,edge_457c5e3c1c95afd6,True,False,marble_database_evaluate_task_db,7,True,outcome_failed
100,agent1,1,edge_bfddde354a82faaa,True,False,marble_database_evaluate_task_db,7,True,outcome_failed
100,agent1,0,edge_a3b256415cf0be55,True,False,marble_database_evaluate_task_db,7,True,outcome_failed
100,agent1,0,edge_00b4f9984c35cd56,True,False,marble_database_evaluate_task_db,7,True,outcome_failed
100,agent1,0,edge_dde9aefcb973776a,True,False,marble_database_evaluate_task_db,7,True,outcome_failed
100,agent1,0,edge_0283983030ae3098,True,False,marble_database_evaluate_task_db,7,True,outcome_failed
100,agent1,0,edge_457c5e3c1c95afd6,False,False,marble_database_engine,0,False,real_engine_not_executed;outcome_failed;no_marble_output
100,agent1,0,edge_bfddde354a82faaa,False,False,marble_database_engine,0,False,real_engine_not_executed;outcome_failed;no_marble_output
11,agent1,2,edge_d4357dbc4b6bcca9,True,False,marble_database_evaluate_task_db,7,True,outcome_failed
11,agent1,2,edge_29959705b1d83478,True,True,marble_database_evaluate_task_db,7,True,OK
11,agent1,2,edge_ec6a81d0e71f29c5,True,False,marble_database_evaluate_task_db,7,True,outcome_failed
11,agent1,2,edge_209dff9877034e14,True,False,marble_database_evaluate_task_db,7,True,outcome_failed
11,agent1,2,edge_70d2a8dc235c51a5,False,False,marble_database_engine,0,False,real_engine_not_executed;outcome_failed;no_marble_output
11,agent1,2,edge_91c9f50213c4aa24,True,False,marble_database_evaluate_task_db,7,True,outcome_failed
11,agent1,1,edge_d4357dbc4b6bcca9,True,False,marble_database_evaluate_task_db,7,True,outcome_failed
11,agent1,1,edge_29959705b1d83478,False,False,marble_database_engine,0,False,real_engine_not_executed;outcome_failed;no_marble_output
11,agent1,1,edge_ec6a81d0e71f29c5,False,False,marble_database_engine,0,False,real_engine_not_executed;outcome_failed;no_marble_output
11,agent1,1,edge_209dff9877034e14,False,False,marble_database_engine,0,False,real_engine_not_executed;outcome_failed;no_marble_output
11,agent1,1,edge_70d2a8dc235c51a5,True,False,marble_database_evaluate_task_db,7,True,outcome_failed
11,agent1,1,edge_91c9f50213c4aa24,True,False,marble_database_evaluate_task_db,7,True,outcome_failed
11,agent1,0,edge_d4357dbc4b6bcca9,False,False,marble_database_engine,0,False,real_engine_not_executed;outcome_failed;no_marble_output
11,agent1,0,edge_29959705b1d83478,False,False,marble_database_engine,0,False,real_engine_not_executed;outcome_failed;no_marble_output
11,agent1,0,edge_ec6a81d0e71f29c5,True,True,marble_database_evaluate_task_db,7,True,OK
11,agent1,0,edge_209dff9877034e14,False,False,marble_database_engine,0,False,real_engine_not_executed;outcome_failed;no_marble_output
11,agent1,0,edge_70d2a8dc235c51a5,False,False,marble_database_engine,0,False,real_engine_not_executed;outcome_failed;no_marble_output
11,agent1,0,edge_91c9f50213c4aa24,False,False,marble_database_engine,0,False,real_engine_not_executed;outcome_failed;no_marble_output
12,agent1,2,edge_7b46dfaa6e452bb3,False,False,marble_database_engine,0,False,real_engine_not_executed;outcome_failed;no_marble_output
12,agent1,2,edge_ef1b349cdcf5f17d,True,True,marble_database_evaluate_task_db,7,True,OK
12,agent1,2,edge_64cb9be54d1122da,True,True,marble_database_evaluate_task_db,7,True,OK
12,agent1,2,edge_85ee429873833326,True,True,marble_database_evaluate_task_db,7,True,OK
12,agent1,2,edge_542586db040bca0f,True,True,marble_database_evaluate_task_db,7,True,OK
12,agent1,2,edge_5a583806ec69e40d,True,True,marble_database_evaluate_task_db,7,True,OK
12,agent1,1,edge_7b46dfaa6e452bb3,False,False,marble_database_engine,0,False,real_engine_not_executed;outcome_failed;no_marble_output
12,agent1,1,edge_ef1b349cdcf5f17d,True,True,marble_database_evaluate_task_db,7,True,OK
12,agent1,1,edge_64cb9be54d1122da,True,True,marble_database_evaluate_task_db,7,True,OK
12,agent1,1,edge_85ee429873833326,True,True,marble_database_evaluate_task_db,7,True,OK
12,agent1,1,edge_542586db040bca0f,True,True,marble_database_evaluate_task_db,7,True,OK
12,agent1,1,edge_5a583806ec69e40d,True,True,marble_database_evaluate_task_db,7,True,OK
12,agent1,0,edge_7b46dfaa6e452bb3,True,True,marble_database_evaluate_task_db,7,True,OK
12,agent1,0,edge_ef1b349cdcf5f17d,True,True,marble_database_evaluate_task_db,7,True,OK
12,agent1,0,edge_64cb9be54d1122da,True,True,marble_database_evaluate_task_db,7,True,OK
12,agent1,0,edge_85ee429873833326,True,True,marble_database_evaluate_task_db,7,True,OK
12,agent1,0,edge_542586db040bca0f,True,True,marble_database_evaluate_task_db,7,True,OK
12,agent1,0,edge_5a583806ec69e40d,True,True,marble_database_evaluate_task_db,7,True,OK
13,agent1,2,edge_62c0d8c86262a038,True,True,marble_database_evaluate_task_db,7,True,OK
13,agent1,2,edge_3ed5fece42b28da9,False,False,marble_database_engine,0,False,real_engine_not_executed;outcome_failed;no_marble_output
13,agent1,2,edge_d740fab166b1e065,False,False,marble_database_engine,0,False,real_engine_not_executed;outcome_failed;no_marble_output
13,agent1,2,edge_4885c5031169effa,False,False,marble_database_engine,0,False,real_engine_not_executed;outcome_failed;no_marble_output
13,agent1,2,edge_12552e5da6066261,False,False,marble_database_engine,0,False,real_engine_not_executed;outcome_failed;no_marble_output
13,agent1,2,edge_863775ddd49e1cf0,False,False,marble_database_engine,0,False,real_engine_not_executed;outcome_failed;no_marble_output
13,agent1,1,edge_62c0d8c86262a038,False,False,marble_database_engine,0,False,real_engine_not_executed;outcome_failed;no_marble_output
13,agent1,1,edge_3ed5fece42b28da9,False,False,marble_database_engine,0,False,real_engine_not_executed;outcome_failed;no_marble_output
13,agent1,1,edge_d740fab166b1e065,True,True,marble_database_evaluate_task_db,7,True,OK
13,agent1,1,edge_4885c5031169effa,False,False,marble_database_engine,0,False,real_engine_not_executed;outcome_failed;no_marble_output
13,agent1,1,edge_12552e5da6066261,True,True,marble_database_evaluate_task_db,7,True,OK
13,agent1,1,edge_863775ddd49e1cf0,False,False,marble_database_engine,0,False,real_engine_not_executed;outcome_failed;no_marble_output
13,agent1,0,edge_62c0d8c86262a038,False,False,marble_database_engine,0,False,real_engine_not_executed;outcome_failed;no_marble_output
13,agent1,0,edge_3ed5fece42b28da9,True,True,marble_database_evaluate_task_db,7,True,OK
13,agent1,0,edge_d740fab166b1e065,True,True,marble_database_evaluate_task_db,7,True,OK
13,agent1,0,edge_4885c5031169effa,False,False,marble_database_engine,0,False,real_engine_not_executed;outcome_failed;no_marble_output
13,agent1,0,edge_12552e5da6066261,False,False,marble_database_engine,0,False,real_engine_not_executed;outcome_failed;no_marble_output
13,agent1,0,edge_863775ddd49e1cf0,False,False,marble_database_engine,0,False,real_engine_not_executed;outcome_failed;no_marble_output
14,agent1,2,edge_02cca25b26886d5e,False,False,marble_database_engine,0,False,real_engine_not_executed;outcome_failed;no_marble_output
14,agent1,2,edge_efe7c1b47c092356,True,True,marble_database_evaluate_task_db,7,True,OK
14,agent1,2,edge_f860ae6bec8e8b89,True,False,marble_database_evaluate_task_db,7,True,outcome_failed
14,agent1,2,edge_fe38cd7eafe61e45,True,False,marble_database_evaluate_task_db,7,True,outcome_failed
14,agent1,2,edge_553f2dcd0bdb4a8a,True,False,marble_database_evaluate_task_db,7,True,outcome_failed
14,agent1,2,edge_2fae9478326b008b,True,False,marble_database_evaluate_task_db,7,True,outcome_failed
14,agent1,1,edge_02cca25b26886d5e,True,False,marble_database_evaluate_task_db,7,True,outcome_failed
14,agent1,1,edge_efe7c1b47c092356,True,False,marble_database_evaluate_task_db,7,True,outcome_failed
14,agent1,1,edge_f860ae6bec8e8b89,True,False,marble_database_evaluate_task_db,7,True,outcome_failed
14,agent1,1,edge_fe38cd7eafe61e45,True,False,marble_database_evaluate_task_db,7,True,outcome_failed
14,agent1,1,edge_553f2dcd0bdb4a8a,True,False,marble_database_evaluate_task_db,7,True,outcome_failed
14,agent1,1,edge_2fae9478326b008b,True,False,marble_database_evaluate_task_db,7,True,outcome_failed
14,agent1,0,edge_02cca25b26886d5e,False,False,marble_database_engine,0,False,real_engine_not_executed;outcome_failed;no_marble_output
14,agent1,0,edge_efe7c1b47c092356,True,True,marble_database_evaluate_task_db,7,True,OK
14,agent1,0,edge_f860ae6bec8e8b89,False,False,marble_database_engine,0,False,real_engine_not_executed;outcome_failed;no_marble_output
14,agent1,0,edge_fe38cd7eafe61e45,False,False,marble_database_engine,0,False,real_engine_not_executed;outcome_failed;no_marble_output
14,agent1,0,edge_553f2dcd0bdb4a8a,False,False,marble_database_engine,0,False,real_engine_not_executed;outcome_failed;no_marble_output
14,agent1,0,edge_2fae9478326b008b,True,False,marble_database_evaluate_task_db,7,True,outcome_failed
16,agent1,2,edge_25de2fd419cdd4bd,True,True,marble_database_evaluate_task_db,7,True,OK
16,agent1,2,edge_6b52ab2a748fbac5,True,True,marble_database_evaluate_task_db,7,True,OK
16,agent1,2,edge_556c194697c66f51,True,True,marble_database_evaluate_task_db,7,True,OK
16,agent1,2,edge_a4983deaf8be5727,True,True,marble_database_evaluate_task_db,7,True,OK
16,agent1,2,edge_22cb5a8ab06fe21f,True,True,marble_database_evaluate_task_db,7,True,OK
16,agent1,2,edge_9cefbc7ec8900664,True,True,marble_database_evaluate_task_db,7,True,OK
16,agent1,1,edge_25de2fd419cdd4bd,True,True,marble_database_evaluate_task_db,7,True,OK
16,agent1,1,edge_6b52ab2a748fbac5,True,True,marble_database_evaluate_task_db,7,True,OK
16,agent1,1,edge_556c194697c66f51,True,True,marble_database_evaluate_task_db,7,True,OK
16,agent1,1,edge_a4983deaf8be5727,True,True,marble_database_evaluate_task_db,7,True,OK
16,agent1,1,edge_22cb5a8ab06fe21f,True,True,marble_database_evaluate_task_db,7,True,OK
16,agent1,1,edge_9cefbc7ec8900664,True,True,marble_database_evaluate_task_db,7,True,OK
16,agent1,0,edge_25de2fd419cdd4bd,False,False,marble_database_engine,0,False,real_engine_not_executed;outcome_failed;no_marble_output
16,agent1,0,edge_6b52ab2a748fbac5,True,True,marble_database_evaluate_task_db,7,True,OK
16,agent1,0,edge_556c194697c66f51,True,True,marble_database_evaluate_task_db,7,True,OK
16,agent1,0,edge_a4983deaf8be5727,True,True,marble_database_evaluate_task_db,7,True,OK
16,agent1,0,edge_22cb5a8ab06fe21f,True,True,marble_database_evaluate_task_db,7,True,OK
16,agent1,0,edge_9cefbc7ec8900664,True,True,marble_database_evaluate_task_db,7,True,OK
17,agent1,2,edge_f5bc841ab34631bc,True,False,marble_database_evaluate_task_db,7,True,outcome_failed
17,agent1,2,edge_0447b120a0666b13,False,False,marble_database_engine,0,False,real_engine_not_executed;outcome_failed;no_marble_output
17,agent1,2,edge_13a8223e94875fd8,True,False,marble_database_evaluate_task_db,7,True,outcome_failed
17,agent1,2,edge_6acc8366e328969e,True,False,marble_database_evaluate_task_db,7,True,outcome_failed
17,agent1,2,edge_a376e394ecfb8d35,True,False,marble_database_evaluate_task_db,7,True,outcome_failed
17,agent1,2,edge_49998350c92b5199,True,False,marble_database_evaluate_task_db,7,True,outcome_failed
17,agent1,1,edge_f5bc841ab34631bc,True,False,marble_database_evaluate_task_db,7,True,outcome_failed
17,agent1,1,edge_0447b120a0666b13,True,False,marble_database_evaluate_task_db,7,True,outcome_failed
17,agent1,1,edge_13a8223e94875fd8,False,False,marble_database_engine,0,False,real_engine_not_executed;outcome_failed;no_marble_output
17,agent1,1,edge_6acc8366e328969e,True,True,marble_database_evaluate_task_db,7,True,OK
17,agent1,1,edge_a376e394ecfb8d35,True,False,marble_database_evaluate_task_db,7,True,outcome_failed
17,agent1,1,edge_49998350c92b5199,False,False,marble_database_engine,0,False,real_engine_not_executed;outcome_failed;no_marble_output
17,agent1,0,edge_f5bc841ab34631bc,False,False,marble_database_engine,0,False,real_engine_not_executed;outcome_failed;no_marble_output
17,agent1,0,edge_0447b120a0666b13,True,False,marble_database_evaluate_task_db,7,True,outcome_failed
17,agent1,0,edge_13a8223e94875fd8,True,False,marble_database_evaluate_task_db,7,True,outcome_failed
17,agent1,0,edge_6acc8366e328969e,True,False,marble_database_evaluate_task_db,7,True,outcome_failed
17,agent1,0,edge_a376e394ecfb8d35,True,False,marble_database_evaluate_task_db,7,True,outcome_failed
17,agent1,0,edge_49998350c92b5199,False,False,marble_database_engine,0,False,real_engine_not_executed;outcome_failed;no_marble_output
19,agent1,2,edge_3517ea875eba4270,False,False,marble_database_engine,0,False,real_engine_not_executed;outcome_failed;no_marble_output
19,agent1,2,edge_baed06173236f16c,False,False,marble_database_engine,0,False,real_engine_not_executed;outcome_failed;no_marble_output
19,agent1,2,edge_569cb4b7645d7bb5,False,False,marble_database_engine,0,False,real_engine_not_executed;outcome_failed;no_marble_output
19,agent1,2,edge_f8e52dc0c53418fd,False,False,marble_database_engine,0,False,real_engine_not_executed;outcome_failed;no_marble_output
19,agent1,2,edge_3b78b4ba85a335cc,True,False,marble_database_evaluate_task_db,7,True,outcome_failed
19,agent1,2,edge_610b98dc48783b3a,True,False,marble_database_evaluate_task_db,7,True,outcome_failed
19,agent1,1,edge_3517ea875eba4270,True,True,marble_database_evaluate_task_db,7,True,OK
19,agent1,1,edge_baed06173236f16c,False,False,marble_database_engine,0,False,real_engine_not_executed;outcome_failed;no_marble_output
19,agent1,1,edge_569cb4b7645d7bb5,True,False,marble_database_evaluate_task_db,7,True,outcome_failed
19,agent1,1,edge_f8e52dc0c53418fd,True,False,marble_database_evaluate_task_db,7,True,outcome_failed
19,agent1,1,edge_3b78b4ba85a335cc,False,False,marble_database_engine,0,False,real_engine_not_executed;outcome_failed;no_marble_output
19,agent1,1,edge_610b98dc48783b3a,True,False,marble_database_evaluate_task_db,7,True,outcome_failed
19,agent1,0,edge_3517ea875eba4270,True,True,marble_database_evaluate_task_db,7,True,OK
19,agent1,0,edge_baed06173236f16c,True,False,marble_database_evaluate_task_db,7,True,outcome_failed
19,agent1,0,edge_569cb4b7645d7bb5,True,False,marble_database_evaluate_task_db,7,True,outcome_failed
19,agent1,0,edge_f8e52dc0c53418fd,True,False,marble_database_evaluate_task_db,7,True,outcome_failed
19,agent1,0,edge_3b78b4ba85a335cc,False,False,marble_database_engine,0,False,real_engine_not_executed;outcome_failed;no_marble_output
19,agent1,0,edge_610b98dc48783b3a,True,False,marble_database_evaluate_task_db,7,True,outcome_failed
2,agent1,2,edge_7a00f6432f202bfc,True,False,marble_database_evaluate_task_db,7,True,outcome_failed
2,agent1,2,edge_0c44636cf677029c,True,False,marble_database_evaluate_task_db,7,True,outcome_failed
2,agent1,2,edge_8e6a034df30a1e30,True,False,marble_database_evaluate_task_db,7,True,outcome_failed
2,agent1,2,edge_13bb2f8d5097a821,True,True,marble_database_evaluate_task_db,7,True,OK
2,agent1,2,edge_672f4b6a075f535a,True,False,marble_database_evaluate_task_db,7,True,outcome_failed
2,agent1,2,edge_9882122665f29432,True,False,marble_database_evaluate_task_db,7,True,outcome_failed
2,agent1,1,edge_7a00f6432f202bfc,False,False,marble_database_engine,0,False,real_engine_not_executed;outcome_failed;no_marble_output
2,agent1,1,edge_0c44636cf677029c,False,False,marble_database_engine,0,False,real_engine_not_executed;outcome_failed;no_marble_output
2,agent1,1,edge_8e6a034df30a1e30,True,False,marble_database_evaluate_task_db,7,True,outcome_failed
2,agent1,1,edge_13bb2f8d5097a821,False,False,marble_database_engine,0,False,real_engine_not_executed;outcome_failed;no_marble_output
2,agent1,1,edge_672f4b6a075f535a,True,False,marble_database_evaluate_task_db,7,True,outcome_failed
2,agent1,1,edge_9882122665f29432,True,True,marble_database_evaluate_task_db,7,True,OK
2,agent1,0,edge_7a00f6432f202bfc,True,False,marble_database_evaluate_task_db,7,True,outcome_failed
2,agent1,0,edge_0c44636cf677029c,False,False,marble_database_engine,0,False,real_engine_not_executed;outcome_failed;no_marble_output
2,agent1,0,edge_8e6a034df30a1e30,False,False,marble_database_engine,0,False,real_engine_not_executed;outcome_failed;no_marble_output
2,agent1,0,edge_13bb2f8d5097a821,True,False,marble_database_evaluate_task_db,7,True,outcome_failed
2,agent1,0,edge_672f4b6a075f535a,False,False,marble_database_engine,0,False,real_engine_not_executed;outcome_failed;no_marble_output
2,agent1,0,edge_9882122665f29432,True,False,marble_database_evaluate_task_db,7,True,outcome_failed
21,agent1,2,edge_b47d7aab492f6341,True,False,marble_database_evaluate_task_db,7,True,outcome_failed
21,agent1,2,edge_9ff2c4d81ac9056f,True,True,marble_database_evaluate_task_db,7,True,OK
21,agent1,2,edge_a4ad4e2912173bff,False,False,marble_database_engine,0,False,real_engine_not_executed;outcome_failed;no_marble_output
21,agent1,2,edge_c0a65b844e130f8a,True,False,marble_database_evaluate_task_db,7,True,outcome_failed
21,agent1,2,edge_1b45390a44c06d41,True,False,marble_database_evaluate_task_db,7,True,outcome_failed
21,agent1,2,edge_96472ccfda220632,True,False,marble_database_evaluate_task_db,7,True,outcome_failed
21,agent1,1,edge_b47d7aab492f6341,False,False,marble_database_engine,0,False,real_engine_not_executed;outcome_failed;no_marble_output
21,agent1,1,edge_9ff2c4d81ac9056f,True,False,marble_database_evaluate_task_db,7,True,outcome_failed
21,agent1,1,edge_a4ad4e2912173bff,False,False,marble_database_engine,0,False,real_engine_not_executed;outcome_failed;no_marble_output
21,agent1,1,edge_c0a65b844e130f8a,True,False,marble_database_evaluate_task_db,7,True,outcome_failed
21,agent1,1,edge_1b45390a44c06d41,True,False,marble_database_evaluate_task_db,7,True,outcome_failed
21,agent1,1,edge_96472ccfda220632,True,True,marble_database_evaluate_task_db,7,True,OK
21,agent1,0,edge_b47d7aab492f6341,False,False,marble_database_engine,0,False,real_engine_not_executed;outcome_failed;no_marble_output
21,agent1,0,edge_9ff2c4d81ac9056f,False,False,marble_database_engine,0,False,real_engine_not_executed;outcome_failed;no_marble_output
21,agent1,0,edge_a4ad4e2912173bff,False,False,marble_database_engine,0,False,real_engine_not_executed;outcome_failed;no_marble_output
21,agent1,0,edge_c0a65b844e130f8a,True,False,marble_database_evaluate_task_db,7,True,outcome_failed
21,agent1,0,edge_1b45390a44c06d41,False,False,marble_database_engine,0,False,real_engine_not_executed;outcome_failed;no_marble_output
21,agent1,0,edge_96472ccfda220632,False,False,marble_database_engine,0,False,real_engine_not_executed;outcome_failed;no_marble_output
22,agent1,2,edge_fedb561a34b0527d,True,True,marble_database_evaluate_task_db,7,True,OK
22,agent1,2,edge_aeac670f2bc60fa9,True,True,marble_database_evaluate_task_db,7,True,OK
22,agent1,2,edge_9eebf15eb9151bd3,True,True,marble_database_evaluate_task_db,7,True,OK
22,agent1,2,edge_42c77c88588899df,True,True,marble_database_evaluate_task_db,7,True,OK
22,agent1,2,edge_7ccb74f1d4387553,True,True,marble_database_evaluate_task_db,7,True,OK
22,agent1,2,edge_562fb44a879a3829,True,True,marble_database_evaluate_task_db,7,True,OK
22,agent1,1,edge_fedb561a34b0527d,False,False,marble_database_engine,0,False,real_engine_not_executed;outcome_failed;no_marble_output
22,agent1,1,edge_aeac670f2bc60fa9,True,True,marble_database_evaluate_task_db,7,True,OK
22,agent1,1,edge_9eebf15eb9151bd3,True,True,marble_database_evaluate_task_db,7,True,OK
22,agent1,1,edge_42c77c88588899df,True,True,marble_database_evaluate_task_db,7,True,OK
22,agent1,1,edge_7ccb74f1d4387553,True,True,marble_database_evaluate_task_db,7,True,OK
22,agent1,1,edge_562fb44a879a3829,True,True,marble_database_evaluate_task_db,7,True,OK
22,agent1,0,edge_fedb561a34b0527d,True,True,marble_database_evaluate_task_db,7,True,OK
22,agent1,0,edge_aeac670f2bc60fa9,False,False,marble_database_engine,0,False,real_engine_not_executed;outcome_failed;no_marble_output
22,agent1,0,edge_9eebf15eb9151bd3,True,True,marble_database_evaluate_task_db,7,True,OK
22,agent1,0,edge_42c77c88588899df,False,False,marble_database_engine,0,False,real_engine_not_executed;outcome_failed;no_marble_output
22,agent1,0,edge_7ccb74f1d4387553,True,True,marble_database_evaluate_task_db,7,True,OK
22,agent1,0,edge_562fb44a879a3829,True,True,marble_database_evaluate_task_db,7,True,OK
23,agent1,2,edge_485cb557f3edbc4f,True,False,marble_database_evaluate_task_db,7,True,outcome_failed
23,agent1,2,edge_f02af301d0133a0f,True,False,marble_database_evaluate_task_db,7,True,outcome_failed
23,agent1,2,edge_23fc3c4d4376dd09,True,True,marble_database_evaluate_task_db,7,True,OK
23,agent1,2,edge_a6acea7e0e25abc0,False,False,marble_database_engine,0,False,real_engine_not_executed;outcome_failed;no_marble_output
23,agent1,2,edge_96d214fc8e755347,True,False,marble_database_evaluate_task_db,7,True,outcome_failed
23,agent1,2,edge_3622cb29969cb9b1,True,True,marble_database_evaluate_task_db,7,True,OK
23,agent1,1,edge_485cb557f3edbc4f,True,True,marble_database_evaluate_task_db,7,True,OK
23,agent1,1,edge_f02af301d0133a0f,True,False,marble_database_evaluate_task_db,7,True,outcome_failed
23,agent1,1,edge_23fc3c4d4376dd09,True,True,marble_database_evaluate_task_db,7,True,OK
23,agent1,1,edge_a6acea7e0e25abc0,True,False,marble_database_evaluate_task_db,7,True,outcome_failed
23,agent1,1,edge_96d214fc8e755347,True,False,marble_database_evaluate_task_db,7,True,outcome_failed
23,agent1,1,edge_3622cb29969cb9b1,True,False,marble_database_evaluate_task_db,7,True,outcome_failed
23,agent1,0,edge_485cb557f3edbc4f,False,False,marble_database_engine,0,False,real_engine_not_executed;outcome_failed;no_marble_output
23,agent1,0,edge_f02af301d0133a0f,False,False,marble_database_engine,0,False,real_engine_not_executed;outcome_failed;no_marble_output
23,agent1,0,edge_23fc3c4d4376dd09,True,False,marble_database_evaluate_task_db,7,True,outcome_failed
23,agent1,0,edge_a6acea7e0e25abc0,True,False,marble_database_evaluate_task_db,7,True,outcome_failed
23,agent1,0,edge_96d214fc8e755347,True,True,marble_database_evaluate_task_db,7,True,OK
23,agent1,0,edge_3622cb29969cb9b1,True,False,marble_database_evaluate_task_db,7,True,outcome_failed
24,agent1,2,edge_a1dd61d82bf0dd22,True,False,marble_database_evaluate_task_db,7,True,outcome_failed
24,agent1,2,edge_457ef029668b9cf7,True,False,marble_database_evaluate_task_db,7,True,outcome_failed
24,agent1,2,edge_1d057eba37c3fbf6,True,False,marble_database_evaluate_task_db,7,True,outcome_failed
24,agent1,2,edge_aae099ea7c177738,True,False,marble_database_evaluate_task_db,7,True,outcome_failed
24,agent1,2,edge_5be0d3d8a977db98,True,False,marble_database_evaluate_task_db,7,True,outcome_failed
24,agent1,2,edge_c6a68db7da3294e8,True,False,marble_database_evaluate_task_db,7,True,outcome_failed
24,agent1,1,edge_a1dd61d82bf0dd22,True,True,marble_database_evaluate_task_db,7,True,OK
24,agent1,1,edge_457ef029668b9cf7,False,False,marble_database_engine,0,False,real_engine_not_executed;outcome_failed;no_marble_output
24,agent1,1,edge_1d057eba37c3fbf6,True,False,marble_database_evaluate_task_db,7,True,outcome_failed
24,agent1,1,edge_aae099ea7c177738,True,False,marble_database_evaluate_task_db,7,True,outcome_failed
24,agent1,1,edge_5be0d3d8a977db98,True,False,marble_database_evaluate_task_db,7,True,outcome_failed
24,agent1,1,edge_c6a68db7da3294e8,True,True,marble_database_evaluate_task_db,7,True,OK
24,agent1,0,edge_a1dd61d82bf0dd22,True,False,marble_database_evaluate_task_db,7,True,outcome_failed
24,agent1,0,edge_457ef029668b9cf7,True,False,marble_database_evaluate_task_db,7,True,outcome_failed
24,agent1,0,edge_1d057eba37c3fbf6,True,False,marble_database_evaluate_task_db,7,True,outcome_failed
24,agent1,0,edge_aae099ea7c177738,True,False,marble_database_evaluate_task_db,7,True,outcome_failed
24,agent1,0,edge_5be0d3d8a977db98,True,True,marble_database_evaluate_task_db,7,True,OK
24,agent1,0,edge_c6a68db7da3294e8,True,False,marble_database_evaluate_task_db,7,True,outcome_failed
25,agent1,2,edge_0755d7fa2b70d18a,True,False,marble_database_evaluate_task_db,7,True,outcome_failed
25,agent1,2,edge_312c982d607ca94e,False,False,marble_database_engine,0,False,real_engine_not_executed;outcome_failed;no_marble_output
25,agent1,2,edge_647f21dc89e9311b,True,True,marble_database_evaluate_task_db,7,True,OK
25,agent1,2,edge_8f3ffd6257556a60,True,False,marble_database_evaluate_task_db,7,True,outcome_failed
25,agent1,2,edge_73bb20dbe06b714d,True,False,marble_database_evaluate_task_db,7,True,outcome_failed
25,agent1,2,edge_a4ed7717ddcf4c29,True,False,marble_database_evaluate_task_db,7,True,outcome_failed
25,agent1,1,edge_0755d7fa2b70d18a,True,False,marble_database_evaluate_task_db,7,True,outcome_failed
25,agent1,1,edge_312c982d607ca94e,True,True,marble_database_evaluate_task_db,7,True,OK
25,agent1,1,edge_647f21dc89e9311b,True,False,marble_database_evaluate_task_db,7,True,outcome_failed
25,agent1,1,edge_8f3ffd6257556a60,True,False,marble_database_evaluate_task_db,7,True,outcome_failed
25,agent1,1,edge_73bb20dbe06b714d,True,False,marble_database_evaluate_task_db,7,True,outcome_failed
25,agent1,1,edge_a4ed7717ddcf4c29,True,False,marble_database_evaluate_task_db,7,True,outcome_failed
25,agent1,0,edge_0755d7fa2b70d18a,True,False,marble_database_evaluate_task_db,7,True,outcome_failed
25,agent1,0,edge_312c982d607ca94e,True,False,marble_database_evaluate_task_db,7,True,outcome_failed
25,agent1,0,edge_647f21dc89e9311b,True,True,marble_database_evaluate_task_db,7,True,OK
25,agent1,0,edge_8f3ffd6257556a60,False,False,marble_database_engine,0,False,real_engine_not_executed;outcome_failed;no_marble_output
25,agent1,0,edge_73bb20dbe06b714d,True,False,marble_database_evaluate_task_db,7,True,outcome_failed
25,agent1,0,edge_a4ed7717ddcf4c29,True,False,marble_database_evaluate_task_db,7,True,outcome_failed
26,agent1,2,edge_3d54e53473727ec4,True,True,marble_database_evaluate_task_db,7,True,OK
26,agent1,2,edge_c697e4c2a045ca52,True,True,marble_database_evaluate_task_db,7,True,OK
26,agent1,2,edge_79c38bb63272bf19,True,True,marble_database_evaluate_task_db,7,True,OK
26,agent1,2,edge_12a3f23eda78c951,True,True,marble_database_evaluate_task_db,7,True,OK
26,agent1,2,edge_7a5e2d35a51f4c87,True,True,marble_database_evaluate_task_db,7,True,OK
26,agent1,2,edge_3fdcabb08166917d,True,True,marble_database_evaluate_task_db,7,True,OK
26,agent1,1,edge_3d54e53473727ec4,True,True,marble_database_evaluate_task_db,7,True,OK
26,agent1,1,edge_c697e4c2a045ca52,True,True,marble_database_evaluate_task_db,7,True,OK
26,agent1,1,edge_79c38bb63272bf19,True,True,marble_database_evaluate_task_db,7,True,OK
26,agent1,1,edge_12a3f23eda78c951,True,True,marble_database_evaluate_task_db,7,True,OK
26,agent1,1,edge_7a5e2d35a51f4c87,True,False,marble_database_evaluate_task_db,7,True,outcome_failed
26,agent1,1,edge_3fdcabb08166917d,True,True,marble_database_evaluate_task_db,7,True,OK
26,agent1,0,edge_3d54e53473727ec4,True,True,marble_database_evaluate_task_db,7,True,OK
26,agent1,0,edge_c697e4c2a045ca52,True,True,marble_database_evaluate_task_db,7,True,OK
26,agent1,0,edge_79c38bb63272bf19,True,True,marble_database_evaluate_task_db,7,True,OK
26,agent1,0,edge_12a3f23eda78c951,True,True,marble_database_evaluate_task_db,7,True,OK
26,agent1,0,edge_7a5e2d35a51f4c87,True,True,marble_database_evaluate_task_db,7,True,OK
26,agent1,0,edge_3fdcabb08166917d,True,True,marble_database_evaluate_task_db,7,True,OK
27,agent1,2,edge_54328d60c1dc55ef,False,False,marble_database_engine,0,False,real_engine_not_executed;outcome_failed;no_marble_output
27,agent1,2,edge_3ad6ec69928deb89,True,True,marble_database_evaluate_task_db,7,True,OK
27,agent1,2,edge_311a805c77c84085,True,True,marble_database_evaluate_task_db,7,True,OK
27,agent1,2,edge_53b220a20cd46bfc,True,True,marble_database_evaluate_task_db,7,True,OK
27,agent1,2,edge_70c2e59f4fc21e4e,True,True,marble_database_evaluate_task_db,7,True,OK
27,agent1,2,edge_7f60bca278233a80,False,False,marble_database_engine,0,False,real_engine_not_executed;outcome_failed;no_marble_output
27,agent1,1,edge_54328d60c1dc55ef,True,True,marble_database_evaluate_task_db,7,True,OK
27,agent1,1,edge_3ad6ec69928deb89,True,True,marble_database_evaluate_task_db,7,True,OK
27,agent1,1,edge_311a805c77c84085,True,True,marble_database_evaluate_task_db,7,True,OK
27,agent1,1,edge_53b220a20cd46bfc,False,False,marble_database_engine,0,False,real_engine_not_executed;outcome_failed;no_marble_output
27,agent1,1,edge_70c2e59f4fc21e4e,True,True,marble_database_evaluate_task_db,7,True,OK
27,agent1,1,edge_7f60bca278233a80,True,True,marble_database_evaluate_task_db,7,True,OK
27,agent1,0,edge_54328d60c1dc55ef,True,True,marble_database_evaluate_task_db,7,True,OK
27,agent1,0,edge_3ad6ec69928deb89,True,True,marble_database_evaluate_task_db,7,True,OK
27,agent1,0,edge_311a805c77c84085,True,True,marble_database_evaluate_task_db,7,True,OK
27,agent1,0,edge_53b220a20cd46bfc,True,True,marble_database_evaluate_task_db,7,True,OK
27,agent1,0,edge_70c2e59f4fc21e4e,True,True,marble_database_evaluate_task_db,7,True,OK
27,agent1,0,edge_7f60bca278233a80,False,False,marble_database_engine,0,False,real_engine_not_executed;outcome_failed;no_marble_output
28,agent1,2,edge_0b0a244d21e8bae8,True,True,marble_database_evaluate_task_db,7,True,OK
28,agent1,2,edge_6cfdb5e57ade8da0,False,False,marble_database_engine,0,False,real_engine_not_executed;outcome_failed;no_marble_output
28,agent1,2,edge_ba95392b04a1d243,True,True,marble_database_evaluate_task_db,7,True,OK
28,agent1,2,edge_d284f52e04bf284c,True,True,marble_database_evaluate_task_db,7,True,OK
28,agent1,2,edge_5bb37e57b8fc93b9,False,False,marble_database_engine,0,False,real_engine_not_executed;outcome_failed;no_marble_output
28,agent1,2,edge_4c17768473ae120b,True,True,marble_database_evaluate_task_db,7,True,OK
28,agent1,1,edge_0b0a244d21e8bae8,True,True,marble_database_evaluate_task_db,7,True,OK
28,agent1,1,edge_6cfdb5e57ade8da0,True,True,marble_database_evaluate_task_db,7,True,OK
28,agent1,1,edge_ba95392b04a1d243,False,False,marble_database_engine,0,False,real_engine_not_executed;outcome_failed;no_marble_output
28,agent1,1,edge_d284f52e04bf284c,True,True,marble_database_evaluate_task_db,7,True,OK
28,agent1,1,edge_5bb37e57b8fc93b9,True,True,marble_database_evaluate_task_db,7,True,OK
28,agent1,1,edge_4c17768473ae120b,True,True,marble_database_evaluate_task_db,7,True,OK
28,agent1,0,edge_0b0a244d21e8bae8,False,False,marble_database_engine,0,False,real_engine_not_executed;outcome_failed;no_marble_output
28,agent1,0,edge_6cfdb5e57ade8da0,True,True,marble_database_evaluate_task_db,7,True,OK
28,agent1,0,edge_ba95392b04a1d243,True,True,marble_database_evaluate_task_db,7,True,OK
28,agent1,0,edge_d284f52e04bf284c,False,False,marble_database_engine,0,False,real_engine_not_executed;outcome_failed;no_marble_output
28,agent1,0,edge_5bb37e57b8fc93b9,True,True,marble_database_evaluate_task_db,7,True,OK
28,agent1,0,edge_4c17768473ae120b,False,False,marble_database_engine,0,False,real_engine_not_executed;outcome_failed;no_marble_output
29,agent1,2,edge_2b27519b88fe075e,True,False,marble_database_evaluate_task_db,7,True,outcome_failed
29,agent1,2,edge_072580dbb1f4eca8,True,False,marble_database_evaluate_task_db,7,True,outcome_failed
29,agent1,2,edge_8b7faa7dafa019ab,True,True,marble_database_evaluate_task_db,7,True,OK
29,agent1,2,edge_636e255e218f1cf2,True,False,marble_database_evaluate_task_db,7,True,outcome_failed
29,agent1,2,edge_5d4b070b29816071,False,False,marble_database_engine,0,False,real_engine_not_executed;outcome_failed;no_marble_output
29,agent1,2,edge_da4b46d1db2950a5,True,False,marble_database_evaluate_task_db,7,True,outcome_failed
29,agent1,1,edge_2b27519b88fe075e,True,False,marble_database_evaluate_task_db,7,True,outcome_failed
29,agent1,1,edge_072580dbb1f4eca8,True,False,marble_database_evaluate_task_db,7,True,outcome_failed
29,agent1,1,edge_8b7faa7dafa019ab,True,False,marble_database_evaluate_task_db,7,True,outcome_failed
29,agent1,1,edge_636e255e218f1cf2,True,False,marble_database_evaluate_task_db,7,True,outcome_failed
29,agent1,1,edge_5d4b070b29816071,True,False,marble_database_evaluate_task_db,7,True,outcome_failed
29,agent1,1,edge_da4b46d1db2950a5,True,False,marble_database_evaluate_task_db,7,True,outcome_failed
29,agent1,0,edge_2b27519b88fe075e,True,True,marble_database_evaluate_task_db,7,True,OK
29,agent1,0,edge_072580dbb1f4eca8,True,False,marble_database_evaluate_task_db,7,True,outcome_failed
29,agent1,0,edge_8b7faa7dafa019ab,False,False,marble_database_engine,0,False,real_engine_not_executed;outcome_failed;no_marble_output
29,agent1,0,edge_636e255e218f1cf2,True,False,marble_database_evaluate_task_db,7,True,outcome_failed
29,agent1,0,edge_5d4b070b29816071,True,False,marble_database_evaluate_task_db,7,True,outcome_failed
29,agent1,0,edge_da4b46d1db2950a5,True,False,marble_database_evaluate_task_db,7,True,outcome_failed
3,agent1,2,edge_f70c4e6612925248,True,False,marble_database_evaluate_task_db,7,True,outcome_failed
3,agent1,2,edge_6fbe233a65c8386f,False,False,marble_database_engine,0,False,real_engine_not_executed;outcome_failed;no_marble_output
3,agent1,2,edge_c94b156be01c2e5d,True,False,marble_database_evaluate_task_db,7,True,outcome_failed
3,agent1,2,edge_69137daf3b3f0696,True,False,marble_database_evaluate_task_db,7,True,outcome_failed
3,agent1,2,edge_4353e9aa5b2a1000,False,False,marble_database_engine,0,False,real_engine_not_executed;outcome_failed;no_marble_output
3,agent1,2,edge_a451aed582b6f0b3,True,False,marble_database_evaluate_task_db,7,True,outcome_failed
3,agent1,1,edge_f70c4e6612925248,True,False,marble_database_evaluate_task_db,7,True,outcome_failed
3,agent1,1,edge_6fbe233a65c8386f,True,False,marble_database_evaluate_task_db,7,True,outcome_failed
3,agent1,1,edge_c94b156be01c2e5d,True,True,marble_database_evaluate_task_db,7,True,OK
3,agent1,1,edge_69137daf3b3f0696,True,False,marble_database_evaluate_task_db,7,True,outcome_failed
3,agent1,1,edge_4353e9aa5b2a1000,False,False,marble_database_engine,0,False,real_engine_not_executed;outcome_failed;no_marble_output
3,agent1,1,edge_a451aed582b6f0b3,True,False,marble_database_evaluate_task_db,7,True,outcome_failed
3,agent1,0,edge_f70c4e6612925248,True,False,marble_database_evaluate_task_db,7,True,outcome_failed
3,agent1,0,edge_6fbe233a65c8386f,True,False,marble_database_evaluate_task_db,7,True,outcome_failed
3,agent1,0,edge_c94b156be01c2e5d,True,True,marble_database_evaluate_task_db,7,True,OK
3,agent1,0,edge_69137daf3b3f0696,True,False,marble_database_evaluate_task_db,7,True,outcome_failed
3,agent1,0,edge_4353e9aa5b2a1000,True,False,marble_database_evaluate_task_db,7,True,outcome_failed
3,agent1,0,edge_a451aed582b6f0b3,True,False,marble_database_evaluate_task_db,7,True,outcome_failed
30,agent1,2,edge_e3d6497ecbd12283,False,False,marble_database_engine,0,False,real_engine_not_executed;outcome_failed;no_marble_output
30,agent1,2,edge_fe06ebdcad437be1,True,True,marble_database_evaluate_task_db,7,True,OK
30,agent1,2,edge_70e9c87af507927f,True,True,marble_database_evaluate_task_db,7,True,OK
30,agent1,2,edge_9ef108730e03ae1b,False,False,marble_database_engine,0,False,real_engine_not_executed;outcome_failed;no_marble_output
30,agent1,2,edge_004911a1f9fb93dc,True,True,marble_database_evaluate_task_db,7,True,OK
30,agent1,2,edge_e50e1e66a6c86cef,True,True,marble_database_evaluate_task_db,7,True,OK
30,agent1,1,edge_e3d6497ecbd12283,False,False,marble_database_engine,0,False,real_engine_not_executed;outcome_failed;no_marble_output
30,agent1,1,edge_fe06ebdcad437be1,True,True,marble_database_evaluate_task_db,7,True,OK
30,agent1,1,edge_70e9c87af507927f,False,False,marble_database_engine,0,False,real_engine_not_executed;outcome_failed;no_marble_output
30,agent1,1,edge_9ef108730e03ae1b,False,False,marble_database_engine,0,False,real_engine_not_executed;outcome_failed;no_marble_output
30,agent1,1,edge_004911a1f9fb93dc,False,False,marble_database_engine,0,False,real_engine_not_executed;outcome_failed;no_marble_output
30,agent1,1,edge_e50e1e66a6c86cef,False,False,marble_database_engine,0,False,real_engine_not_executed;outcome_failed;no_marble_output
30,agent1,0,edge_e3d6497ecbd12283,True,True,marble_database_evaluate_task_db,7,True,OK
30,agent1,0,edge_fe06ebdcad437be1,True,True,marble_database_evaluate_task_db,7,True,OK
30,agent1,0,edge_70e9c87af507927f,True,True,marble_database_evaluate_task_db,7,True,OK
30,agent1,0,edge_9ef108730e03ae1b,True,True,marble_database_evaluate_task_db,7,True,OK
30,agent1,0,edge_004911a1f9fb93dc,False,False,marble_database_engine,0,False,real_engine_not_executed;outcome_failed;no_marble_output
30,agent1,0,edge_e50e1e66a6c86cef,True,True,marble_database_evaluate_task_db,7,True,OK
31,agent1,2,edge_9411b744a4535481,False,False,marble_database_engine,0,False,real_engine_not_executed;outcome_failed;no_marble_output
31,agent1,2,edge_ac154adcd260e923,False,False,marble_database_engine,0,False,real_engine_not_executed;outcome_failed;no_marble_output
31,agent1,2,edge_32f330d6279cb2ac,True,True,marble_database_evaluate_task_db,7,True,OK
31,agent1,2,edge_611a6dc83ce005fa,True,False,marble_database_evaluate_task_db,7,True,outcome_failed
31,agent1,2,edge_9759873702305b9e,True,True,marble_database_evaluate_task_db,7,True,OK
31,agent1,2,edge_e58dda3d28a81620,False,False,marble_database_engine,0,False,real_engine_not_executed;outcome_failed;no_marble_output
31,agent1,1,edge_9411b744a4535481,True,False,marble_database_evaluate_task_db,7,True,outcome_failed
31,agent1,1,edge_ac154adcd260e923,True,False,marble_database_evaluate_task_db,7,True,outcome_failed
31,agent1,1,edge_32f330d6279cb2ac,True,False,marble_database_evaluate_task_db,7,True,outcome_failed
31,agent1,1,edge_611a6dc83ce005fa,True,False,marble_database_evaluate_task_db,7,True,outcome_failed
31,agent1,1,edge_9759873702305b9e,True,False,marble_database_evaluate_task_db,7,True,outcome_failed
31,agent1,1,edge_e58dda3d28a81620,False,False,marble_database_engine,0,False,real_engine_not_executed;outcome_failed;no_marble_output
31,agent1,0,edge_9411b744a4535481,True,False,marble_database_evaluate_task_db,7,True,outcome_failed
31,agent1,0,edge_ac154adcd260e923,True,False,marble_database_evaluate_task_db,7,True,outcome_failed
31,agent1,0,edge_32f330d6279cb2ac,True,False,marble_database_evaluate_task_db,7,True,outcome_failed
31,agent1,0,edge_611a6dc83ce005fa,True,False,marble_database_evaluate_task_db,7,True,outcome_failed
31,agent1,0,edge_9759873702305b9e,True,False,marble_database_evaluate_task_db,7,True,outcome_failed
31,agent1,0,edge_e58dda3d28a81620,True,False,marble_database_evaluate_task_db,7,True,outcome_failed
32,agent1,2,edge_d96db3fdb5cf9ce7,False,False,marble_database_engine,0,False,real_engine_not_executed;outcome_failed;no_marble_output
32,agent1,2,edge_e05a957c624f8fce,False,False,marble_database_engine,0,False,real_engine_not_executed;outcome_failed;no_marble_output
32,agent1,2,edge_20bdd71dc13170a9,False,False,marble_database_engine,0,False,real_engine_not_executed;outcome_failed;no_marble_output
32,agent1,2,edge_07b0f8360ddf6e8a,True,False,marble_database_evaluate_task_db,7,True,outcome_failed
32,agent1,2,edge_918fe503cbdb87c8,True,False,marble_database_evaluate_task_db,7,True,outcome_failed
32,agent1,2,edge_355058495ddc888d,True,False,marble_database_evaluate_task_db,7,True,outcome_failed
32,agent1,1,edge_d96db3fdb5cf9ce7,False,False,marble_database_engine,0,False,real_engine_not_executed;outcome_failed;no_marble_output
32,agent1,1,edge_e05a957c624f8fce,True,False,marble_database_evaluate_task_db,7,True,outcome_failed
32,agent1,1,edge_20bdd71dc13170a9,True,False,marble_database_evaluate_task_db,7,True,outcome_failed
32,agent1,1,edge_07b0f8360ddf6e8a,True,True,marble_database_evaluate_task_db,7,True,OK
32,agent1,1,edge_918fe503cbdb87c8,True,False,marble_database_evaluate_task_db,7,True,outcome_failed
32,agent1,1,edge_355058495ddc888d,True,True,marble_database_evaluate_task_db,7,True,OK
32,agent1,0,edge_d96db3fdb5cf9ce7,True,False,marble_database_evaluate_task_db,7,True,outcome_failed
32,agent1,0,edge_e05a957c624f8fce,True,False,marble_database_evaluate_task_db,7,True,outcome_failed
32,agent1,0,edge_20bdd71dc13170a9,True,False,marble_database_evaluate_task_db,7,True,outcome_failed
32,agent1,0,edge_07b0f8360ddf6e8a,True,False,marble_database_evaluate_task_db,7,True,outcome_failed
32,agent1,0,edge_918fe503cbdb87c8,False,False,marble_database_engine,0,False,real_engine_not_executed;outcome_failed;no_marble_output
32,agent1,0,edge_355058495ddc888d,False,False,marble_database_engine,0,False,real_engine_not_executed;outcome_failed;no_marble_output
33,agent1,2,edge_97b973db60616d8b,True,False,marble_database_evaluate_task_db,7,True,outcome_failed
33,agent1,2,edge_b8b6d91783e34008,True,False,marble_database_evaluate_task_db,7,True,outcome_failed
33,agent1,2,edge_209d7f425e9ed618,True,False,marble_database_evaluate_task_db,7,True,outcome_failed
33,agent1,2,edge_bb0bfcd6091baac5,True,False,marble_database_evaluate_task_db,7,True,outcome_failed
33,agent1,2,edge_bec9bd94d17755d8,True,False,marble_database_evaluate_task_db,7,True,outcome_failed
33,agent1,2,edge_dbb4842824105eb9,True,False,marble_database_evaluate_task_db,7,True,outcome_failed
33,agent1,1,edge_97b973db60616d8b,True,False,marble_database_evaluate_task_db,7,True,outcome_failed
33,agent1,1,edge_b8b6d91783e34008,True,True,marble_database_evaluate_task_db,7,True,OK
33,agent1,1,edge_209d7f425e9ed618,True,False,marble_database_evaluate_task_db,7,True,outcome_failed
33,agent1,1,edge_bb0bfcd6091baac5,True,True,marble_database_evaluate_task_db,7,True,OK
33,agent1,1,edge_bec9bd94d17755d8,True,False,marble_database_evaluate_task_db,7,True,outcome_failed
33,agent1,1,edge_dbb4842824105eb9,False,False,marble_database_engine,0,False,real_engine_not_executed;outcome_failed;no_marble_output
33,agent1,0,edge_97b973db60616d8b,True,False,marble_database_evaluate_task_db,7,True,outcome_failed
33,agent1,0,edge_b8b6d91783e34008,True,False,marble_database_evaluate_task_db,7,True,outcome_failed
33,agent1,0,edge_209d7f425e9ed618,True,False,marble_database_evaluate_task_db,7,True,outcome_failed
33,agent1,0,edge_bb0bfcd6091baac5,True,False,marble_database_evaluate_task_db,7,True,outcome_failed
33,agent1,0,edge_bec9bd94d17755d8,False,False,marble_database_engine,0,False,real_engine_not_executed;outcome_failed;no_marble_output
33,agent1,0,edge_dbb4842824105eb9,True,False,marble_database_evaluate_task_db,7,True,outcome_failed
34,agent1,2,edge_440fda3aae62e1d1,True,False,marble_database_evaluate_task_db,7,True,outcome_failed
34,agent1,2,edge_906b37eeca6ad951,True,True,marble_database_evaluate_task_db,7,True,OK
34,agent1,2,edge_a07e16aedad93080,True,True,marble_database_evaluate_task_db,7,True,OK
34,agent1,2,edge_3a6c3c3a95d985bc,True,False,marble_database_evaluate_task_db,7,True,outcome_failed
34,agent1,2,edge_ad182f51798d93cc,False,False,marble_database_engine,0,False,real_engine_not_executed;outcome_failed;no_marble_output
34,agent1,2,edge_563991f515cee6f8,True,False,marble_database_evaluate_task_db,7,True,outcome_failed
34,agent1,1,edge_440fda3aae62e1d1,True,True,marble_database_evaluate_task_db,7,True,OK
34,agent1,1,edge_906b37eeca6ad951,True,False,marble_database_evaluate_task_db,7,True,outcome_failed
34,agent1,1,edge_a07e16aedad93080,True,False,marble_database_evaluate_task_db,7,True,outcome_failed
34,agent1,1,edge_3a6c3c3a95d985bc,True,False,marble_database_evaluate_task_db,7,True,outcome_failed
34,agent1,1,edge_ad182f51798d93cc,True,False,marble_database_evaluate_task_db,7,True,outcome_failed
34,agent1,1,edge_563991f515cee6f8,True,True,marble_database_evaluate_task_db,7,True,OK
34,agent1,0,edge_440fda3aae62e1d1,True,False,marble_database_evaluate_task_db,7,True,outcome_failed
34,agent1,0,edge_906b37eeca6ad951,True,False,marble_database_evaluate_task_db,7,True,outcome_failed
34,agent1,0,edge_a07e16aedad93080,True,False,marble_database_evaluate_task_db,7,True,outcome_failed
34,agent1,0,edge_3a6c3c3a95d985bc,True,False,marble_database_evaluate_task_db,7,True,outcome_failed
34,agent1,0,edge_ad182f51798d93cc,False,False,marble_database_engine,0,False,real_engine_not_executed;outcome_failed;no_marble_output
34,agent1,0,edge_563991f515cee6f8,True,False,marble_database_evaluate_task_db,7,True,outcome_failed
36,agent1,2,edge_df6ff4f8ee4a164f,True,True,marble_database_evaluate_task_db,7,True,OK
36,agent1,2,edge_0f33afc667ad989c,False,False,marble_database_engine,0,False,real_engine_not_executed;outcome_failed;no_marble_output
36,agent1,2,edge_f309e65638b11864,True,True,marble_database_evaluate_task_db,7,True,OK
36,agent1,2,edge_d80d98dae9e652ac,False,False,marble_database_engine,0,False,real_engine_not_executed;outcome_failed;no_marble_output
36,agent1,2,edge_a1003207cfd568ce,True,True,marble_database_evaluate_task_db,7,True,OK
36,agent1,2,edge_5e879f0a5a2f7731,False,False,marble_database_engine,0,False,real_engine_not_executed;outcome_failed;no_marble_output
36,agent1,1,edge_df6ff4f8ee4a164f,True,True,marble_database_evaluate_task_db,7,True,OK
36,agent1,1,edge_0f33afc667ad989c,True,True,marble_database_evaluate_task_db,7,True,OK
36,agent1,1,edge_f309e65638b11864,True,True,marble_database_evaluate_task_db,7,True,OK
36,agent1,1,edge_d80d98dae9e652ac,False,False,marble_database_engine,0,False,real_engine_not_executed;outcome_failed;no_marble_output
36,agent1,1,edge_a1003207cfd568ce,True,True,marble_database_evaluate_task_db,7,True,OK
36,agent1,1,edge_5e879f0a5a2f7731,True,True,marble_database_evaluate_task_db,7,True,OK
36,agent1,0,edge_df6ff4f8ee4a164f,True,True,marble_database_evaluate_task_db,7,True,OK
36,agent1,0,edge_0f33afc667ad989c,True,True,marble_database_evaluate_task_db,7,True,OK
36,agent1,0,edge_f309e65638b11864,True,True,marble_database_evaluate_task_db,7,True,OK
36,agent1,0,edge_d80d98dae9e652ac,False,False,marble_database_engine,0,False,real_engine_not_executed;outcome_failed;no_marble_output
36,agent1,0,edge_a1003207cfd568ce,True,True,marble_database_evaluate_task_db,7,True,OK
36,agent1,0,edge_5e879f0a5a2f7731,True,True,marble_database_evaluate_task_db,7,True,OK
37,agent1,2,edge_0a3d6947dda8b456,True,True,marble_database_evaluate_task_db,7,True,OK
37,agent1,2,edge_646889ebe6639e3d,True,True,marble_database_evaluate_task_db,7,True,OK
37,agent1,2,edge_f9d204cbb50610fc,False,False,marble_database_engine,0,False,real_engine_not_executed;outcome_failed;no_marble_output
37,agent1,2,edge_3c781ef38466f468,True,False,marble_database_evaluate_task_db,7,True,outcome_failed
37,agent1,2,edge_66595d681e908a75,True,True,marble_database_evaluate_task_db,7,True,OK
37,agent1,2,edge_a2829659b0f6d097,True,False,marble_database_evaluate_task_db,7,True,outcome_failed
37,agent1,1,edge_0a3d6947dda8b456,False,False,marble_database_engine,0,False,real_engine_not_executed;outcome_failed;no_marble_output
37,agent1,1,edge_646889ebe6639e3d,True,True,marble_database_evaluate_task_db,7,True,OK
37,agent1,1,edge_f9d204cbb50610fc,True,True,marble_database_evaluate_task_db,7,True,OK
37,agent1,1,edge_3c781ef38466f468,True,True,marble_database_evaluate_task_db,7,True,OK
37,agent1,1,edge_66595d681e908a75,True,False,marble_database_evaluate_task_db,7,True,outcome_failed
37,agent1,1,edge_a2829659b0f6d097,False,False,marble_database_engine,0,False,real_engine_not_executed;outcome_failed;no_marble_output
37,agent1,0,edge_0a3d6947dda8b456,True,True,marble_database_evaluate_task_db,7,True,OK
37,agent1,0,edge_646889ebe6639e3d,True,True,marble_database_evaluate_task_db,7,True,OK
37,agent1,0,edge_f9d204cbb50610fc,True,True,marble_database_evaluate_task_db,7,True,OK
37,agent1,0,edge_3c781ef38466f468,True,True,marble_database_evaluate_task_db,7,True,OK
37,agent1,0,edge_66595d681e908a75,True,True,marble_database_evaluate_task_db,7,True,OK
37,agent1,0,edge_a2829659b0f6d097,True,False,marble_database_evaluate_task_db,7,True,outcome_failed
38,agent1,2,edge_24fb25a5db56c289,True,False,marble_database_evaluate_task_db,7,True,outcome_failed
38,agent1,2,edge_e8b746f5d27fac75,False,False,marble_database_engine,0,False,real_engine_not_executed;outcome_failed;no_marble_output
38,agent1,2,edge_58bdbc4ab26f0de9,True,False,marble_database_evaluate_task_db,7,True,outcome_failed
38,agent1,2,edge_175e28891b888056,True,False,marble_database_evaluate_task_db,7,True,outcome_failed
38,agent1,2,edge_4f43534d995d0842,True,False,marble_database_evaluate_task_db,7,True,outcome_failed
38,agent1,2,edge_e3e93732a7232d2b,True,False,marble_database_evaluate_task_db,7,True,outcome_failed
38,agent1,1,edge_24fb25a5db56c289,True,False,marble_database_evaluate_task_db,7,True,outcome_failed
38,agent1,1,edge_e8b746f5d27fac75,True,False,marble_database_evaluate_task_db,7,True,outcome_failed
38,agent1,1,edge_58bdbc4ab26f0de9,True,False,marble_database_evaluate_task_db,7,True,outcome_failed
38,agent1,1,edge_175e28891b888056,True,False,marble_database_evaluate_task_db,7,True,outcome_failed
38,agent1,1,edge_4f43534d995d0842,True,False,marble_database_evaluate_task_db,7,True,outcome_failed
38,agent1,1,edge_e3e93732a7232d2b,True,False,marble_database_evaluate_task_db,7,True,outcome_failed
38,agent1,0,edge_24fb25a5db56c289,True,False,marble_database_evaluate_task_db,7,True,outcome_failed
38,agent1,0,edge_e8b746f5d27fac75,True,False,marble_database_evaluate_task_db,7,True,outcome_failed
38,agent1,0,edge_58bdbc4ab26f0de9,True,False,marble_database_evaluate_task_db,7,True,outcome_failed
38,agent1,0,edge_175e28891b888056,True,False,marble_database_evaluate_task_db,7,True,outcome_failed
38,agent1,0,edge_4f43534d995d0842,True,False,marble_database_evaluate_task_db,7,True,outcome_failed
38,agent1,0,edge_e3e93732a7232d2b,True,False,marble_database_evaluate_task_db,7,True,outcome_failed
40,agent1,2,edge_37aa49f3149defdf,True,False,marble_database_evaluate_task_db,7,True,outcome_failed
40,agent1,2,edge_1cf4a56a4400eb0f,True,False,marble_database_evaluate_task_db,7,True,outcome_failed
40,agent1,2,edge_be2ab53473786c6a,True,False,marble_database_evaluate_task_db,7,True,outcome_failed
40,agent1,2,edge_8e8cde9b2dd88d75,True,False,marble_database_evaluate_task_db,7,True,outcome_failed
40,agent1,2,edge_1a31fc55ed223f09,True,True,marble_database_evaluate_task_db,7,True,OK
40,agent1,2,edge_55dd19a6384241cd,True,False,marble_database_evaluate_task_db,7,True,outcome_failed
40,agent1,1,edge_37aa49f3149defdf,True,False,marble_database_evaluate_task_db,7,True,outcome_failed
40,agent1,1,edge_1cf4a56a4400eb0f,True,False,marble_database_evaluate_task_db,7,True,outcome_failed
40,agent1,1,edge_be2ab53473786c6a,True,False,marble_database_evaluate_task_db,7,True,outcome_failed
40,agent1,1,edge_8e8cde9b2dd88d75,True,False,marble_database_evaluate_task_db,7,True,outcome_failed
40,agent1,1,edge_1a31fc55ed223f09,True,False,marble_database_evaluate_task_db,7,True,outcome_failed
40,agent1,1,edge_55dd19a6384241cd,False,False,marble_database_engine,0,False,real_engine_not_executed;outcome_failed;no_marble_output
40,agent1,0,edge_37aa49f3149defdf,True,False,marble_database_evaluate_task_db,7,True,outcome_failed
40,agent1,0,edge_1cf4a56a4400eb0f,True,True,marble_database_evaluate_task_db,7,True,OK
40,agent1,0,edge_be2ab53473786c6a,True,False,marble_database_evaluate_task_db,7,True,outcome_failed
40,agent1,0,edge_8e8cde9b2dd88d75,True,False,marble_database_evaluate_task_db,7,True,outcome_failed
40,agent1,0,edge_1a31fc55ed223f09,True,False,marble_database_evaluate_task_db,7,True,outcome_failed
40,agent1,0,edge_55dd19a6384241cd,True,True,marble_database_evaluate_task_db,7,True,OK
41,agent1,2,edge_c416d6111d7c64dc,True,True,marble_database_evaluate_task_db,7,True,OK
41,agent1,2,edge_4e13c51e4c2fd649,True,True,marble_database_evaluate_task_db,7,True,OK
41,agent1,2,edge_291b089a07020303,True,True,marble_database_evaluate_task_db,7,True,OK
41,agent1,2,edge_1501790537792ad2,False,False,marble_database_engine,0,False,real_engine_not_executed;outcome_failed;no_marble_output
41,agent1,2,edge_6005ee312024de96,True,True,marble_database_evaluate_task_db,7,True,OK
41,agent1,2,edge_b294a37d5d83ee19,True,True,marble_database_evaluate_task_db,7,True,OK
41,agent1,1,edge_c416d6111d7c64dc,False,False,marble_database_engine,0,False,real_engine_not_executed;outcome_failed;no_marble_output
41,agent1,1,edge_4e13c51e4c2fd649,True,True,marble_database_evaluate_task_db,7,True,OK
41,agent1,1,edge_291b089a07020303,True,True,marble_database_evaluate_task_db,7,True,OK
41,agent1,1,edge_1501790537792ad2,True,False,marble_database_evaluate_task_db,7,True,outcome_failed
41,agent1,1,edge_6005ee312024de96,True,True,marble_database_evaluate_task_db,7,True,OK
41,agent1,1,edge_b294a37d5d83ee19,True,True,marble_database_evaluate_task_db,7,True,OK
41,agent1,0,edge_c416d6111d7c64dc,True,True,marble_database_evaluate_task_db,7,True,OK
41,agent1,0,edge_4e13c51e4c2fd649,True,True,marble_database_evaluate_task_db,7,True,OK
41,agent1,0,edge_291b089a07020303,True,True,marble_database_evaluate_task_db,7,True,OK
41,agent1,0,edge_1501790537792ad2,True,True,marble_database_evaluate_task_db,7,True,OK
41,agent1,0,edge_6005ee312024de96,True,True,marble_database_evaluate_task_db,7,True,OK
41,agent1,0,edge_b294a37d5d83ee19,True,False,marble_database_evaluate_task_db,7,True,outcome_failed
42,agent1,2,edge_84ad5ce9548e00db,True,True,marble_database_evaluate_task_db,7,True,OK
42,agent1,2,edge_4edea6920370420e,False,False,marble_database_engine,0,False,real_engine_not_executed;outcome_failed;no_marble_output
42,agent1,2,edge_b384c33be5a04bf9,True,True,marble_database_evaluate_task_db,7,True,OK
42,agent1,2,edge_fa7e5f4208cbef1e,True,True,marble_database_evaluate_task_db,7,True,OK
42,agent1,2,edge_7113690dfbd93d70,True,True,marble_database_evaluate_task_db,7,True,OK
42,agent1,2,edge_5a3fdcfa99911b57,True,True,marble_database_evaluate_task_db,7,True,OK
42,agent1,1,edge_84ad5ce9548e00db,True,True,marble_database_evaluate_task_db,7,True,OK
42,agent1,1,edge_4edea6920370420e,True,False,marble_database_evaluate_task_db,7,True,outcome_failed
42,agent1,1,edge_b384c33be5a04bf9,True,True,marble_database_evaluate_task_db,7,True,OK
42,agent1,1,edge_fa7e5f4208cbef1e,True,True,marble_database_evaluate_task_db,7,True,OK
42,agent1,1,edge_7113690dfbd93d70,True,True,marble_database_evaluate_task_db,7,True,OK
42,agent1,1,edge_5a3fdcfa99911b57,True,True,marble_database_evaluate_task_db,7,True,OK
42,agent1,0,edge_84ad5ce9548e00db,True,True,marble_database_evaluate_task_db,7,True,OK
42,agent1,0,edge_4edea6920370420e,True,True,marble_database_evaluate_task_db,7,True,OK
42,agent1,0,edge_b384c33be5a04bf9,True,True,marble_database_evaluate_task_db,7,True,OK
42,agent1,0,edge_fa7e5f4208cbef1e,False,False,marble_database_engine,0,False,real_engine_not_executed;outcome_failed;no_marble_output
42,agent1,0,edge_7113690dfbd93d70,True,True,marble_database_evaluate_task_db,7,True,OK
42,agent1,0,edge_5a3fdcfa99911b57,True,True,marble_database_evaluate_task_db,7,True,OK
47,agent1,2,edge_189ac8dde1ec0bab,True,False,marble_database_evaluate_task_db,7,True,outcome_failed
47,agent1,2,edge_fec9155b3a06a4b8,True,False,marble_database_evaluate_task_db,7,True,outcome_failed
47,agent1,2,edge_77f61079263077eb,True,False,marble_database_evaluate_task_db,7,True,outcome_failed
47,agent1,2,edge_12df7f979667fd2d,True,False,marble_database_evaluate_task_db,7,True,outcome_failed
47,agent1,2,edge_6b3d5436f8b71c93,True,False,marble_database_evaluate_task_db,7,True,outcome_failed
47,agent1,2,edge_012675d1420bc80f,True,False,marble_database_evaluate_task_db,7,True,outcome_failed
47,agent1,1,edge_189ac8dde1ec0bab,True,False,marble_database_evaluate_task_db,7,True,outcome_failed
47,agent1,1,edge_fec9155b3a06a4b8,True,False,marble_database_evaluate_task_db,7,True,outcome_failed
47,agent1,1,edge_77f61079263077eb,False,False,marble_database_engine,0,False,real_engine_not_executed;outcome_failed;no_marble_output
47,agent1,1,edge_12df7f979667fd2d,True,True,marble_database_evaluate_task_db,7,True,OK
47,agent1,1,edge_6b3d5436f8b71c93,True,False,marble_database_evaluate_task_db,7,True,outcome_failed
47,agent1,1,edge_012675d1420bc80f,True,False,marble_database_evaluate_task_db,7,True,outcome_failed
47,agent1,0,edge_189ac8dde1ec0bab,True,False,marble_database_evaluate_task_db,7,True,outcome_failed
47,agent1,0,edge_fec9155b3a06a4b8,True,True,marble_database_evaluate_task_db,7,True,OK
47,agent1,0,edge_77f61079263077eb,True,False,marble_database_evaluate_task_db,7,True,outcome_failed
47,agent1,0,edge_12df7f979667fd2d,True,False,marble_database_evaluate_task_db,7,True,outcome_failed
47,agent1,0,edge_6b3d5436f8b71c93,True,False,marble_database_evaluate_task_db,7,True,outcome_failed
47,agent1,0,edge_012675d1420bc80f,True,False,marble_database_evaluate_task_db,7,True,outcome_failed
48,agent1,2,edge_a5f0f3dd65215081,True,True,marble_database_evaluate_task_db,7,True,OK
48,agent1,2,edge_bd5f0fad7ece30a3,True,True,marble_database_evaluate_task_db,7,True,OK
48,agent1,2,edge_7511e7ce6bc5dcc9,False,False,marble_database_engine,0,False,real_engine_not_executed;outcome_failed;no_marble_output
48,agent1,2,edge_02058dd607632bec,True,True,marble_database_evaluate_task_db,7,True,OK
48,agent1,2,edge_9e059ba5fb4f5584,True,True,marble_database_evaluate_task_db,7,True,OK
48,agent1,2,edge_22f6d0867297dfe9,True,True,marble_database_evaluate_task_db,7,True,OK
48,agent1,1,edge_a5f0f3dd65215081,False,False,marble_database_engine,0,False,real_engine_not_executed;outcome_failed;no_marble_output
48,agent1,1,edge_bd5f0fad7ece30a3,True,True,marble_database_evaluate_task_db,7,True,OK
48,agent1,1,edge_7511e7ce6bc5dcc9,True,True,marble_database_evaluate_task_db,7,True,OK
48,agent1,1,edge_02058dd607632bec,True,True,marble_database_evaluate_task_db,7,True,OK
48,agent1,1,edge_9e059ba5fb4f5584,True,True,marble_database_evaluate_task_db,7,True,OK
48,agent1,1,edge_22f6d0867297dfe9,True,True,marble_database_evaluate_task_db,7,True,OK
48,agent1,0,edge_a5f0f3dd65215081,True,True,marble_database_evaluate_task_db,7,True,OK
48,agent1,0,edge_bd5f0fad7ece30a3,True,True,marble_database_evaluate_task_db,7,True,OK
48,agent1,0,edge_7511e7ce6bc5dcc9,False,False,marble_database_engine,0,False,real_engine_not_executed;outcome_failed;no_marble_output
48,agent1,0,edge_02058dd607632bec,True,True,marble_database_evaluate_task_db,7,True,OK
48,agent1,0,edge_9e059ba5fb4f5584,True,True,marble_database_evaluate_task_db,7,True,OK
48,agent1,0,edge_22f6d0867297dfe9,True,True,marble_database_evaluate_task_db,7,True,OK
51,agent1,2,edge_f2138d863a0047a8,False,False,marble_database_engine,0,False,real_engine_not_executed;outcome_failed;no_marble_output
51,agent1,2,edge_a9b430e5fe83b825,True,False,marble_database_evaluate_task_db,7,True,outcome_failed
51,agent1,2,edge_2dde1873d5ae39c4,True,False,marble_database_evaluate_task_db,7,True,outcome_failed
51,agent1,2,edge_50d7e94d3eb02178,True,True,marble_database_evaluate_task_db,7,True,OK
51,agent1,2,edge_7ab95768d99bd674,True,False,marble_database_evaluate_task_db,7,True,outcome_failed
51,agent1,2,edge_02dfda000c814cf3,False,False,marble_database_engine,0,False,real_engine_not_executed;outcome_failed;no_marble_output
51,agent1,1,edge_f2138d863a0047a8,True,False,marble_database_evaluate_task_db,7,True,outcome_failed
51,agent1,1,edge_a9b430e5fe83b825,True,False,marble_database_evaluate_task_db,7,True,outcome_failed
51,agent1,1,edge_2dde1873d5ae39c4,True,False,marble_database_evaluate_task_db,7,True,outcome_failed
51,agent1,1,edge_50d7e94d3eb02178,True,False,marble_database_evaluate_task_db,7,True,outcome_failed
51,agent1,1,edge_7ab95768d99bd674,True,False,marble_database_evaluate_task_db,7,True,outcome_failed
51,agent1,1,edge_02dfda000c814cf3,True,False,marble_database_evaluate_task_db,7,True,outcome_failed
51,agent1,0,edge_f2138d863a0047a8,True,False,marble_database_evaluate_task_db,7,True,outcome_failed
51,agent1,0,edge_a9b430e5fe83b825,True,False,marble_database_evaluate_task_db,7,True,outcome_failed
51,agent1,0,edge_2dde1873d5ae39c4,True,False,marble_database_evaluate_task_db,7,True,outcome_failed
51,agent1,0,edge_50d7e94d3eb02178,True,False,marble_database_evaluate_task_db,7,True,outcome_failed
51,agent1,0,edge_7ab95768d99bd674,True,False,marble_database_evaluate_task_db,7,True,outcome_failed
51,agent1,0,edge_02dfda000c814cf3,True,False,marble_database_evaluate_task_db,7,True,outcome_failed
52,agent1,2,edge_f8486db847ce290b,True,False,marble_database_evaluate_task_db,7,True,outcome_failed
52,agent1,2,edge_a0234a5e03cc45fc,False,False,marble_database_engine,0,False,real_engine_not_executed;outcome_failed;no_marble_output
52,agent1,2,edge_0d013c8c8d0f55d1,False,False,marble_database_engine,0,False,real_engine_not_executed;outcome_failed;no_marble_output
52,agent1,2,edge_57a38b336a2ed1e5,True,True,marble_database_evaluate_task_db,7,True,OK
52,agent1,2,edge_3cff6d9cd4be31cd,True,True,marble_database_evaluate_task_db,7,True,OK
52,agent1,2,edge_edcf2bab3688dff5,True,True,marble_database_evaluate_task_db,7,True,OK
52,agent1,1,edge_f8486db847ce290b,False,False,marble_database_engine,0,False,real_engine_not_executed;outcome_failed;no_marble_output
52,agent1,1,edge_a0234a5e03cc45fc,False,False,marble_database_engine,0,False,real_engine_not_executed;outcome_failed;no_marble_output
52,agent1,1,edge_0d013c8c8d0f55d1,True,True,marble_database_evaluate_task_db,7,True,OK
52,agent1,1,edge_57a38b336a2ed1e5,True,True,marble_database_evaluate_task_db,7,True,OK
52,agent1,1,edge_3cff6d9cd4be31cd,True,True,marble_database_evaluate_task_db,7,True,OK
52,agent1,1,edge_edcf2bab3688dff5,True,True,marble_database_evaluate_task_db,7,True,OK
52,agent1,0,edge_f8486db847ce290b,True,False,marble_database_evaluate_task_db,7,True,outcome_failed
52,agent1,0,edge_a0234a5e03cc45fc,True,True,marble_database_evaluate_task_db,7,True,OK
52,agent1,0,edge_0d013c8c8d0f55d1,True,True,marble_database_evaluate_task_db,7,True,OK
52,agent1,0,edge_57a38b336a2ed1e5,True,True,marble_database_evaluate_task_db,7,True,OK
52,agent1,0,edge_3cff6d9cd4be31cd,True,False,marble_database_evaluate_task_db,7,True,outcome_failed
52,agent1,0,edge_edcf2bab3688dff5,True,False,marble_database_evaluate_task_db,7,True,outcome_failed
53,agent1,2,edge_f1a8ad2ba2f71233,True,True,marble_database_evaluate_task_db,7,True,OK
53,agent1,2,edge_bd6efcb4a7ad8d4e,True,False,marble_database_evaluate_task_db,7,True,outcome_failed
53,agent1,2,edge_1e1d1ddc177e2349,True,False,marble_database_evaluate_task_db,7,True,outcome_failed
53,agent1,2,edge_f6548632c0751e50,True,False,marble_database_evaluate_task_db,7,True,outcome_failed
53,agent1,2,edge_bc549552df6e46a9,True,True,marble_database_evaluate_task_db,7,True,OK
53,agent1,2,edge_72584ad601d9e7dd,True,True,marble_database_evaluate_task_db,7,True,OK
53,agent1,1,edge_f1a8ad2ba2f71233,True,True,marble_database_evaluate_task_db,7,True,OK
53,agent1,1,edge_bd6efcb4a7ad8d4e,False,False,marble_database_engine,0,False,real_engine_not_executed;outcome_failed;no_marble_output
53,agent1,1,edge_1e1d1ddc177e2349,True,True,marble_database_evaluate_task_db,7,True,OK
53,agent1,1,edge_f6548632c0751e50,True,True,marble_database_evaluate_task_db,7,True,OK
53,agent1,1,edge_bc549552df6e46a9,False,False,marble_database_engine,0,False,real_engine_not_executed;outcome_failed;no_marble_output
53,agent1,1,edge_72584ad601d9e7dd,True,True,marble_database_evaluate_task_db,7,True,OK
53,agent1,0,edge_f1a8ad2ba2f71233,False,False,marble_database_engine,0,False,real_engine_not_executed;outcome_failed;no_marble_output
53,agent1,0,edge_bd6efcb4a7ad8d4e,True,False,marble_database_evaluate_task_db,7,True,outcome_failed
53,agent1,0,edge_1e1d1ddc177e2349,False,False,marble_database_engine,0,False,real_engine_not_executed;outcome_failed;no_marble_output
53,agent1,0,edge_f6548632c0751e50,True,True,marble_database_evaluate_task_db,7,True,OK
53,agent1,0,edge_bc549552df6e46a9,True,True,marble_database_evaluate_task_db,7,True,OK
53,agent1,0,edge_72584ad601d9e7dd,False,False,marble_database_engine,0,False,real_engine_not_executed;outcome_failed;no_marble_output
57,agent1,2,edge_54a7c855e210990b,True,False,marble_database_evaluate_task_db,7,True,outcome_failed
57,agent1,2,edge_e2ad4defa3118f8f,True,False,marble_database_evaluate_task_db,7,True,outcome_failed
57,agent1,2,edge_fd579bd34a64bb5e,True,False,marble_database_evaluate_task_db,7,True,outcome_failed
57,agent1,2,edge_f6fbb0321014288e,True,False,marble_database_evaluate_task_db,7,True,outcome_failed
57,agent1,2,edge_651cbe5c793be501,True,False,marble_database_evaluate_task_db,7,True,outcome_failed
57,agent1,2,edge_739ba5750a16a9f0,True,False,marble_database_evaluate_task_db,7,True,outcome_failed
57,agent1,1,edge_54a7c855e210990b,True,False,marble_database_evaluate_task_db,7,True,outcome_failed
57,agent1,1,edge_e2ad4defa3118f8f,True,False,marble_database_evaluate_task_db,7,True,outcome_failed
57,agent1,1,edge_fd579bd34a64bb5e,True,False,marble_database_evaluate_task_db,7,True,outcome_failed
57,agent1,1,edge_f6fbb0321014288e,True,False,marble_database_evaluate_task_db,7,True,outcome_failed
57,agent1,1,edge_651cbe5c793be501,True,False,marble_database_evaluate_task_db,7,True,outcome_failed
57,agent1,1,edge_739ba5750a16a9f0,True,False,marble_database_evaluate_task_db,7,True,outcome_failed
57,agent1,0,edge_54a7c855e210990b,True,False,marble_database_evaluate_task_db,7,True,outcome_failed
57,agent1,0,edge_e2ad4defa3118f8f,True,False,marble_database_evaluate_task_db,7,True,outcome_failed
57,agent1,0,edge_fd579bd34a64bb5e,True,False,marble_database_evaluate_task_db,7,True,outcome_failed
57,agent1,0,edge_f6fbb0321014288e,True,False,marble_database_evaluate_task_db,7,True,outcome_failed
57,agent1,0,edge_651cbe5c793be501,True,False,marble_database_evaluate_task_db,7,True,outcome_failed
57,agent1,0,edge_739ba5750a16a9f0,True,False,marble_database_evaluate_task_db,7,True,outcome_failed
6,agent1,2,edge_96bd309daf8c14d2,True,False,marble_database_evaluate_task_db,7,True,outcome_failed
6,agent1,2,edge_44c53a04e23f509c,True,False,marble_database_evaluate_task_db,7,True,outcome_failed
6,agent1,2,edge_eda1b5d371a8279d,True,False,marble_database_evaluate_task_db,7,True,outcome_failed
6,agent1,2,edge_52670e5bba0862fd,True,False,marble_database_evaluate_task_db,7,True,outcome_failed
6,agent1,2,edge_f04d6e9c8379d4da,True,False,marble_database_evaluate_task_db,7,True,outcome_failed
6,agent1,2,edge_d07654c123af2fdd,False,False,marble_database_engine,0,False,real_engine_not_executed;outcome_failed;no_marble_output
6,agent1,1,edge_96bd309daf8c14d2,True,False,marble_database_evaluate_task_db,7,True,outcome_failed
6,agent1,1,edge_44c53a04e23f509c,True,False,marble_database_evaluate_task_db,7,True,outcome_failed
6,agent1,1,edge_eda1b5d371a8279d,False,False,marble_database_engine,0,False,real_engine_not_executed;outcome_failed;no_marble_output
6,agent1,1,edge_52670e5bba0862fd,True,False,marble_database_evaluate_task_db,7,True,outcome_failed
6,agent1,1,edge_f04d6e9c8379d4da,True,False,marble_database_evaluate_task_db,7,True,outcome_failed
6,agent1,1,edge_d07654c123af2fdd,False,False,marble_database_engine,0,False,real_engine_not_executed;outcome_failed;no_marble_output
6,agent1,0,edge_96bd309daf8c14d2,True,True,marble_database_evaluate_task_db,7,True,OK
6,agent1,0,edge_44c53a04e23f509c,True,False,marble_database_evaluate_task_db,7,True,outcome_failed
6,agent1,0,edge_eda1b5d371a8279d,True,False,marble_database_evaluate_task_db,7,True,outcome_failed
6,agent1,0,edge_52670e5bba0862fd,True,False,marble_database_evaluate_task_db,7,True,outcome_failed
6,agent1,0,edge_f04d6e9c8379d4da,True,False,marble_database_evaluate_task_db,7,True,outcome_failed
6,agent1,0,edge_d07654c123af2fdd,True,False,marble_database_evaluate_task_db,7,True,outcome_failed
60,agent1,2,edge_ddd995e3f1fa223c,True,False,marble_database_evaluate_task_db,7,True,outcome_failed
60,agent1,2,edge_23676e9be796d1bb,True,False,marble_database_evaluate_task_db,7,True,outcome_failed
60,agent1,2,edge_bf4e791c6a1e9fa0,True,True,marble_database_evaluate_task_db,7,True,OK
60,agent1,2,edge_f0c1b8b390b4ff90,True,False,marble_database_evaluate_task_db,7,True,outcome_failed
60,agent1,2,edge_8d46a19fa14da60d,True,True,marble_database_evaluate_task_db,7,True,OK
60,agent1,2,edge_3cafd9982e781c5d,True,False,marble_database_evaluate_task_db,7,True,outcome_failed
60,agent1,1,edge_ddd995e3f1fa223c,True,True,marble_database_evaluate_task_db,7,True,OK
60,agent1,1,edge_23676e9be796d1bb,True,True,marble_database_evaluate_task_db,7,True,OK
60,agent1,1,edge_bf4e791c6a1e9fa0,True,True,marble_database_evaluate_task_db,7,True,OK
60,agent1,1,edge_f0c1b8b390b4ff90,True,True,marble_database_evaluate_task_db,7,True,OK
60,agent1,1,edge_8d46a19fa14da60d,True,True,marble_database_evaluate_task_db,7,True,OK
60,agent1,1,edge_3cafd9982e781c5d,True,True,marble_database_evaluate_task_db,7,True,OK
60,agent1,0,edge_ddd995e3f1fa223c,True,False,marble_database_evaluate_task_db,7,True,outcome_failed
60,agent1,0,edge_23676e9be796d1bb,True,True,marble_database_evaluate_task_db,7,True,OK
60,agent1,0,edge_bf4e791c6a1e9fa0,True,True,marble_database_evaluate_task_db,7,True,OK
60,agent1,0,edge_f0c1b8b390b4ff90,True,False,marble_database_evaluate_task_db,7,True,outcome_failed
60,agent1,0,edge_8d46a19fa14da60d,True,True,marble_database_evaluate_task_db,7,True,OK
60,agent1,0,edge_3cafd9982e781c5d,True,True,marble_database_evaluate_task_db,7,True,OK
61,agent1,2,edge_f8f1d12d55e7021c,False,False,marble_database_engine,0,False,real_engine_not_executed;outcome_failed;no_marble_output
61,agent1,2,edge_60936a82059d97db,True,False,marble_database_evaluate_task_db,7,True,outcome_failed
61,agent1,2,edge_dac166e5188f321a,True,False,marble_database_evaluate_task_db,7,True,outcome_failed
61,agent1,2,edge_0747d1882e1f52b4,True,False,marble_database_evaluate_task_db,7,True,outcome_failed
61,agent1,2,edge_ca64667f51159ae4,True,False,marble_database_evaluate_task_db,7,True,outcome_failed
61,agent1,2,edge_30d62c022729fdc3,True,False,marble_database_evaluate_task_db,7,True,outcome_failed
61,agent1,1,edge_f8f1d12d55e7021c,True,False,marble_database_evaluate_task_db,7,True,outcome_failed
61,agent1,1,edge_60936a82059d97db,True,False,marble_database_evaluate_task_db,7,True,outcome_failed
61,agent1,1,edge_dac166e5188f321a,True,False,marble_database_evaluate_task_db,7,True,outcome_failed
61,agent1,1,edge_0747d1882e1f52b4,True,False,marble_database_evaluate_task_db,7,True,outcome_failed
61,agent1,1,edge_ca64667f51159ae4,True,False,marble_database_evaluate_task_db,7,True,outcome_failed
61,agent1,1,edge_30d62c022729fdc3,True,False,marble_database_evaluate_task_db,7,True,outcome_failed
61,agent1,0,edge_f8f1d12d55e7021c,True,False,marble_database_evaluate_task_db,7,True,outcome_failed
61,agent1,0,edge_60936a82059d97db,True,False,marble_database_evaluate_task_db,7,True,outcome_failed
61,agent1,0,edge_dac166e5188f321a,True,False,marble_database_evaluate_task_db,7,True,outcome_failed
61,agent1,0,edge_0747d1882e1f52b4,True,False,marble_database_evaluate_task_db,7,True,outcome_failed
61,agent1,0,edge_ca64667f51159ae4,True,False,marble_database_evaluate_task_db,7,True,outcome_failed
61,agent1,0,edge_30d62c022729fdc3,False,False,marble_database_engine,0,False,real_engine_not_executed;outcome_failed;no_marble_output
63,agent1,2,edge_3deb524320e03c97,True,False,marble_database_evaluate_task_db,7,True,outcome_failed
63,agent1,2,edge_8a4492345baf5941,True,False,marble_database_evaluate_task_db,7,True,outcome_failed
63,agent1,2,edge_4b3825ac4aef706f,True,False,marble_database_evaluate_task_db,7,True,outcome_failed
63,agent1,2,edge_ed814d3d87aaf011,True,False,marble_database_evaluate_task_db,7,True,outcome_failed
63,agent1,2,edge_5bffbc42495e5395,True,False,marble_database_evaluate_task_db,7,True,outcome_failed
63,agent1,2,edge_27ba8040ca80af17,True,False,marble_database_evaluate_task_db,7,True,outcome_failed
63,agent1,1,edge_3deb524320e03c97,True,False,marble_database_evaluate_task_db,7,True,outcome_failed
63,agent1,1,edge_8a4492345baf5941,True,False,marble_database_evaluate_task_db,7,True,outcome_failed
63,agent1,1,edge_4b3825ac4aef706f,True,False,marble_database_evaluate_task_db,7,True,outcome_failed
63,agent1,1,edge_ed814d3d87aaf011,True,False,marble_database_evaluate_task_db,7,True,outcome_failed
63,agent1,1,edge_5bffbc42495e5395,True,False,marble_database_evaluate_task_db,7,True,outcome_failed
63,agent1,1,edge_27ba8040ca80af17,True,False,marble_database_evaluate_task_db,7,True,outcome_failed
63,agent1,0,edge_3deb524320e03c97,True,False,marble_database_evaluate_task_db,7,True,outcome_failed
63,agent1,0,edge_8a4492345baf5941,True,False,marble_database_evaluate_task_db,7,True,outcome_failed
63,agent1,0,edge_4b3825ac4aef706f,True,False,marble_database_evaluate_task_db,7,True,outcome_failed
63,agent1,0,edge_ed814d3d87aaf011,True,False,marble_database_evaluate_task_db,7,True,outcome_failed
63,agent1,0,edge_5bffbc42495e5395,True,False,marble_database_evaluate_task_db,7,True,outcome_failed
63,agent1,0,edge_27ba8040ca80af17,True,False,marble_database_evaluate_task_db,7,True,outcome_failed
64,agent1,2,edge_40bdfd8a8f0b6493,True,False,marble_database_evaluate_task_db,7,True,outcome_failed
64,agent1,2,edge_974790b7a7940512,True,False,marble_database_evaluate_task_db,7,True,outcome_failed
64,agent1,2,edge_4a89def3affa9949,True,False,marble_database_evaluate_task_db,7,True,outcome_failed
64,agent1,2,edge_5f970f1f80418521,True,False,marble_database_evaluate_task_db,7,True,outcome_failed
64,agent1,2,edge_d297c438e2aede55,True,False,marble_database_evaluate_task_db,7,True,outcome_failed
64,agent1,2,edge_c347933dcafbf868,True,False,marble_database_evaluate_task_db,7,True,outcome_failed
64,agent1,1,edge_40bdfd8a8f0b6493,False,False,marble_database_engine,0,False,real_engine_not_executed;outcome_failed;no_marble_output
64,agent1,1,edge_974790b7a7940512,True,False,marble_database_evaluate_task_db,7,True,outcome_failed
64,agent1,1,edge_4a89def3affa9949,True,False,marble_database_evaluate_task_db,7,True,outcome_failed
64,agent1,1,edge_5f970f1f80418521,True,False,marble_database_evaluate_task_db,7,True,outcome_failed
64,agent1,1,edge_d297c438e2aede55,True,False,marble_database_evaluate_task_db,7,True,outcome_failed
64,agent1,1,edge_c347933dcafbf868,True,False,marble_database_evaluate_task_db,7,True,outcome_failed
64,agent1,0,edge_40bdfd8a8f0b6493,True,False,marble_database_evaluate_task_db,7,True,outcome_failed
64,agent1,0,edge_974790b7a7940512,True,False,marble_database_evaluate_task_db,7,True,outcome_failed
64,agent1,0,edge_4a89def3affa9949,True,False,marble_database_evaluate_task_db,7,True,outcome_failed
64,agent1,0,edge_5f970f1f80418521,True,False,marble_database_evaluate_task_db,7,True,outcome_failed
64,agent1,0,edge_d297c438e2aede55,True,False,marble_database_evaluate_task_db,7,True,outcome_failed
64,agent1,0,edge_c347933dcafbf868,True,False,marble_database_evaluate_task_db,7,True,outcome_failed
65,agent1,2,edge_4cd015c71f682c19,False,False,marble_database_engine,0,False,real_engine_not_executed;outcome_failed;no_marble_output
65,agent1,2,edge_96a983d507362124,False,False,marble_database_engine,0,False,real_engine_not_executed;outcome_failed;no_marble_output
65,agent1,2,edge_85a21985c14da13f,False,False,marble_database_engine,0,False,real_engine_not_executed;outcome_failed;no_marble_output
65,agent1,2,edge_f14300931d6ae49b,True,True,marble_database_evaluate_task_db,7,True,OK
65,agent1,2,edge_c3593a1ca9ad0324,False,False,marble_database_engine,0,False,real_engine_not_executed;outcome_failed;no_marble_output
65,agent1,2,edge_d9b6bce844cd62aa,True,True,marble_database_evaluate_task_db,7,True,OK
65,agent1,1,edge_4cd015c71f682c19,False,False,marble_database_engine,0,False,real_engine_not_executed;outcome_failed;no_marble_output
65,agent1,1,edge_96a983d507362124,False,False,marble_database_engine,0,False,real_engine_not_executed;outcome_failed;no_marble_output
65,agent1,1,edge_85a21985c14da13f,False,False,marble_database_engine,0,False,real_engine_not_executed;outcome_failed;no_marble_output
65,agent1,1,edge_f14300931d6ae49b,True,True,marble_database_evaluate_task_db,7,True,OK
65,agent1,1,edge_c3593a1ca9ad0324,False,False,marble_database_engine,0,False,real_engine_not_executed;outcome_failed;no_marble_output
65,agent1,1,edge_d9b6bce844cd62aa,False,False,marble_database_engine,0,False,real_engine_not_executed;outcome_failed;no_marble_output
65,agent1,0,edge_4cd015c71f682c19,False,False,marble_database_engine,0,False,real_engine_not_executed;outcome_failed;no_marble_output
65,agent1,0,edge_96a983d507362124,True,False,marble_database_evaluate_task_db,7,True,outcome_failed
65,agent1,0,edge_85a21985c14da13f,False,False,marble_database_engine,0,False,real_engine_not_executed;outcome_failed;no_marble_output
65,agent1,0,edge_f14300931d6ae49b,True,True,marble_database_evaluate_task_db,7,True,OK
65,agent1,0,edge_c3593a1ca9ad0324,False,False,marble_database_engine,0,False,real_engine_not_executed;outcome_failed;no_marble_output
65,agent1,0,edge_d9b6bce844cd62aa,False,False,marble_database_engine,0,False,real_engine_not_executed;outcome_failed;no_marble_output
66,agent1,2,edge_f1ed2d27553a8a2e,False,False,marble_database_engine,0,False,real_engine_not_executed;outcome_failed;no_marble_output
66,agent1,2,edge_8711043042b62cac,True,False,marble_database_evaluate_task_db,7,True,outcome_failed
66,agent1,2,edge_0819090320232217,True,False,marble_database_evaluate_task_db,7,True,outcome_failed
66,agent1,2,edge_7c530c69c331c2c9,True,False,marble_database_evaluate_task_db,7,True,outcome_failed
66,agent1,2,edge_a09f97cd44b1385d,True,False,marble_database_evaluate_task_db,7,True,outcome_failed
66,agent1,2,edge_b24778b93a8a54f0,True,False,marble_database_evaluate_task_db,7,True,outcome_failed
66,agent1,1,edge_f1ed2d27553a8a2e,True,False,marble_database_evaluate_task_db,7,True,outcome_failed
66,agent1,1,edge_8711043042b62cac,True,False,marble_database_evaluate_task_db,7,True,outcome_failed
66,agent1,1,edge_0819090320232217,False,False,marble_database_engine,0,False,real_engine_not_executed;outcome_failed;no_marble_output
66,agent1,1,edge_7c530c69c331c2c9,True,False,marble_database_evaluate_task_db,7,True,outcome_failed
66,agent1,1,edge_a09f97cd44b1385d,True,False,marble_database_evaluate_task_db,7,True,outcome_failed
66,agent1,1,edge_b24778b93a8a54f0,True,False,marble_database_evaluate_task_db,7,True,outcome_failed
66,agent1,0,edge_f1ed2d27553a8a2e,True,False,marble_database_evaluate_task_db,7,True,outcome_failed
66,agent1,0,edge_8711043042b62cac,True,False,marble_database_evaluate_task_db,7,True,outcome_failed
66,agent1,0,edge_0819090320232217,False,False,marble_database_engine,0,False,real_engine_not_executed;outcome_failed;no_marble_output
66,agent1,0,edge_7c530c69c331c2c9,False,False,marble_database_engine,0,False,real_engine_not_executed;outcome_failed;no_marble_output
66,agent1,0,edge_a09f97cd44b1385d,True,False,marble_database_evaluate_task_db,7,True,outcome_failed
66,agent1,0,edge_b24778b93a8a54f0,True,False,marble_database_evaluate_task_db,7,True,outcome_failed
68,agent1,2,edge_2ec992247c1dce4d,True,False,marble_database_evaluate_task_db,7,True,outcome_failed
68,agent1,2,edge_c79a01df5685a217,True,False,marble_database_evaluate_task_db,7,True,outcome_failed
68,agent1,2,edge_7b4694abf1b78f1b,True,False,marble_database_evaluate_task_db,7,True,outcome_failed
68,agent1,2,edge_929716bdb213c224,True,False,marble_database_evaluate_task_db,7,True,outcome_failed
68,agent1,2,edge_e6acc575db741685,True,False,marble_database_evaluate_task_db,7,True,outcome_failed
68,agent1,2,edge_43709ea2a2add4e0,True,False,marble_database_evaluate_task_db,7,True,outcome_failed
68,agent1,1,edge_2ec992247c1dce4d,True,False,marble_database_evaluate_task_db,7,True,outcome_failed
68,agent1,1,edge_c79a01df5685a217,True,False,marble_database_evaluate_task_db,7,True,outcome_failed
68,agent1,1,edge_7b4694abf1b78f1b,True,False,marble_database_evaluate_task_db,7,True,outcome_failed
68,agent1,1,edge_929716bdb213c224,True,False,marble_database_evaluate_task_db,7,True,outcome_failed
68,agent1,1,edge_e6acc575db741685,True,False,marble_database_evaluate_task_db,7,True,outcome_failed
68,agent1,1,edge_43709ea2a2add4e0,True,False,marble_database_evaluate_task_db,7,True,outcome_failed
68,agent1,0,edge_2ec992247c1dce4d,True,False,marble_database_evaluate_task_db,7,True,outcome_failed
68,agent1,0,edge_c79a01df5685a217,True,False,marble_database_evaluate_task_db,7,True,outcome_failed
68,agent1,0,edge_7b4694abf1b78f1b,False,False,marble_database_engine,0,False,real_engine_not_executed;outcome_failed;no_marble_output
68,agent1,0,edge_929716bdb213c224,True,False,marble_database_evaluate_task_db,7,True,outcome_failed
68,agent1,0,edge_e6acc575db741685,True,False,marble_database_evaluate_task_db,7,True,outcome_failed
68,agent1,0,edge_43709ea2a2add4e0,True,False,marble_database_evaluate_task_db,7,True,outcome_failed
69,agent1,2,edge_8d984636db5de24e,True,True,marble_database_evaluate_task_db,7,True,OK
69,agent1,2,edge_2cd48a379cb19d75,True,False,marble_database_evaluate_task_db,7,True,outcome_failed
69,agent1,2,edge_87f4a41ac584c32c,True,False,marble_database_evaluate_task_db,7,True,outcome_failed
69,agent1,2,edge_76d722207efc03ad,True,True,marble_database_evaluate_task_db,7,True,OK
69,agent1,2,edge_8117eceace377f97,True,True,marble_database_evaluate_task_db,7,True,OK
69,agent1,2,edge_7c031cd790e73436,True,True,marble_database_evaluate_task_db,7,True,OK
69,agent1,1,edge_8d984636db5de24e,True,False,marble_database_evaluate_task_db,7,True,outcome_failed
69,agent1,1,edge_2cd48a379cb19d75,True,False,marble_database_evaluate_task_db,7,True,outcome_failed
69,agent1,1,edge_87f4a41ac584c32c,True,False,marble_database_evaluate_task_db,7,True,outcome_failed
69,agent1,1,edge_76d722207efc03ad,True,False,marble_database_evaluate_task_db,7,True,outcome_failed
69,agent1,1,edge_8117eceace377f97,True,False,marble_database_evaluate_task_db,7,True,outcome_failed
69,agent1,1,edge_7c031cd790e73436,True,True,marble_database_evaluate_task_db,7,True,OK
69,agent1,0,edge_8d984636db5de24e,True,False,marble_database_evaluate_task_db,7,True,outcome_failed
69,agent1,0,edge_2cd48a379cb19d75,True,True,marble_database_evaluate_task_db,7,True,OK
69,agent1,0,edge_87f4a41ac584c32c,True,False,marble_database_evaluate_task_db,7,True,outcome_failed
69,agent1,0,edge_76d722207efc03ad,True,True,marble_database_evaluate_task_db,7,True,OK
69,agent1,0,edge_8117eceace377f97,True,False,marble_database_evaluate_task_db,7,True,outcome_failed
69,agent1,0,edge_7c031cd790e73436,True,True,marble_database_evaluate_task_db,7,True,OK
70,agent1,2,edge_a10e130b3c645a98,True,False,marble_database_evaluate_task_db,7,True,outcome_failed
70,agent1,2,edge_08c6c6566cbdeebd,False,False,marble_database_engine,0,False,real_engine_not_executed;outcome_failed;no_marble_output
70,agent1,2,edge_4d833bcc0f525ed8,False,False,marble_database_engine,0,False,real_engine_not_executed;outcome_failed;no_marble_output
70,agent1,2,edge_e32724f93093024b,True,False,marble_database_evaluate_task_db,7,True,outcome_failed
70,agent1,2,edge_becef4240ef62a31,True,False,marble_database_evaluate_task_db,7,True,outcome_failed
70,agent1,2,edge_76b368069bf30fae,False,False,marble_database_engine,0,False,real_engine_not_executed;outcome_failed;no_marble_output
70,agent1,1,edge_a10e130b3c645a98,True,False,marble_database_evaluate_task_db,7,True,outcome_failed
70,agent1,1,edge_08c6c6566cbdeebd,True,False,marble_database_evaluate_task_db,7,True,outcome_failed
70,agent1,1,edge_4d833bcc0f525ed8,True,False,marble_database_evaluate_task_db,7,True,outcome_failed
70,agent1,1,edge_e32724f93093024b,True,False,marble_database_evaluate_task_db,7,True,outcome_failed
70,agent1,1,edge_becef4240ef62a31,True,False,marble_database_evaluate_task_db,7,True,outcome_failed
70,agent1,1,edge_76b368069bf30fae,True,False,marble_database_evaluate_task_db,7,True,outcome_failed
70,agent1,0,edge_a10e130b3c645a98,True,False,marble_database_evaluate_task_db,7,True,outcome_failed
70,agent1,0,edge_08c6c6566cbdeebd,True,False,marble_database_evaluate_task_db,7,True,outcome_failed
70,agent1,0,edge_4d833bcc0f525ed8,False,False,marble_database_engine,0,False,real_engine_not_executed;outcome_failed;no_marble_output
70,agent1,0,edge_e32724f93093024b,True,False,marble_database_evaluate_task_db,7,True,outcome_failed
70,agent1,0,edge_becef4240ef62a31,True,False,marble_database_evaluate_task_db,7,True,outcome_failed
70,agent1,0,edge_76b368069bf30fae,True,False,marble_database_evaluate_task_db,7,True,outcome_failed
71,agent1,2,edge_3df4b26754e8fed6,True,False,marble_database_evaluate_task_db,7,True,outcome_failed
71,agent1,2,edge_1098b486ea922713,True,False,marble_database_evaluate_task_db,7,True,outcome_failed
71,agent1,2,edge_707c347f3bbb68fb,False,False,marble_database_engine,0,False,real_engine_not_executed;outcome_failed;no_marble_output
71,agent1,2,edge_cecf108d3b4b0ebf,False,False,marble_database_engine,0,False,real_engine_not_executed;outcome_failed;no_marble_output
71,agent1,2,edge_981140f05751fe64,True,False,marble_database_evaluate_task_db,7,True,outcome_failed
71,agent1,2,edge_0c0a370e7d902b60,True,False,marble_database_evaluate_task_db,7,True,outcome_failed
71,agent1,1,edge_3df4b26754e8fed6,True,False,marble_database_evaluate_task_db,7,True,outcome_failed
71,agent1,1,edge_1098b486ea922713,False,False,marble_database_engine,0,False,real_engine_not_executed;outcome_failed;no_marble_output
71,agent1,1,edge_707c347f3bbb68fb,True,False,marble_database_evaluate_task_db,7,True,outcome_failed
71,agent1,1,edge_cecf108d3b4b0ebf,False,False,marble_database_engine,0,False,real_engine_not_executed;outcome_failed;no_marble_output
71,agent1,1,edge_981140f05751fe64,True,False,marble_database_evaluate_task_db,7,True,outcome_failed
71,agent1,1,edge_0c0a370e7d902b60,False,False,marble_database_engine,0,False,real_engine_not_executed;outcome_failed;no_marble_output
71,agent1,0,edge_3df4b26754e8fed6,True,False,marble_database_evaluate_task_db,7,True,outcome_failed
71,agent1,0,edge_1098b486ea922713,False,False,marble_database_engine,0,False,real_engine_not_executed;outcome_failed;no_marble_output
71,agent1,0,edge_707c347f3bbb68fb,True,False,marble_database_evaluate_task_db,7,True,outcome_failed
71,agent1,0,edge_cecf108d3b4b0ebf,True,False,marble_database_evaluate_task_db,7,True,outcome_failed
71,agent1,0,edge_981140f05751fe64,False,False,marble_database_engine,0,False,real_engine_not_executed;outcome_failed;no_marble_output
71,agent1,0,edge_0c0a370e7d902b60,False,False,marble_database_engine,0,False,real_engine_not_executed;outcome_failed;no_marble_output
72,agent1,2,edge_5d7e1d361b7d15d1,False,False,marble_database_engine,0,False,real_engine_not_executed;outcome_failed;no_marble_output
72,agent1,2,edge_f16c8d807977e502,False,False,marble_database_engine,0,False,real_engine_not_executed;outcome_failed;no_marble_output
72,agent1,2,edge_717a4e3510e1850e,False,False,marble_database_engine,0,False,real_engine_not_executed;outcome_failed;no_marble_output
72,agent1,2,edge_0dc1a6bc5d2455e0,True,True,marble_database_evaluate_task_db,7,True,OK
72,agent1,2,edge_f263301159d35352,False,False,marble_database_engine,0,False,real_engine_not_executed;outcome_failed;no_marble_output
72,agent1,2,edge_3f27aa2d3a7b184d,True,True,marble_database_evaluate_task_db,7,True,OK
72,agent1,1,edge_5d7e1d361b7d15d1,True,True,marble_database_evaluate_task_db,7,True,OK
72,agent1,1,edge_f16c8d807977e502,False,False,marble_database_engine,0,False,real_engine_not_executed;outcome_failed;no_marble_output
72,agent1,1,edge_717a4e3510e1850e,False,False,marble_database_engine,0,False,real_engine_not_executed;outcome_failed;no_marble_output
72,agent1,1,edge_0dc1a6bc5d2455e0,False,False,marble_database_engine,0,False,real_engine_not_executed;outcome_failed;no_marble_output
72,agent1,1,edge_f263301159d35352,True,True,marble_database_evaluate_task_db,7,True,OK
72,agent1,1,edge_3f27aa2d3a7b184d,False,False,marble_database_engine,0,False,real_engine_not_executed;outcome_failed;no_marble_output
72,agent1,0,edge_5d7e1d361b7d15d1,True,True,marble_database_evaluate_task_db,7,True,OK
72,agent1,0,edge_f16c8d807977e502,False,False,marble_database_engine,0,False,real_engine_not_executed;outcome_failed;no_marble_output
72,agent1,0,edge_717a4e3510e1850e,True,True,marble_database_evaluate_task_db,7,True,OK
72,agent1,0,edge_0dc1a6bc5d2455e0,True,True,marble_database_evaluate_task_db,7,True,OK
72,agent1,0,edge_f263301159d35352,True,True,marble_database_evaluate_task_db,7,True,OK
72,agent1,0,edge_3f27aa2d3a7b184d,False,False,marble_database_engine,0,False,real_engine_not_executed;outcome_failed;no_marble_output
73,agent1,2,edge_1cdfc58a53bd4331,True,False,marble_database_evaluate_task_db,7,True,outcome_failed
73,agent1,2,edge_fb0e4c53add85264,True,False,marble_database_evaluate_task_db,7,True,outcome_failed
73,agent1,2,edge_561215312e6bd8db,False,False,marble_database_engine,0,False,real_engine_not_executed;outcome_failed;no_marble_output
73,agent1,2,edge_90ccaa9a7a0ea0cd,False,False,marble_database_engine,0,False,real_engine_not_executed;outcome_failed;no_marble_output
73,agent1,2,edge_013eebfa460c29cf,True,False,marble_database_evaluate_task_db,7,True,outcome_failed
73,agent1,2,edge_8d1a34c66245a60b,False,False,marble_database_engine,0,False,real_engine_not_executed;outcome_failed;no_marble_output
73,agent1,1,edge_1cdfc58a53bd4331,True,False,marble_database_evaluate_task_db,7,True,outcome_failed
73,agent1,1,edge_fb0e4c53add85264,True,False,marble_database_evaluate_task_db,7,True,outcome_failed
73,agent1,1,edge_561215312e6bd8db,False,False,marble_database_engine,0,False,real_engine_not_executed;outcome_failed;no_marble_output
73,agent1,1,edge_90ccaa9a7a0ea0cd,False,False,marble_database_engine,0,False,real_engine_not_executed;outcome_failed;no_marble_output
73,agent1,1,edge_013eebfa460c29cf,True,False,marble_database_evaluate_task_db,7,True,outcome_failed
73,agent1,1,edge_8d1a34c66245a60b,False,False,marble_database_engine,0,False,real_engine_not_executed;outcome_failed;no_marble_output
73,agent1,0,edge_1cdfc58a53bd4331,False,False,marble_database_engine,0,False,real_engine_not_executed;outcome_failed;no_marble_output
73,agent1,0,edge_fb0e4c53add85264,False,False,marble_database_engine,0,False,real_engine_not_executed;outcome_failed;no_marble_output
73,agent1,0,edge_561215312e6bd8db,False,False,marble_database_engine,0,False,real_engine_not_executed;outcome_failed;no_marble_output
73,agent1,0,edge_90ccaa9a7a0ea0cd,False,False,marble_database_engine,0,False,real_engine_not_executed;outcome_failed;no_marble_output
73,agent1,0,edge_013eebfa460c29cf,True,False,marble_database_evaluate_task_db,7,True,outcome_failed
73,agent1,0,edge_8d1a34c66245a60b,False,False,marble_database_engine,0,False,real_engine_not_executed;outcome_failed;no_marble_output
75,agent1,2,edge_143f9c70b6227093,False,False,marble_database_engine,0,False,real_engine_not_executed;outcome_failed;no_marble_output
75,agent1,2,edge_0f2ce2a72259a981,True,False,marble_database_evaluate_task_db,7,True,outcome_failed
75,agent1,2,edge_408a8ea5cc815817,False,False,marble_database_engine,0,False,real_engine_not_executed;outcome_failed;no_marble_output
75,agent1,2,edge_c19898a1852368f5,False,False,marble_database_engine,0,False,real_engine_not_executed;outcome_failed;no_marble_output
75,agent1,2,edge_3ac9a6df1cfcd0aa,False,False,marble_database_engine,0,False,real_engine_not_executed;outcome_failed;no_marble_output
75,agent1,2,edge_ed028f5e03d5522b,False,False,marble_database_engine,0,False,real_engine_not_executed;outcome_failed;no_marble_output
75,agent1,1,edge_143f9c70b6227093,True,False,marble_database_evaluate_task_db,7,True,outcome_failed
75,agent1,1,edge_0f2ce2a72259a981,True,False,marble_database_evaluate_task_db,7,True,outcome_failed
75,agent1,1,edge_408a8ea5cc815817,False,False,marble_database_engine,0,False,real_engine_not_executed;outcome_failed;no_marble_output
75,agent1,1,edge_c19898a1852368f5,False,False,marble_database_engine,0,False,real_engine_not_executed;outcome_failed;no_marble_output
75,agent1,1,edge_3ac9a6df1cfcd0aa,True,False,marble_database_evaluate_task_db,7,True,outcome_failed
75,agent1,1,edge_ed028f5e03d5522b,False,False,marble_database_engine,0,False,real_engine_not_executed;outcome_failed;no_marble_output
75,agent1,0,edge_143f9c70b6227093,True,False,marble_database_evaluate_task_db,7,True,outcome_failed
75,agent1,0,edge_0f2ce2a72259a981,False,False,marble_database_engine,0,False,real_engine_not_executed;outcome_failed;no_marble_output
75,agent1,0,edge_408a8ea5cc815817,False,False,marble_database_engine,0,False,real_engine_not_executed;outcome_failed;no_marble_output
75,agent1,0,edge_c19898a1852368f5,True,False,marble_database_evaluate_task_db,7,True,outcome_failed
75,agent1,0,edge_3ac9a6df1cfcd0aa,True,False,marble_database_evaluate_task_db,7,True,outcome_failed
75,agent1,0,edge_ed028f5e03d5522b,True,False,marble_database_evaluate_task_db,7,True,outcome_failed
76,agent1,2,edge_2ab0596cfe21467c,False,False,marble_database_engine,0,False,real_engine_not_executed;outcome_failed;no_marble_output
76,agent1,2,edge_92df3350cfb95cdf,False,False,marble_database_engine,0,False,real_engine_not_executed;outcome_failed;no_marble_output
76,agent1,2,edge_83c301a35da811f5,True,True,marble_database_evaluate_task_db,7,True,OK
76,agent1,2,edge_51e237a5a1768e72,False,False,marble_database_engine,0,False,real_engine_not_executed;outcome_failed;no_marble_output
76,agent1,2,edge_81b43da69c730179,False,False,marble_database_engine,0,False,real_engine_not_executed;outcome_failed;no_marble_output
76,agent1,2,edge_32a0e2170986a849,True,True,marble_database_evaluate_task_db,7,True,OK
76,agent1,1,edge_2ab0596cfe21467c,False,False,marble_database_engine,0,False,real_engine_not_executed;outcome_failed;no_marble_output
76,agent1,1,edge_92df3350cfb95cdf,False,False,marble_database_engine,0,False,real_engine_not_executed;outcome_failed;no_marble_output
76,agent1,1,edge_83c301a35da811f5,False,False,marble_database_engine,0,False,real_engine_not_executed;outcome_failed;no_marble_output
76,agent1,1,edge_51e237a5a1768e72,False,False,marble_database_engine,0,False,real_engine_not_executed;outcome_failed;no_marble_output
76,agent1,1,edge_81b43da69c730179,False,False,marble_database_engine,0,False,real_engine_not_executed;outcome_failed;no_marble_output
76,agent1,1,edge_32a0e2170986a849,True,True,marble_database_evaluate_task_db,7,True,OK
76,agent1,0,edge_2ab0596cfe21467c,False,False,marble_database_engine,0,False,real_engine_not_executed;outcome_failed;no_marble_output
76,agent1,0,edge_92df3350cfb95cdf,True,True,marble_database_evaluate_task_db,7,True,OK
76,agent1,0,edge_83c301a35da811f5,True,True,marble_database_evaluate_task_db,7,True,OK
76,agent1,0,edge_51e237a5a1768e72,False,False,marble_database_engine,0,False,real_engine_not_executed;outcome_failed;no_marble_output
76,agent1,0,edge_81b43da69c730179,False,False,marble_database_engine,0,False,real_engine_not_executed;outcome_failed;no_marble_output
76,agent1,0,edge_32a0e2170986a849,False,False,marble_database_engine,0,False,real_engine_not_executed;outcome_failed;no_marble_output
77,agent1,2,edge_e4bab36097bf90aa,True,False,marble_database_evaluate_task_db,7,True,outcome_failed
77,agent1,2,edge_be3077574de97dfd,True,False,marble_database_evaluate_task_db,7,True,outcome_failed
77,agent1,2,edge_1a096c3a19dd493e,True,False,marble_database_evaluate_task_db,7,True,outcome_failed
77,agent1,2,edge_0403ea8a543d17ad,False,False,marble_database_engine,0,False,real_engine_not_executed;outcome_failed;no_marble_output
77,agent1,2,edge_812be3dc7b8b60fc,True,False,marble_database_evaluate_task_db,7,True,outcome_failed
77,agent1,2,edge_6cc1b0f65704f897,True,False,marble_database_evaluate_task_db,7,True,outcome_failed
77,agent1,1,edge_e4bab36097bf90aa,True,False,marble_database_evaluate_task_db,7,True,outcome_failed
77,agent1,1,edge_be3077574de97dfd,False,False,marble_database_engine,0,False,real_engine_not_executed;outcome_failed;no_marble_output
77,agent1,1,edge_1a096c3a19dd493e,True,False,marble_database_evaluate_task_db,7,True,outcome_failed
77,agent1,1,edge_0403ea8a543d17ad,True,False,marble_database_evaluate_task_db,7,True,outcome_failed
77,agent1,1,edge_812be3dc7b8b60fc,False,False,marble_database_engine,0,False,real_engine_not_executed;outcome_failed;no_marble_output
77,agent1,1,edge_6cc1b0f65704f897,False,False,marble_database_engine,0,False,real_engine_not_executed;outcome_failed;no_marble_output
77,agent1,0,edge_e4bab36097bf90aa,False,False,marble_database_engine,0,False,real_engine_not_executed;outcome_failed;no_marble_output
77,agent1,0,edge_be3077574de97dfd,False,False,marble_database_engine,0,False,real_engine_not_executed;outcome_failed;no_marble_output
77,agent1,0,edge_1a096c3a19dd493e,True,False,marble_database_evaluate_task_db,7,True,outcome_failed
77,agent1,0,edge_0403ea8a543d17ad,False,False,marble_database_engine,0,False,real_engine_not_executed;outcome_failed;no_marble_output
77,agent1,0,edge_812be3dc7b8b60fc,True,False,marble_database_evaluate_task_db,7,True,outcome_failed
77,agent1,0,edge_6cc1b0f65704f897,False,False,marble_database_engine,0,False,real_engine_not_executed;outcome_failed;no_marble_output
79,agent1,2,edge_91e07bcf945b20e8,True,False,marble_database_evaluate_task_db,7,True,outcome_failed
79,agent1,2,edge_cb60206a4caca94a,True,False,marble_database_evaluate_task_db,7,True,outcome_failed
79,agent1,2,edge_63003a53ad726e2c,True,False,marble_database_evaluate_task_db,7,True,outcome_failed
79,agent1,2,edge_04dbfb0a1a753f08,True,False,marble_database_evaluate_task_db,7,True,outcome_failed
79,agent1,2,edge_49a84ab8631d7404,True,False,marble_database_evaluate_task_db,7,True,outcome_failed
79,agent1,2,edge_c1aff2098eda4e3a,True,False,marble_database_evaluate_task_db,7,True,outcome_failed
79,agent1,1,edge_91e07bcf945b20e8,True,False,marble_database_evaluate_task_db,7,True,outcome_failed
79,agent1,1,edge_cb60206a4caca94a,False,False,marble_database_engine,0,False,real_engine_not_executed;outcome_failed;no_marble_output
79,agent1,1,edge_63003a53ad726e2c,True,False,marble_database_evaluate_task_db,7,True,outcome_failed
79,agent1,1,edge_04dbfb0a1a753f08,True,False,marble_database_evaluate_task_db,7,True,outcome_failed
79,agent1,1,edge_49a84ab8631d7404,True,False,marble_database_evaluate_task_db,7,True,outcome_failed
79,agent1,1,edge_c1aff2098eda4e3a,False,False,marble_database_engine,0,False,real_engine_not_executed;outcome_failed;no_marble_output
79,agent1,0,edge_91e07bcf945b20e8,False,False,marble_database_engine,0,False,real_engine_not_executed;outcome_failed;no_marble_output
79,agent1,0,edge_cb60206a4caca94a,False,False,marble_database_engine,0,False,real_engine_not_executed;outcome_failed;no_marble_output
79,agent1,0,edge_63003a53ad726e2c,True,False,marble_database_evaluate_task_db,7,True,outcome_failed
79,agent1,0,edge_04dbfb0a1a753f08,True,False,marble_database_evaluate_task_db,7,True,outcome_failed
79,agent1,0,edge_49a84ab8631d7404,True,False,marble_database_evaluate_task_db,7,True,outcome_failed
79,agent1,0,edge_c1aff2098eda4e3a,False,False,marble_database_engine,0,False,real_engine_not_executed;outcome_failed;no_marble_output
8,agent1,2,edge_a597edcf41e3567d,False,False,marble_database_engine,0,False,real_engine_not_executed;outcome_failed;no_marble_output
8,agent1,2,edge_4424630811f05a5e,True,False,marble_database_evaluate_task_db,7,True,outcome_failed
8,agent1,2,edge_ea35654ac9820079,True,False,marble_database_evaluate_task_db,7,True,outcome_failed
8,agent1,2,edge_80b5da609aa0341f,False,False,marble_database_engine,0,False,real_engine_not_executed;outcome_failed;no_marble_output
8,agent1,2,edge_ef4479e8c3ea8214,True,False,marble_database_evaluate_task_db,7,True,outcome_failed
8,agent1,2,edge_8b443c4d1443d7f4,True,True,marble_database_evaluate_task_db,7,True,OK
8,agent1,1,edge_a597edcf41e3567d,True,False,marble_database_evaluate_task_db,7,True,outcome_failed
8,agent1,1,edge_4424630811f05a5e,True,False,marble_database_evaluate_task_db,7,True,outcome_failed
8,agent1,1,edge_ea35654ac9820079,True,False,marble_database_evaluate_task_db,7,True,outcome_failed
8,agent1,1,edge_80b5da609aa0341f,True,False,marble_database_evaluate_task_db,7,True,outcome_failed
8,agent1,1,edge_ef4479e8c3ea8214,True,False,marble_database_evaluate_task_db,7,True,outcome_failed
8,agent1,1,edge_8b443c4d1443d7f4,True,False,marble_database_evaluate_task_db,7,True,outcome_failed
8,agent1,0,edge_a597edcf41e3567d,True,False,marble_database_evaluate_task_db,7,True,outcome_failed
8,agent1,0,edge_4424630811f05a5e,False,False,marble_database_engine,0,False,real_engine_not_executed;outcome_failed;no_marble_output
8,agent1,0,edge_ea35654ac9820079,True,False,marble_database_evaluate_task_db,7,True,outcome_failed
8,agent1,0,edge_80b5da609aa0341f,True,False,marble_database_evaluate_task_db,7,True,outcome_failed
8,agent1,0,edge_ef4479e8c3ea8214,True,True,marble_database_evaluate_task_db,7,True,OK
8,agent1,0,edge_8b443c4d1443d7f4,True,True,marble_database_evaluate_task_db,7,True,OK
80,agent1,2,edge_1ce6aaa1590becc4,False,False,marble_database_engine,0,False,real_engine_not_executed;outcome_failed;no_marble_output
80,agent1,2,edge_fc7e3eb082a28575,True,False,marble_database_evaluate_task_db,7,True,outcome_failed
80,agent1,2,edge_b8a7e2a81db0ec78,True,False,marble_database_evaluate_task_db,7,True,outcome_failed
80,agent1,2,edge_fe8bdbb51e3e8476,True,False,marble_database_evaluate_task_db,7,True,outcome_failed
80,agent1,2,edge_01deeae0a60b6da5,True,False,marble_database_evaluate_task_db,7,True,outcome_failed
80,agent1,2,edge_9b6bf6c1104649c0,False,False,marble_database_engine,0,False,real_engine_not_executed;outcome_failed;no_marble_output
80,agent1,1,edge_1ce6aaa1590becc4,True,False,marble_database_evaluate_task_db,7,True,outcome_failed
80,agent1,1,edge_fc7e3eb082a28575,False,False,marble_database_engine,0,False,real_engine_not_executed;outcome_failed;no_marble_output
80,agent1,1,edge_b8a7e2a81db0ec78,False,False,marble_database_engine,0,False,real_engine_not_executed;outcome_failed;no_marble_output
80,agent1,1,edge_fe8bdbb51e3e8476,True,False,marble_database_evaluate_task_db,7,True,outcome_failed
80,agent1,1,edge_01deeae0a60b6da5,False,False,marble_database_engine,0,False,real_engine_not_executed;outcome_failed;no_marble_output
80,agent1,1,edge_9b6bf6c1104649c0,True,False,marble_database_evaluate_task_db,7,True,outcome_failed
80,agent1,0,edge_1ce6aaa1590becc4,True,False,marble_database_evaluate_task_db,7,True,outcome_failed
80,agent1,0,edge_fc7e3eb082a28575,False,False,marble_database_engine,0,False,real_engine_not_executed;outcome_failed;no_marble_output
80,agent1,0,edge_b8a7e2a81db0ec78,True,False,marble_database_evaluate_task_db,7,True,outcome_failed
80,agent1,0,edge_fe8bdbb51e3e8476,True,False,marble_database_evaluate_task_db,7,True,outcome_failed
80,agent1,0,edge_01deeae0a60b6da5,False,False,marble_database_engine,0,False,real_engine_not_executed;outcome_failed;no_marble_output
80,agent1,0,edge_9b6bf6c1104649c0,True,False,marble_database_evaluate_task_db,7,True,outcome_failed
82,agent1,2,edge_567594fcddfec990,True,False,marble_database_evaluate_task_db,7,True,outcome_failed
82,agent1,2,edge_5d6f9d6e18dcd505,True,False,marble_database_evaluate_task_db,7,True,outcome_failed
82,agent1,2,edge_31f8f6545b92a4cf,True,False,marble_database_evaluate_task_db,7,True,outcome_failed
82,agent1,2,edge_5af38685d5261235,True,False,marble_database_evaluate_task_db,7,True,outcome_failed
82,agent1,2,edge_e0bb9f37f835cf0a,True,False,marble_database_evaluate_task_db,7,True,outcome_failed
82,agent1,2,edge_f5a895c3e88e70f7,True,False,marble_database_evaluate_task_db,7,True,outcome_failed
82,agent1,1,edge_567594fcddfec990,True,False,marble_database_evaluate_task_db,7,True,outcome_failed
82,agent1,1,edge_5d6f9d6e18dcd505,True,False,marble_database_evaluate_task_db,7,True,outcome_failed
82,agent1,1,edge_31f8f6545b92a4cf,True,False,marble_database_evaluate_task_db,7,True,outcome_failed
82,agent1,1,edge_5af38685d5261235,True,False,marble_database_evaluate_task_db,7,True,outcome_failed
82,agent1,1,edge_e0bb9f37f835cf0a,False,False,marble_database_engine,0,False,real_engine_not_executed;outcome_failed;no_marble_output
82,agent1,1,edge_f5a895c3e88e70f7,True,False,marble_database_evaluate_task_db,7,True,outcome_failed
82,agent1,0,edge_567594fcddfec990,True,False,marble_database_evaluate_task_db,7,True,outcome_failed
82,agent1,0,edge_5d6f9d6e18dcd505,False,False,marble_database_engine,0,False,real_engine_not_executed;outcome_failed;no_marble_output
82,agent1,0,edge_31f8f6545b92a4cf,True,False,marble_database_evaluate_task_db,7,True,outcome_failed
82,agent1,0,edge_5af38685d5261235,True,False,marble_database_evaluate_task_db,7,True,outcome_failed
82,agent1,0,edge_e0bb9f37f835cf0a,True,False,marble_database_evaluate_task_db,7,True,outcome_failed
82,agent1,0,edge_f5a895c3e88e70f7,False,False,marble_database_engine,0,False,real_engine_not_executed;outcome_failed;no_marble_output
83,agent1,2,edge_e66e637040af8759,False,False,marble_database_engine,0,False,real_engine_not_executed;outcome_failed;no_marble_output
83,agent1,2,edge_c67d5cbd59568c94,True,False,marble_database_evaluate_task_db,7,True,outcome_failed
83,agent1,2,edge_bd8dc140674d78a1,False,False,marble_database_engine,0,False,real_engine_not_executed;outcome_failed;no_marble_output
83,agent1,2,edge_a10efaadd3e61946,True,False,marble_database_evaluate_task_db,7,True,outcome_failed
83,agent1,2,edge_a94dd0daf24fe1f6,True,False,marble_database_evaluate_task_db,7,True,outcome_failed
83,agent1,2,edge_288d6b10b40bcbad,True,False,marble_database_evaluate_task_db,7,True,outcome_failed
83,agent1,1,edge_e66e637040af8759,True,False,marble_database_evaluate_task_db,7,True,outcome_failed
83,agent1,1,edge_c67d5cbd59568c94,True,False,marble_database_evaluate_task_db,7,True,outcome_failed
83,agent1,1,edge_bd8dc140674d78a1,True,False,marble_database_evaluate_task_db,7,True,outcome_failed
83,agent1,1,edge_a10efaadd3e61946,True,False,marble_database_evaluate_task_db,7,True,outcome_failed
83,agent1,1,edge_a94dd0daf24fe1f6,True,False,marble_database_evaluate_task_db,7,True,outcome_failed
83,agent1,1,edge_288d6b10b40bcbad,False,False,marble_database_engine,0,False,real_engine_not_executed;outcome_failed;no_marble_output
83,agent1,0,edge_e66e637040af8759,True,False,marble_database_evaluate_task_db,7,True,outcome_failed
83,agent1,0,edge_c67d5cbd59568c94,False,False,marble_database_engine,0,False,real_engine_not_executed;outcome_failed;no_marble_output
83,agent1,0,edge_bd8dc140674d78a1,True,False,marble_database_evaluate_task_db,7,True,outcome_failed
83,agent1,0,edge_a10efaadd3e61946,True,False,marble_database_evaluate_task_db,7,True,outcome_failed
83,agent1,0,edge_a94dd0daf24fe1f6,True,False,marble_database_evaluate_task_db,7,True,outcome_failed
83,agent1,0,edge_288d6b10b40bcbad,False,False,marble_database_engine,0,False,real_engine_not_executed;outcome_failed;no_marble_output
84,agent1,2,edge_ccc2a5a55b13ed0a,True,False,marble_database_evaluate_task_db,7,True,outcome_failed
84,agent1,2,edge_b848aee5dfbcc61d,False,False,marble_database_engine,0,False,real_engine_not_executed;outcome_failed;no_marble_output
84,agent1,2,edge_01ffae2869bfbd06,True,False,marble_database_evaluate_task_db,7,True,outcome_failed
84,agent1,2,edge_0adb606852df2045,True,False,marble_database_evaluate_task_db,7,True,outcome_failed
84,agent1,2,edge_6d02588c3ded6ddc,False,False,marble_database_engine,0,False,real_engine_not_executed;outcome_failed;no_marble_output
84,agent1,2,edge_4418f3e40cee28c8,True,False,marble_database_evaluate_task_db,7,True,outcome_failed
84,agent1,1,edge_ccc2a5a55b13ed0a,False,False,marble_database_engine,0,False,real_engine_not_executed;outcome_failed;no_marble_output
84,agent1,1,edge_b848aee5dfbcc61d,True,False,marble_database_evaluate_task_db,7,True,outcome_failed
84,agent1,1,edge_01ffae2869bfbd06,False,False,marble_database_engine,0,False,real_engine_not_executed;outcome_failed;no_marble_output
84,agent1,1,edge_0adb606852df2045,False,False,marble_database_engine,0,False,real_engine_not_executed;outcome_failed;no_marble_output
84,agent1,1,edge_6d02588c3ded6ddc,True,False,marble_database_evaluate_task_db,7,True,outcome_failed
84,agent1,1,edge_4418f3e40cee28c8,True,False,marble_database_evaluate_task_db,7,True,outcome_failed
84,agent1,0,edge_ccc2a5a55b13ed0a,False,False,marble_database_engine,0,False,real_engine_not_executed;outcome_failed;no_marble_output
84,agent1,0,edge_b848aee5dfbcc61d,True,False,marble_database_evaluate_task_db,7,True,outcome_failed
84,agent1,0,edge_01ffae2869bfbd06,True,False,marble_database_evaluate_task_db,7,True,outcome_failed
84,agent1,0,edge_0adb606852df2045,False,False,marble_database_engine,0,False,real_engine_not_executed;outcome_failed;no_marble_output
84,agent1,0,edge_6d02588c3ded6ddc,False,False,marble_database_engine,0,False,real_engine_not_executed;outcome_failed;no_marble_output
84,agent1,0,edge_4418f3e40cee28c8,True,False,marble_database_evaluate_task_db,7,True,outcome_failed
85,agent1,2,edge_f16e2d58405ca99a,True,False,marble_database_evaluate_task_db,7,True,outcome_failed
85,agent1,2,edge_7e047b7eefb9d7d6,True,False,marble_database_evaluate_task_db,7,True,outcome_failed
85,agent1,2,edge_f9283397e8b77953,True,False,marble_database_evaluate_task_db,7,True,outcome_failed
85,agent1,2,edge_59076069015cc81b,True,False,marble_database_evaluate_task_db,7,True,outcome_failed
85,agent1,2,edge_3dd3364716e83fb7,True,False,marble_database_evaluate_task_db,7,True,outcome_failed
85,agent1,2,edge_31987d8e78be2155,False,False,marble_database_engine,0,False,real_engine_not_executed;outcome_failed;no_marble_output
85,agent1,1,edge_f16e2d58405ca99a,True,False,marble_database_evaluate_task_db,7,True,outcome_failed
85,agent1,1,edge_7e047b7eefb9d7d6,False,False,marble_database_engine,0,False,real_engine_not_executed;outcome_failed;no_marble_output
85,agent1,1,edge_f9283397e8b77953,True,False,marble_database_evaluate_task_db,7,True,outcome_failed
85,agent1,1,edge_59076069015cc81b,True,False,marble_database_evaluate_task_db,7,True,outcome_failed
85,agent1,1,edge_3dd3364716e83fb7,True,False,marble_database_evaluate_task_db,7,True,outcome_failed
85,agent1,1,edge_31987d8e78be2155,True,False,marble_database_evaluate_task_db,7,True,outcome_failed
85,agent1,0,edge_f16e2d58405ca99a,True,False,marble_database_evaluate_task_db,7,True,outcome_failed
85,agent1,0,edge_7e047b7eefb9d7d6,True,False,marble_database_evaluate_task_db,7,True,outcome_failed
85,agent1,0,edge_f9283397e8b77953,True,False,marble_database_evaluate_task_db,7,True,outcome_failed
85,agent1,0,edge_59076069015cc81b,True,False,marble_database_evaluate_task_db,7,True,outcome_failed
85,agent1,0,edge_3dd3364716e83fb7,True,False,marble_database_evaluate_task_db,7,True,outcome_failed
85,agent1,0,edge_31987d8e78be2155,True,False,marble_database_evaluate_task_db,7,True,outcome_failed
87,agent1,2,edge_b466eb1c18a1dc15,False,False,marble_database_engine,0,False,real_engine_not_executed;outcome_failed;no_marble_output
87,agent1,2,edge_43134639e39cce96,True,False,marble_database_evaluate_task_db,7,True,outcome_failed
87,agent1,2,edge_fd910985d5f8256e,True,False,marble_database_evaluate_task_db,7,True,outcome_failed
87,agent1,2,edge_933389f42e3730f3,False,False,marble_database_engine,0,False,real_engine_not_executed;outcome_failed;no_marble_output
87,agent1,2,edge_c9c8908b158b6b1e,True,False,marble_database_evaluate_task_db,7,True,outcome_failed
87,agent1,2,edge_b38943f678a9a1ba,False,False,marble_database_engine,0,False,real_engine_not_executed;outcome_failed;no_marble_output
87,agent1,1,edge_b466eb1c18a1dc15,True,False,marble_database_evaluate_task_db,7,True,outcome_failed
87,agent1,1,edge_43134639e39cce96,True,False,marble_database_evaluate_task_db,7,True,outcome_failed
87,agent1,1,edge_fd910985d5f8256e,True,False,marble_database_evaluate_task_db,7,True,outcome_failed
87,agent1,1,edge_933389f42e3730f3,False,False,marble_database_engine,0,False,real_engine_not_executed;outcome_failed;no_marble_output
87,agent1,1,edge_c9c8908b158b6b1e,True,False,marble_database_evaluate_task_db,7,True,outcome_failed
87,agent1,1,edge_b38943f678a9a1ba,True,False,marble_database_evaluate_task_db,7,True,outcome_failed
87,agent1,0,edge_b466eb1c18a1dc15,False,False,marble_database_engine,0,False,real_engine_not_executed;outcome_failed;no_marble_output
87,agent1,0,edge_43134639e39cce96,True,False,marble_database_evaluate_task_db,7,True,outcome_failed
87,agent1,0,edge_fd910985d5f8256e,True,False,marble_database_evaluate_task_db,7,True,outcome_failed
87,agent1,0,edge_933389f42e3730f3,True,False,marble_database_evaluate_task_db,7,True,outcome_failed
87,agent1,0,edge_c9c8908b158b6b1e,True,False,marble_database_evaluate_task_db,7,True,outcome_failed
87,agent1,0,edge_b38943f678a9a1ba,False,False,marble_database_engine,0,False,real_engine_not_executed;outcome_failed;no_marble_output
88,agent1,2,edge_3bc9fe5e7b8b18a8,True,False,marble_database_evaluate_task_db,7,True,outcome_failed
88,agent1,2,edge_181f16f0bd250b4d,True,False,marble_database_evaluate_task_db,7,True,outcome_failed
88,agent1,2,edge_609bcdcb0a73e179,True,False,marble_database_evaluate_task_db,7,True,outcome_failed
88,agent1,2,edge_b3083d15cb925611,True,False,marble_database_evaluate_task_db,7,True,outcome_failed
88,agent1,2,edge_12f892369e5ffc7b,True,False,marble_database_evaluate_task_db,7,True,outcome_failed
88,agent1,2,edge_a155ed4bb30cfcd8,True,False,marble_database_evaluate_task_db,7,True,outcome_failed
88,agent1,1,edge_3bc9fe5e7b8b18a8,False,False,marble_database_engine,0,False,real_engine_not_executed;outcome_failed;no_marble_output
88,agent1,1,edge_181f16f0bd250b4d,False,False,marble_database_engine,0,False,real_engine_not_executed;outcome_failed;no_marble_output
88,agent1,1,edge_609bcdcb0a73e179,True,False,marble_database_evaluate_task_db,7,True,outcome_failed
88,agent1,1,edge_b3083d15cb925611,True,False,marble_database_evaluate_task_db,7,True,outcome_failed
88,agent1,1,edge_12f892369e5ffc7b,True,False,marble_database_evaluate_task_db,7,True,outcome_failed
88,agent1,1,edge_a155ed4bb30cfcd8,True,False,marble_database_evaluate_task_db,7,True,outcome_failed
88,agent1,0,edge_3bc9fe5e7b8b18a8,False,False,marble_database_engine,0,False,real_engine_not_executed;outcome_failed;no_marble_output
88,agent1,0,edge_181f16f0bd250b4d,True,False,marble_database_evaluate_task_db,7,True,outcome_failed
88,agent1,0,edge_609bcdcb0a73e179,True,False,marble_database_evaluate_task_db,7,True,outcome_failed
88,agent1,0,edge_b3083d15cb925611,False,False,marble_database_engine,0,False,real_engine_not_executed;outcome_failed;no_marble_output
88,agent1,0,edge_12f892369e5ffc7b,True,False,marble_database_evaluate_task_db,7,True,outcome_failed
88,agent1,0,edge_a155ed4bb30cfcd8,True,False,marble_database_evaluate_task_db,7,True,outcome_failed
89,agent1,2,edge_9ac9e978d4a38813,True,False,marble_database_evaluate_task_db,7,True,outcome_failed
89,agent1,2,edge_df5ff54c88910fd0,True,False,marble_database_evaluate_task_db,7,True,outcome_failed
89,agent1,2,edge_4facc30fb80fad37,True,False,marble_database_evaluate_task_db,7,True,outcome_failed
89,agent1,2,edge_1af4bc4dc559aa97,True,False,marble_database_evaluate_task_db,7,True,outcome_failed
89,agent1,2,edge_51b2fa64663ad04d,True,False,marble_database_evaluate_task_db,7,True,outcome_failed
89,agent1,2,edge_198adca12e748c5e,False,False,marble_database_engine,0,False,real_engine_not_executed;outcome_failed;no_marble_output
89,agent1,1,edge_9ac9e978d4a38813,True,False,marble_database_evaluate_task_db,7,True,outcome_failed
89,agent1,1,edge_df5ff54c88910fd0,True,False,marble_database_evaluate_task_db,7,True,outcome_failed
89,agent1,1,edge_4facc30fb80fad37,True,False,marble_database_evaluate_task_db,7,True,outcome_failed
89,agent1,1,edge_1af4bc4dc559aa97,True,False,marble_database_evaluate_task_db,7,True,outcome_failed
89,agent1,1,edge_51b2fa64663ad04d,True,False,marble_database_evaluate_task_db,7,True,outcome_failed
89,agent1,1,edge_198adca12e748c5e,True,False,marble_database_evaluate_task_db,7,True,outcome_failed
89,agent1,0,edge_9ac9e978d4a38813,True,False,marble_database_evaluate_task_db,7,True,outcome_failed
89,agent1,0,edge_df5ff54c88910fd0,True,False,marble_database_evaluate_task_db,7,True,outcome_failed
89,agent1,0,edge_4facc30fb80fad37,False,False,marble_database_engine,0,False,real_engine_not_executed;outcome_failed;no_marble_output
89,agent1,0,edge_1af4bc4dc559aa97,True,False,marble_database_evaluate_task_db,7,True,outcome_failed
89,agent1,0,edge_51b2fa64663ad04d,True,False,marble_database_evaluate_task_db,7,True,outcome_failed
89,agent1,0,edge_198adca12e748c5e,True,False,marble_database_evaluate_task_db,7,True,outcome_failed
9,agent1,2,edge_3a305ddc3ddf7d19,True,True,marble_database_evaluate_task_db,7,True,OK
9,agent1,2,edge_fc2e40b5ff3d7aa7,True,True,marble_database_evaluate_task_db,7,True,OK
9,agent1,2,edge_e6854e07cf5f3b84,False,False,marble_database_engine,0,False,real_engine_not_executed;outcome_failed;no_marble_output
9,agent1,2,edge_66f543ae3e76f28c,True,True,marble_database_evaluate_task_db,7,True,OK
9,agent1,2,edge_a9201444b15a003e,True,False,marble_database_evaluate_task_db,7,True,outcome_failed
9,agent1,2,edge_d6841e640c62c2f6,True,True,marble_database_evaluate_task_db,7,True,OK
9,agent1,1,edge_3a305ddc3ddf7d19,False,False,marble_database_engine,0,False,real_engine_not_executed;outcome_failed;no_marble_output
9,agent1,1,edge_fc2e40b5ff3d7aa7,True,True,marble_database_evaluate_task_db,7,True,OK
9,agent1,1,edge_e6854e07cf5f3b84,True,True,marble_database_evaluate_task_db,7,True,OK
9,agent1,1,edge_66f543ae3e76f28c,True,True,marble_database_evaluate_task_db,7,True,OK
9,agent1,1,edge_a9201444b15a003e,True,True,marble_database_evaluate_task_db,7,True,OK
9,agent1,1,edge_d6841e640c62c2f6,True,True,marble_database_evaluate_task_db,7,True,OK
9,agent1,0,edge_3a305ddc3ddf7d19,False,False,marble_database_engine,0,False,real_engine_not_executed;outcome_failed;no_marble_output
9,agent1,0,edge_fc2e40b5ff3d7aa7,True,True,marble_database_evaluate_task_db,7,True,OK
9,agent1,0,edge_e6854e07cf5f3b84,True,True,marble_database_evaluate_task_db,7,True,OK
9,agent1,0,edge_66f543ae3e76f28c,True,True,marble_database_evaluate_task_db,7,True,OK
9,agent1,0,edge_a9201444b15a003e,False,False,marble_database_engine,0,False,real_engine_not_executed;outcome_failed;no_marble_output
9,agent1,0,edge_d6841e640c62c2f6,True,True,marble_database_evaluate_task_db,7,True,OK
90,agent1,2,edge_98163226e7ae44b3,True,False,marble_database_evaluate_task_db,7,True,outcome_failed
90,agent1,2,edge_d24566f23b07a767,True,False,marble_database_evaluate_task_db,7,True,outcome_failed
90,agent1,2,edge_8c22be5591cafb68,True,False,marble_database_evaluate_task_db,7,True,outcome_failed
90,agent1,2,edge_2438c8b598f61692,True,False,marble_database_evaluate_task_db,7,True,outcome_failed
90,agent1,2,edge_7e86df7b3e27b04c,True,False,marble_database_evaluate_task_db,7,True,outcome_failed
90,agent1,2,edge_60475bb85de7ea91,True,False,marble_database_evaluate_task_db,7,True,outcome_failed
90,agent1,1,edge_98163226e7ae44b3,True,False,marble_database_evaluate_task_db,7,True,outcome_failed
90,agent1,1,edge_d24566f23b07a767,True,False,marble_database_evaluate_task_db,7,True,outcome_failed
90,agent1,1,edge_8c22be5591cafb68,True,False,marble_database_evaluate_task_db,7,True,outcome_failed
90,agent1,1,edge_2438c8b598f61692,True,False,marble_database_evaluate_task_db,7,True,outcome_failed
90,agent1,1,edge_7e86df7b3e27b04c,True,False,marble_database_evaluate_task_db,7,True,outcome_failed
90,agent1,1,edge_60475bb85de7ea91,True,False,marble_database_evaluate_task_db,7,True,outcome_failed
90,agent1,0,edge_98163226e7ae44b3,True,False,marble_database_evaluate_task_db,7,True,outcome_failed
90,agent1,0,edge_d24566f23b07a767,True,False,marble_database_evaluate_task_db,7,True,outcome_failed
90,agent1,0,edge_8c22be5591cafb68,True,False,marble_database_evaluate_task_db,7,True,outcome_failed
90,agent1,0,edge_2438c8b598f61692,True,False,marble_database_evaluate_task_db,7,True,outcome_failed
90,agent1,0,edge_7e86df7b3e27b04c,True,False,marble_database_evaluate_task_db,7,True,outcome_failed
90,agent1,0,edge_60475bb85de7ea91,True,False,marble_database_evaluate_task_db,7,True,outcome_failed
92,agent1,2,edge_8398e7cf674b4636,True,False,marble_database_evaluate_task_db,7,True,outcome_failed
92,agent1,2,edge_6465c4271b5b5266,True,False,marble_database_evaluate_task_db,7,True,outcome_failed
92,agent1,2,edge_c17a37e54650d0e7,True,False,marble_database_evaluate_task_db,7,True,outcome_failed
92,agent1,2,edge_bf6d0b13c0fbe402,True,False,marble_database_evaluate_task_db,7,True,outcome_failed
92,agent1,2,edge_f1ed6265b2d7525e,True,False,marble_database_evaluate_task_db,7,True,outcome_failed
92,agent1,2,edge_b4ad211d6848538b,True,False,marble_database_evaluate_task_db,7,True,outcome_failed
92,agent1,1,edge_8398e7cf674b4636,True,False,marble_database_evaluate_task_db,7,True,outcome_failed
92,agent1,1,edge_6465c4271b5b5266,True,False,marble_database_evaluate_task_db,7,True,outcome_failed
92,agent1,1,edge_c17a37e54650d0e7,True,False,marble_database_evaluate_task_db,7,True,outcome_failed
92,agent1,1,edge_bf6d0b13c0fbe402,True,False,marble_database_evaluate_task_db,7,True,outcome_failed
92,agent1,1,edge_f1ed6265b2d7525e,True,False,marble_database_evaluate_task_db,7,True,outcome_failed
92,agent1,1,edge_b4ad211d6848538b,True,False,marble_database_evaluate_task_db,7,True,outcome_failed
92,agent1,0,edge_8398e7cf674b4636,True,False,marble_database_evaluate_task_db,7,True,outcome_failed
92,agent1,0,edge_6465c4271b5b5266,True,False,marble_database_evaluate_task_db,7,True,outcome_failed
92,agent1,0,edge_c17a37e54650d0e7,True,False,marble_database_evaluate_task_db,7,True,outcome_failed
92,agent1,0,edge_bf6d0b13c0fbe402,True,False,marble_database_evaluate_task_db,7,True,outcome_failed
92,agent1,0,edge_f1ed6265b2d7525e,True,False,marble_database_evaluate_task_db,7,True,outcome_failed
92,agent1,0,edge_b4ad211d6848538b,True,False,marble_database_evaluate_task_db,7,True,outcome_failed
93,agent1,2,edge_922e862ed41a4830,True,False,marble_database_evaluate_task_db,7,True,outcome_failed
93,agent1,2,edge_f879a7bf4736d41a,True,False,marble_database_evaluate_task_db,7,True,outcome_failed
93,agent1,2,edge_cc7dfe71e92ec63b,True,False,marble_database_evaluate_task_db,7,True,outcome_failed
93,agent1,2,edge_62988aaf4d7c34b2,True,False,marble_database_evaluate_task_db,7,True,outcome_failed
93,agent1,2,edge_70773b19ec857569,True,False,marble_database_evaluate_task_db,7,True,outcome_failed
93,agent1,2,edge_e49106d2d362205c,True,False,marble_database_evaluate_task_db,7,True,outcome_failed
93,agent1,1,edge_922e862ed41a4830,True,False,marble_database_evaluate_task_db,7,True,outcome_failed
93,agent1,1,edge_f879a7bf4736d41a,True,False,marble_database_evaluate_task_db,7,True,outcome_failed
93,agent1,1,edge_cc7dfe71e92ec63b,True,False,marble_database_evaluate_task_db,7,True,outcome_failed
93,agent1,1,edge_62988aaf4d7c34b2,True,False,marble_database_evaluate_task_db,7,True,outcome_failed
93,agent1,1,edge_70773b19ec857569,True,False,marble_database_evaluate_task_db,7,True,outcome_failed
93,agent1,1,edge_e49106d2d362205c,True,False,marble_database_evaluate_task_db,7,True,outcome_failed
93,agent1,0,edge_922e862ed41a4830,True,False,marble_database_evaluate_task_db,7,True,outcome_failed
93,agent1,0,edge_f879a7bf4736d41a,True,False,marble_database_evaluate_task_db,7,True,outcome_failed
93,agent1,0,edge_cc7dfe71e92ec63b,True,False,marble_database_evaluate_task_db,7,True,outcome_failed
93,agent1,0,edge_62988aaf4d7c34b2,True,False,marble_database_evaluate_task_db,7,True,outcome_failed
93,agent1,0,edge_70773b19ec857569,True,False,marble_database_evaluate_task_db,7,True,outcome_failed
93,agent1,0,edge_e49106d2d362205c,True,False,marble_database_evaluate_task_db,7,True,outcome_failed
94,agent1,2,edge_2a3af699e813d18a,True,False,marble_database_evaluate_task_db,7,True,outcome_failed
94,agent1,2,edge_7a014d696d658a4d,False,False,marble_database_engine,0,False,real_engine_not_executed;outcome_failed;no_marble_output
94,agent1,2,edge_9c5cc99213701c6d,True,False,marble_database_evaluate_task_db,7,True,outcome_failed
94,agent1,2,edge_6268eb2d55dde404,True,False,marble_database_evaluate_task_db,7,True,outcome_failed
94,agent1,2,edge_97132294409ee06a,True,False,marble_database_evaluate_task_db,7,True,outcome_failed
94,agent1,2,edge_b515376db27dae43,True,False,marble_database_evaluate_task_db,7,True,outcome_failed
94,agent1,1,edge_2a3af699e813d18a,True,False,marble_database_evaluate_task_db,7,True,outcome_failed
94,agent1,1,edge_7a014d696d658a4d,True,False,marble_database_evaluate_task_db,7,True,outcome_failed
94,agent1,1,edge_9c5cc99213701c6d,True,False,marble_database_evaluate_task_db,7,True,outcome_failed
94,agent1,1,edge_6268eb2d55dde404,True,False,marble_database_evaluate_task_db,7,True,outcome_failed
94,agent1,1,edge_97132294409ee06a,True,False,marble_database_evaluate_task_db,7,True,outcome_failed
94,agent1,1,edge_b515376db27dae43,False,False,marble_database_engine,0,False,real_engine_not_executed;outcome_failed;no_marble_output
94,agent1,0,edge_2a3af699e813d18a,True,False,marble_database_evaluate_task_db,7,True,outcome_failed
94,agent1,0,edge_7a014d696d658a4d,True,False,marble_database_evaluate_task_db,7,True,outcome_failed
94,agent1,0,edge_9c5cc99213701c6d,True,False,marble_database_evaluate_task_db,7,True,outcome_failed
94,agent1,0,edge_6268eb2d55dde404,True,False,marble_database_evaluate_task_db,7,True,outcome_failed
94,agent1,0,edge_97132294409ee06a,True,False,marble_database_evaluate_task_db,7,True,outcome_failed
94,agent1,0,edge_b515376db27dae43,True,False,marble_database_evaluate_task_db,7,True,outcome_failed
95,agent1,2,edge_0c1f2962a6dc96d8,True,False,marble_database_evaluate_task_db,7,True,outcome_failed
95,agent1,2,edge_36e1b0fcfa24902d,True,True,marble_database_evaluate_task_db,7,True,OK
95,agent1,2,edge_01a70313ac655bcd,True,False,marble_database_evaluate_task_db,7,True,outcome_failed
95,agent1,2,edge_b2827aa106a73538,True,False,marble_database_evaluate_task_db,7,True,outcome_failed
95,agent1,2,edge_aadc8e31379c0ec5,True,False,marble_database_evaluate_task_db,7,True,outcome_failed
95,agent1,2,edge_b8a79ca3b8232060,True,False,marble_database_evaluate_task_db,7,True,outcome_failed
95,agent1,1,edge_0c1f2962a6dc96d8,True,False,marble_database_evaluate_task_db,7,True,outcome_failed
95,agent1,1,edge_36e1b0fcfa24902d,True,True,marble_database_evaluate_task_db,7,True,OK
95,agent1,1,edge_01a70313ac655bcd,True,False,marble_database_evaluate_task_db,7,True,outcome_failed
95,agent1,1,edge_b2827aa106a73538,True,False,marble_database_evaluate_task_db,7,True,outcome_failed
95,agent1,1,edge_aadc8e31379c0ec5,True,False,marble_database_evaluate_task_db,7,True,outcome_failed
95,agent1,1,edge_b8a79ca3b8232060,True,False,marble_database_evaluate_task_db,7,True,outcome_failed
95,agent1,0,edge_0c1f2962a6dc96d8,True,False,marble_database_evaluate_task_db,7,True,outcome_failed
95,agent1,0,edge_36e1b0fcfa24902d,True,False,marble_database_evaluate_task_db,7,True,outcome_failed
95,agent1,0,edge_01a70313ac655bcd,True,False,marble_database_evaluate_task_db,7,True,outcome_failed
95,agent1,0,edge_b2827aa106a73538,True,False,marble_database_evaluate_task_db,7,True,outcome_failed
95,agent1,0,edge_aadc8e31379c0ec5,True,False,marble_database_evaluate_task_db,7,True,outcome_failed
95,agent1,0,edge_b8a79ca3b8232060,True,False,marble_database_evaluate_task_db,7,True,outcome_failed
97,agent1,2,edge_3efeafc68d85bb34,True,False,marble_database_evaluate_task_db,7,True,outcome_failed
97,agent1,2,edge_ac676d0aab233aae,True,False,marble_database_evaluate_task_db,7,True,outcome_failed
97,agent1,2,edge_8719d4765b425368,True,False,marble_database_evaluate_task_db,7,True,outcome_failed
97,agent1,2,edge_7936a967ac46e69f,True,False,marble_database_evaluate_task_db,7,True,outcome_failed
97,agent1,2,edge_e79310ba2a8c0064,True,False,marble_database_evaluate_task_db,7,True,outcome_failed
97,agent1,2,edge_589ba0ddeab36868,True,False,marble_database_evaluate_task_db,7,True,outcome_failed
97,agent1,1,edge_3efeafc68d85bb34,True,False,marble_database_evaluate_task_db,7,True,outcome_failed
97,agent1,1,edge_ac676d0aab233aae,True,False,marble_database_evaluate_task_db,7,True,outcome_failed
97,agent1,1,edge_8719d4765b425368,True,False,marble_database_evaluate_task_db,7,True,outcome_failed
97,agent1,1,edge_7936a967ac46e69f,True,False,marble_database_evaluate_task_db,7,True,outcome_failed
97,agent1,1,edge_e79310ba2a8c0064,True,False,marble_database_evaluate_task_db,7,True,outcome_failed
97,agent1,1,edge_589ba0ddeab36868,True,False,marble_database_evaluate_task_db,7,True,outcome_failed
97,agent1,0,edge_3efeafc68d85bb34,True,False,marble_database_evaluate_task_db,7,True,outcome_failed
97,agent1,0,edge_ac676d0aab233aae,True,False,marble_database_evaluate_task_db,7,True,outcome_failed
97,agent1,0,edge_8719d4765b425368,False,False,marble_database_engine,0,False,real_engine_not_executed;outcome_failed;no_marble_output
97,agent1,0,edge_7936a967ac46e69f,True,False,marble_database_evaluate_task_db,7,True,outcome_failed
97,agent1,0,edge_e79310ba2a8c0064,True,False,marble_database_evaluate_task_db,7,True,outcome_failed
97,agent1,0,edge_589ba0ddeab36868,True,False,marble_database_evaluate_task_db,7,True,outcome_failed
