method,task_id,seed,receiver_id,memory_id,expose_reward,withhold_reward,delta,decision
full_memory,10,0,receiver_1,dbproc-01870edcc464-agent5,1.0,0.0,1.0,validated
full_memory,10,0,receiver_1,dbproc-01870edcc464-agent1,0.0,0.0,0.0,injected_unvalidated
full_memory,10,0,receiver_1,dbproc-06c28b92d681-agent1,1.0,0.0,1.0,validated
full_memory,10,0,receiver_1,dbproc-01870edcc464-agent3,1.0,0.0,1.0,validated
full_memory,10,0,receiver_2,dbproc-01870edcc464-agent5,1.0,0.0,1.0,validated
full_memory,10,0,receiver_2,dbproc-01870edcc464-agent1,1.0,0.0,1.0,validated
full_memory,10,0,receiver_2,dbproc-06c28b92d681-agent1,0.0,0.0,0.0,injected_unvalidated
full_memory,10,0,receiver_2,dbproc-01870edcc464-agent3,1.0,0.0,1.0,validated
full_memory,10,0,receiver_3,dbproc-01870edcc464-agent5,0.0,0.0,0.0,injected_unvalidated
full_memory,10,0,receiver_3,dbproc-01870edcc464-agent1,0.0,0.0,0.0,injected_unvalidated
full_memory,10,0,receiver_3,dbproc-06c28b92d681-agent1,0.0,0.0,0.0,injected_unvalidated
full_memory,10,0,receiver_3,dbproc-01870edcc464-agent3,0.0,0.0,0.0,injected_unvalidated
retrieval,10,0,receiver_1,dbproc-01870edcc464-agent1,0.0,0.0,0.0,injected_unvalidated
retrieval,10,0,receiver_1,dbproc-01870edcc464-agent3,1.0,0.0,1.0,validated
retrieval,10,0,receiver_1,dbproc-01870edcc464-agent5,1.0,0.0,1.0,validated
retrieval,10,0,receiver_2,dbproc-01870edcc464-agent1,1.0,0.0,1.0,validated
retrieval,10,0,receiver_2,dbproc-01870edcc464-agent3,1.0,0.0,1.0,validated
retrieval,10,0,receiver_2,dbproc-01870edcc464-agent5,1.0,0.0,1.0,validated
retrieval,10,0,receiver_3,dbproc-01870edcc464-agent1,0.0,0.0,0.0,injected_unvalidated
retrieval,10,0,receiver_3,dbproc-01870edcc464-agent3,0.0,0.0,0.0,injected_unvalidated
retrieval,10,0,receiver_3,dbproc-01870edcc464-agent5,0.0,0.0,0.0,injected_unvalidated
smtr_uniform,10,0,receiver_1,dbproc-01870edcc464-agent5,1.0,0.0,1.0,validated
smtr_uniform,10,0,receiver_1,dbproc-01870edcc464-agent3,1.0,0.0,1.0,validated
smtr_uniform,10,0,receiver_1,dbproc-06c28b92d681-agent1,1.0,0.0,1.0,validated
smtr_uniform,10,0,receiver_2,dbproc-01870edcc464-agent5,1.0,0.0,1.0,validated
smtr_uniform,10,0,receiver_2,dbproc-01870edcc464-agent3,1.0,0.0,1.0,validated
smtr_uniform,10,0,receiver_2,dbproc-06c28b92d681-agent1,0.0,0.0,0.0,injected_unvalidated
smtr_uniform,10,0,receiver_3,dbproc-01870edcc464-agent5,0.0,0.0,0.0,injected_unvalidated
smtr_uniform,10,0,receiver_3,dbproc-01870edcc464-agent3,0.0,0.0,0.0,injected_unvalidated
smtr_uniform,10,0,receiver_3,dbproc-06c28b92d681-agent1,0.0,0.0,0.0,injected_unvalidated
smtr_receiver,10,0,receiver_1,dbproc-06c28b92d681-agent1,1.0,0.0,1.0,validated
smtr_receiver,10,0,receiver_1,dbproc-01870edcc464-agent5,1.0,0.0,1.0,validated
smtr_receiver,10,0,receiver_1,dbproc-01870edcc464-agent3,1.0,0.0,1.0,validated
smtr_receiver,10,0,receiver_2,dbproc-01870edcc464-agent5,1.0,0.0,1.0,validated
smtr_receiver,10,0,receiver_2,dbproc-01870edcc464-agent3,1.0,0.0,1.0,validated
smtr_receiver,10,0,receiver_2,dbproc-01870edcc464-agent1,1.0,0.0,1.0,validated
full_memory,10,1,receiver_1,dbproc-01870edcc464-agent1,1.0,0.0,1.0,validated
full_memory,10,1,receiver_1,dbproc-01870edcc464-agent3,0.0,0.0,0.0,injected_unvalidated
full_memory,10,1,receiver_2,dbproc-01870edcc464-agent1,0.0,0.0,0.0,injected_unvalidated
full_memory,10,1,receiver_2,dbproc-01870edcc464-agent3,0.0,0.0,0.0,injected_unvalidated
full_memory,10,1,receiver_3,dbproc-01870edcc464-agent1,1.0,0.0,1.0,validated
full_memory,10,1,receiver_3,dbproc-01870edcc464-agent3,1.0,0.0,1.0,validated
retrieval,10,1,receiver_1,dbproc-01870edcc464-agent1,1.0,0.0,1.0,validated
retrieval,10,1,receiver_1,dbproc-01870edcc464-agent3,0.0,0.0,0.0,injected_unvalidated
retrieval,10,1,receiver_2,dbproc-01870edcc464-agent1,0.0,0.0,0.0,injected_unvalidated
retrieval,10,1,receiver_2,dbproc-01870edcc464-agent3,0.0,0.0,0.0,injected_unvalidated
retrieval,10,1,receiver_3,dbproc-01870edcc464-agent1,1.0,0.0,1.0,validated
retrieval,10,1,receiver_3,dbproc-01870edcc464-agent3,1.0,0.0,1.0,validated
smtr_uniform,10,1,receiver_1,dbproc-01870edcc464-agent1,1.0,0.0,1.0,validated
smtr_uniform,10,1,receiver_1,dbproc-01870edcc464-agent3,0.0,0.0,0.0,injected_unvalidated
smtr_uniform,10,1,receiver_2,dbproc-01870edcc464-agent1,0.0,0.0,0.0,injected_unvalidated
smtr_uniform,10,1,receiver_2,dbproc-01870edcc464-agent3,0.0,0.0,0.0,injected_unvalidated
smtr_uniform,10,1,receiver_3,dbproc-01870edcc464-agent1,1.0,0.0,1.0,validated
smtr_uniform,10,1,receiver_3,dbproc-01870edcc464-agent3,1.0,0.0,1.0,validated
smtr_receiver,10,1,receiver_1,dbproc-01870edcc464-agent1,1.0,0.0,1.0,validated
smtr_receiver,10,1,receiver_3,dbproc-01870edcc464-agent3,1.0,0.0,1.0,validated
smtr_receiver,10,1,receiver_3,dbproc-01870edcc464-agent1,1.0,0.0,1.0,validated
full_memory,10,2,receiver_1,dbproc-01870edcc464-agent1,1.0,0.0,1.0,validated
full_memory,10,2,receiver_1,dbproc-06c28b92d681-agent1,0.0,0.0,0.0,injected_unvalidated
full_memory,10,2,receiver_2,dbproc-01870edcc464-agent1,0.0,0.0,0.0,injected_unvalidated
full_memory,10,2,receiver_2,dbproc-06c28b92d681-agent1,1.0,0.0,1.0,validated
full_memory,10,2,receiver_3,dbproc-01870edcc464-agent1,1.0,0.0,1.0,validated
full_memory,10,2,receiver_3,dbproc-06c28b92d681-agent1,1.0,0.0,1.0,validated
retrieval,10,2,receiver_1,dbproc-01870edcc464-agent1,1.0,0.0,1.0,validated
retrieval,10,2,receiver_1,dbproc-06c28b92d681-agent1,0.0,0.0,0.0,injected_unvalidated
retrieval,10,2,receiver_2,dbproc-01870edcc464-agent1,0.0,0.0,0.0,injected_unvalidated
retrieval,10,2,receiver_2,dbproc-06c28b92d681-agent1,1.0,0.0,1.0,validated
retrieval,10,2,receiver_3,dbproc-01870edcc464-agent1,1.0,0.0,1.0,validated
retrieval,10,2,receiver_3,dbproc-06c28b92d681-agent1,1.0,0.0,1.0,validated
smtr_uniform,10,2,receiver_1,dbproc-06c28b92d681-agent1,0.0,0.0,0.0,injected_unvalidated
smtr_uniform,10,2,receiver_1,dbproc-01870edcc464-agent1,1.0,0.0,1.0,validated
smtr_uniform,10,2,receiver_2,dbproc-06c28b92d681-agent1,1.0,0.0,1.0,validated
smtr_uniform,10,2,receiver_2,dbproc-01870edcc464-agent1,0.0,0.0,0.0,injected_unvalidated
smtr_uniform,10,2,receiver_3,dbproc-06c28b92d681-agent1,1.0,0.0,1.0,validated
smtr_uniform,10,2,receiver_3,dbproc-01870edcc464-agent1,1.0,0.0,1.0,validated
smtr_receiver,10,2,receiver_1,dbproc-01870edcc464-agent1,1.0,0.0,1.0,validated
smtr_receiver,10,2,receiver_2,dbproc-06c28b92d681-agent1,1.0,0.0,1.0,validated
smtr_receiver,10,2,receiver_3,dbproc-06c28b92d681-agent1,1.0,0.0,1.0,validated
smtr_receiver,10,2,receiver_3,dbproc-01870edcc464-agent1,1.0,0.0,1.0,validated
full_memory,100,1,receiver_1,dbproc-01870edcc464-agent2,0.0,0.0,0.0,injected_unvalidated
full_memory,100,1,receiver_1,dbproc-06c28b92d681-agent1,0.0,0.0,0.0,injected_unvalidated
full_memory,100,1,receiver_1,dbproc-01870edcc464-agent3,0.0,0.0,0.0,injected_unvalidated
full_memory,100,1,receiver_2,dbproc-01870edcc464-agent2,0.0,0.0,0.0,injected_unvalidated
full_memory,100,1,receiver_2,dbproc-06c28b92d681-agent1,0.0,1.0,-1.0,injected_unvalidated
full_memory,100,1,receiver_2,dbproc-01870edcc464-agent3,0.0,0.0,0.0,injected_unvalidated
full_memory,100,1,receiver_3,dbproc-01870edcc464-agent2,0.0,0.0,0.0,injected_unvalidated
full_memory,100,1,receiver_3,dbproc-06c28b92d681-agent1,1.0,0.0,1.0,validated
full_memory,100,1,receiver_3,dbproc-01870edcc464-agent3,0.0,0.0,0.0,injected_unvalidated
retrieval,100,1,receiver_1,dbproc-01870edcc464-agent2,0.0,0.0,0.0,injected_unvalidated
retrieval,100,1,receiver_1,dbproc-01870edcc464-agent3,0.0,0.0,0.0,injected_unvalidated
retrieval,100,1,receiver_1,dbproc-06c28b92d681-agent1,0.0,0.0,0.0,injected_unvalidated
retrieval,100,1,receiver_2,dbproc-01870edcc464-agent2,0.0,0.0,0.0,injected_unvalidated
retrieval,100,1,receiver_2,dbproc-01870edcc464-agent3,0.0,0.0,0.0,injected_unvalidated
retrieval,100,1,receiver_2,dbproc-06c28b92d681-agent1,0.0,1.0,-1.0,injected_unvalidated
retrieval,100,1,receiver_3,dbproc-01870edcc464-agent2,0.0,0.0,0.0,injected_unvalidated
retrieval,100,1,receiver_3,dbproc-01870edcc464-agent3,0.0,0.0,0.0,injected_unvalidated
retrieval,100,1,receiver_3,dbproc-06c28b92d681-agent1,1.0,0.0,1.0,validated
smtr_receiver,100,1,receiver_3,dbproc-06c28b92d681-agent1,1.0,0.0,1.0,validated
full_memory,100,2,receiver_1,dbproc-06c28b92d681-agent1,0.0,0.0,0.0,injected_unvalidated
full_memory,100,2,receiver_1,dbproc-01870edcc464-agent1,0.0,0.0,0.0,injected_unvalidated
full_memory,100,2,receiver_1,dbproc-01870edcc464-agent3,0.0,0.0,0.0,injected_unvalidated
full_memory,100,2,receiver_2,dbproc-06c28b92d681-agent1,0.0,1.0,-1.0,injected_unvalidated
full_memory,100,2,receiver_2,dbproc-01870edcc464-agent1,0.0,0.0,0.0,injected_unvalidated
full_memory,100,2,receiver_2,dbproc-01870edcc464-agent3,0.0,0.0,0.0,injected_unvalidated
full_memory,100,2,receiver_3,dbproc-06c28b92d681-agent1,1.0,0.0,1.0,validated
full_memory,100,2,receiver_3,dbproc-01870edcc464-agent1,0.0,0.0,0.0,injected_unvalidated
full_memory,100,2,receiver_3,dbproc-01870edcc464-agent3,0.0,0.0,0.0,injected_unvalidated
retrieval,100,2,receiver_1,dbproc-01870edcc464-agent1,0.0,0.0,0.0,injected_unvalidated
retrieval,100,2,receiver_1,dbproc-01870edcc464-agent3,0.0,0.0,0.0,injected_unvalidated
retrieval,100,2,receiver_1,dbproc-06c28b92d681-agent1,0.0,0.0,0.0,injected_unvalidated
retrieval,100,2,receiver_2,dbproc-01870edcc464-agent1,0.0,0.0,0.0,injected_unvalidated
retrieval,100,2,receiver_2,dbproc-01870edcc464-agent3,0.0,0.0,0.0,injected_unvalidated
retrieval,100,2,receiver_2,dbproc-06c28b92d681-agent1,0.0,1.0,-1.0,injected_unvalidated
retrieval,100,2,receiver_3,dbproc-01870edcc464-agent1,0.0,0.0,0.0,injected_unvalidated
retrieval,100,2,receiver_3,dbproc-01870edcc464-agent3,0.0,0.0,0.0,injected_unvalidated
retrieval,100,2,receiver_3,dbproc-06c28b92d681-agent1,1.0,0.0,1.0,validated
smtr_receiver,100,2,receiver_3,dbproc-06c28b92d681-agent1,1.0,0.0,1.0,validated
full_memory,11,1,receiver_1,dbproc-01870edcc464-agent1,0.0,0.0,0.0,injected_unvalidated
full_memory,11,1,receiver_1,dbproc-01870edcc464-agent2,0.0,0.0,0.0,injected_unvalidated
full_memory,11,1,receiver_1,dbproc-01870edcc464-agent5,0.0,0.0,0.0,injected_unvalidated
full_memory,11,1,receiver_2,dbproc-01870edcc464-agent1,0.0,0.0,0.0,injected_unvalidated
full_memory,11,1,receiver_2,dbproc-01870edcc464-agent2,0.0,0.0,0.0,injected_unvalidated
full_memory,11,1,receiver_2,dbproc-01870edcc464-agent5,1.0,0.0,1.0,validated
full_memory,11,1,receiver_3,dbproc-01870edcc464-agent1,0.0,0.0,0.0,injected_unvalidated
full_memory,11,1,receiver_3,dbproc-01870edcc464-agent2,0.0,0.0,0.0,injected_unvalidated
full_memory,11,1,receiver_3,dbproc-01870edcc464-agent5,0.0,1.0,-1.0,injected_unvalidated
retrieval,11,1,receiver_1,dbproc-01870edcc464-agent1,0.0,0.0,0.0,injected_unvalidated
retrieval,11,1,receiver_1,dbproc-01870edcc464-agent2,0.0,0.0,0.0,injected_unvalidated
retrieval,11,1,receiver_1,dbproc-01870edcc464-agent5,0.0,0.0,0.0,injected_unvalidated
retrieval,11,1,receiver_2,dbproc-01870edcc464-agent1,0.0,0.0,0.0,injected_unvalidated
retrieval,11,1,receiver_2,dbproc-01870edcc464-agent2,0.0,0.0,0.0,injected_unvalidated
retrieval,11,1,receiver_2,dbproc-01870edcc464-agent5,1.0,0.0,1.0,validated
retrieval,11,1,receiver_3,dbproc-01870edcc464-agent1,0.0,0.0,0.0,injected_unvalidated
retrieval,11,1,receiver_3,dbproc-01870edcc464-agent2,0.0,0.0,0.0,injected_unvalidated
retrieval,11,1,receiver_3,dbproc-01870edcc464-agent5,0.0,1.0,-1.0,injected_unvalidated
smtr_receiver,11,1,receiver_2,dbproc-01870edcc464-agent5,1.0,0.0,1.0,validated
full_memory,11,2,receiver_1,dbproc-01870edcc464-agent3,0.0,0.0,0.0,injected_unvalidated
full_memory,11,2,receiver_1,dbproc-01870edcc464-agent1,0.0,0.0,0.0,injected_unvalidated
full_memory,11,2,receiver_1,dbproc-01870edcc464-agent4,0.0,0.0,0.0,injected_unvalidated
full_memory,11,2,receiver_1,dbproc-06c28b92d681-agent1,1.0,0.0,1.0,validated
full_memory,11,2,receiver_1,dbproc-01870edcc464-agent2,0.0,0.0,0.0,injected_unvalidated
full_memory,11,2,receiver_2,dbproc-01870edcc464-agent3,0.0,1.0,-1.0,injected_unvalidated
full_memory,11,2,receiver_2,dbproc-01870edcc464-agent1,0.0,0.0,0.0,injected_unvalidated
full_memory,11,2,receiver_2,dbproc-01870edcc464-agent4,1.0,0.0,1.0,validated
full_memory,11,2,receiver_2,dbproc-06c28b92d681-agent1,1.0,0.0,1.0,validated
full_memory,11,2,receiver_2,dbproc-01870edcc464-agent2,0.0,0.0,0.0,injected_unvalidated
full_memory,11,2,receiver_3,dbproc-01870edcc464-agent3,0.0,0.0,0.0,injected_unvalidated
full_memory,11,2,receiver_3,dbproc-01870edcc464-agent1,0.0,0.0,0.0,injected_unvalidated
full_memory,11,2,receiver_3,dbproc-01870edcc464-agent4,0.0,0.0,0.0,injected_unvalidated
full_memory,11,2,receiver_3,dbproc-06c28b92d681-agent1,1.0,0.0,1.0,validated
full_memory,11,2,receiver_3,dbproc-01870edcc464-agent2,0.0,0.0,0.0,injected_unvalidated
retrieval,11,2,receiver_1,dbproc-01870edcc464-agent1,0.0,0.0,0.0,injected_unvalidated
retrieval,11,2,receiver_1,dbproc-01870edcc464-agent2,0.0,0.0,0.0,injected_unvalidated
retrieval,11,2,receiver_1,dbproc-01870edcc464-agent3,0.0,0.0,0.0,injected_unvalidated
retrieval,11,2,receiver_2,dbproc-01870edcc464-agent1,0.0,0.0,0.0,injected_unvalidated
retrieval,11,2,receiver_2,dbproc-01870edcc464-agent2,0.0,0.0,0.0,injected_unvalidated
retrieval,11,2,receiver_2,dbproc-01870edcc464-agent3,0.0,1.0,-1.0,injected_unvalidated
retrieval,11,2,receiver_3,dbproc-01870edcc464-agent1,0.0,0.0,0.0,injected_unvalidated
retrieval,11,2,receiver_3,dbproc-01870edcc464-agent2,0.0,0.0,0.0,injected_unvalidated
retrieval,11,2,receiver_3,dbproc-01870edcc464-agent3,0.0,0.0,0.0,injected_unvalidated
smtr_uniform,11,2,receiver_1,dbproc-06c28b92d681-agent1,1.0,0.0,1.0,validated
smtr_uniform,11,2,receiver_1,dbproc-01870edcc464-agent4,0.0,0.0,0.0,injected_unvalidated
smtr_uniform,11,2,receiver_2,dbproc-06c28b92d681-agent1,1.0,0.0,1.0,validated
smtr_uniform,11,2,receiver_2,dbproc-01870edcc464-agent4,1.0,0.0,1.0,validated
smtr_uniform,11,2,receiver_3,dbproc-06c28b92d681-agent1,1.0,0.0,1.0,validated
smtr_uniform,11,2,receiver_3,dbproc-01870edcc464-agent4,0.0,0.0,0.0,injected_unvalidated
smtr_receiver,11,2,receiver_1,dbproc-06c28b92d681-agent1,1.0,0.0,1.0,validated
smtr_receiver,11,2,receiver_2,dbproc-06c28b92d681-agent1,1.0,0.0,1.0,validated
smtr_receiver,11,2,receiver_2,dbproc-01870edcc464-agent4,1.0,0.0,1.0,validated
smtr_receiver,11,2,receiver_3,dbproc-06c28b92d681-agent1,1.0,0.0,1.0,validated
full_memory,13,2,receiver_1,dbproc-01870edcc464-agent4,1.0,1.0,0.0,injected_unvalidated
full_memory,13,2,receiver_2,dbproc-01870edcc464-agent4,1.0,1.0,0.0,injected_unvalidated
full_memory,13,2,receiver_3,dbproc-01870edcc464-agent4,1.0,1.0,0.0,injected_unvalidated
retrieval,13,2,receiver_1,dbproc-01870edcc464-agent4,1.0,1.0,0.0,injected_unvalidated
retrieval,13,2,receiver_2,dbproc-01870edcc464-agent4,1.0,1.0,0.0,injected_unvalidated
retrieval,13,2,receiver_3,dbproc-01870edcc464-agent4,1.0,1.0,0.0,injected_unvalidated
full_memory,16,0,receiver_1,dbproc-01870edcc464-agent3,1.0,1.0,0.0,injected_unvalidated
full_memory,16,0,receiver_1,dbproc-01870edcc464-agent1,1.0,1.0,0.0,injected_unvalidated
full_memory,16,0,receiver_1,dbproc-01870edcc464-agent2,1.0,1.0,0.0,injected_unvalidated
full_memory,16,0,receiver_1,dbproc-01870edcc464-agent4,1.0,1.0,0.0,injected_unvalidated
full_memory,16,0,receiver_1,dbproc-06c28b92d681-agent1,1.0,1.0,0.0,injected_unvalidated
full_memory,16,0,receiver_2,dbproc-01870edcc464-agent3,1.0,1.0,0.0,injected_unvalidated
full_memory,16,0,receiver_2,dbproc-01870edcc464-agent1,1.0,1.0,0.0,injected_unvalidated
full_memory,16,0,receiver_2,dbproc-01870edcc464-agent2,1.0,1.0,0.0,injected_unvalidated
full_memory,16,0,receiver_2,dbproc-01870edcc464-agent4,1.0,1.0,0.0,injected_unvalidated
full_memory,16,0,receiver_2,dbproc-06c28b92d681-agent1,1.0,1.0,0.0,injected_unvalidated
full_memory,16,0,receiver_3,dbproc-01870edcc464-agent3,1.0,1.0,0.0,injected_unvalidated
full_memory,16,0,receiver_3,dbproc-01870edcc464-agent1,1.0,1.0,0.0,injected_unvalidated
full_memory,16,0,receiver_3,dbproc-01870edcc464-agent2,0.0,1.0,-1.0,injected_unvalidated
full_memory,16,0,receiver_3,dbproc-01870edcc464-agent4,1.0,1.0,0.0,injected_unvalidated
full_memory,16,0,receiver_3,dbproc-06c28b92d681-agent1,1.0,1.0,0.0,injected_unvalidated
retrieval,16,0,receiver_1,dbproc-01870edcc464-agent1,1.0,1.0,0.0,injected_unvalidated
retrieval,16,0,receiver_1,dbproc-01870edcc464-agent2,1.0,1.0,0.0,injected_unvalidated
retrieval,16,0,receiver_1,dbproc-01870edcc464-agent3,1.0,1.0,0.0,injected_unvalidated
retrieval,16,0,receiver_2,dbproc-01870edcc464-agent1,1.0,1.0,0.0,injected_unvalidated
retrieval,16,0,receiver_2,dbproc-01870edcc464-agent2,1.0,1.0,0.0,injected_unvalidated
retrieval,16,0,receiver_2,dbproc-01870edcc464-agent3,1.0,1.0,0.0,injected_unvalidated
retrieval,16,0,receiver_3,dbproc-01870edcc464-agent1,1.0,1.0,0.0,injected_unvalidated
retrieval,16,0,receiver_3,dbproc-01870edcc464-agent2,0.0,1.0,-1.0,injected_unvalidated
retrieval,16,0,receiver_3,dbproc-01870edcc464-agent3,1.0,1.0,0.0,injected_unvalidated
full_memory,16,1,receiver_1,dbproc-01870edcc464-agent3,1.0,1.0,0.0,injected_unvalidated
full_memory,16,1,receiver_1,dbproc-01870edcc464-agent1,1.0,1.0,0.0,injected_unvalidated
full_memory,16,1,receiver_1,dbproc-01870edcc464-agent2,1.0,1.0,0.0,injected_unvalidated
full_memory,16,1,receiver_1,dbproc-01870edcc464-agent4,1.0,1.0,0.0,injected_unvalidated
full_memory,16,1,receiver_1,dbproc-01870edcc464-agent5,1.0,1.0,0.0,injected_unvalidated
full_memory,16,1,receiver_1,dbproc-06c28b92d681-agent1,1.0,1.0,0.0,injected_unvalidated
full_memory,16,1,receiver_2,dbproc-01870edcc464-agent3,1.0,1.0,0.0,injected_unvalidated
full_memory,16,1,receiver_2,dbproc-01870edcc464-agent1,1.0,1.0,0.0,injected_unvalidated
full_memory,16,1,receiver_2,dbproc-01870edcc464-agent2,1.0,1.0,0.0,injected_unvalidated
full_memory,16,1,receiver_2,dbproc-01870edcc464-agent4,1.0,1.0,0.0,injected_unvalidated
full_memory,16,1,receiver_2,dbproc-01870edcc464-agent5,1.0,1.0,0.0,injected_unvalidated
full_memory,16,1,receiver_2,dbproc-06c28b92d681-agent1,1.0,1.0,0.0,injected_unvalidated
full_memory,16,1,receiver_3,dbproc-01870edcc464-agent3,1.0,1.0,0.0,injected_unvalidated
full_memory,16,1,receiver_3,dbproc-01870edcc464-agent1,1.0,1.0,0.0,injected_unvalidated
full_memory,16,1,receiver_3,dbproc-01870edcc464-agent2,0.0,1.0,-1.0,injected_unvalidated
full_memory,16,1,receiver_3,dbproc-01870edcc464-agent4,1.0,1.0,0.0,injected_unvalidated
full_memory,16,1,receiver_3,dbproc-01870edcc464-agent5,1.0,1.0,0.0,injected_unvalidated
full_memory,16,1,receiver_3,dbproc-06c28b92d681-agent1,1.0,1.0,0.0,injected_unvalidated
retrieval,16,1,receiver_1,dbproc-01870edcc464-agent1,1.0,1.0,0.0,injected_unvalidated
retrieval,16,1,receiver_1,dbproc-01870edcc464-agent2,1.0,1.0,0.0,injected_unvalidated
retrieval,16,1,receiver_1,dbproc-01870edcc464-agent3,1.0,1.0,0.0,injected_unvalidated
retrieval,16,1,receiver_2,dbproc-01870edcc464-agent1,1.0,1.0,0.0,injected_unvalidated
retrieval,16,1,receiver_2,dbproc-01870edcc464-agent2,1.0,1.0,0.0,injected_unvalidated
retrieval,16,1,receiver_2,dbproc-01870edcc464-agent3,1.0,1.0,0.0,injected_unvalidated
retrieval,16,1,receiver_3,dbproc-01870edcc464-agent1,1.0,1.0,0.0,injected_unvalidated
retrieval,16,1,receiver_3,dbproc-01870edcc464-agent2,0.0,1.0,-1.0,injected_unvalidated
retrieval,16,1,receiver_3,dbproc-01870edcc464-agent3,1.0,1.0,0.0,injected_unvalidated
full_memory,17,0,receiver_1,dbproc-01870edcc464-agent2,0.0,0.0,0.0,injected_unvalidated
full_memory,17,0,receiver_1,dbproc-01870edcc464-agent5,0.0,0.0,0.0,injected_unvalidated
full_memory,17,0,receiver_1,dbproc-01870edcc464-agent4,0.0,0.0,0.0,injected_unvalidated
full_memory,17,0,receiver_1,dbproc-06c28b92d681-agent1,0.0,0.0,0.0,injected_unvalidated
full_memory,17,0,receiver_2,dbproc-01870edcc464-agent2,0.0,0.0,0.0,injected_unvalidated
full_memory,17,0,receiver_2,dbproc-01870edcc464-agent5,0.0,0.0,0.0,injected_unvalidated
full_memory,17,0,receiver_2,dbproc-01870edcc464-agent4,0.0,0.0,0.0,injected_unvalidated
full_memory,17,0,receiver_2,dbproc-06c28b92d681-agent1,1.0,0.0,1.0,validated
full_memory,17,0,receiver_3,dbproc-01870edcc464-agent2,0.0,0.0,0.0,injected_unvalidated
full_memory,17,0,receiver_3,dbproc-01870edcc464-agent5,0.0,0.0,0.0,injected_unvalidated
full_memory,17,0,receiver_3,dbproc-01870edcc464-agent4,0.0,0.0,0.0,injected_unvalidated
full_memory,17,0,receiver_3,dbproc-06c28b92d681-agent1,1.0,0.0,1.0,validated
retrieval,17,0,receiver_1,dbproc-01870edcc464-agent2,0.0,0.0,0.0,injected_unvalidated
retrieval,17,0,receiver_1,dbproc-01870edcc464-agent4,0.0,0.0,0.0,injected_unvalidated
retrieval,17,0,receiver_1,dbproc-01870edcc464-agent5,0.0,0.0,0.0,injected_unvalidated
retrieval,17,0,receiver_2,dbproc-01870edcc464-agent2,0.0,0.0,0.0,injected_unvalidated
retrieval,17,0,receiver_2,dbproc-01870edcc464-agent4,0.0,0.0,0.0,injected_unvalidated
retrieval,17,0,receiver_2,dbproc-01870edcc464-agent5,0.0,0.0,0.0,injected_unvalidated
retrieval,17,0,receiver_3,dbproc-01870edcc464-agent2,0.0,0.0,0.0,injected_unvalidated
retrieval,17,0,receiver_3,dbproc-01870edcc464-agent4,0.0,0.0,0.0,injected_unvalidated
retrieval,17,0,receiver_3,dbproc-01870edcc464-agent5,0.0,0.0,0.0,injected_unvalidated
smtr_uniform,17,0,receiver_1,dbproc-06c28b92d681-agent1,0.0,0.0,0.0,injected_unvalidated
smtr_uniform,17,0,receiver_2,dbproc-06c28b92d681-agent1,1.0,0.0,1.0,validated
smtr_uniform,17,0,receiver_3,dbproc-06c28b92d681-agent1,1.0,0.0,1.0,validated
smtr_receiver,17,0,receiver_2,dbproc-06c28b92d681-agent1,1.0,0.0,1.0,validated
smtr_receiver,17,0,receiver_3,dbproc-06c28b92d681-agent1,1.0,0.0,1.0,validated
full_memory,17,1,receiver_1,dbproc-01870edcc464-agent2,0.0,0.0,0.0,injected_unvalidated
full_memory,17,1,receiver_1,dbproc-01870edcc464-agent5,1.0,0.0,1.0,validated
full_memory,17,1,receiver_1,dbproc-06c28b92d681-agent1,0.0,0.0,0.0,injected_unvalidated
full_memory,17,1,receiver_1,dbproc-01870edcc464-agent1,0.0,0.0,0.0,injected_unvalidated
full_memory,17,1,receiver_2,dbproc-01870edcc464-agent2,0.0,0.0,0.0,injected_unvalidated
full_memory,17,1,receiver_2,dbproc-01870edcc464-agent5,1.0,0.0,1.0,validated
full_memory,17,1,receiver_2,dbproc-06c28b92d681-agent1,1.0,0.0,1.0,validated
full_memory,17,1,receiver_2,dbproc-01870edcc464-agent1,0.0,0.0,0.0,injected_unvalidated
full_memory,17,1,receiver_3,dbproc-01870edcc464-agent2,0.0,0.0,0.0,injected_unvalidated
full_memory,17,1,receiver_3,dbproc-01870edcc464-agent5,1.0,0.0,1.0,validated
full_memory,17,1,receiver_3,dbproc-06c28b92d681-agent1,1.0,0.0,1.0,validated
full_memory,17,1,receiver_3,dbproc-01870edcc464-agent1,0.0,0.0,0.0,injected_unvalidated
retrieval,17,1,receiver_1,dbproc-01870edcc464-agent1,0.0,0.0,0.0,injected_unvalidated
retrieval,17,1,receiver_1,dbproc-01870edcc464-agent2,0.0,0.0,0.0,injected_unvalidated
retrieval,17,1,receiver_1,dbproc-01870edcc464-agent5,1.0,0.0,1.0,validated
retrieval,17,1,receiver_2,dbproc-01870edcc464-agent1,0.0,0.0,0.0,injected_unvalidated
retrieval,17,1,receiver_2,dbproc-01870edcc464-agent2,0.0,0.0,0.0,injected_unvalidated
retrieval,17,1,receiver_2,dbproc-01870edcc464-agent5,1.0,0.0,1.0,validated
retrieval,17,1,receiver_3,dbproc-01870edcc464-agent1,0.0,0.0,0.0,injected_unvalidated
retrieval,17,1,receiver_3,dbproc-01870edcc464-agent2,0.0,0.0,0.0,injected_unvalidated
retrieval,17,1,receiver_3,dbproc-01870edcc464-agent5,1.0,0.0,1.0,validated
smtr_uniform,17,1,receiver_1,dbproc-01870edcc464-agent5,1.0,0.0,1.0,validated
smtr_uniform,17,1,receiver_1,dbproc-06c28b92d681-agent1,0.0,0.0,0.0,injected_unvalidated
smtr_uniform,17,1,receiver_2,dbproc-01870edcc464-agent5,1.0,0.0,1.0,validated
smtr_uniform,17,1,receiver_2,dbproc-06c28b92d681-agent1,1.0,0.0,1.0,validated
smtr_uniform,17,1,receiver_3,dbproc-01870edcc464-agent5,1.0,0.0,1.0,validated
smtr_uniform,17,1,receiver_3,dbproc-06c28b92d681-agent1,1.0,0.0,1.0,validated
smtr_receiver,17,1,receiver_1,dbproc-01870edcc464-agent5,1.0,0.0,1.0,validated
smtr_receiver,17,1,receiver_2,dbproc-06c28b92d681-agent1,1.0,0.0,1.0,validated
smtr_receiver,17,1,receiver_2,dbproc-01870edcc464-agent5,1.0,0.0,1.0,validated
smtr_receiver,17,1,receiver_3,dbproc-06c28b92d681-agent1,1.0,0.0,1.0,validated
smtr_receiver,17,1,receiver_3,dbproc-01870edcc464-agent5,1.0,0.0,1.0,validated
full_memory,19,0,receiver_1,dbproc-01870edcc464-agent2,0.0,1.0,-1.0,injected_unvalidated
full_memory,19,0,receiver_1,dbproc-01870edcc464-agent3,0.0,1.0,-1.0,injected_unvalidated
full_memory,19,0,receiver_1,dbproc-01870edcc464-agent4,0.0,1.0,-1.0,injected_unvalidated
full_memory,19,0,receiver_1,dbproc-01870edcc464-agent1,1.0,1.0,0.0,injected_unvalidated
full_memory,19,0,receiver_1,dbproc-01870edcc464-agent5,0.0,1.0,-1.0,injected_unvalidated
full_memory,19,0,receiver_2,dbproc-01870edcc464-agent2,0.0,1.0,-1.0,injected_unvalidated
full_memory,19,0,receiver_2,dbproc-01870edcc464-agent3,0.0,1.0,-1.0,injected_unvalidated
full_memory,19,0,receiver_2,dbproc-01870edcc464-agent4,0.0,1.0,-1.0,injected_unvalidated
full_memory,19,0,receiver_2,dbproc-01870edcc464-agent1,1.0,1.0,0.0,injected_unvalidated
full_memory,19,0,receiver_2,dbproc-01870edcc464-agent5,0.0,1.0,-1.0,injected_unvalidated
full_memory,19,0,receiver_3,dbproc-01870edcc464-agent2,0.0,1.0,-1.0,injected_unvalidated
full_memory,19,0,receiver_3,dbproc-01870edcc464-agent3,1.0,1.0,0.0,injected_unvalidated
full_memory,19,0,receiver_3,dbproc-01870edcc464-agent4,1.0,1.0,0.0,injected_unvalidated
full_memory,19,0,receiver_3,dbproc-01870edcc464-agent1,1.0,1.0,0.0,injected_unvalidated
full_memory,19,0,receiver_3,dbproc-01870edcc464-agent5,0.0,1.0,-1.0,injected_unvalidated
retrieval,19,0,receiver_1,dbproc-01870edcc464-agent1,1.0,1.0,0.0,injected_unvalidated
retrieval,19,0,receiver_1,dbproc-01870edcc464-agent2,0.0,1.0,-1.0,injected_unvalidated
retrieval,19,0,receiver_1,dbproc-01870edcc464-agent3,0.0,1.0,-1.0,injected_unvalidated
retrieval,19,0,receiver_2,dbproc-01870edcc464-agent1,1.0,1.0,0.0,injected_unvalidated
retrieval,19,0,receiver_2,dbproc-01870edcc464-agent2,0.0,1.0,-1.0,injected_unvalidated
retrieval,19,0,receiver_2,dbproc-01870edcc464-agent3,0.0,1.0,-1.0,injected_unvalidated
retrieval,19,0,receiver_3,dbproc-01870edcc464-agent1,1.0,1.0,0.0,injected_unvalidated
retrieval,19,0,receiver_3,dbproc-01870edcc464-agent2,0.0,1.0,-1.0,injected_unvalidated
retrieval,19,0,receiver_3,dbproc-01870edcc464-agent3,1.0,1.0,0.0,injected_unvalidated
full_memory,19,1,receiver_1,dbproc-01870edcc464-agent2,0.0,0.0,0.0,injected_unvalidated
full_memory,19,1,receiver_1,dbproc-01870edcc464-agent3,0.0,0.0,0.0,injected_unvalidated
full_memory,19,1,receiver_1,dbproc-01870edcc464-agent4,0.0,0.0,0.0,injected_unvalidated
full_memory,19,1,receiver_1,dbproc-01870edcc464-agent1,1.0,0.0,1.0,validated
full_memory,19,1,receiver_2,dbproc-01870edcc464-agent2,0.0,0.0,0.0,injected_unvalidated
full_memory,19,1,receiver_2,dbproc-01870edcc464-agent3,0.0,0.0,0.0,injected_unvalidated
full_memory,19,1,receiver_2,dbproc-01870edcc464-agent4,0.0,0.0,0.0,injected_unvalidated
full_memory,19,1,receiver_2,dbproc-01870edcc464-agent1,1.0,0.0,1.0,validated
full_memory,19,1,receiver_3,dbproc-01870edcc464-agent2,0.0,0.0,0.0,injected_unvalidated
full_memory,19,1,receiver_3,dbproc-01870edcc464-agent3,1.0,0.0,1.0,validated
full_memory,19,1,receiver_3,dbproc-01870edcc464-agent4,1.0,0.0,1.0,validated
full_memory,19,1,receiver_3,dbproc-01870edcc464-agent1,1.0,0.0,1.0,validated
retrieval,19,1,receiver_1,dbproc-01870edcc464-agent1,1.0,0.0,1.0,validated
retrieval,19,1,receiver_1,dbproc-01870edcc464-agent2,0.0,0.0,0.0,injected_unvalidated
retrieval,19,1,receiver_1,dbproc-01870edcc464-agent3,0.0,0.0,0.0,injected_unvalidated
retrieval,19,1,receiver_2,dbproc-01870edcc464-agent1,1.0,0.0,1.0,validated
retrieval,19,1,receiver_2,dbproc-01870edcc464-agent2,0.0,0.0,0.0,injected_unvalidated
retrieval,19,1,receiver_2,dbproc-01870edcc464-agent3,0.0,0.0,0.0,injected_unvalidated
retrieval,19,1,receiver_3,dbproc-01870edcc464-agent1,1.0,0.0,1.0,validated
retrieval,19,1,receiver_3,dbproc-01870edcc464-agent2,0.0,0.0,0.0,injected_unvalidated
retrieval,19,1,receiver_3,dbproc-01870edcc464-agent3,1.0,0.0,1.0,validated
smtr_uniform,19,1,receiver_1,dbproc-01870edcc464-agent1,1.0,0.0,1.0,validated
smtr_uniform,19,1,receiver_1,dbproc-01870edcc464-agent4,0.0,0.0,0.0,injected_unvalidated
smtr_uniform,19,1,receiver_1,dbproc-01870edcc464-agent3,0.0,0.0,0.0,injected_unvalidated
smtr_uniform,19,1,receiver_2,dbproc-01870edcc464-agent1,1.0,0.0,1.0,validated
smtr_uniform,19,1,receiver_2,dbproc-01870edcc464-agent4,0.0,0.0,0.0,injected_unvalidated
smtr_uniform,19,1,receiver_2,dbproc-01870edcc464-agent3,0.0,0.0,0.0,injected_unvalidated
smtr_uniform,19,1,receiver_3,dbproc-01870edcc464-agent1,1.0,0.0,1.0,validated
smtr_uniform,19,1,receiver_3,dbproc-01870edcc464-agent4,1.0,0.0,1.0,validated
smtr_uniform,19,1,receiver_3,dbproc-01870edcc464-agent3,1.0,0.0,1.0,validated
smtr_receiver,19,1,receiver_1,dbproc-01870edcc464-agent1,1.0,0.0,1.0,validated
smtr_receiver,19,1,receiver_2,dbproc-01870edcc464-agent1,1.0,0.0,1.0,validated
smtr_receiver,19,1,receiver_3,dbproc-01870edcc464-agent4,1.0,0.0,1.0,validated
smtr_receiver,19,1,receiver_3,dbproc-01870edcc464-agent3,1.0,0.0,1.0,validated
smtr_receiver,19,1,receiver_3,dbproc-01870edcc464-agent1,1.0,0.0,1.0,validated
full_memory,19,2,receiver_1,dbproc-01870edcc464-agent4,0.0,0.0,0.0,injected_unvalidated
full_memory,19,2,receiver_1,dbproc-06c28b92d681-agent1,0.0,0.0,0.0,injected_unvalidated
full_memory,19,2,receiver_2,dbproc-01870edcc464-agent4,0.0,0.0,0.0,injected_unvalidated
full_memory,19,2,receiver_2,dbproc-06c28b92d681-agent1,0.0,0.0,0.0,injected_unvalidated
full_memory,19,2,receiver_3,dbproc-01870edcc464-agent4,1.0,0.0,1.0,validated
full_memory,19,2,receiver_3,dbproc-06c28b92d681-agent1,0.0,0.0,0.0,injected_unvalidated
retrieval,19,2,receiver_1,dbproc-01870edcc464-agent4,0.0,0.0,0.0,injected_unvalidated
retrieval,19,2,receiver_1,dbproc-06c28b92d681-agent1,0.0,0.0,0.0,injected_unvalidated
retrieval,19,2,receiver_2,dbproc-01870edcc464-agent4,0.0,0.0,0.0,injected_unvalidated
retrieval,19,2,receiver_2,dbproc-06c28b92d681-agent1,0.0,0.0,0.0,injected_unvalidated
retrieval,19,2,receiver_3,dbproc-01870edcc464-agent4,1.0,0.0,1.0,validated
retrieval,19,2,receiver_3,dbproc-06c28b92d681-agent1,0.0,0.0,0.0,injected_unvalidated
smtr_uniform,19,2,receiver_1,dbproc-01870edcc464-agent4,0.0,0.0,0.0,injected_unvalidated
smtr_uniform,19,2,receiver_2,dbproc-01870edcc464-agent4,0.0,0.0,0.0,injected_unvalidated
smtr_uniform,19,2,receiver_3,dbproc-01870edcc464-agent4,1.0,0.0,1.0,validated
smtr_receiver,19,2,receiver_3,dbproc-01870edcc464-agent4,1.0,0.0,1.0,validated
full_memory,2,2,receiver_1,dbproc-01870edcc464-agent1,0.0,0.0,0.0,injected_unvalidated
full_memory,2,2,receiver_1,dbproc-01870edcc464-agent3,1.0,0.0,1.0,validated
full_memory,2,2,receiver_1,dbproc-01870edcc464-agent2,0.0,0.0,0.0,injected_unvalidated
full_memory,2,2,receiver_1,dbproc-01870edcc464-agent4,0.0,0.0,0.0,injected_unvalidated
full_memory,2,2,receiver_1,dbproc-06c28b92d681-agent1,0.0,0.0,0.0,injected_unvalidated
full_memory,2,2,receiver_1,dbproc-01870edcc464-agent5,0.0,0.0,0.0,injected_unvalidated
full_memory,2,2,receiver_2,dbproc-01870edcc464-agent1,1.0,0.0,1.0,validated
full_memory,2,2,receiver_2,dbproc-01870edcc464-agent3,0.0,0.0,0.0,injected_unvalidated
full_memory,2,2,receiver_2,dbproc-01870edcc464-agent2,0.0,0.0,0.0,injected_unvalidated
full_memory,2,2,receiver_2,dbproc-01870edcc464-agent4,0.0,0.0,0.0,injected_unvalidated
full_memory,2,2,receiver_2,dbproc-06c28b92d681-agent1,0.0,0.0,0.0,injected_unvalidated
full_memory,2,2,receiver_2,dbproc-01870edcc464-agent5,0.0,0.0,0.0,injected_unvalidated
full_memory,2,2,receiver_3,dbproc-01870edcc464-agent1,0.0,0.0,0.0,injected_unvalidated
full_memory,2,2,receiver_3,dbproc-01870edcc464-agent3,0.0,0.0,0.0,injected_unvalidated
full_memory,2,2,receiver_3,dbproc-01870edcc464-agent2,0.0,0.0,0.0,injected_unvalidated
full_memory,2,2,receiver_3,dbproc-01870edcc464-agent4,0.0,0.0,0.0,injected_unvalidated
full_memory,2,2,receiver_3,dbproc-06c28b92d681-agent1,0.0,0.0,0.0,injected_unvalidated
full_memory,2,2,receiver_3,dbproc-01870edcc464-agent5,0.0,0.0,0.0,injected_unvalidated
retrieval,2,2,receiver_1,dbproc-01870edcc464-agent1,0.0,0.0,0.0,injected_unvalidated
retrieval,2,2,receiver_1,dbproc-01870edcc464-agent2,0.0,0.0,0.0,injected_unvalidated
retrieval,2,2,receiver_1,dbproc-01870edcc464-agent3,1.0,0.0,1.0,validated
retrieval,2,2,receiver_2,dbproc-01870edcc464-agent1,1.0,0.0,1.0,validated
retrieval,2,2,receiver_2,dbproc-01870edcc464-agent2,0.0,0.0,0.0,injected_unvalidated
retrieval,2,2,receiver_2,dbproc-01870edcc464-agent3,0.0,0.0,0.0,injected_unvalidated
retrieval,2,2,receiver_3,dbproc-01870edcc464-agent1,0.0,0.0,0.0,injected_unvalidated
retrieval,2,2,receiver_3,dbproc-01870edcc464-agent2,0.0,0.0,0.0,injected_unvalidated
retrieval,2,2,receiver_3,dbproc-01870edcc464-agent3,0.0,0.0,0.0,injected_unvalidated
smtr_uniform,2,2,receiver_1,dbproc-01870edcc464-agent3,1.0,0.0,1.0,validated
smtr_uniform,2,2,receiver_1,dbproc-01870edcc464-agent1,0.0,0.0,0.0,injected_unvalidated
smtr_uniform,2,2,receiver_2,dbproc-01870edcc464-agent3,0.0,0.0,0.0,injected_unvalidated
smtr_uniform,2,2,receiver_2,dbproc-01870edcc464-agent1,1.0,0.0,1.0,validated
smtr_uniform,2,2,receiver_3,dbproc-01870edcc464-agent3,0.0,0.0,0.0,injected_unvalidated
smtr_uniform,2,2,receiver_3,dbproc-01870edcc464-agent1,0.0,0.0,0.0,injected_unvalidated
smtr_receiver,2,2,receiver_1,dbproc-01870edcc464-agent3,1.0,0.0,1.0,validated
smtr_receiver,2,2,receiver_2,dbproc-01870edcc464-agent1,1.0,0.0,1.0,validated
full_memory,21,0,receiver_1,dbproc-01870edcc464-agent2,0.0,0.0,0.0,injected_unvalidated
full_memory,21,0,receiver_2,dbproc-01870edcc464-agent2,0.0,0.0,0.0,injected_unvalidated
full_memory,21,0,receiver_3,dbproc-01870edcc464-agent2,1.0,0.0,1.0,validated
retrieval,21,0,receiver_1,dbproc-01870edcc464-agent2,0.0,0.0,0.0,injected_unvalidated
retrieval,21,0,receiver_2,dbproc-01870edcc464-agent2,0.0,0.0,0.0,injected_unvalidated
retrieval,21,0,receiver_3,dbproc-01870edcc464-agent2,1.0,0.0,1.0,validated
smtr_uniform,21,0,receiver_1,dbproc-01870edcc464-agent2,0.0,0.0,0.0,injected_unvalidated
smtr_uniform,21,0,receiver_2,dbproc-01870edcc464-agent2,0.0,0.0,0.0,injected_unvalidated
smtr_uniform,21,0,receiver_3,dbproc-01870edcc464-agent2,1.0,0.0,1.0,validated
smtr_receiver,21,0,receiver_3,dbproc-01870edcc464-agent2,1.0,0.0,1.0,validated
full_memory,21,2,receiver_1,dbproc-06c28b92d681-agent1,1.0,0.0,1.0,validated
full_memory,21,2,receiver_1,dbproc-01870edcc464-agent3,0.0,0.0,0.0,injected_unvalidated
full_memory,21,2,receiver_1,dbproc-01870edcc464-agent2,0.0,0.0,0.0,injected_unvalidated
full_memory,21,2,receiver_1,dbproc-01870edcc464-agent5,0.0,0.0,0.0,injected_unvalidated
full_memory,21,2,receiver_1,dbproc-01870edcc464-agent4,0.0,0.0,0.0,injected_unvalidated
full_memory,21,2,receiver_2,dbproc-06c28b92d681-agent1,0.0,0.0,0.0,injected_unvalidated
full_memory,21,2,receiver_2,dbproc-01870edcc464-agent3,1.0,0.0,1.0,validated
full_memory,21,2,receiver_2,dbproc-01870edcc464-agent2,0.0,0.0,0.0,injected_unvalidated
full_memory,21,2,receiver_2,dbproc-01870edcc464-agent5,0.0,0.0,0.0,injected_unvalidated
full_memory,21,2,receiver_2,dbproc-01870edcc464-agent4,0.0,0.0,0.0,injected_unvalidated
full_memory,21,2,receiver_3,dbproc-06c28b92d681-agent1,1.0,0.0,1.0,validated
full_memory,21,2,receiver_3,dbproc-01870edcc464-agent3,0.0,0.0,0.0,injected_unvalidated
full_memory,21,2,receiver_3,dbproc-01870edcc464-agent2,1.0,0.0,1.0,validated
full_memory,21,2,receiver_3,dbproc-01870edcc464-agent5,1.0,0.0,1.0,validated
full_memory,21,2,receiver_3,dbproc-01870edcc464-agent4,0.0,0.0,0.0,injected_unvalidated
retrieval,21,2,receiver_1,dbproc-01870edcc464-agent2,0.0,0.0,0.0,injected_unvalidated
retrieval,21,2,receiver_1,dbproc-01870edcc464-agent3,0.0,0.0,0.0,injected_unvalidated
retrieval,21,2,receiver_1,dbproc-01870edcc464-agent4,0.0,0.0,0.0,injected_unvalidated
retrieval,21,2,receiver_2,dbproc-01870edcc464-agent2,0.0,0.0,0.0,injected_unvalidated
retrieval,21,2,receiver_2,dbproc-01870edcc464-agent3,1.0,0.0,1.0,validated
retrieval,21,2,receiver_2,dbproc-01870edcc464-agent4,0.0,0.0,0.0,injected_unvalidated
retrieval,21,2,receiver_3,dbproc-01870edcc464-agent2,1.0,0.0,1.0,validated
retrieval,21,2,receiver_3,dbproc-01870edcc464-agent3,0.0,0.0,0.0,injected_unvalidated
retrieval,21,2,receiver_3,dbproc-01870edcc464-agent4,0.0,0.0,0.0,injected_unvalidated
smtr_uniform,21,2,receiver_1,dbproc-06c28b92d681-agent1,1.0,0.0,1.0,validated
smtr_uniform,21,2,receiver_1,dbproc-01870edcc464-agent5,0.0,0.0,0.0,injected_unvalidated
smtr_uniform,21,2,receiver_1,dbproc-01870edcc464-agent3,0.0,0.0,0.0,injected_unvalidated
smtr_uniform,21,2,receiver_2,dbproc-06c28b92d681-agent1,0.0,0.0,0.0,injected_unvalidated
smtr_uniform,21,2,receiver_2,dbproc-01870edcc464-agent5,0.0,0.0,0.0,injected_unvalidated
smtr_uniform,21,2,receiver_2,dbproc-01870edcc464-agent3,1.0,0.0,1.0,validated
smtr_uniform,21,2,receiver_3,dbproc-06c28b92d681-agent1,1.0,0.0,1.0,validated
smtr_uniform,21,2,receiver_3,dbproc-01870edcc464-agent5,1.0,0.0,1.0,validated
smtr_uniform,21,2,receiver_3,dbproc-01870edcc464-agent3,0.0,0.0,0.0,injected_unvalidated
smtr_receiver,21,2,receiver_1,dbproc-06c28b92d681-agent1,1.0,0.0,1.0,validated
smtr_receiver,21,2,receiver_2,dbproc-01870edcc464-agent3,1.0,0.0,1.0,validated
smtr_receiver,21,2,receiver_3,dbproc-06c28b92d681-agent1,1.0,0.0,1.0,validated
smtr_receiver,21,2,receiver_3,dbproc-01870edcc464-agent5,1.0,0.0,1.0,validated
smtr_receiver,21,2,receiver_3,dbproc-01870edcc464-agent2,1.0,0.0,1.0,validated
full_memory,22,0,receiver_1,dbproc-01870edcc464-agent3,1.0,1.0,0.0,injected_unvalidated
full_memory,22,0,receiver_1,dbproc-01870edcc464-agent4,1.0,1.0,0.0,injected_unvalidated
full_memory,22,0,receiver_1,dbproc-01870edcc464-agent2,1.0,1.0,0.0,injected_unvalidated
full_memory,22,0,receiver_1,dbproc-01870edcc464-agent1,1.0,1.0,0.0,injected_unvalidated
full_memory,22,0,receiver_2,dbproc-01870edcc464-agent3,1.0,1.0,0.0,injected_unvalidated
full_memory,22,0,receiver_2,dbproc-01870edcc464-agent4,1.0,1.0,0.0,injected_unvalidated
full_memory,22,0,receiver_2,dbproc-01870edcc464-agent2,1.0,1.0,0.0,injected_unvalidated
full_memory,22,0,receiver_2,dbproc-01870edcc464-agent1,1.0,1.0,0.0,injected_unvalidated
full_memory,22,0,receiver_3,dbproc-01870edcc464-agent3,1.0,1.0,0.0,injected_unvalidated
full_memory,22,0,receiver_3,dbproc-01870edcc464-agent4,1.0,1.0,0.0,injected_unvalidated
full_memory,22,0,receiver_3,dbproc-01870edcc464-agent2,1.0,1.0,0.0,injected_unvalidated
full_memory,22,0,receiver_3,dbproc-01870edcc464-agent1,1.0,1.0,0.0,injected_unvalidated
retrieval,22,0,receiver_1,dbproc-01870edcc464-agent1,1.0,1.0,0.0,injected_unvalidated
retrieval,22,0,receiver_1,dbproc-01870edcc464-agent2,1.0,1.0,0.0,injected_unvalidated
retrieval,22,0,receiver_1,dbproc-01870edcc464-agent3,1.0,1.0,0.0,injected_unvalidated
retrieval,22,0,receiver_2,dbproc-01870edcc464-agent1,1.0,1.0,0.0,injected_unvalidated
retrieval,22,0,receiver_2,dbproc-01870edcc464-agent2,1.0,1.0,0.0,injected_unvalidated
retrieval,22,0,receiver_2,dbproc-01870edcc464-agent3,1.0,1.0,0.0,injected_unvalidated
retrieval,22,0,receiver_3,dbproc-01870edcc464-agent1,1.0,1.0,0.0,injected_unvalidated
retrieval,22,0,receiver_3,dbproc-01870edcc464-agent2,1.0,1.0,0.0,injected_unvalidated
retrieval,22,0,receiver_3,dbproc-01870edcc464-agent3,1.0,1.0,0.0,injected_unvalidated
full_memory,22,1,receiver_1,dbproc-01870edcc464-agent5,1.0,1.0,0.0,injected_unvalidated
full_memory,22,1,receiver_1,dbproc-06c28b92d681-agent1,1.0,1.0,0.0,injected_unvalidated
full_memory,22,1,receiver_1,dbproc-01870edcc464-agent4,1.0,1.0,0.0,injected_unvalidated
full_memory,22,1,receiver_1,dbproc-01870edcc464-agent2,1.0,1.0,0.0,injected_unvalidated
full_memory,22,1,receiver_1,dbproc-01870edcc464-agent1,1.0,1.0,0.0,injected_unvalidated
full_memory,22,1,receiver_2,dbproc-01870edcc464-agent5,1.0,1.0,0.0,injected_unvalidated
full_memory,22,1,receiver_2,dbproc-06c28b92d681-agent1,1.0,1.0,0.0,injected_unvalidated
full_memory,22,1,receiver_2,dbproc-01870edcc464-agent4,1.0,1.0,0.0,injected_unvalidated
full_memory,22,1,receiver_2,dbproc-01870edcc464-agent2,1.0,1.0,0.0,injected_unvalidated
full_memory,22,1,receiver_2,dbproc-01870edcc464-agent1,1.0,1.0,0.0,injected_unvalidated
full_memory,22,1,receiver_3,dbproc-01870edcc464-agent5,1.0,1.0,0.0,injected_unvalidated
full_memory,22,1,receiver_3,dbproc-06c28b92d681-agent1,1.0,1.0,0.0,injected_unvalidated
full_memory,22,1,receiver_3,dbproc-01870edcc464-agent4,1.0,1.0,0.0,injected_unvalidated
full_memory,22,1,receiver_3,dbproc-01870edcc464-agent2,1.0,1.0,0.0,injected_unvalidated
full_memory,22,1,receiver_3,dbproc-01870edcc464-agent1,1.0,1.0,0.0,injected_unvalidated
retrieval,22,1,receiver_1,dbproc-01870edcc464-agent1,1.0,1.0,0.0,injected_unvalidated
retrieval,22,1,receiver_1,dbproc-01870edcc464-agent2,1.0,1.0,0.0,injected_unvalidated
retrieval,22,1,receiver_1,dbproc-01870edcc464-agent4,1.0,1.0,0.0,injected_unvalidated
retrieval,22,1,receiver_2,dbproc-01870edcc464-agent1,1.0,1.0,0.0,injected_unvalidated
retrieval,22,1,receiver_2,dbproc-01870edcc464-agent2,1.0,1.0,0.0,injected_unvalidated
retrieval,22,1,receiver_2,dbproc-01870edcc464-agent4,1.0,1.0,0.0,injected_unvalidated
retrieval,22,1,receiver_3,dbproc-01870edcc464-agent1,1.0,1.0,0.0,injected_unvalidated
retrieval,22,1,receiver_3,dbproc-01870edcc464-agent2,1.0,1.0,0.0,injected_unvalidated
retrieval,22,1,receiver_3,dbproc-01870edcc464-agent4,1.0,1.0,0.0,injected_unvalidated
full_memory,23,0,receiver_1,dbproc-01870edcc464-agent5,1.0,0.0,1.0,validated
full_memory,23,0,receiver_1,dbproc-01870edcc464-agent4,0.0,0.0,0.0,injected_unvalidated
full_memory,23,0,receiver_1,dbproc-06c28b92d681-agent1,0.0,0.0,0.0,injected_unvalidated
full_memory,23,0,receiver_1,dbproc-01870edcc464-agent1,0.0,0.0,0.0,injected_unvalidated
full_memory,23,0,receiver_2,dbproc-01870edcc464-agent5,1.0,0.0,1.0,validated
full_memory,23,0,receiver_2,dbproc-01870edcc464-agent4,0.0,0.0,0.0,injected_unvalidated
full_memory,23,0,receiver_2,dbproc-06c28b92d681-agent1,0.0,0.0,0.0,injected_unvalidated
full_memory,23,0,receiver_2,dbproc-01870edcc464-agent1,0.0,0.0,0.0,injected_unvalidated
full_memory,23,0,receiver_3,dbproc-01870edcc464-agent5,1.0,0.0,1.0,validated
full_memory,23,0,receiver_3,dbproc-01870edcc464-agent4,0.0,0.0,0.0,injected_unvalidated
full_memory,23,0,receiver_3,dbproc-06c28b92d681-agent1,1.0,0.0,1.0,validated
full_memory,23,0,receiver_3,dbproc-01870edcc464-agent1,0.0,1.0,-1.0,injected_unvalidated
retrieval,23,0,receiver_1,dbproc-01870edcc464-agent1,0.0,0.0,0.0,injected_unvalidated
retrieval,23,0,receiver_1,dbproc-01870edcc464-agent4,0.0,0.0,0.0,injected_unvalidated
retrieval,23,0,receiver_1,dbproc-01870edcc464-agent5,1.0,0.0,1.0,validated
retrieval,23,0,receiver_2,dbproc-01870edcc464-agent1,0.0,0.0,0.0,injected_unvalidated
retrieval,23,0,receiver_2,dbproc-01870edcc464-agent4,0.0,0.0,0.0,injected_unvalidated
retrieval,23,0,receiver_2,dbproc-01870edcc464-agent5,1.0,0.0,1.0,validated
retrieval,23,0,receiver_3,dbproc-01870edcc464-agent1,0.0,1.0,-1.0,injected_unvalidated
retrieval,23,0,receiver_3,dbproc-01870edcc464-agent4,0.0,0.0,0.0,injected_unvalidated
retrieval,23,0,receiver_3,dbproc-01870edcc464-agent5,1.0,0.0,1.0,validated
smtr_uniform,23,0,receiver_1,dbproc-01870edcc464-agent5,1.0,0.0,1.0,validated
smtr_uniform,23,0,receiver_1,dbproc-06c28b92d681-agent1,0.0,0.0,0.0,injected_unvalidated
smtr_uniform,23,0,receiver_2,dbproc-01870edcc464-agent5,1.0,0.0,1.0,validated
smtr_uniform,23,0,receiver_2,dbproc-06c28b92d681-agent1,0.0,0.0,0.0,injected_unvalidated
smtr_uniform,23,0,receiver_3,dbproc-01870edcc464-agent5,1.0,0.0,1.0,validated
smtr_uniform,23,0,receiver_3,dbproc-06c28b92d681-agent1,1.0,0.0,1.0,validated
smtr_receiver,23,0,receiver_1,dbproc-01870edcc464-agent5,1.0,0.0,1.0,validated
smtr_receiver,23,0,receiver_2,dbproc-01870edcc464-agent5,1.0,0.0,1.0,validated
smtr_receiver,23,0,receiver_3,dbproc-06c28b92d681-agent1,1.0,0.0,1.0,validated
smtr_receiver,23,0,receiver_3,dbproc-01870edcc464-agent5,1.0,0.0,1.0,validated
full_memory,23,1,receiver_1,dbproc-01870edcc464-agent5,0.0,0.0,0.0,injected_unvalidated
full_memory,23,1,receiver_1,dbproc-01870edcc464-agent4,1.0,0.0,1.0,validated
full_memory,23,1,receiver_1,dbproc-01870edcc464-agent2,1.0,0.0,1.0,validated
full_memory,23,1,receiver_1,dbproc-01870edcc464-agent3,0.0,0.0,0.0,injected_unvalidated
full_memory,23,1,receiver_1,dbproc-06c28b92d681-agent1,0.0,0.0,0.0,injected_unvalidated
full_memory,23,1,receiver_1,dbproc-01870edcc464-agent1,0.0,0.0,0.0,injected_unvalidated
full_memory,23,1,receiver_2,dbproc-01870edcc464-agent5,0.0,1.0,-1.0,injected_unvalidated
full_memory,23,1,receiver_2,dbproc-01870edcc464-agent4,0.0,0.0,0.0,injected_unvalidated
full_memory,23,1,receiver_2,dbproc-01870edcc464-agent2,1.0,0.0,1.0,validated
full_memory,23,1,receiver_2,dbproc-01870edcc464-agent3,0.0,0.0,0.0,injected_unvalidated
full_memory,23,1,receiver_2,dbproc-06c28b92d681-agent1,0.0,0.0,0.0,injected_unvalidated
full_memory,23,1,receiver_2,dbproc-01870edcc464-agent1,0.0,0.0,0.0,injected_unvalidated
full_memory,23,1,receiver_3,dbproc-01870edcc464-agent5,0.0,0.0,0.0,injected_unvalidated
full_memory,23,1,receiver_3,dbproc-01870edcc464-agent4,0.0,0.0,0.0,injected_unvalidated
full_memory,23,1,receiver_3,dbproc-01870edcc464-agent2,1.0,0.0,1.0,validated
full_memory,23,1,receiver_3,dbproc-01870edcc464-agent3,0.0,0.0,0.0,injected_unvalidated
full_memory,23,1,receiver_3,dbproc-06c28b92d681-agent1,1.0,0.0,1.0,validated
full_memory,23,1,receiver_3,dbproc-01870edcc464-agent1,0.0,1.0,-1.0,injected_unvalidated
retrieval,23,1,receiver_1,dbproc-01870edcc464-agent1,0.0,0.0,0.0,injected_unvalidated
retrieval,23,1,receiver_1,dbproc-01870edcc464-agent2,1.0,0.0,1.0,validated
retrieval,23,1,receiver_1,dbproc-01870edcc464-agent3,0.0,0.0,0.0,injected_unvalidated
retrieval,23,1,receiver_2,dbproc-01870edcc464-agent1,0.0,0.0,0.0,injected_unvalidated
retrieval,23,1,receiver_2,dbproc-01870edcc464-agent2,1.0,0.0,1.0,validated
retrieval,23,1,receiver_2,dbproc-01870edcc464-agent3,0.0,0.0,0.0,injected_unvalidated
retrieval,23,1,receiver_3,dbproc-01870edcc464-agent1,0.0,1.0,-1.0,injected_unvalidated
retrieval,23,1,receiver_3,dbproc-01870edcc464-agent2,1.0,0.0,1.0,validated
retrieval,23,1,receiver_3,dbproc-01870edcc464-agent3,0.0,0.0,0.0,injected_unvalidated
smtr_uniform,23,1,receiver_1,dbproc-01870edcc464-agent2,1.0,0.0,1.0,validated
smtr_uniform,23,1,receiver_1,dbproc-06c28b92d681-agent1,0.0,0.0,0.0,injected_unvalidated
smtr_uniform,23,1,receiver_1,dbproc-01870edcc464-agent4,1.0,0.0,1.0,validated
smtr_uniform,23,1,receiver_2,dbproc-01870edcc464-agent2,1.0,0.0,1.0,validated
smtr_uniform,23,1,receiver_2,dbproc-06c28b92d681-agent1,0.0,0.0,0.0,injected_unvalidated
smtr_uniform,23,1,receiver_2,dbproc-01870edcc464-agent4,0.0,0.0,0.0,injected_unvalidated
smtr_uniform,23,1,receiver_3,dbproc-01870edcc464-agent2,1.0,0.0,1.0,validated
smtr_uniform,23,1,receiver_3,dbproc-06c28b92d681-agent1,1.0,0.0,1.0,validated
smtr_uniform,23,1,receiver_3,dbproc-01870edcc464-agent4,0.0,0.0,0.0,injected_unvalidated
smtr_receiver,23,1,receiver_1,dbproc-01870edcc464-agent4,1.0,0.0,1.0,validated
smtr_receiver,23,1,receiver_1,dbproc-01870edcc464-agent2,1.0,0.0,1.0,validated
smtr_receiver,23,1,receiver_2,dbproc-01870edcc464-agent2,1.0,0.0,1.0,validated
smtr_receiver,23,1,receiver_3,dbproc-06c28b92d681-agent1,1.0,0.0,1.0,validated
smtr_receiver,23,1,receiver_3,dbproc-01870edcc464-agent2,1.0,0.0,1.0,validated
full_memory,23,2,receiver_1,dbproc-01870edcc464-agent5,0.0,0.0,0.0,injected_unvalidated
full_memory,23,2,receiver_1,dbproc-01870edcc464-agent4,1.0,0.0,1.0,validated
full_memory,23,2,receiver_1,dbproc-01870edcc464-agent2,0.0,0.0,0.0,injected_unvalidated
full_memory,23,2,receiver_1,dbproc-01870edcc464-agent3,0.0,0.0,0.0,injected_unvalidated
full_memory,23,2,receiver_1,dbproc-01870edcc464-agent1,1.0,0.0,1.0,validated
full_memory,23,2,receiver_2,dbproc-01870edcc464-agent5,0.0,1.0,-1.0,injected_unvalidated
full_memory,23,2,receiver_2,dbproc-01870edcc464-agent4,0.0,0.0,0.0,injected_unvalidated
full_memory,23,2,receiver_2,dbproc-01870edcc464-agent2,0.0,1.0,-1.0,injected_unvalidated
full_memory,23,2,receiver_2,dbproc-01870edcc464-agent3,0.0,0.0,0.0,injected_unvalidated
full_memory,23,2,receiver_2,dbproc-01870edcc464-agent1,1.0,0.0,1.0,validated
full_memory,23,2,receiver_3,dbproc-01870edcc464-agent5,0.0,0.0,0.0,injected_unvalidated
full_memory,23,2,receiver_3,dbproc-01870edcc464-agent4,0.0,0.0,0.0,injected_unvalidated
full_memory,23,2,receiver_3,dbproc-01870edcc464-agent2,0.0,0.0,0.0,injected_unvalidated
full_memory,23,2,receiver_3,dbproc-01870edcc464-agent3,0.0,0.0,0.0,injected_unvalidated
full_memory,23,2,receiver_3,dbproc-01870edcc464-agent1,1.0,0.0,1.0,validated
retrieval,23,2,receiver_1,dbproc-01870edcc464-agent1,1.0,0.0,1.0,validated
retrieval,23,2,receiver_1,dbproc-01870edcc464-agent2,0.0,0.0,0.0,injected_unvalidated
retrieval,23,2,receiver_1,dbproc-01870edcc464-agent3,0.0,0.0,0.0,injected_unvalidated
retrieval,23,2,receiver_2,dbproc-01870edcc464-agent1,1.0,0.0,1.0,validated
retrieval,23,2,receiver_2,dbproc-01870edcc464-agent2,0.0,1.0,-1.0,injected_unvalidated
retrieval,23,2,receiver_2,dbproc-01870edcc464-agent3,0.0,0.0,0.0,injected_unvalidated
retrieval,23,2,receiver_3,dbproc-01870edcc464-agent1,1.0,0.0,1.0,validated
retrieval,23,2,receiver_3,dbproc-01870edcc464-agent2,0.0,0.0,0.0,injected_unvalidated
retrieval,23,2,receiver_3,dbproc-01870edcc464-agent3,0.0,0.0,0.0,injected_unvalidated
smtr_uniform,23,2,receiver_1,dbproc-01870edcc464-agent1,1.0,0.0,1.0,validated
smtr_uniform,23,2,receiver_1,dbproc-01870edcc464-agent4,1.0,0.0,1.0,validated
smtr_uniform,23,2,receiver_2,dbproc-01870edcc464-agent1,1.0,0.0,1.0,validated
smtr_uniform,23,2,receiver_2,dbproc-01870edcc464-agent4,0.0,0.0,0.0,injected_unvalidated
smtr_uniform,23,2,receiver_3,dbproc-01870edcc464-agent1,1.0,0.0,1.0,validated
smtr_uniform,23,2,receiver_3,dbproc-01870edcc464-agent4,0.0,0.0,0.0,injected_unvalidated
smtr_receiver,23,2,receiver_1,dbproc-01870edcc464-agent4,1.0,0.0,1.0,validated
smtr_receiver,23,2,receiver_1,dbproc-01870edcc464-agent1,1.0,0.0,1.0,validated
smtr_receiver,23,2,receiver_2,dbproc-01870edcc464-agent1,1.0,0.0,1.0,validated
smtr_receiver,23,2,receiver_3,dbproc-01870edcc464-agent1,1.0,0.0,1.0,validated
full_memory,26,0,receiver_1,dbproc-06c28b92d681-agent2,1.0,1.0,0.0,injected_unvalidated
full_memory,26,0,receiver_1,dbproc-06c28b92d681-agent3,1.0,1.0,0.0,injected_unvalidated
full_memory,26,0,receiver_1,dbproc-06c28b92d681-agent5,1.0,1.0,0.0,injected_unvalidated
full_memory,26,0,receiver_1,dbproc-06c28b92d681-agent1,1.0,1.0,0.0,injected_unvalidated
full_memory,26,0,receiver_1,dbproc-06c28b92d681-agent4,1.0,1.0,0.0,injected_unvalidated
full_memory,26,0,receiver_1,dbproc-0d97cd2103b4-agent1,1.0,1.0,0.0,injected_unvalidated
full_memory,26,0,receiver_2,dbproc-06c28b92d681-agent2,0.0,1.0,-1.0,injected_unvalidated
full_memory,26,0,receiver_2,dbproc-06c28b92d681-agent3,1.0,1.0,0.0,injected_unvalidated
full_memory,26,0,receiver_2,dbproc-06c28b92d681-agent5,1.0,1.0,0.0,injected_unvalidated
full_memory,26,0,receiver_2,dbproc-06c28b92d681-agent1,1.0,1.0,0.0,injected_unvalidated
full_memory,26,0,receiver_2,dbproc-06c28b92d681-agent4,1.0,1.0,0.0,injected_unvalidated
full_memory,26,0,receiver_2,dbproc-0d97cd2103b4-agent1,1.0,1.0,0.0,injected_unvalidated
full_memory,26,0,receiver_3,dbproc-06c28b92d681-agent2,1.0,1.0,0.0,injected_unvalidated
full_memory,26,0,receiver_3,dbproc-06c28b92d681-agent3,1.0,1.0,0.0,injected_unvalidated
full_memory,26,0,receiver_3,dbproc-06c28b92d681-agent5,1.0,1.0,0.0,injected_unvalidated
full_memory,26,0,receiver_3,dbproc-06c28b92d681-agent1,1.0,1.0,0.0,injected_unvalidated
full_memory,26,0,receiver_3,dbproc-06c28b92d681-agent4,1.0,1.0,0.0,injected_unvalidated
full_memory,26,0,receiver_3,dbproc-0d97cd2103b4-agent1,1.0,1.0,0.0,injected_unvalidated
retrieval,26,0,receiver_1,dbproc-06c28b92d681-agent1,1.0,1.0,0.0,injected_unvalidated
retrieval,26,0,receiver_1,dbproc-06c28b92d681-agent2,1.0,1.0,0.0,injected_unvalidated
retrieval,26,0,receiver_1,dbproc-06c28b92d681-agent3,1.0,1.0,0.0,injected_unvalidated
retrieval,26,0,receiver_2,dbproc-06c28b92d681-agent1,1.0,1.0,0.0,injected_unvalidated
retrieval,26,0,receiver_2,dbproc-06c28b92d681-agent2,0.0,1.0,-1.0,injected_unvalidated
retrieval,26,0,receiver_2,dbproc-06c28b92d681-agent3,1.0,1.0,0.0,injected_unvalidated
retrieval,26,0,receiver_3,dbproc-06c28b92d681-agent1,1.0,1.0,0.0,injected_unvalidated
retrieval,26,0,receiver_3,dbproc-06c28b92d681-agent2,1.0,1.0,0.0,injected_unvalidated
retrieval,26,0,receiver_3,dbproc-06c28b92d681-agent3,1.0,1.0,0.0,injected_unvalidated
full_memory,26,1,receiver_1,dbproc-06c28b92d681-agent2,1.0,1.0,0.0,injected_unvalidated
full_memory,26,1,receiver_1,dbproc-06c28b92d681-agent3,1.0,1.0,0.0,injected_unvalidated
full_memory,26,1,receiver_1,dbproc-06c28b92d681-agent5,1.0,1.0,0.0,injected_unvalidated
full_memory,26,1,receiver_1,dbproc-06c28b92d681-agent1,1.0,1.0,0.0,injected_unvalidated
full_memory,26,1,receiver_1,dbproc-06c28b92d681-agent4,0.0,1.0,-1.0,injected_unvalidated
full_memory,26,1,receiver_1,dbproc-0d97cd2103b4-agent1,1.0,1.0,0.0,injected_unvalidated
full_memory,26,1,receiver_2,dbproc-06c28b92d681-agent2,0.0,1.0,-1.0,injected_unvalidated
full_memory,26,1,receiver_2,dbproc-06c28b92d681-agent3,1.0,1.0,0.0,injected_unvalidated
full_memory,26,1,receiver_2,dbproc-06c28b92d681-agent5,1.0,1.0,0.0,injected_unvalidated
full_memory,26,1,receiver_2,dbproc-06c28b92d681-agent1,1.0,1.0,0.0,injected_unvalidated
full_memory,26,1,receiver_2,dbproc-06c28b92d681-agent4,0.0,1.0,-1.0,injected_unvalidated
full_memory,26,1,receiver_2,dbproc-0d97cd2103b4-agent1,1.0,1.0,0.0,injected_unvalidated
full_memory,26,1,receiver_3,dbproc-06c28b92d681-agent2,1.0,1.0,0.0,injected_unvalidated
full_memory,26,1,receiver_3,dbproc-06c28b92d681-agent3,1.0,1.0,0.0,injected_unvalidated
full_memory,26,1,receiver_3,dbproc-06c28b92d681-agent5,1.0,1.0,0.0,injected_unvalidated
full_memory,26,1,receiver_3,dbproc-06c28b92d681-agent1,1.0,1.0,0.0,injected_unvalidated
full_memory,26,1,receiver_3,dbproc-06c28b92d681-agent4,0.0,1.0,-1.0,injected_unvalidated
full_memory,26,1,receiver_3,dbproc-0d97cd2103b4-agent1,1.0,1.0,0.0,injected_unvalidated
retrieval,26,1,receiver_1,dbproc-06c28b92d681-agent1,1.0,1.0,0.0,injected_unvalidated
retrieval,26,1,receiver_1,dbproc-06c28b92d681-agent2,1.0,1.0,0.0,injected_unvalidated
retrieval,26,1,receiver_1,dbproc-06c28b92d681-agent3,1.0,1.0,0.0,injected_unvalidated
retrieval,26,1,receiver_2,dbproc-06c28b92d681-agent1,1.0,1.0,0.0,injected_unvalidated
retrieval,26,1,receiver_2,dbproc-06c28b92d681-agent2,0.0,1.0,-1.0,injected_unvalidated
retrieval,26,1,receiver_2,dbproc-06c28b92d681-agent3,1.0,1.0,0.0,injected_unvalidated
retrieval,26,1,receiver_3,dbproc-06c28b92d681-agent1,1.0,1.0,0.0,injected_unvalidated
retrieval,26,1,receiver_3,dbproc-06c28b92d681-agent2,1.0,1.0,0.0,injected_unvalidated
retrieval,26,1,receiver_3,dbproc-06c28b92d681-agent3,1.0,1.0,0.0,injected_unvalidated
full_memory,26,2,receiver_1,dbproc-06c28b92d681-agent2,1.0,1.0,0.0,injected_unvalidated
full_memory,26,2,receiver_1,dbproc-06c28b92d681-agent3,1.0,1.0,0.0,injected_unvalidated
full_memory,26,2,receiver_1,dbproc-06c28b92d681-agent5,1.0,1.0,0.0,injected_unvalidated
full_memory,26,2,receiver_1,dbproc-06c28b92d681-agent1,1.0,1.0,0.0,injected_unvalidated
full_memory,26,2,receiver_1,dbproc-06c28b92d681-agent4,1.0,1.0,0.0,injected_unvalidated
full_memory,26,2,receiver_1,dbproc-0d97cd2103b4-agent1,1.0,1.0,0.0,injected_unvalidated
full_memory,26,2,receiver_2,dbproc-06c28b92d681-agent2,0.0,1.0,-1.0,injected_unvalidated
full_memory,26,2,receiver_2,dbproc-06c28b92d681-agent3,1.0,1.0,0.0,injected_unvalidated
full_memory,26,2,receiver_2,dbproc-06c28b92d681-agent5,1.0,1.0,0.0,injected_unvalidated
full_memory,26,2,receiver_2,dbproc-06c28b92d681-agent1,1.0,1.0,0.0,injected_unvalidated
full_memory,26,2,receiver_2,dbproc-06c28b92d681-agent4,1.0,1.0,0.0,injected_unvalidated
full_memory,26,2,receiver_2,dbproc-0d97cd2103b4-agent1,1.0,1.0,0.0,injected_unvalidated
full_memory,26,2,receiver_3,dbproc-06c28b92d681-agent2,1.0,1.0,0.0,injected_unvalidated
full_memory,26,2,receiver_3,dbproc-06c28b92d681-agent3,1.0,1.0,0.0,injected_unvalidated
full_memory,26,2,receiver_3,dbproc-06c28b92d681-agent5,1.0,1.0,0.0,injected_unvalidated
full_memory,26,2,receiver_3,dbproc-06c28b92d681-agent1,1.0,1.0,0.0,injected_unvalidated
full_memory,26,2,receiver_3,dbproc-06c28b92d681-agent4,1.0,1.0,0.0,injected_unvalidated
full_memory,26,2,receiver_3,dbproc-0d97cd2103b4-agent1,1.0,1.0,0.0,injected_unvalidated
retrieval,26,2,receiver_1,dbproc-06c28b92d681-agent1,1.0,1.0,0.0,injected_unvalidated
retrieval,26,2,receiver_1,dbproc-06c28b92d681-agent2,1.0,1.0,0.0,injected_unvalidated
retrieval,26,2,receiver_1,dbproc-06c28b92d681-agent3,1.0,1.0,0.0,injected_unvalidated
retrieval,26,2,receiver_2,dbproc-06c28b92d681-agent1,1.0,1.0,0.0,injected_unvalidated
retrieval,26,2,receiver_2,dbproc-06c28b92d681-agent2,0.0,1.0,-1.0,injected_unvalidated
retrieval,26,2,receiver_2,dbproc-06c28b92d681-agent3,1.0,1.0,0.0,injected_unvalidated
retrieval,26,2,receiver_3,dbproc-06c28b92d681-agent1,1.0,1.0,0.0,injected_unvalidated
retrieval,26,2,receiver_3,dbproc-06c28b92d681-agent2,1.0,1.0,0.0,injected_unvalidated
retrieval,26,2,receiver_3,dbproc-06c28b92d681-agent3,1.0,1.0,0.0,injected_unvalidated
full_memory,27,0,receiver_1,dbproc-01870edcc464-agent1,1.0,1.0,0.0,injected_unvalidated
full_memory,27,0,receiver_1,dbproc-01870edcc464-agent2,1.0,1.0,0.0,injected_unvalidated
full_memory,27,0,receiver_1,dbproc-06c28b92d681-agent1,1.0,1.0,0.0,injected_unvalidated
full_memory,27,0,receiver_1,dbproc-01870edcc464-agent3,1.0,1.0,0.0,injected_unvalidated
full_memory,27,0,receiver_1,dbproc-01870edcc464-agent5,1.0,1.0,0.0,injected_unvalidated
full_memory,27,0,receiver_2,dbproc-01870edcc464-agent1,0.0,1.0,-1.0,injected_unvalidated
full_memory,27,0,receiver_2,dbproc-01870edcc464-agent2,1.0,1.0,0.0,injected_unvalidated
full_memory,27,0,receiver_2,dbproc-06c28b92d681-agent1,1.0,1.0,0.0,injected_unvalidated
full_memory,27,0,receiver_2,dbproc-01870edcc464-agent3,1.0,1.0,0.0,injected_unvalidated
full_memory,27,0,receiver_2,dbproc-01870edcc464-agent5,0.0,1.0,-1.0,injected_unvalidated
full_memory,27,0,receiver_3,dbproc-01870edcc464-agent1,1.0,1.0,0.0,injected_unvalidated
full_memory,27,0,receiver_3,dbproc-01870edcc464-agent2,1.0,1.0,0.0,injected_unvalidated
full_memory,27,0,receiver_3,dbproc-06c28b92d681-agent1,1.0,1.0,0.0,injected_unvalidated
full_memory,27,0,receiver_3,dbproc-01870edcc464-agent3,1.0,1.0,0.0,injected_unvalidated
full_memory,27,0,receiver_3,dbproc-01870edcc464-agent5,1.0,1.0,0.0,injected_unvalidated
retrieval,27,0,receiver_1,dbproc-01870edcc464-agent1,1.0,1.0,0.0,injected_unvalidated
retrieval,27,0,receiver_1,dbproc-01870edcc464-agent2,1.0,1.0,0.0,injected_unvalidated
retrieval,27,0,receiver_1,dbproc-01870edcc464-agent3,1.0,1.0,0.0,injected_unvalidated
retrieval,27,0,receiver_2,dbproc-01870edcc464-agent1,0.0,1.0,-1.0,injected_unvalidated
retrieval,27,0,receiver_2,dbproc-01870edcc464-agent2,1.0,1.0,0.0,injected_unvalidated
retrieval,27,0,receiver_2,dbproc-01870edcc464-agent3,1.0,1.0,0.0,injected_unvalidated
retrieval,27,0,receiver_3,dbproc-01870edcc464-agent1,1.0,1.0,0.0,injected_unvalidated
retrieval,27,0,receiver_3,dbproc-01870edcc464-agent2,1.0,1.0,0.0,injected_unvalidated
retrieval,27,0,receiver_3,dbproc-01870edcc464-agent3,1.0,1.0,0.0,injected_unvalidated
full_memory,27,1,receiver_1,dbproc-01870edcc464-agent1,1.0,1.0,0.0,injected_unvalidated
full_memory,27,1,receiver_1,dbproc-01870edcc464-agent2,1.0,1.0,0.0,injected_unvalidated
full_memory,27,1,receiver_1,dbproc-01870edcc464-agent3,1.0,1.0,0.0,injected_unvalidated
full_memory,27,1,receiver_1,dbproc-01870edcc464-agent5,1.0,1.0,0.0,injected_unvalidated
full_memory,27,1,receiver_1,dbproc-01870edcc464-agent4,1.0,1.0,0.0,injected_unvalidated
full_memory,27,1,receiver_2,dbproc-01870edcc464-agent1,0.0,1.0,-1.0,injected_unvalidated
full_memory,27,1,receiver_2,dbproc-01870edcc464-agent2,1.0,1.0,0.0,injected_unvalidated
full_memory,27,1,receiver_2,dbproc-01870edcc464-agent3,1.0,1.0,0.0,injected_unvalidated
full_memory,27,1,receiver_2,dbproc-01870edcc464-agent5,0.0,1.0,-1.0,injected_unvalidated
full_memory,27,1,receiver_2,dbproc-01870edcc464-agent4,1.0,1.0,0.0,injected_unvalidated
full_memory,27,1,receiver_3,dbproc-01870edcc464-agent1,1.0,1.0,0.0,injected_unvalidated
full_memory,27,1,receiver_3,dbproc-01870edcc464-agent2,1.0,1.0,0.0,injected_unvalidated
full_memory,27,1,receiver_3,dbproc-01870edcc464-agent3,1.0,1.0,0.0,injected_unvalidated
full_memory,27,1,receiver_3,dbproc-01870edcc464-agent5,1.0,1.0,0.0,injected_unvalidated
full_memory,27,1,receiver_3,dbproc-01870edcc464-agent4,1.0,1.0,0.0,injected_unvalidated
retrieval,27,1,receiver_1,dbproc-01870edcc464-agent1,1.0,1.0,0.0,injected_unvalidated
retrieval,27,1,receiver_1,dbproc-01870edcc464-agent2,1.0,1.0,0.0,injected_unvalidated
retrieval,27,1,receiver_1,dbproc-01870edcc464-agent3,1.0,1.0,0.0,injected_unvalidated
retrieval,27,1,receiver_2,dbproc-01870edcc464-agent1,0.0,1.0,-1.0,injected_unvalidated
retrieval,27,1,receiver_2,dbproc-01870edcc464-agent2,1.0,1.0,0.0,injected_unvalidated
retrieval,27,1,receiver_2,dbproc-01870edcc464-agent3,1.0,1.0,0.0,injected_unvalidated
retrieval,27,1,receiver_3,dbproc-01870edcc464-agent1,1.0,1.0,0.0,injected_unvalidated
retrieval,27,1,receiver_3,dbproc-01870edcc464-agent2,1.0,1.0,0.0,injected_unvalidated
retrieval,27,1,receiver_3,dbproc-01870edcc464-agent3,1.0,1.0,0.0,injected_unvalidated
full_memory,27,2,receiver_1,dbproc-01870edcc464-agent1,1.0,1.0,0.0,injected_unvalidated
full_memory,27,2,receiver_1,dbproc-01870edcc464-agent2,1.0,1.0,0.0,injected_unvalidated
full_memory,27,2,receiver_1,dbproc-06c28b92d681-agent1,1.0,1.0,0.0,injected_unvalidated
full_memory,27,2,receiver_1,dbproc-01870edcc464-agent3,1.0,1.0,0.0,injected_unvalidated
full_memory,27,2,receiver_2,dbproc-01870edcc464-agent1,0.0,1.0,-1.0,injected_unvalidated
full_memory,27,2,receiver_2,dbproc-01870edcc464-agent2,1.0,1.0,0.0,injected_unvalidated
full_memory,27,2,receiver_2,dbproc-06c28b92d681-agent1,1.0,1.0,0.0,injected_unvalidated
full_memory,27,2,receiver_2,dbproc-01870edcc464-agent3,1.0,1.0,0.0,injected_unvalidated
full_memory,27,2,receiver_3,dbproc-01870edcc464-agent1,1.0,1.0,0.0,injected_unvalidated
full_memory,27,2,receiver_3,dbproc-01870edcc464-agent2,1.0,1.0,0.0,injected_unvalidated
full_memory,27,2,receiver_3,dbproc-06c28b92d681-agent1,1.0,1.0,0.0,injected_unvalidated
full_memory,27,2,receiver_3,dbproc-01870edcc464-agent3,1.0,1.0,0.0,injected_unvalidated
retrieval,27,2,receiver_1,dbproc-01870edcc464-agent1,1.0,1.0,0.0,injected_unvalidated
retrieval,27,2,receiver_1,dbproc-01870edcc464-agent2,1.0,1.0,0.0,injected_unvalidated
retrieval,27,2,receiver_1,dbproc-01870edcc464-agent3,1.0,1.0,0.0,injected_unvalidated
retrieval,27,2,receiver_2,dbproc-01870edcc464-agent1,0.0,1.0,-1.0,injected_unvalidated
retrieval,27,2,receiver_2,dbproc-01870edcc464-agent2,1.0,1.0,0.0,injected_unvalidated
retrieval,27,2,receiver_2,dbproc-01870edcc464-agent3,1.0,1.0,0.0,injected_unvalidated
retrieval,27,2,receiver_3,dbproc-01870edcc464-agent1,1.0,1.0,0.0,injected_unvalidated
retrieval,27,2,receiver_3,dbproc-01870edcc464-agent2,1.0,1.0,0.0,injected_unvalidated
retrieval,27,2,receiver_3,dbproc-01870edcc464-agent3,1.0,1.0,0.0,injected_unvalidated
full_memory,29,0,receiver_1,dbproc-06c28b92d681-agent1,0.0,0.0,0.0,injected_unvalidated
full_memory,29,0,receiver_1,dbproc-01870edcc464-agent5,1.0,0.0,1.0,validated
full_memory,29,0,receiver_1,dbproc-01870edcc464-agent1,0.0,0.0,0.0,injected_unvalidated
full_memory,29,0,receiver_1,dbproc-01870edcc464-agent3,0.0,0.0,0.0,injected_unvalidated
full_memory,29,0,receiver_1,dbproc-01870edcc464-agent2,0.0,0.0,0.0,injected_unvalidated
full_memory,29,0,receiver_2,dbproc-06c28b92d681-agent1,0.0,0.0,0.0,injected_unvalidated
full_memory,29,0,receiver_2,dbproc-01870edcc464-agent5,0.0,0.0,0.0,injected_unvalidated
full_memory,29,0,receiver_2,dbproc-01870edcc464-agent1,0.0,0.0,0.0,injected_unvalidated
full_memory,29,0,receiver_2,dbproc-01870edcc464-agent3,0.0,0.0,0.0,injected_unvalidated
full_memory,29,0,receiver_2,dbproc-01870edcc464-agent2,0.0,0.0,0.0,injected_unvalidated
full_memory,29,0,receiver_3,dbproc-06c28b92d681-agent1,1.0,0.0,1.0,validated
full_memory,29,0,receiver_3,dbproc-01870edcc464-agent5,0.0,0.0,0.0,injected_unvalidated
full_memory,29,0,receiver_3,dbproc-01870edcc464-agent1,0.0,0.0,0.0,injected_unvalidated
full_memory,29,0,receiver_3,dbproc-01870edcc464-agent3,0.0,0.0,0.0,injected_unvalidated
full_memory,29,0,receiver_3,dbproc-01870edcc464-agent2,0.0,0.0,0.0,injected_unvalidated
retrieval,29,0,receiver_1,dbproc-01870edcc464-agent1,0.0,0.0,0.0,injected_unvalidated
retrieval,29,0,receiver_1,dbproc-01870edcc464-agent2,0.0,0.0,0.0,injected_unvalidated
retrieval,29,0,receiver_1,dbproc-01870edcc464-agent3,0.0,0.0,0.0,injected_unvalidated
retrieval,29,0,receiver_2,dbproc-01870edcc464-agent1,0.0,0.0,0.0,injected_unvalidated
retrieval,29,0,receiver_2,dbproc-01870edcc464-agent2,0.0,0.0,0.0,injected_unvalidated
retrieval,29,0,receiver_2,dbproc-01870edcc464-agent3,0.0,0.0,0.0,injected_unvalidated
retrieval,29,0,receiver_3,dbproc-01870edcc464-agent1,0.0,0.0,0.0,injected_unvalidated
retrieval,29,0,receiver_3,dbproc-01870edcc464-agent2,0.0,0.0,0.0,injected_unvalidated
retrieval,29,0,receiver_3,dbproc-01870edcc464-agent3,0.0,0.0,0.0,injected_unvalidated
smtr_uniform,29,0,receiver_1,dbproc-06c28b92d681-agent1,0.0,0.0,0.0,injected_unvalidated
smtr_uniform,29,0,receiver_1,dbproc-01870edcc464-agent5,1.0,0.0,1.0,validated
smtr_uniform,29,0,receiver_2,dbproc-06c28b92d681-agent1,0.0,0.0,0.0,injected_unvalidated
smtr_uniform,29,0,receiver_2,dbproc-01870edcc464-agent5,0.0,0.0,0.0,injected_unvalidated
smtr_uniform,29,0,receiver_3,dbproc-06c28b92d681-agent1,1.0,0.0,1.0,validated
smtr_uniform,29,0,receiver_3,dbproc-01870edcc464-agent5,0.0,0.0,0.0,injected_unvalidated
smtr_receiver,29,0,receiver_1,dbproc-01870edcc464-agent5,1.0,0.0,1.0,validated
smtr_receiver,29,0,receiver_3,dbproc-06c28b92d681-agent1,1.0,0.0,1.0,validated
full_memory,29,1,receiver_1,dbproc-06c28b92d681-agent1,0.0,0.0,0.0,injected_unvalidated
full_memory,29,1,receiver_1,dbproc-01870edcc464-agent5,0.0,0.0,0.0,injected_unvalidated
full_memory,29,1,receiver_1,dbproc-01870edcc464-agent4,0.0,0.0,0.0,injected_unvalidated
full_memory,29,1,receiver_1,dbproc-01870edcc464-agent1,0.0,0.0,0.0,injected_unvalidated
full_memory,29,1,receiver_1,dbproc-01870edcc464-agent3,0.0,0.0,0.0,injected_unvalidated
full_memory,29,1,receiver_1,dbproc-01870edcc464-agent2,0.0,0.0,0.0,injected_unvalidated
full_memory,29,1,receiver_2,dbproc-06c28b92d681-agent1,0.0,0.0,0.0,injected_unvalidated
full_memory,29,1,receiver_2,dbproc-01870edcc464-agent5,0.0,0.0,0.0,injected_unvalidated
full_memory,29,1,receiver_2,dbproc-01870edcc464-agent4,0.0,0.0,0.0,injected_unvalidated
full_memory,29,1,receiver_2,dbproc-01870edcc464-agent1,0.0,0.0,0.0,injected_unvalidated
full_memory,29,1,receiver_2,dbproc-01870edcc464-agent3,0.0,0.0,0.0,injected_unvalidated
full_memory,29,1,receiver_2,dbproc-01870edcc464-agent2,0.0,0.0,0.0,injected_unvalidated
full_memory,29,1,receiver_3,dbproc-06c28b92d681-agent1,1.0,0.0,1.0,validated
full_memory,29,1,receiver_3,dbproc-01870edcc464-agent5,0.0,0.0,0.0,injected_unvalidated
full_memory,29,1,receiver_3,dbproc-01870edcc464-agent4,0.0,0.0,0.0,injected_unvalidated
full_memory,29,1,receiver_3,dbproc-01870edcc464-agent1,0.0,0.0,0.0,injected_unvalidated
full_memory,29,1,receiver_3,dbproc-01870edcc464-agent3,0.0,0.0,0.0,injected_unvalidated
full_memory,29,1,receiver_3,dbproc-01870edcc464-agent2,0.0,0.0,0.0,injected_unvalidated
retrieval,29,1,receiver_1,dbproc-01870edcc464-agent1,0.0,0.0,0.0,injected_unvalidated
retrieval,29,1,receiver_1,dbproc-01870edcc464-agent2,0.0,0.0,0.0,injected_unvalidated
retrieval,29,1,receiver_1,dbproc-01870edcc464-agent3,0.0,0.0,0.0,injected_unvalidated
retrieval,29,1,receiver_2,dbproc-01870edcc464-agent1,0.0,0.0,0.0,injected_unvalidated
retrieval,29,1,receiver_2,dbproc-01870edcc464-agent2,0.0,0.0,0.0,injected_unvalidated
retrieval,29,1,receiver_2,dbproc-01870edcc464-agent3,0.0,0.0,0.0,injected_unvalidated
retrieval,29,1,receiver_3,dbproc-01870edcc464-agent1,0.0,0.0,0.0,injected_unvalidated
retrieval,29,1,receiver_3,dbproc-01870edcc464-agent2,0.0,0.0,0.0,injected_unvalidated
retrieval,29,1,receiver_3,dbproc-01870edcc464-agent3,0.0,0.0,0.0,injected_unvalidated
smtr_uniform,29,1,receiver_1,dbproc-06c28b92d681-agent1,0.0,0.0,0.0,injected_unvalidated
smtr_uniform,29,1,receiver_2,dbproc-06c28b92d681-agent1,0.0,0.0,0.0,injected_unvalidated
smtr_uniform,29,1,receiver_3,dbproc-06c28b92d681-agent1,1.0,0.0,1.0,validated
smtr_receiver,29,1,receiver_3,dbproc-06c28b92d681-agent1,1.0,0.0,1.0,validated
full_memory,3,0,receiver_1,dbproc-01870edcc464-agent5,0.0,1.0,-1.0,injected_unvalidated
full_memory,3,0,receiver_1,dbproc-06c28b92d681-agent1,0.0,1.0,-1.0,injected_unvalidated
full_memory,3,0,receiver_1,dbproc-01870edcc464-agent4,0.0,1.0,-1.0,injected_unvalidated
full_memory,3,0,receiver_1,dbproc-01870edcc464-agent1,0.0,1.0,-1.0,injected_unvalidated
full_memory,3,0,receiver_1,dbproc-01870edcc464-agent3,1.0,1.0,0.0,injected_unvalidated
full_memory,3,0,receiver_1,dbproc-01870edcc464-agent2,0.0,1.0,-1.0,injected_unvalidated
full_memory,3,0,receiver_2,dbproc-01870edcc464-agent5,0.0,1.0,-1.0,injected_unvalidated
full_memory,3,0,receiver_2,dbproc-06c28b92d681-agent1,0.0,1.0,-1.0,injected_unvalidated
full_memory,3,0,receiver_2,dbproc-01870edcc464-agent4,0.0,1.0,-1.0,injected_unvalidated
full_memory,3,0,receiver_2,dbproc-01870edcc464-agent1,0.0,1.0,-1.0,injected_unvalidated
full_memory,3,0,receiver_2,dbproc-01870edcc464-agent3,0.0,1.0,-1.0,injected_unvalidated
full_memory,3,0,receiver_2,dbproc-01870edcc464-agent2,0.0,1.0,-1.0,injected_unvalidated
full_memory,3,0,receiver_3,dbproc-01870edcc464-agent5,0.0,1.0,-1.0,injected_unvalidated
full_memory,3,0,receiver_3,dbproc-06c28b92d681-agent1,1.0,1.0,0.0,injected_unvalidated
full_memory,3,0,receiver_3,dbproc-01870edcc464-agent4,0.0,1.0,-1.0,injected_unvalidated
full_memory,3,0,receiver_3,dbproc-01870edcc464-agent1,1.0,1.0,0.0,injected_unvalidated
full_memory,3,0,receiver_3,dbproc-01870edcc464-agent3,1.0,1.0,0.0,injected_unvalidated
full_memory,3,0,receiver_3,dbproc-01870edcc464-agent2,0.0,1.0,-1.0,injected_unvalidated
retrieval,3,0,receiver_1,dbproc-01870edcc464-agent1,0.0,1.0,-1.0,injected_unvalidated
retrieval,3,0,receiver_1,dbproc-01870edcc464-agent2,0.0,1.0,-1.0,injected_unvalidated
retrieval,3,0,receiver_1,dbproc-01870edcc464-agent3,1.0,1.0,0.0,injected_unvalidated
retrieval,3,0,receiver_2,dbproc-01870edcc464-agent1,0.0,1.0,-1.0,injected_unvalidated
retrieval,3,0,receiver_2,dbproc-01870edcc464-agent2,0.0,1.0,-1.0,injected_unvalidated
retrieval,3,0,receiver_2,dbproc-01870edcc464-agent3,0.0,1.0,-1.0,injected_unvalidated
retrieval,3,0,receiver_3,dbproc-01870edcc464-agent1,1.0,1.0,0.0,injected_unvalidated
retrieval,3,0,receiver_3,dbproc-01870edcc464-agent2,0.0,1.0,-1.0,injected_unvalidated
retrieval,3,0,receiver_3,dbproc-01870edcc464-agent3,1.0,1.0,0.0,injected_unvalidated
full_memory,3,1,receiver_1,dbproc-06c28b92d681-agent1,0.0,0.0,0.0,injected_unvalidated
full_memory,3,1,receiver_1,dbproc-01870edcc464-agent4,0.0,0.0,0.0,injected_unvalidated
full_memory,3,1,receiver_1,dbproc-01870edcc464-agent1,0.0,0.0,0.0,injected_unvalidated
full_memory,3,1,receiver_1,dbproc-01870edcc464-agent3,1.0,0.0,1.0,validated
full_memory,3,1,receiver_1,dbproc-01870edcc464-agent2,0.0,0.0,0.0,injected_unvalidated
full_memory,3,1,receiver_2,dbproc-06c28b92d681-agent1,0.0,0.0,0.0,injected_unvalidated
full_memory,3,1,receiver_2,dbproc-01870edcc464-agent4,0.0,1.0,-1.0,injected_unvalidated
full_memory,3,1,receiver_2,dbproc-01870edcc464-agent1,0.0,0.0,0.0,injected_unvalidated
full_memory,3,1,receiver_2,dbproc-01870edcc464-agent3,1.0,0.0,1.0,validated
full_memory,3,1,receiver_2,dbproc-01870edcc464-agent2,0.0,0.0,0.0,injected_unvalidated
full_memory,3,1,receiver_3,dbproc-06c28b92d681-agent1,0.0,0.0,0.0,injected_unvalidated
full_memory,3,1,receiver_3,dbproc-01870edcc464-agent4,0.0,1.0,-1.0,injected_unvalidated
full_memory,3,1,receiver_3,dbproc-01870edcc464-agent1,0.0,0.0,0.0,injected_unvalidated
full_memory,3,1,receiver_3,dbproc-01870edcc464-agent3,1.0,0.0,1.0,validated
full_memory,3,1,receiver_3,dbproc-01870edcc464-agent2,0.0,0.0,0.0,injected_unvalidated
retrieval,3,1,receiver_1,dbproc-01870edcc464-agent1,0.0,0.0,0.0,injected_unvalidated
retrieval,3,1,receiver_1,dbproc-01870edcc464-agent2,0.0,0.0,0.0,injected_unvalidated
retrieval,3,1,receiver_1,dbproc-01870edcc464-agent3,1.0,0.0,1.0,validated
retrieval,3,1,receiver_2,dbproc-01870edcc464-agent1,0.0,0.0,0.0,injected_unvalidated
retrieval,3,1,receiver_2,dbproc-01870edcc464-agent2,0.0,0.0,0.0,injected_unvalidated
retrieval,3,1,receiver_2,dbproc-01870edcc464-agent3,1.0,0.0,1.0,validated
retrieval,3,1,receiver_3,dbproc-01870edcc464-agent1,0.0,0.0,0.0,injected_unvalidated
retrieval,3,1,receiver_3,dbproc-01870edcc464-agent2,0.0,0.0,0.0,injected_unvalidated
retrieval,3,1,receiver_3,dbproc-01870edcc464-agent3,1.0,0.0,1.0,validated
smtr_uniform,3,1,receiver_1,dbproc-01870edcc464-agent3,1.0,0.0,1.0,validated
smtr_uniform,3,1,receiver_2,dbproc-01870edcc464-agent3,1.0,0.0,1.0,validated
smtr_uniform,3,1,receiver_3,dbproc-01870edcc464-agent3,1.0,0.0,1.0,validated
smtr_receiver,3,1,receiver_1,dbproc-01870edcc464-agent3,1.0,0.0,1.0,validated
smtr_receiver,3,1,receiver_2,dbproc-01870edcc464-agent3,1.0,0.0,1.0,validated
smtr_receiver,3,1,receiver_3,dbproc-01870edcc464-agent3,1.0,0.0,1.0,validated
full_memory,30,2,receiver_1,dbproc-01870edcc464-agent4,1.0,1.0,0.0,injected_unvalidated
full_memory,30,2,receiver_1,dbproc-01870edcc464-agent2,1.0,1.0,0.0,injected_unvalidated
full_memory,30,2,receiver_1,dbproc-01870edcc464-agent5,1.0,1.0,0.0,injected_unvalidated
full_memory,30,2,receiver_1,dbproc-01870edcc464-agent3,1.0,1.0,0.0,injected_unvalidated
full_memory,30,2,receiver_2,dbproc-01870edcc464-agent4,1.0,1.0,0.0,injected_unvalidated
full_memory,30,2,receiver_2,dbproc-01870edcc464-agent2,1.0,1.0,0.0,injected_unvalidated
full_memory,30,2,receiver_2,dbproc-01870edcc464-agent5,1.0,1.0,0.0,injected_unvalidated
full_memory,30,2,receiver_2,dbproc-01870edcc464-agent3,1.0,1.0,0.0,injected_unvalidated
full_memory,30,2,receiver_3,dbproc-01870edcc464-agent4,1.0,1.0,0.0,injected_unvalidated
full_memory,30,2,receiver_3,dbproc-01870edcc464-agent2,1.0,1.0,0.0,injected_unvalidated
full_memory,30,2,receiver_3,dbproc-01870edcc464-agent5,0.0,1.0,-1.0,injected_unvalidated
full_memory,30,2,receiver_3,dbproc-01870edcc464-agent3,1.0,1.0,0.0,injected_unvalidated
retrieval,30,2,receiver_1,dbproc-01870edcc464-agent2,1.0,1.0,0.0,injected_unvalidated
retrieval,30,2,receiver_1,dbproc-01870edcc464-agent3,1.0,1.0,0.0,injected_unvalidated
retrieval,30,2,receiver_1,dbproc-01870edcc464-agent4,1.0,1.0,0.0,injected_unvalidated
retrieval,30,2,receiver_2,dbproc-01870edcc464-agent2,1.0,1.0,0.0,injected_unvalidated
retrieval,30,2,receiver_2,dbproc-01870edcc464-agent3,1.0,1.0,0.0,injected_unvalidated
retrieval,30,2,receiver_2,dbproc-01870edcc464-agent4,1.0,1.0,0.0,injected_unvalidated
retrieval,30,2,receiver_3,dbproc-01870edcc464-agent2,1.0,1.0,0.0,injected_unvalidated
retrieval,30,2,receiver_3,dbproc-01870edcc464-agent3,1.0,1.0,0.0,injected_unvalidated
retrieval,30,2,receiver_3,dbproc-01870edcc464-agent4,1.0,1.0,0.0,injected_unvalidated
full_memory,31,1,receiver_1,dbproc-06c28b92d681-agent1,0.0,0.0,0.0,injected_unvalidated
full_memory,31,1,receiver_1,dbproc-01870edcc464-agent1,0.0,0.0,0.0,injected_unvalidated
full_memory,31,1,receiver_1,dbproc-01870edcc464-agent2,0.0,0.0,0.0,injected_unvalidated
full_memory,31,1,receiver_1,dbproc-01870edcc464-agent3,0.0,0.0,0.0,injected_unvalidated
full_memory,31,1,receiver_1,dbproc-01870edcc464-agent5,0.0,0.0,0.0,injected_unvalidated
full_memory,31,1,receiver_2,dbproc-06c28b92d681-agent1,1.0,0.0,1.0,validated
full_memory,31,1,receiver_2,dbproc-01870edcc464-agent1,0.0,0.0,0.0,injected_unvalidated
full_memory,31,1,receiver_2,dbproc-01870edcc464-agent2,0.0,1.0,-1.0,injected_unvalidated
full_memory,31,1,receiver_2,dbproc-01870edcc464-agent3,1.0,0.0,1.0,validated
full_memory,31,1,receiver_2,dbproc-01870edcc464-agent5,0.0,0.0,0.0,injected_unvalidated
full_memory,31,1,receiver_3,dbproc-06c28b92d681-agent1,0.0,0.0,0.0,injected_unvalidated
full_memory,31,1,receiver_3,dbproc-01870edcc464-agent1,0.0,0.0,0.0,injected_unvalidated
full_memory,31,1,receiver_3,dbproc-01870edcc464-agent2,0.0,0.0,0.0,injected_unvalidated
full_memory,31,1,receiver_3,dbproc-01870edcc464-agent3,0.0,0.0,0.0,injected_unvalidated
full_memory,31,1,receiver_3,dbproc-01870edcc464-agent5,1.0,0.0,1.0,validated
retrieval,31,1,receiver_1,dbproc-01870edcc464-agent1,0.0,0.0,0.0,injected_unvalidated
retrieval,31,1,receiver_1,dbproc-01870edcc464-agent2,0.0,0.0,0.0,injected_unvalidated
retrieval,31,1,receiver_1,dbproc-01870edcc464-agent3,0.0,0.0,0.0,injected_unvalidated
retrieval,31,1,receiver_2,dbproc-01870edcc464-agent1,0.0,0.0,0.0,injected_unvalidated
retrieval,31,1,receiver_2,dbproc-01870edcc464-agent2,0.0,1.0,-1.0,injected_unvalidated
retrieval,31,1,receiver_2,dbproc-01870edcc464-agent3,1.0,0.0,1.0,validated
retrieval,31,1,receiver_3,dbproc-01870edcc464-agent1,0.0,0.0,0.0,injected_unvalidated
retrieval,31,1,receiver_3,dbproc-01870edcc464-agent2,0.0,0.0,0.0,injected_unvalidated
retrieval,31,1,receiver_3,dbproc-01870edcc464-agent3,0.0,0.0,0.0,injected_unvalidated
smtr_uniform,31,1,receiver_1,dbproc-06c28b92d681-agent1,0.0,0.0,0.0,injected_unvalidated
smtr_uniform,31,1,receiver_1,dbproc-01870edcc464-agent5,0.0,0.0,0.0,injected_unvalidated
smtr_uniform,31,1,receiver_1,dbproc-01870edcc464-agent3,0.0,0.0,0.0,injected_unvalidated
smtr_uniform,31,1,receiver_2,dbproc-06c28b92d681-agent1,1.0,0.0,1.0,validated
smtr_uniform,31,1,receiver_2,dbproc-01870edcc464-agent5,0.0,0.0,0.0,injected_unvalidated
smtr_uniform,31,1,receiver_2,dbproc-01870edcc464-agent3,1.0,0.0,1.0,validated
smtr_uniform,31,1,receiver_3,dbproc-06c28b92d681-agent1,0.0,0.0,0.0,injected_unvalidated
smtr_uniform,31,1,receiver_3,dbproc-01870edcc464-agent5,1.0,0.0,1.0,validated
smtr_uniform,31,1,receiver_3,dbproc-01870edcc464-agent3,0.0,0.0,0.0,injected_unvalidated
smtr_receiver,31,1,receiver_2,dbproc-06c28b92d681-agent1,1.0,0.0,1.0,validated
smtr_receiver,31,1,receiver_2,dbproc-01870edcc464-agent3,1.0,0.0,1.0,validated
smtr_receiver,31,1,receiver_3,dbproc-01870edcc464-agent5,1.0,0.0,1.0,validated
full_memory,31,2,receiver_1,dbproc-06c28b92d681-agent1,1.0,1.0,0.0,injected_unvalidated
full_memory,31,2,receiver_1,dbproc-01870edcc464-agent1,1.0,1.0,0.0,injected_unvalidated
full_memory,31,2,receiver_1,dbproc-01870edcc464-agent2,0.0,1.0,-1.0,injected_unvalidated
full_memory,31,2,receiver_2,dbproc-06c28b92d681-agent1,1.0,1.0,0.0,injected_unvalidated
full_memory,31,2,receiver_2,dbproc-01870edcc464-agent1,1.0,1.0,0.0,injected_unvalidated
full_memory,31,2,receiver_2,dbproc-01870edcc464-agent2,0.0,1.0,-1.0,injected_unvalidated
full_memory,31,2,receiver_3,dbproc-06c28b92d681-agent1,1.0,1.0,0.0,injected_unvalidated
full_memory,31,2,receiver_3,dbproc-01870edcc464-agent1,1.0,1.0,0.0,injected_unvalidated
full_memory,31,2,receiver_3,dbproc-01870edcc464-agent2,0.0,1.0,-1.0,injected_unvalidated
retrieval,31,2,receiver_1,dbproc-01870edcc464-agent1,1.0,1.0,0.0,injected_unvalidated
retrieval,31,2,receiver_1,dbproc-01870edcc464-agent2,0.0,1.0,-1.0,injected_unvalidated
retrieval,31,2,receiver_1,dbproc-06c28b92d681-agent1,1.0,1.0,0.0,injected_unvalidated
retrieval,31,2,receiver_2,dbproc-01870edcc464-agent1,1.0,1.0,0.0,injected_unvalidated
retrieval,31,2,receiver_2,dbproc-01870edcc464-agent2,0.0,1.0,-1.0,injected_unvalidated
retrieval,31,2,receiver_2,dbproc-06c28b92d681-agent1,1.0,1.0,0.0,injected_unvalidated
retrieval,31,2,receiver_3,dbproc-01870edcc464-agent1,1.0,1.0,0.0,injected_unvalidated
retrieval,31,2,receiver_3,dbproc-01870edcc464-agent2,0.0,1.0,-1.0,injected_unvalidated
retrieval,31,2,receiver_3,dbproc-06c28b92d681-agent1,1.0,1.0,0.0,injected_unvalidated
full_memory,32,0,receiver_1,dbproc-01870edcc464-agent2,0.0,1.0,-1.0,injected_unvalidated
full_memory,32,0,receiver_1,dbproc-06c28b92d681-agent1,0.0,1.0,-1.0,injected_unvalidated
full_memory,32,0,receiver_1,dbproc-01870edcc464-agent4,0.0,1.0,-1.0,injected_unvalidated
full_memory,32,0,receiver_1,dbproc-01870edcc464-agent5,0.0,1.0,-1.0,injected_unvalidated
full_memory,32,0,receiver_2,dbproc-01870edcc464-agent2,0.0,1.0,-1.0,injected_unvalidated
full_memory,32,0,receiver_2,dbproc-06c28b92d681-agent1,1.0,1.0,0.0,injected_unvalidated
full_memory,32,0,receiver_2,dbproc-01870edcc464-agent4,0.0,1.0,-1.0,injected_unvalidated
full_memory,32,0,receiver_2,dbproc-01870edcc464-agent5,0.0,1.0,-1.0,injected_unvalidated
full_memory,32,0,receiver_3,dbproc-01870edcc464-agent2,1.0,1.0,0.0,injected_unvalidated
full_memory,32,0,receiver_3,dbproc-06c28b92d681-agent1,0.0,1.0,-1.0,injected_unvalidated
full_memory,32,0,receiver_3,dbproc-01870edcc464-agent4,0.0,1.0,-1.0,injected_unvalidated
full_memory,32,0,receiver_3,dbproc-01870edcc464-agent5,0.0,1.0,-1.0,injected_unvalidated
retrieval,32,0,receiver_1,dbproc-01870edcc464-agent2,0.0,1.0,-1.0,injected_unvalidated
retrieval,32,0,receiver_1,dbproc-01870edcc464-agent4,0.0,1.0,-1.0,injected_unvalidated
retrieval,32,0,receiver_1,dbproc-01870edcc464-agent5,0.0,1.0,-1.0,injected_unvalidated
retrieval,32,0,receiver_2,dbproc-01870edcc464-agent2,0.0,1.0,-1.0,injected_unvalidated
retrieval,32,0,receiver_2,dbproc-01870edcc464-agent4,0.0,1.0,-1.0,injected_unvalidated
retrieval,32,0,receiver_2,dbproc-01870edcc464-agent5,0.0,1.0,-1.0,injected_unvalidated
retrieval,32,0,receiver_3,dbproc-01870edcc464-agent2,1.0,1.0,0.0,injected_unvalidated
retrieval,32,0,receiver_3,dbproc-01870edcc464-agent4,0.0,1.0,-1.0,injected_unvalidated
retrieval,32,0,receiver_3,dbproc-01870edcc464-agent5,0.0,1.0,-1.0,injected_unvalidated
full_memory,32,1,receiver_1,dbproc-01870edcc464-agent1,0.0,0.0,0.0,injected_unvalidated
full_memory,32,1,receiver_1,dbproc-01870edcc464-agent3,1.0,0.0,1.0,validated
full_memory,32,1,receiver_1,dbproc-06c28b92d681-agent1,0.0,0.0,0.0,injected_unvalidated
full_memory,32,1,receiver_1,dbproc-01870edcc464-agent4,0.0,0.0,0.0,injected_unvalidated
full_memory,32,1,receiver_1,dbproc-01870edcc464-agent5,1.0,0.0,1.0,validated
full_memory,32,1,receiver_2,dbproc-01870edcc464-agent1,0.0,0.0,0.0,injected_unvalidated
full_memory,32,1,receiver_2,dbproc-01870edcc464-agent3,1.0,0.0,1.0,validated
full_memory,32,1,receiver_2,dbproc-06c28b92d681-agent1,1.0,0.0,1.0,validated
full_memory,32,1,receiver_2,dbproc-01870edcc464-agent4,0.0,0.0,0.0,injected_unvalidated
full_memory,32,1,receiver_2,dbproc-01870edcc464-agent5,1.0,0.0,1.0,validated
full_memory,32,1,receiver_3,dbproc-01870edcc464-agent1,0.0,0.0,0.0,injected_unvalidated
full_memory,32,1,receiver_3,dbproc-01870edcc464-agent3,1.0,0.0,1.0,validated
full_memory,32,1,receiver_3,dbproc-06c28b92d681-agent1,0.0,0.0,0.0,injected_unvalidated
full_memory,32,1,receiver_3,dbproc-01870edcc464-agent4,0.0,0.0,0.0,injected_unvalidated
full_memory,32,1,receiver_3,dbproc-01870edcc464-agent5,1.0,0.0,1.0,validated
retrieval,32,1,receiver_1,dbproc-01870edcc464-agent1,0.0,0.0,0.0,injected_unvalidated
retrieval,32,1,receiver_1,dbproc-01870edcc464-agent3,1.0,0.0,1.0,validated
retrieval,32,1,receiver_1,dbproc-01870edcc464-agent4,0.0,0.0,0.0,injected_unvalidated
retrieval,32,1,receiver_2,dbproc-01870edcc464-agent1,0.0,0.0,0.0,injected_unvalidated
retrieval,32,1,receiver_2,dbproc-01870edcc464-agent3,1.0,0.0,1.0,validated
retrieval,32,1,receiver_2,dbproc-01870edcc464-agent4,0.0,0.0,0.0,injected_unvalidated
retrieval,32,1,receiver_3,dbproc-01870edcc464-agent1,0.0,0.0,0.0,injected_unvalidated
retrieval,32,1,receiver_3,dbproc-01870edcc464-agent3,1.0,0.0,1.0,validated
retrieval,32,1,receiver_3,dbproc-01870edcc464-agent4,0.0,0.0,0.0,injected_unvalidated
smtr_uniform,32,1,receiver_1,dbproc-01870edcc464-agent5,1.0,0.0,1.0,validated
smtr_uniform,32,1,receiver_1,dbproc-01870edcc464-agent3,1.0,0.0,1.0,validated
smtr_uniform,32,1,receiver_1,dbproc-06c28b92d681-agent1,0.0,0.0,0.0,injected_unvalidated
smtr_uniform,32,1,receiver_2,dbproc-01870edcc464-agent5,1.0,0.0,1.0,validated
smtr_uniform,32,1,receiver_2,dbproc-01870edcc464-agent3,1.0,0.0,1.0,validated
smtr_uniform,32,1,receiver_2,dbproc-06c28b92d681-agent1,1.0,0.0,1.0,validated
smtr_uniform,32,1,receiver_3,dbproc-01870edcc464-agent5,1.0,0.0,1.0,validated
smtr_uniform,32,1,receiver_3,dbproc-01870edcc464-agent3,1.0,0.0,1.0,validated
smtr_uniform,32,1,receiver_3,dbproc-06c28b92d681-agent1,0.0,0.0,0.0,injected_unvalidated
smtr_receiver,32,1,receiver_1,dbproc-01870edcc464-agent5,1.0,0.0,1.0,validated
smtr_receiver,32,1,receiver_1,dbproc-01870edcc464-agent3,1.0,0.0,1.0,validated
smtr_receiver,32,1,receiver_2,dbproc-06c28b92d681-agent1,1.0,0.0,1.0,validated
smtr_receiver,32,1,receiver_2,dbproc-01870edcc464-agent5,1.0,0.0,1.0,validated
smtr_receiver,32,1,receiver_2,dbproc-01870edcc464-agent3,1.0,0.0,1.0,validated
smtr_receiver,32,1,receiver_3,dbproc-01870edcc464-agent5,1.0,0.0,1.0,validated
smtr_receiver,32,1,receiver_3,dbproc-01870edcc464-agent3,1.0,0.0,1.0,validated
full_memory,33,1,receiver_1,dbproc-01870edcc464-agent5,0.0,0.0,0.0,injected_unvalidated
full_memory,33,1,receiver_1,dbproc-01870edcc464-agent4,1.0,0.0,1.0,validated
full_memory,33,1,receiver_1,dbproc-01870edcc464-agent2,1.0,0.0,1.0,validated
full_memory,33,1,receiver_1,dbproc-06c28b92d681-agent1,0.0,0.0,0.0,injected_unvalidated
full_memory,33,1,receiver_1,dbproc-01870edcc464-agent3,0.0,0.0,0.0,injected_unvalidated
full_memory,33,1,receiver_2,dbproc-01870edcc464-agent5,0.0,0.0,0.0,injected_unvalidated
full_memory,33,1,receiver_2,dbproc-01870edcc464-agent4,1.0,0.0,1.0,validated
full_memory,33,1,receiver_2,dbproc-01870edcc464-agent2,0.0,0.0,0.0,injected_unvalidated
full_memory,33,1,receiver_2,dbproc-06c28b92d681-agent1,0.0,0.0,0.0,injected_unvalidated
full_memory,33,1,receiver_2,dbproc-01870edcc464-agent3,0.0,0.0,0.0,injected_unvalidated
full_memory,33,1,receiver_3,dbproc-01870edcc464-agent5,0.0,0.0,0.0,injected_unvalidated
full_memory,33,1,receiver_3,dbproc-01870edcc464-agent4,0.0,0.0,0.0,injected_unvalidated
full_memory,33,1,receiver_3,dbproc-01870edcc464-agent2,1.0,0.0,1.0,validated
full_memory,33,1,receiver_3,dbproc-06c28b92d681-agent1,0.0,0.0,0.0,injected_unvalidated
full_memory,33,1,receiver_3,dbproc-01870edcc464-agent3,0.0,0.0,0.0,injected_unvalidated
retrieval,33,1,receiver_1,dbproc-01870edcc464-agent2,1.0,0.0,1.0,validated
retrieval,33,1,receiver_1,dbproc-01870edcc464-agent3,0.0,0.0,0.0,injected_unvalidated
retrieval,33,1,receiver_1,dbproc-01870edcc464-agent4,1.0,0.0,1.0,validated
retrieval,33,1,receiver_2,dbproc-01870edcc464-agent2,0.0,0.0,0.0,injected_unvalidated
retrieval,33,1,receiver_2,dbproc-01870edcc464-agent3,0.0,0.0,0.0,injected_unvalidated
retrieval,33,1,receiver_2,dbproc-01870edcc464-agent4,1.0,0.0,1.0,validated
retrieval,33,1,receiver_3,dbproc-01870edcc464-agent2,1.0,0.0,1.0,validated
retrieval,33,1,receiver_3,dbproc-01870edcc464-agent3,0.0,0.0,0.0,injected_unvalidated
retrieval,33,1,receiver_3,dbproc-01870edcc464-agent4,0.0,0.0,0.0,injected_unvalidated
smtr_uniform,33,1,receiver_1,dbproc-01870edcc464-agent4,1.0,0.0,1.0,validated
smtr_uniform,33,1,receiver_1,dbproc-01870edcc464-agent2,1.0,0.0,1.0,validated
smtr_uniform,33,1,receiver_2,dbproc-01870edcc464-agent4,1.0,0.0,1.0,validated
smtr_uniform,33,1,receiver_2,dbproc-01870edcc464-agent2,0.0,0.0,0.0,injected_unvalidated
smtr_uniform,33,1,receiver_3,dbproc-01870edcc464-agent4,0.0,0.0,0.0,injected_unvalidated
smtr_uniform,33,1,receiver_3,dbproc-01870edcc464-agent2,1.0,0.0,1.0,validated
smtr_receiver,33,1,receiver_1,dbproc-01870edcc464-agent4,1.0,0.0,1.0,validated
smtr_receiver,33,1,receiver_1,dbproc-01870edcc464-agent2,1.0,0.0,1.0,validated
smtr_receiver,33,1,receiver_2,dbproc-01870edcc464-agent4,1.0,0.0,1.0,validated
smtr_receiver,33,1,receiver_3,dbproc-01870edcc464-agent2,1.0,0.0,1.0,validated
full_memory,33,2,receiver_1,dbproc-01870edcc464-agent1,0.0,0.0,0.0,injected_unvalidated
full_memory,33,2,receiver_1,dbproc-01870edcc464-agent5,0.0,0.0,0.0,injected_unvalidated
full_memory,33,2,receiver_1,dbproc-01870edcc464-agent4,0.0,0.0,0.0,injected_unvalidated
full_memory,33,2,receiver_1,dbproc-01870edcc464-agent2,0.0,0.0,0.0,injected_unvalidated
full_memory,33,2,receiver_1,dbproc-06c28b92d681-agent1,0.0,0.0,0.0,injected_unvalidated
full_memory,33,2,receiver_1,dbproc-01870edcc464-agent3,0.0,0.0,0.0,injected_unvalidated
full_memory,33,2,receiver_2,dbproc-01870edcc464-agent1,0.0,0.0,0.0,injected_unvalidated
full_memory,33,2,receiver_2,dbproc-01870edcc464-agent5,0.0,0.0,0.0,injected_unvalidated
full_memory,33,2,receiver_2,dbproc-01870edcc464-agent4,0.0,0.0,0.0,injected_unvalidated
full_memory,33,2,receiver_2,dbproc-01870edcc464-agent2,1.0,0.0,1.0,validated
full_memory,33,2,receiver_2,dbproc-06c28b92d681-agent1,0.0,0.0,0.0,injected_unvalidated
full_memory,33,2,receiver_2,dbproc-01870edcc464-agent3,0.0,0.0,0.0,injected_unvalidated
full_memory,33,2,receiver_3,dbproc-01870edcc464-agent1,0.0,0.0,0.0,injected_unvalidated
full_memory,33,2,receiver_3,dbproc-01870edcc464-agent5,0.0,0.0,0.0,injected_unvalidated
full_memory,33,2,receiver_3,dbproc-01870edcc464-agent4,0.0,0.0,0.0,injected_unvalidated
full_memory,33,2,receiver_3,dbproc-01870edcc464-agent2,0.0,1.0,-1.0,injected_unvalidated
full_memory,33,2,receiver_3,dbproc-06c28b92d681-agent1,0.0,0.0,0.0,injected_unvalidated
full_memory,33,2,receiver_3,dbproc-01870edcc464-agent3,0.0,0.0,0.0,injected_unvalidated
retrieval,33,2,receiver_1,dbproc-01870edcc464-agent1,0.0,0.0,0.0,injected_unvalidated
retrieval,33,2,receiver_1,dbproc-01870edcc464-agent2,0.0,0.0,0.0,injected_unvalidated
retrieval,33,2,receiver_1,dbproc-01870edcc464-agent3,0.0,0.0,0.0,injected_unvalidated
retrieval,33,2,receiver_2,dbproc-01870edcc464-agent1,0.0,0.0,0.0,injected_unvalidated
retrieval,33,2,receiver_2,dbproc-01870edcc464-agent2,1.0,0.0,1.0,validated
retrieval,33,2,receiver_2,dbproc-01870edcc464-agent3,0.0,0.0,0.0,injected_unvalidated
retrieval,33,2,receiver_3,dbproc-01870edcc464-agent1,0.0,0.0,0.0,injected_unvalidated
retrieval,33,2,receiver_3,dbproc-01870edcc464-agent2,0.0,1.0,-1.0,injected_unvalidated
retrieval,33,2,receiver_3,dbproc-01870edcc464-agent3,0.0,0.0,0.0,injected_unvalidated
smtr_receiver,33,2,receiver_2,dbproc-01870edcc464-agent2,1.0,0.0,1.0,validated
full_memory,34,0,receiver_1,dbproc-01870edcc464-agent1,0.0,0.0,0.0,injected_unvalidated
full_memory,34,0,receiver_1,dbproc-01870edcc464-agent2,0.0,0.0,0.0,injected_unvalidated
full_memory,34,0,receiver_1,dbproc-06c28b92d681-agent1,0.0,0.0,0.0,injected_unvalidated
full_memory,34,0,receiver_1,dbproc-01870edcc464-agent3,0.0,0.0,0.0,injected_unvalidated
full_memory,34,0,receiver_1,dbproc-01870edcc464-agent4,0.0,0.0,0.0,injected_unvalidated
full_memory,34,0,receiver_2,dbproc-01870edcc464-agent1,0.0,0.0,0.0,injected_unvalidated
full_memory,34,0,receiver_2,dbproc-01870edcc464-agent2,1.0,0.0,1.0,validated
full_memory,34,0,receiver_2,dbproc-06c28b92d681-agent1,0.0,0.0,0.0,injected_unvalidated
full_memory,34,0,receiver_2,dbproc-01870edcc464-agent3,0.0,0.0,0.0,injected_unvalidated
full_memory,34,0,receiver_2,dbproc-01870edcc464-agent4,0.0,0.0,0.0,injected_unvalidated
full_memory,34,0,receiver_3,dbproc-01870edcc464-agent1,1.0,0.0,1.0,validated
full_memory,34,0,receiver_3,dbproc-01870edcc464-agent2,0.0,0.0,0.0,injected_unvalidated
full_memory,34,0,receiver_3,dbproc-06c28b92d681-agent1,0.0,0.0,0.0,injected_unvalidated
full_memory,34,0,receiver_3,dbproc-01870edcc464-agent3,0.0,0.0,0.0,injected_unvalidated
full_memory,34,0,receiver_3,dbproc-01870edcc464-agent4,0.0,1.0,-1.0,injected_unvalidated
retrieval,34,0,receiver_1,dbproc-01870edcc464-agent1,0.0,0.0,0.0,injected_unvalidated
retrieval,34,0,receiver_1,dbproc-01870edcc464-agent2,0.0,0.0,0.0,injected_unvalidated
retrieval,34,0,receiver_1,dbproc-01870edcc464-agent3,0.0,0.0,0.0,injected_unvalidated
retrieval,34,0,receiver_2,dbproc-01870edcc464-agent1,0.0,0.0,0.0,injected_unvalidated
retrieval,34,0,receiver_2,dbproc-01870edcc464-agent2,1.0,0.0,1.0,validated
retrieval,34,0,receiver_2,dbproc-01870edcc464-agent3,0.0,0.0,0.0,injected_unvalidated
retrieval,34,0,receiver_3,dbproc-01870edcc464-agent1,1.0,0.0,1.0,validated
retrieval,34,0,receiver_3,dbproc-01870edcc464-agent2,0.0,0.0,0.0,injected_unvalidated
retrieval,34,0,receiver_3,dbproc-01870edcc464-agent3,0.0,0.0,0.0,injected_unvalidated
smtr_uniform,34,0,receiver_1,dbproc-01870edcc464-agent2,0.0,0.0,0.0,injected_unvalidated
smtr_uniform,34,0,receiver_1,dbproc-01870edcc464-agent1,0.0,0.0,0.0,injected_unvalidated
smtr_uniform,34,0,receiver_2,dbproc-01870edcc464-agent2,1.0,0.0,1.0,validated
smtr_uniform,34,0,receiver_2,dbproc-01870edcc464-agent1,0.0,0.0,0.0,injected_unvalidated
smtr_uniform,34,0,receiver_3,dbproc-01870edcc464-agent2,0.0,0.0,0.0,injected_unvalidated
smtr_uniform,34,0,receiver_3,dbproc-01870edcc464-agent1,1.0,0.0,1.0,validated
smtr_receiver,34,0,receiver_2,dbproc-01870edcc464-agent2,1.0,0.0,1.0,validated
smtr_receiver,34,0,receiver_3,dbproc-01870edcc464-agent1,1.0,0.0,1.0,validated
full_memory,34,1,receiver_1,dbproc-01870edcc464-agent1,0.0,0.0,0.0,injected_unvalidated
full_memory,34,1,receiver_1,dbproc-01870edcc464-agent2,0.0,0.0,0.0,injected_unvalidated
full_memory,34,1,receiver_1,dbproc-01870edcc464-agent5,0.0,0.0,0.0,injected_unvalidated
full_memory,34,1,receiver_1,dbproc-06c28b92d681-agent1,1.0,0.0,1.0,validated
full_memory,34,1,receiver_1,dbproc-01870edcc464-agent3,0.0,0.0,0.0,injected_unvalidated
full_memory,34,1,receiver_1,dbproc-01870edcc464-agent4,1.0,0.0,1.0,validated
full_memory,34,1,receiver_2,dbproc-01870edcc464-agent1,0.0,0.0,0.0,injected_unvalidated
full_memory,34,1,receiver_2,dbproc-01870edcc464-agent2,1.0,0.0,1.0,validated
full_memory,34,1,receiver_2,dbproc-01870edcc464-agent5,0.0,0.0,0.0,injected_unvalidated
full_memory,34,1,receiver_2,dbproc-06c28b92d681-agent1,1.0,0.0,1.0,validated
full_memory,34,1,receiver_2,dbproc-01870edcc464-agent3,0.0,0.0,0.0,injected_unvalidated
full_memory,34,1,receiver_2,dbproc-01870edcc464-agent4,1.0,0.0,1.0,validated
full_memory,34,1,receiver_3,dbproc-01870edcc464-agent1,1.0,0.0,1.0,validated
full_memory,34,1,receiver_3,dbproc-01870edcc464-agent2,0.0,0.0,0.0,injected_unvalidated
full_memory,34,1,receiver_3,dbproc-01870edcc464-agent5,0.0,0.0,0.0,injected_unvalidated
full_memory,34,1,receiver_3,dbproc-06c28b92d681-agent1,0.0,0.0,0.0,injected_unvalidated
full_memory,34,1,receiver_3,dbproc-01870edcc464-agent3,0.0,0.0,0.0,injected_unvalidated
full_memory,34,1,receiver_3,dbproc-01870edcc464-agent4,1.0,0.0,1.0,validated
retrieval,34,1,receiver_1,dbproc-01870edcc464-agent1,0.0,0.0,0.0,injected_unvalidated
retrieval,34,1,receiver_1,dbproc-01870edcc464-agent2,0.0,0.0,0.0,injected_unvalidated
retrieval,34,1,receiver_1,dbproc-01870edcc464-agent3,0.0,0.0,0.0,injected_unvalidated
retrieval,34,1,receiver_2,dbproc-01870edcc464-agent1,0.0,0.0,0.0,injected_unvalidated
retrieval,34,1,receiver_2,dbproc-01870edcc464-agent2,1.0,0.0,1.0,validated
retrieval,34,1,receiver_2,dbproc-01870edcc464-agent3,0.0,0.0,0.0,injected_unvalidated
retrieval,34,1,receiver_3,dbproc-01870edcc464-agent1,1.0,0.0,1.0,validated
retrieval,34,1,receiver_3,dbproc-01870edcc464-agent2,0.0,0.0,0.0,injected_unvalidated
retrieval,34,1,receiver_3,dbproc-01870edcc464-agent3,0.0,0.0,0.0,injected_unvalidated
smtr_uniform,34,1,receiver_1,dbproc-01870edcc464-agent4,1.0,0.0,1.0,validated
smtr_uniform,34,1,receiver_1,dbproc-06c28b92d681-agent1,1.0,0.0,1.0,validated
smtr_uniform,34,1,receiver_1,dbproc-01870edcc464-agent2,0.0,0.0,0.0,injected_unvalidated
smtr_uniform,34,1,receiver_2,dbproc-01870edcc464-agent4,1.0,0.0,1.0,validated
smtr_uniform,34,1,receiver_2,dbproc-06c28b92d681-agent1,1.0,0.0,1.0,validated
smtr_uniform,34,1,receiver_2,dbproc-01870edcc464-agent2,1.0,0.0,1.0,validated
smtr_uniform,34,1,receiver_3,dbproc-01870edcc464-agent4,1.0,0.0,1.0,validated
smtr_uniform,34,1,receiver_3,dbproc-06c28b92d681-agent1,0.0,0.0,0.0,injected_unvalidated
smtr_uniform,34,1,receiver_3,dbproc-01870edcc464-agent2,0.0,0.0,0.0,injected_unvalidated
smtr_receiver,34,1,receiver_1,dbproc-06c28b92d681-agent1,1.0,0.0,1.0,validated
smtr_receiver,34,1,receiver_1,dbproc-01870edcc464-agent4,1.0,0.0,1.0,validated
smtr_receiver,34,1,receiver_2,dbproc-06c28b92d681-agent1,1.0,0.0,1.0,validated
smtr_receiver,34,1,receiver_2,dbproc-01870edcc464-agent4,1.0,0.0,1.0,validated
smtr_receiver,34,1,receiver_2,dbproc-01870edcc464-agent2,1.0,0.0,1.0,validated
smtr_receiver,34,1,receiver_3,dbproc-01870edcc464-agent4,1.0,0.0,1.0,validated
smtr_receiver,34,1,receiver_3,dbproc-01870edcc464-agent1,1.0,0.0,1.0,validated
full_memory,34,2,receiver_1,dbproc-01870edcc464-agent1,0.0,0.0,0.0,injected_unvalidated
full_memory,34,2,receiver_1,dbproc-01870edcc464-agent2,1.0,0.0,1.0,validated
full_memory,34,2,receiver_1,dbproc-06c28b92d681-agent1,0.0,0.0,0.0,injected_unvalidated
full_memory,34,2,receiver_1,dbproc-01870edcc464-agent3,1.0,0.0,1.0,validated
full_memory,34,2,receiver_1,dbproc-01870edcc464-agent4,0.0,0.0,0.0,injected_unvalidated
full_memory,34,2,receiver_2,dbproc-01870edcc464-agent1,0.0,0.0,0.0,injected_unvalidated
full_memory,34,2,receiver_2,dbproc-01870edcc464-agent2,0.0,0.0,0.0,injected_unvalidated
full_memory,34,2,receiver_2,dbproc-06c28b92d681-agent1,0.0,0.0,0.0,injected_unvalidated
full_memory,34,2,receiver_2,dbproc-01870edcc464-agent3,1.0,0.0,1.0,validated
full_memory,34,2,receiver_2,dbproc-01870edcc464-agent4,0.0,0.0,0.0,injected_unvalidated
full_memory,34,2,receiver_3,dbproc-01870edcc464-agent1,1.0,0.0,1.0,validated
full_memory,34,2,receiver_3,dbproc-01870edcc464-agent2,1.0,0.0,1.0,validated
full_memory,34,2,receiver_3,dbproc-06c28b92d681-agent1,0.0,0.0,0.0,injected_unvalidated
full_memory,34,2,receiver_3,dbproc-01870edcc464-agent3,0.0,0.0,0.0,injected_unvalidated
full_memory,34,2,receiver_3,dbproc-01870edcc464-agent4,0.0,1.0,-1.0,injected_unvalidated
retrieval,34,2,receiver_1,dbproc-01870edcc464-agent1,0.0,0.0,0.0,injected_unvalidated
retrieval,34,2,receiver_1,dbproc-01870edcc464-agent2,1.0,0.0,1.0,validated
retrieval,34,2,receiver_1,dbproc-01870edcc464-agent3,1.0,0.0,1.0,validated
retrieval,34,2,receiver_2,dbproc-01870edcc464-agent1,0.0,0.0,0.0,injected_unvalidated
retrieval,34,2,receiver_2,dbproc-01870edcc464-agent2,0.0,0.0,0.0,injected_unvalidated
retrieval,34,2,receiver_2,dbproc-01870edcc464-agent3,1.0,0.0,1.0,validated
retrieval,34,2,receiver_3,dbproc-01870edcc464-agent1,1.0,0.0,1.0,validated
retrieval,34,2,receiver_3,dbproc-01870edcc464-agent2,1.0,0.0,1.0,validated
retrieval,34,2,receiver_3,dbproc-01870edcc464-agent3,0.0,0.0,0.0,injected_unvalidated
smtr_uniform,34,2,receiver_1,dbproc-01870edcc464-agent3,1.0,0.0,1.0,validated
smtr_uniform,34,2,receiver_1,dbproc-01870edcc464-agent2,1.0,0.0,1.0,validated
smtr_uniform,34,2,receiver_1,dbproc-01870edcc464-agent1,0.0,0.0,0.0,injected_unvalidated
smtr_uniform,34,2,receiver_2,dbproc-01870edcc464-agent3,1.0,0.0,1.0,validated
smtr_uniform,34,2,receiver_2,dbproc-01870edcc464-agent2,0.0,0.0,0.0,injected_unvalidated
smtr_uniform,34,2,receiver_2,dbproc-01870edcc464-agent1,0.0,0.0,0.0,injected_unvalidated
smtr_uniform,34,2,receiver_3,dbproc-01870edcc464-agent3,0.0,0.0,0.0,injected_unvalidated
smtr_uniform,34,2,receiver_3,dbproc-01870edcc464-agent2,1.0,0.0,1.0,validated
smtr_uniform,34,2,receiver_3,dbproc-01870edcc464-agent1,1.0,0.0,1.0,validated
smtr_receiver,34,2,receiver_1,dbproc-01870edcc464-agent3,1.0,0.0,1.0,validated
smtr_receiver,34,2,receiver_1,dbproc-01870edcc464-agent2,1.0,0.0,1.0,validated
smtr_receiver,34,2,receiver_2,dbproc-01870edcc464-agent3,1.0,0.0,1.0,validated
smtr_receiver,34,2,receiver_3,dbproc-01870edcc464-agent2,1.0,0.0,1.0,validated
smtr_receiver,34,2,receiver_3,dbproc-01870edcc464-agent1,1.0,0.0,1.0,validated
full_memory,36,0,receiver_1,dbproc-01870edcc464-agent3,1.0,1.0,0.0,injected_unvalidated
full_memory,36,0,receiver_1,dbproc-01870edcc464-agent2,1.0,1.0,0.0,injected_unvalidated
full_memory,36,0,receiver_1,dbproc-01870edcc464-agent1,1.0,1.0,0.0,injected_unvalidated
full_memory,36,0,receiver_1,dbproc-01870edcc464-agent4,1.0,1.0,0.0,injected_unvalidated
full_memory,36,0,receiver_1,dbproc-01870edcc464-agent5,1.0,1.0,0.0,injected_unvalidated
full_memory,36,0,receiver_2,dbproc-01870edcc464-agent3,1.0,1.0,0.0,injected_unvalidated
full_memory,36,0,receiver_2,dbproc-01870edcc464-agent2,1.0,1.0,0.0,injected_unvalidated
full_memory,36,0,receiver_2,dbproc-01870edcc464-agent1,1.0,1.0,0.0,injected_unvalidated
full_memory,36,0,receiver_2,dbproc-01870edcc464-agent4,0.0,1.0,-1.0,injected_unvalidated
full_memory,36,0,receiver_2,dbproc-01870edcc464-agent5,1.0,1.0,0.0,injected_unvalidated
full_memory,36,0,receiver_3,dbproc-01870edcc464-agent3,1.0,1.0,0.0,injected_unvalidated
full_memory,36,0,receiver_3,dbproc-01870edcc464-agent2,1.0,1.0,0.0,injected_unvalidated
full_memory,36,0,receiver_3,dbproc-01870edcc464-agent1,1.0,1.0,0.0,injected_unvalidated
full_memory,36,0,receiver_3,dbproc-01870edcc464-agent4,1.0,1.0,0.0,injected_unvalidated
full_memory,36,0,receiver_3,dbproc-01870edcc464-agent5,1.0,1.0,0.0,injected_unvalidated
retrieval,36,0,receiver_1,dbproc-01870edcc464-agent1,1.0,1.0,0.0,injected_unvalidated
retrieval,36,0,receiver_1,dbproc-01870edcc464-agent2,1.0,1.0,0.0,injected_unvalidated
retrieval,36,0,receiver_1,dbproc-01870edcc464-agent3,1.0,1.0,0.0,injected_unvalidated
retrieval,36,0,receiver_2,dbproc-01870edcc464-agent1,1.0,1.0,0.0,injected_unvalidated
retrieval,36,0,receiver_2,dbproc-01870edcc464-agent2,1.0,1.0,0.0,injected_unvalidated
retrieval,36,0,receiver_2,dbproc-01870edcc464-agent3,1.0,1.0,0.0,injected_unvalidated
retrieval,36,0,receiver_3,dbproc-01870edcc464-agent1,1.0,1.0,0.0,injected_unvalidated
retrieval,36,0,receiver_3,dbproc-01870edcc464-agent2,1.0,1.0,0.0,injected_unvalidated
retrieval,36,0,receiver_3,dbproc-01870edcc464-agent3,1.0,1.0,0.0,injected_unvalidated
full_memory,36,1,receiver_1,dbproc-01870edcc464-agent3,1.0,1.0,0.0,injected_unvalidated
full_memory,36,1,receiver_1,dbproc-01870edcc464-agent2,1.0,1.0,0.0,injected_unvalidated
full_memory,36,1,receiver_1,dbproc-01870edcc464-agent1,1.0,1.0,0.0,injected_unvalidated
full_memory,36,1,receiver_1,dbproc-01870edcc464-agent4,1.0,1.0,0.0,injected_unvalidated
full_memory,36,1,receiver_1,dbproc-01870edcc464-agent5,1.0,1.0,0.0,injected_unvalidated
full_memory,36,1,receiver_2,dbproc-01870edcc464-agent3,1.0,1.0,0.0,injected_unvalidated
full_memory,36,1,receiver_2,dbproc-01870edcc464-agent2,1.0,1.0,0.0,injected_unvalidated
full_memory,36,1,receiver_2,dbproc-01870edcc464-agent1,1.0,1.0,0.0,injected_unvalidated
full_memory,36,1,receiver_2,dbproc-01870edcc464-agent4,0.0,1.0,-1.0,injected_unvalidated
full_memory,36,1,receiver_2,dbproc-01870edcc464-agent5,1.0,1.0,0.0,injected_unvalidated
full_memory,36,1,receiver_3,dbproc-01870edcc464-agent3,1.0,1.0,0.0,injected_unvalidated
full_memory,36,1,receiver_3,dbproc-01870edcc464-agent2,1.0,1.0,0.0,injected_unvalidated
full_memory,36,1,receiver_3,dbproc-01870edcc464-agent1,1.0,1.0,0.0,injected_unvalidated
full_memory,36,1,receiver_3,dbproc-01870edcc464-agent4,1.0,1.0,0.0,injected_unvalidated
full_memory,36,1,receiver_3,dbproc-01870edcc464-agent5,1.0,1.0,0.0,injected_unvalidated
retrieval,36,1,receiver_1,dbproc-01870edcc464-agent1,1.0,1.0,0.0,injected_unvalidated
retrieval,36,1,receiver_1,dbproc-01870edcc464-agent2,1.0,1.0,0.0,injected_unvalidated
retrieval,36,1,receiver_1,dbproc-01870edcc464-agent3,1.0,1.0,0.0,injected_unvalidated
retrieval,36,1,receiver_2,dbproc-01870edcc464-agent1,1.0,1.0,0.0,injected_unvalidated
retrieval,36,1,receiver_2,dbproc-01870edcc464-agent2,1.0,1.0,0.0,injected_unvalidated
retrieval,36,1,receiver_2,dbproc-01870edcc464-agent3,1.0,1.0,0.0,injected_unvalidated
retrieval,36,1,receiver_3,dbproc-01870edcc464-agent1,1.0,1.0,0.0,injected_unvalidated
retrieval,36,1,receiver_3,dbproc-01870edcc464-agent2,1.0,1.0,0.0,injected_unvalidated
retrieval,36,1,receiver_3,dbproc-01870edcc464-agent3,1.0,1.0,0.0,injected_unvalidated
full_memory,36,2,receiver_1,dbproc-01870edcc464-agent2,1.0,1.0,0.0,injected_unvalidated
full_memory,36,2,receiver_1,dbproc-01870edcc464-agent4,1.0,1.0,0.0,injected_unvalidated
full_memory,36,2,receiver_1,dbproc-01870edcc464-agent5,1.0,1.0,0.0,injected_unvalidated
full_memory,36,2,receiver_2,dbproc-01870edcc464-agent2,1.0,1.0,0.0,injected_unvalidated
full_memory,36,2,receiver_2,dbproc-01870edcc464-agent4,0.0,1.0,-1.0,injected_unvalidated
full_memory,36,2,receiver_2,dbproc-01870edcc464-agent5,1.0,1.0,0.0,injected_unvalidated
full_memory,36,2,receiver_3,dbproc-01870edcc464-agent2,1.0,1.0,0.0,injected_unvalidated
full_memory,36,2,receiver_3,dbproc-01870edcc464-agent4,1.0,1.0,0.0,injected_unvalidated
full_memory,36,2,receiver_3,dbproc-01870edcc464-agent5,1.0,1.0,0.0,injected_unvalidated
retrieval,36,2,receiver_1,dbproc-01870edcc464-agent2,1.0,1.0,0.0,injected_unvalidated
retrieval,36,2,receiver_1,dbproc-01870edcc464-agent4,1.0,1.0,0.0,injected_unvalidated
retrieval,36,2,receiver_1,dbproc-01870edcc464-agent5,1.0,1.0,0.0,injected_unvalidated
retrieval,36,2,receiver_2,dbproc-01870edcc464-agent2,1.0,1.0,0.0,injected_unvalidated
retrieval,36,2,receiver_2,dbproc-01870edcc464-agent4,0.0,1.0,-1.0,injected_unvalidated
retrieval,36,2,receiver_2,dbproc-01870edcc464-agent5,1.0,1.0,0.0,injected_unvalidated
retrieval,36,2,receiver_3,dbproc-01870edcc464-agent2,1.0,1.0,0.0,injected_unvalidated
retrieval,36,2,receiver_3,dbproc-01870edcc464-agent4,1.0,1.0,0.0,injected_unvalidated
retrieval,36,2,receiver_3,dbproc-01870edcc464-agent5,1.0,1.0,0.0,injected_unvalidated
full_memory,37,0,receiver_1,dbproc-01870edcc464-agent2,1.0,1.0,0.0,injected_unvalidated
full_memory,37,0,receiver_1,dbproc-01870edcc464-agent1,1.0,1.0,0.0,injected_unvalidated
full_memory,37,0,receiver_1,dbproc-01870edcc464-agent5,1.0,1.0,0.0,injected_unvalidated
full_memory,37,0,receiver_1,dbproc-01870edcc464-agent3,0.0,1.0,-1.0,injected_unvalidated
full_memory,37,0,receiver_1,dbproc-01870edcc464-agent4,1.0,1.0,0.0,injected_unvalidated
full_memory,37,0,receiver_1,dbproc-06c28b92d681-agent1,1.0,1.0,0.0,injected_unvalidated
full_memory,37,0,receiver_2,dbproc-01870edcc464-agent2,1.0,1.0,0.0,injected_unvalidated
full_memory,37,0,receiver_2,dbproc-01870edcc464-agent1,1.0,1.0,0.0,injected_unvalidated
full_memory,37,0,receiver_2,dbproc-01870edcc464-agent5,1.0,1.0,0.0,injected_unvalidated
full_memory,37,0,receiver_2,dbproc-01870edcc464-agent3,0.0,1.0,-1.0,injected_unvalidated
full_memory,37,0,receiver_2,dbproc-01870edcc464-agent4,1.0,1.0,0.0,injected_unvalidated
full_memory,37,0,receiver_2,dbproc-06c28b92d681-agent1,1.0,1.0,0.0,injected_unvalidated
full_memory,37,0,receiver_3,dbproc-01870edcc464-agent2,1.0,1.0,0.0,injected_unvalidated
full_memory,37,0,receiver_3,dbproc-01870edcc464-agent1,1.0,1.0,0.0,injected_unvalidated
full_memory,37,0,receiver_3,dbproc-01870edcc464-agent5,1.0,1.0,0.0,injected_unvalidated
full_memory,37,0,receiver_3,dbproc-01870edcc464-agent3,0.0,1.0,-1.0,injected_unvalidated
full_memory,37,0,receiver_3,dbproc-01870edcc464-agent4,1.0,1.0,0.0,injected_unvalidated
full_memory,37,0,receiver_3,dbproc-06c28b92d681-agent1,1.0,1.0,0.0,injected_unvalidated
retrieval,37,0,receiver_1,dbproc-01870edcc464-agent1,1.0,1.0,0.0,injected_unvalidated
retrieval,37,0,receiver_1,dbproc-01870edcc464-agent2,1.0,1.0,0.0,injected_unvalidated
retrieval,37,0,receiver_1,dbproc-01870edcc464-agent3,0.0,1.0,-1.0,injected_unvalidated
retrieval,37,0,receiver_2,dbproc-01870edcc464-agent1,1.0,1.0,0.0,injected_unvalidated
retrieval,37,0,receiver_2,dbproc-01870edcc464-agent2,1.0,1.0,0.0,injected_unvalidated
retrieval,37,0,receiver_2,dbproc-01870edcc464-agent3,0.0,1.0,-1.0,injected_unvalidated
retrieval,37,0,receiver_3,dbproc-01870edcc464-agent1,1.0,1.0,0.0,injected_unvalidated
retrieval,37,0,receiver_3,dbproc-01870edcc464-agent2,1.0,1.0,0.0,injected_unvalidated
retrieval,37,0,receiver_3,dbproc-01870edcc464-agent3,0.0,1.0,-1.0,injected_unvalidated
full_memory,37,1,receiver_1,dbproc-01870edcc464-agent1,0.0,1.0,-1.0,injected_unvalidated
full_memory,37,1,receiver_1,dbproc-01870edcc464-agent5,1.0,1.0,0.0,injected_unvalidated
full_memory,37,1,receiver_1,dbproc-01870edcc464-agent4,1.0,1.0,0.0,injected_unvalidated
full_memory,37,1,receiver_1,dbproc-06c28b92d681-agent1,1.0,1.0,0.0,injected_unvalidated
full_memory,37,1,receiver_2,dbproc-01870edcc464-agent1,0.0,1.0,-1.0,injected_unvalidated
full_memory,37,1,receiver_2,dbproc-01870edcc464-agent5,1.0,1.0,0.0,injected_unvalidated
full_memory,37,1,receiver_2,dbproc-01870edcc464-agent4,1.0,1.0,0.0,injected_unvalidated
full_memory,37,1,receiver_2,dbproc-06c28b92d681-agent1,1.0,1.0,0.0,injected_unvalidated
full_memory,37,1,receiver_3,dbproc-01870edcc464-agent1,0.0,1.0,-1.0,injected_unvalidated
full_memory,37,1,receiver_3,dbproc-01870edcc464-agent5,1.0,1.0,0.0,injected_unvalidated
full_memory,37,1,receiver_3,dbproc-01870edcc464-agent4,1.0,1.0,0.0,injected_unvalidated
full_memory,37,1,receiver_3,dbproc-06c28b92d681-agent1,1.0,1.0,0.0,injected_unvalidated
retrieval,37,1,receiver_1,dbproc-01870edcc464-agent1,0.0,1.0,-1.0,injected_unvalidated
retrieval,37,1,receiver_1,dbproc-01870edcc464-agent4,1.0,1.0,0.0,injected_unvalidated
retrieval,37,1,receiver_1,dbproc-01870edcc464-agent5,1.0,1.0,0.0,injected_unvalidated
retrieval,37,1,receiver_2,dbproc-01870edcc464-agent1,0.0,1.0,-1.0,injected_unvalidated
retrieval,37,1,receiver_2,dbproc-01870edcc464-agent4,1.0,1.0,0.0,injected_unvalidated
retrieval,37,1,receiver_2,dbproc-01870edcc464-agent5,1.0,1.0,0.0,injected_unvalidated
retrieval,37,1,receiver_3,dbproc-01870edcc464-agent1,0.0,1.0,-1.0,injected_unvalidated
retrieval,37,1,receiver_3,dbproc-01870edcc464-agent4,1.0,1.0,0.0,injected_unvalidated
retrieval,37,1,receiver_3,dbproc-01870edcc464-agent5,1.0,1.0,0.0,injected_unvalidated
full_memory,37,2,receiver_1,dbproc-01870edcc464-agent2,1.0,1.0,0.0,injected_unvalidated
full_memory,37,2,receiver_1,dbproc-01870edcc464-agent1,1.0,1.0,0.0,injected_unvalidated
full_memory,37,2,receiver_1,dbproc-01870edcc464-agent5,0.0,1.0,-1.0,injected_unvalidated
full_memory,37,2,receiver_1,dbproc-01870edcc464-agent3,0.0,1.0,-1.0,injected_unvalidated
full_memory,37,2,receiver_1,dbproc-01870edcc464-agent4,1.0,1.0,0.0,injected_unvalidated
full_memory,37,2,receiver_2,dbproc-01870edcc464-agent2,1.0,1.0,0.0,injected_unvalidated
full_memory,37,2,receiver_2,dbproc-01870edcc464-agent1,1.0,1.0,0.0,injected_unvalidated
full_memory,37,2,receiver_2,dbproc-01870edcc464-agent5,0.0,1.0,-1.0,injected_unvalidated
full_memory,37,2,receiver_2,dbproc-01870edcc464-agent3,0.0,1.0,-1.0,injected_unvalidated
full_memory,37,2,receiver_2,dbproc-01870edcc464-agent4,1.0,1.0,0.0,injected_unvalidated
full_memory,37,2,receiver_3,dbproc-01870edcc464-agent2,1.0,1.0,0.0,injected_unvalidated
full_memory,37,2,receiver_3,dbproc-01870edcc464-agent1,1.0,1.0,0.0,injected_unvalidated
full_memory,37,2,receiver_3,dbproc-01870edcc464-agent5,0.0,1.0,-1.0,injected_unvalidated
full_memory,37,2,receiver_3,dbproc-01870edcc464-agent3,0.0,1.0,-1.0,injected_unvalidated
full_memory,37,2,receiver_3,dbproc-01870edcc464-agent4,1.0,1.0,0.0,injected_unvalidated
retrieval,37,2,receiver_1,dbproc-01870edcc464-agent1,1.0,1.0,0.0,injected_unvalidated
retrieval,37,2,receiver_1,dbproc-01870edcc464-agent2,1.0,1.0,0.0,injected_unvalidated
retrieval,37,2,receiver_1,dbproc-01870edcc464-agent3,0.0,1.0,-1.0,injected_unvalidated
retrieval,37,2,receiver_2,dbproc-01870edcc464-agent1,1.0,1.0,0.0,injected_unvalidated
retrieval,37,2,receiver_2,dbproc-01870edcc464-agent2,1.0,1.0,0.0,injected_unvalidated
retrieval,37,2,receiver_2,dbproc-01870edcc464-agent3,0.0,1.0,-1.0,injected_unvalidated
retrieval,37,2,receiver_3,dbproc-01870edcc464-agent1,1.0,1.0,0.0,injected_unvalidated
retrieval,37,2,receiver_3,dbproc-01870edcc464-agent2,1.0,1.0,0.0,injected_unvalidated
retrieval,37,2,receiver_3,dbproc-01870edcc464-agent3,0.0,1.0,-1.0,injected_unvalidated
full_memory,41,0,receiver_1,dbproc-01870edcc464-agent3,1.0,1.0,0.0,injected_unvalidated
full_memory,41,0,receiver_1,dbproc-01870edcc464-agent1,0.0,1.0,-1.0,injected_unvalidated
full_memory,41,0,receiver_1,dbproc-01870edcc464-agent2,1.0,1.0,0.0,injected_unvalidated
full_memory,41,0,receiver_1,dbproc-01870edcc464-agent4,1.0,1.0,0.0,injected_unvalidated
full_memory,41,0,receiver_1,dbproc-06c28b92d681-agent1,1.0,1.0,0.0,injected_unvalidated
full_memory,41,0,receiver_1,dbproc-01870edcc464-agent5,1.0,1.0,0.0,injected_unvalidated
full_memory,41,0,receiver_2,dbproc-01870edcc464-agent3,1.0,1.0,0.0,injected_unvalidated
full_memory,41,0,receiver_2,dbproc-01870edcc464-agent1,0.0,1.0,-1.0,injected_unvalidated
full_memory,41,0,receiver_2,dbproc-01870edcc464-agent2,1.0,1.0,0.0,injected_unvalidated
full_memory,41,0,receiver_2,dbproc-01870edcc464-agent4,1.0,1.0,0.0,injected_unvalidated
full_memory,41,0,receiver_2,dbproc-06c28b92d681-agent1,1.0,1.0,0.0,injected_unvalidated
full_memory,41,0,receiver_2,dbproc-01870edcc464-agent5,1.0,1.0,0.0,injected_unvalidated
full_memory,41,0,receiver_3,dbproc-01870edcc464-agent3,1.0,1.0,0.0,injected_unvalidated
full_memory,41,0,receiver_3,dbproc-01870edcc464-agent1,0.0,1.0,-1.0,injected_unvalidated
full_memory,41,0,receiver_3,dbproc-01870edcc464-agent2,1.0,1.0,0.0,injected_unvalidated
full_memory,41,0,receiver_3,dbproc-01870edcc464-agent4,1.0,1.0,0.0,injected_unvalidated
full_memory,41,0,receiver_3,dbproc-06c28b92d681-agent1,1.0,1.0,0.0,injected_unvalidated
full_memory,41,0,receiver_3,dbproc-01870edcc464-agent5,1.0,1.0,0.0,injected_unvalidated
retrieval,41,0,receiver_1,dbproc-01870edcc464-agent1,0.0,1.0,-1.0,injected_unvalidated
retrieval,41,0,receiver_1,dbproc-01870edcc464-agent2,1.0,1.0,0.0,injected_unvalidated
retrieval,41,0,receiver_1,dbproc-01870edcc464-agent3,1.0,1.0,0.0,injected_unvalidated
retrieval,41,0,receiver_2,dbproc-01870edcc464-agent1,0.0,1.0,-1.0,injected_unvalidated
retrieval,41,0,receiver_2,dbproc-01870edcc464-agent2,1.0,1.0,0.0,injected_unvalidated
retrieval,41,0,receiver_2,dbproc-01870edcc464-agent3,1.0,1.0,0.0,injected_unvalidated
retrieval,41,0,receiver_3,dbproc-01870edcc464-agent1,0.0,1.0,-1.0,injected_unvalidated
retrieval,41,0,receiver_3,dbproc-01870edcc464-agent2,1.0,1.0,0.0,injected_unvalidated
retrieval,41,0,receiver_3,dbproc-01870edcc464-agent3,1.0,1.0,0.0,injected_unvalidated
full_memory,41,1,receiver_1,dbproc-01870edcc464-agent3,1.0,0.0,1.0,validated
full_memory,41,1,receiver_1,dbproc-01870edcc464-agent1,1.0,0.0,1.0,validated
full_memory,41,1,receiver_1,dbproc-01870edcc464-agent4,1.0,0.0,1.0,validated
full_memory,41,1,receiver_1,dbproc-06c28b92d681-agent1,0.0,0.0,0.0,injected_unvalidated
full_memory,41,1,receiver_1,dbproc-01870edcc464-agent5,1.0,0.0,1.0,validated
full_memory,41,1,receiver_2,dbproc-01870edcc464-agent3,1.0,0.0,1.0,validated
full_memory,41,1,receiver_2,dbproc-01870edcc464-agent1,1.0,0.0,1.0,validated
full_memory,41,1,receiver_2,dbproc-01870edcc464-agent4,1.0,0.0,1.0,validated
full_memory,41,1,receiver_2,dbproc-06c28b92d681-agent1,0.0,0.0,0.0,injected_unvalidated
full_memory,41,1,receiver_2,dbproc-01870edcc464-agent5,0.0,0.0,0.0,injected_unvalidated
full_memory,41,1,receiver_3,dbproc-01870edcc464-agent3,1.0,0.0,1.0,validated
full_memory,41,1,receiver_3,dbproc-01870edcc464-agent1,1.0,0.0,1.0,validated
full_memory,41,1,receiver_3,dbproc-01870edcc464-agent4,1.0,0.0,1.0,validated
full_memory,41,1,receiver_3,dbproc-06c28b92d681-agent1,0.0,0.0,0.0,injected_unvalidated
full_memory,41,1,receiver_3,dbproc-01870edcc464-agent5,1.0,0.0,1.0,validated
retrieval,41,1,receiver_1,dbproc-01870edcc464-agent1,1.0,0.0,1.0,validated
retrieval,41,1,receiver_1,dbproc-01870edcc464-agent3,1.0,0.0,1.0,validated
retrieval,41,1,receiver_1,dbproc-01870edcc464-agent4,1.0,0.0,1.0,validated
retrieval,41,1,receiver_2,dbproc-01870edcc464-agent1,1.0,0.0,1.0,validated
retrieval,41,1,receiver_2,dbproc-01870edcc464-agent3,1.0,0.0,1.0,validated
retrieval,41,1,receiver_2,dbproc-01870edcc464-agent4,1.0,0.0,1.0,validated
retrieval,41,1,receiver_3,dbproc-01870edcc464-agent1,1.0,0.0,1.0,validated
retrieval,41,1,receiver_3,dbproc-01870edcc464-agent3,1.0,0.0,1.0,validated
retrieval,41,1,receiver_3,dbproc-01870edcc464-agent4,1.0,0.0,1.0,validated
smtr_uniform,41,1,receiver_1,dbproc-01870edcc464-agent4,1.0,0.0,1.0,validated
smtr_uniform,41,1,receiver_1,dbproc-01870edcc464-agent3,1.0,0.0,1.0,validated
smtr_uniform,41,1,receiver_1,dbproc-01870edcc464-agent1,1.0,0.0,1.0,validated
smtr_uniform,41,1,receiver_2,dbproc-01870edcc464-agent4,1.0,0.0,1.0,validated
smtr_uniform,41,1,receiver_2,dbproc-01870edcc464-agent3,1.0,0.0,1.0,validated
smtr_uniform,41,1,receiver_2,dbproc-01870edcc464-agent1,1.0,0.0,1.0,validated
smtr_uniform,41,1,receiver_3,dbproc-01870edcc464-agent4,1.0,0.0,1.0,validated
smtr_uniform,41,1,receiver_3,dbproc-01870edcc464-agent3,1.0,0.0,1.0,validated
smtr_uniform,41,1,receiver_3,dbproc-01870edcc464-agent1,1.0,0.0,1.0,validated
smtr_receiver,41,1,receiver_1,dbproc-01870edcc464-agent5,1.0,0.0,1.0,validated
smtr_receiver,41,1,receiver_1,dbproc-01870edcc464-agent4,1.0,0.0,1.0,validated
smtr_receiver,41,1,receiver_1,dbproc-01870edcc464-agent3,1.0,0.0,1.0,validated
smtr_receiver,41,1,receiver_2,dbproc-01870edcc464-agent4,1.0,0.0,1.0,validated
smtr_receiver,41,1,receiver_2,dbproc-01870edcc464-agent3,1.0,0.0,1.0,validated
smtr_receiver,41,1,receiver_2,dbproc-01870edcc464-agent1,1.0,0.0,1.0,validated
smtr_receiver,41,1,receiver_3,dbproc-01870edcc464-agent5,1.0,0.0,1.0,validated
smtr_receiver,41,1,receiver_3,dbproc-01870edcc464-agent4,1.0,0.0,1.0,validated
smtr_receiver,41,1,receiver_3,dbproc-01870edcc464-agent3,1.0,0.0,1.0,validated
full_memory,41,2,receiver_1,dbproc-01870edcc464-agent3,1.0,1.0,0.0,injected_unvalidated
full_memory,41,2,receiver_1,dbproc-01870edcc464-agent1,1.0,1.0,0.0,injected_unvalidated
full_memory,41,2,receiver_1,dbproc-01870edcc464-agent2,1.0,1.0,0.0,injected_unvalidated
full_memory,41,2,receiver_1,dbproc-01870edcc464-agent4,1.0,1.0,0.0,injected_unvalidated
full_memory,41,2,receiver_1,dbproc-01870edcc464-agent5,1.0,1.0,0.0,injected_unvalidated
full_memory,41,2,receiver_2,dbproc-01870edcc464-agent3,1.0,1.0,0.0,injected_unvalidated
full_memory,41,2,receiver_2,dbproc-01870edcc464-agent1,1.0,1.0,0.0,injected_unvalidated
full_memory,41,2,receiver_2,dbproc-01870edcc464-agent2,1.0,1.0,0.0,injected_unvalidated
full_memory,41,2,receiver_2,dbproc-01870edcc464-agent4,1.0,1.0,0.0,injected_unvalidated
full_memory,41,2,receiver_2,dbproc-01870edcc464-agent5,1.0,1.0,0.0,injected_unvalidated
full_memory,41,2,receiver_3,dbproc-01870edcc464-agent3,1.0,1.0,0.0,injected_unvalidated
full_memory,41,2,receiver_3,dbproc-01870edcc464-agent1,1.0,1.0,0.0,injected_unvalidated
full_memory,41,2,receiver_3,dbproc-01870edcc464-agent2,1.0,1.0,0.0,injected_unvalidated
full_memory,41,2,receiver_3,dbproc-01870edcc464-agent4,1.0,1.0,0.0,injected_unvalidated
full_memory,41,2,receiver_3,dbproc-01870edcc464-agent5,1.0,1.0,0.0,injected_unvalidated
retrieval,41,2,receiver_1,dbproc-01870edcc464-agent1,1.0,1.0,0.0,injected_unvalidated
retrieval,41,2,receiver_1,dbproc-01870edcc464-agent2,1.0,1.0,0.0,injected_unvalidated
retrieval,41,2,receiver_1,dbproc-01870edcc464-agent3,1.0,1.0,0.0,injected_unvalidated
retrieval,41,2,receiver_2,dbproc-01870edcc464-agent1,1.0,1.0,0.0,injected_unvalidated
retrieval,41,2,receiver_2,dbproc-01870edcc464-agent2,1.0,1.0,0.0,injected_unvalidated
retrieval,41,2,receiver_2,dbproc-01870edcc464-agent3,1.0,1.0,0.0,injected_unvalidated
retrieval,41,2,receiver_3,dbproc-01870edcc464-agent1,1.0,1.0,0.0,injected_unvalidated
retrieval,41,2,receiver_3,dbproc-01870edcc464-agent2,1.0,1.0,0.0,injected_unvalidated
retrieval,41,2,receiver_3,dbproc-01870edcc464-agent3,1.0,1.0,0.0,injected_unvalidated
full_memory,42,0,receiver_1,dbproc-01870edcc464-agent2,1.0,1.0,0.0,injected_unvalidated
full_memory,42,0,receiver_1,dbproc-01870edcc464-agent3,1.0,1.0,0.0,injected_unvalidated
full_memory,42,0,receiver_1,dbproc-01870edcc464-agent5,1.0,1.0,0.0,injected_unvalidated
full_memory,42,0,receiver_1,dbproc-01870edcc464-agent1,1.0,1.0,0.0,injected_unvalidated
full_memory,42,0,receiver_1,dbproc-06c28b92d681-agent1,1.0,1.0,0.0,injected_unvalidated
full_memory,42,0,receiver_2,dbproc-01870edcc464-agent2,1.0,1.0,0.0,injected_unvalidated
full_memory,42,0,receiver_2,dbproc-01870edcc464-agent3,1.0,1.0,0.0,injected_unvalidated
full_memory,42,0,receiver_2,dbproc-01870edcc464-agent5,1.0,1.0,0.0,injected_unvalidated
full_memory,42,0,receiver_2,dbproc-01870edcc464-agent1,1.0,1.0,0.0,injected_unvalidated
full_memory,42,0,receiver_2,dbproc-06c28b92d681-agent1,1.0,1.0,0.0,injected_unvalidated
full_memory,42,0,receiver_3,dbproc-01870edcc464-agent2,1.0,1.0,0.0,injected_unvalidated
full_memory,42,0,receiver_3,dbproc-01870edcc464-agent3,1.0,1.0,0.0,injected_unvalidated
full_memory,42,0,receiver_3,dbproc-01870edcc464-agent5,1.0,1.0,0.0,injected_unvalidated
full_memory,42,0,receiver_3,dbproc-01870edcc464-agent1,0.0,1.0,-1.0,injected_unvalidated
full_memory,42,0,receiver_3,dbproc-06c28b92d681-agent1,1.0,1.0,0.0,injected_unvalidated
retrieval,42,0,receiver_1,dbproc-01870edcc464-agent1,1.0,1.0,0.0,injected_unvalidated
retrieval,42,0,receiver_1,dbproc-01870edcc464-agent2,1.0,1.0,0.0,injected_unvalidated
retrieval,42,0,receiver_1,dbproc-01870edcc464-agent3,1.0,1.0,0.0,injected_unvalidated
retrieval,42,0,receiver_2,dbproc-01870edcc464-agent1,1.0,1.0,0.0,injected_unvalidated
retrieval,42,0,receiver_2,dbproc-01870edcc464-agent2,1.0,1.0,0.0,injected_unvalidated
retrieval,42,0,receiver_2,dbproc-01870edcc464-agent3,1.0,1.0,0.0,injected_unvalidated
retrieval,42,0,receiver_3,dbproc-01870edcc464-agent1,0.0,1.0,-1.0,injected_unvalidated
retrieval,42,0,receiver_3,dbproc-01870edcc464-agent2,1.0,1.0,0.0,injected_unvalidated
retrieval,42,0,receiver_3,dbproc-01870edcc464-agent3,1.0,1.0,0.0,injected_unvalidated
full_memory,42,1,receiver_1,dbproc-01870edcc464-agent4,1.0,1.0,0.0,injected_unvalidated
full_memory,42,1,receiver_1,dbproc-01870edcc464-agent2,1.0,1.0,0.0,injected_unvalidated
full_memory,42,1,receiver_1,dbproc-01870edcc464-agent3,1.0,1.0,0.0,injected_unvalidated
full_memory,42,1,receiver_1,dbproc-01870edcc464-agent5,1.0,1.0,0.0,injected_unvalidated
full_memory,42,1,receiver_1,dbproc-01870edcc464-agent1,1.0,1.0,0.0,injected_unvalidated
full_memory,42,1,receiver_1,dbproc-06c28b92d681-agent1,0.0,1.0,-1.0,injected_unvalidated
full_memory,42,1,receiver_2,dbproc-01870edcc464-agent4,1.0,1.0,0.0,injected_unvalidated
full_memory,42,1,receiver_2,dbproc-01870edcc464-agent2,1.0,1.0,0.0,injected_unvalidated
full_memory,42,1,receiver_2,dbproc-01870edcc464-agent3,1.0,1.0,0.0,injected_unvalidated
full_memory,42,1,receiver_2,dbproc-01870edcc464-agent5,1.0,1.0,0.0,injected_unvalidated
full_memory,42,1,receiver_2,dbproc-01870edcc464-agent1,1.0,1.0,0.0,injected_unvalidated
full_memory,42,1,receiver_2,dbproc-06c28b92d681-agent1,0.0,1.0,-1.0,injected_unvalidated
full_memory,42,1,receiver_3,dbproc-01870edcc464-agent4,1.0,1.0,0.0,injected_unvalidated
full_memory,42,1,receiver_3,dbproc-01870edcc464-agent2,1.0,1.0,0.0,injected_unvalidated
full_memory,42,1,receiver_3,dbproc-01870edcc464-agent3,1.0,1.0,0.0,injected_unvalidated
full_memory,42,1,receiver_3,dbproc-01870edcc464-agent5,1.0,1.0,0.0,injected_unvalidated
full_memory,42,1,receiver_3,dbproc-01870edcc464-agent1,0.0,1.0,-1.0,injected_unvalidated
full_memory,42,1,receiver_3,dbproc-06c28b92d681-agent1,0.0,1.0,-1.0,injected_unvalidated
retrieval,42,1,receiver_1,dbproc-01870edcc464-agent1,1.0,1.0,0.0,injected_unvalidated
retrieval,42,1,receiver_1,dbproc-01870edcc464-agent2,1.0,1.0,0.0,injected_unvalidated
retrieval,42,1,receiver_1,dbproc-01870edcc464-agent3,1.0,1.0,0.0,injected_unvalidated
retrieval,42,1,receiver_2,dbproc-01870edcc464-agent1,1.0,1.0,0.0,injected_unvalidated
retrieval,42,1,receiver_2,dbproc-01870edcc464-agent2,1.0,1.0,0.0,injected_unvalidated
retrieval,42,1,receiver_2,dbproc-01870edcc464-agent3,1.0,1.0,0.0,injected_unvalidated
retrieval,42,1,receiver_3,dbproc-01870edcc464-agent1,0.0,1.0,-1.0,injected_unvalidated
retrieval,42,1,receiver_3,dbproc-01870edcc464-agent2,1.0,1.0,0.0,injected_unvalidated
retrieval,42,1,receiver_3,dbproc-01870edcc464-agent3,1.0,1.0,0.0,injected_unvalidated
full_memory,42,2,receiver_1,dbproc-01870edcc464-agent4,1.0,1.0,0.0,injected_unvalidated
full_memory,42,2,receiver_1,dbproc-01870edcc464-agent2,1.0,1.0,0.0,injected_unvalidated
full_memory,42,2,receiver_1,dbproc-01870edcc464-agent3,1.0,1.0,0.0,injected_unvalidated
full_memory,42,2,receiver_1,dbproc-01870edcc464-agent5,1.0,1.0,0.0,injected_unvalidated
full_memory,42,2,receiver_1,dbproc-01870edcc464-agent1,1.0,1.0,0.0,injected_unvalidated
full_memory,42,2,receiver_2,dbproc-01870edcc464-agent4,1.0,1.0,0.0,injected_unvalidated
full_memory,42,2,receiver_2,dbproc-01870edcc464-agent2,1.0,1.0,0.0,injected_unvalidated
full_memory,42,2,receiver_2,dbproc-01870edcc464-agent3,1.0,1.0,0.0,injected_unvalidated
full_memory,42,2,receiver_2,dbproc-01870edcc464-agent5,1.0,1.0,0.0,injected_unvalidated
full_memory,42,2,receiver_2,dbproc-01870edcc464-agent1,1.0,1.0,0.0,injected_unvalidated
full_memory,42,2,receiver_3,dbproc-01870edcc464-agent4,1.0,1.0,0.0,injected_unvalidated
full_memory,42,2,receiver_3,dbproc-01870edcc464-agent2,1.0,1.0,0.0,injected_unvalidated
full_memory,42,2,receiver_3,dbproc-01870edcc464-agent3,1.0,1.0,0.0,injected_unvalidated
full_memory,42,2,receiver_3,dbproc-01870edcc464-agent5,1.0,1.0,0.0,injected_unvalidated
full_memory,42,2,receiver_3,dbproc-01870edcc464-agent1,0.0,1.0,-1.0,injected_unvalidated
retrieval,42,2,receiver_1,dbproc-01870edcc464-agent1,1.0,1.0,0.0,injected_unvalidated
retrieval,42,2,receiver_1,dbproc-01870edcc464-agent2,1.0,1.0,0.0,injected_unvalidated
retrieval,42,2,receiver_1,dbproc-01870edcc464-agent3,1.0,1.0,0.0,injected_unvalidated
retrieval,42,2,receiver_2,dbproc-01870edcc464-agent1,1.0,1.0,0.0,injected_unvalidated
retrieval,42,2,receiver_2,dbproc-01870edcc464-agent2,1.0,1.0,0.0,injected_unvalidated
retrieval,42,2,receiver_2,dbproc-01870edcc464-agent3,1.0,1.0,0.0,injected_unvalidated
retrieval,42,2,receiver_3,dbproc-01870edcc464-agent1,0.0,1.0,-1.0,injected_unvalidated
retrieval,42,2,receiver_3,dbproc-01870edcc464-agent2,1.0,1.0,0.0,injected_unvalidated
retrieval,42,2,receiver_3,dbproc-01870edcc464-agent3,1.0,1.0,0.0,injected_unvalidated
full_memory,48,0,receiver_1,dbproc-01870edcc464-agent4,1.0,1.0,0.0,injected_unvalidated
full_memory,48,0,receiver_1,dbproc-01870edcc464-agent3,1.0,1.0,0.0,injected_unvalidated
full_memory,48,0,receiver_1,dbproc-06c28b92d681-agent1,1.0,1.0,0.0,injected_unvalidated
full_memory,48,0,receiver_1,dbproc-01870edcc464-agent5,1.0,1.0,0.0,injected_unvalidated
full_memory,48,0,receiver_1,dbproc-01870edcc464-agent2,1.0,1.0,0.0,injected_unvalidated
full_memory,48,0,receiver_2,dbproc-01870edcc464-agent4,1.0,1.0,0.0,injected_unvalidated
full_memory,48,0,receiver_2,dbproc-01870edcc464-agent3,1.0,1.0,0.0,injected_unvalidated
full_memory,48,0,receiver_2,dbproc-06c28b92d681-agent1,1.0,1.0,0.0,injected_unvalidated
full_memory,48,0,receiver_2,dbproc-01870edcc464-agent5,1.0,1.0,0.0,injected_unvalidated
full_memory,48,0,receiver_2,dbproc-01870edcc464-agent2,1.0,1.0,0.0,injected_unvalidated
full_memory,48,0,receiver_3,dbproc-01870edcc464-agent4,1.0,1.0,0.0,injected_unvalidated
full_memory,48,0,receiver_3,dbproc-01870edcc464-agent3,1.0,1.0,0.0,injected_unvalidated
full_memory,48,0,receiver_3,dbproc-06c28b92d681-agent1,1.0,1.0,0.0,injected_unvalidated
full_memory,48,0,receiver_3,dbproc-01870edcc464-agent5,1.0,1.0,0.0,injected_unvalidated
full_memory,48,0,receiver_3,dbproc-01870edcc464-agent2,1.0,1.0,0.0,injected_unvalidated
retrieval,48,0,receiver_1,dbproc-01870edcc464-agent2,1.0,1.0,0.0,injected_unvalidated
retrieval,48,0,receiver_1,dbproc-01870edcc464-agent3,1.0,1.0,0.0,injected_unvalidated
retrieval,48,0,receiver_1,dbproc-01870edcc464-agent4,1.0,1.0,0.0,injected_unvalidated
retrieval,48,0,receiver_2,dbproc-01870edcc464-agent2,1.0,1.0,0.0,injected_unvalidated
retrieval,48,0,receiver_2,dbproc-01870edcc464-agent3,1.0,1.0,0.0,injected_unvalidated
retrieval,48,0,receiver_2,dbproc-01870edcc464-agent4,1.0,1.0,0.0,injected_unvalidated
retrieval,48,0,receiver_3,dbproc-01870edcc464-agent2,1.0,1.0,0.0,injected_unvalidated
retrieval,48,0,receiver_3,dbproc-01870edcc464-agent3,1.0,1.0,0.0,injected_unvalidated
retrieval,48,0,receiver_3,dbproc-01870edcc464-agent4,1.0,1.0,0.0,injected_unvalidated
full_memory,48,2,receiver_1,dbproc-01870edcc464-agent4,1.0,1.0,0.0,injected_unvalidated
full_memory,48,2,receiver_1,dbproc-01870edcc464-agent3,1.0,1.0,0.0,injected_unvalidated
full_memory,48,2,receiver_1,dbproc-06c28b92d681-agent1,1.0,1.0,0.0,injected_unvalidated
full_memory,48,2,receiver_1,dbproc-01870edcc464-agent5,1.0,1.0,0.0,injected_unvalidated
full_memory,48,2,receiver_1,dbproc-01870edcc464-agent2,1.0,1.0,0.0,injected_unvalidated
full_memory,48,2,receiver_2,dbproc-01870edcc464-agent4,1.0,1.0,0.0,injected_unvalidated
full_memory,48,2,receiver_2,dbproc-01870edcc464-agent3,1.0,1.0,0.0,injected_unvalidated
full_memory,48,2,receiver_2,dbproc-06c28b92d681-agent1,1.0,1.0,0.0,injected_unvalidated
full_memory,48,2,receiver_2,dbproc-01870edcc464-agent5,1.0,1.0,0.0,injected_unvalidated
full_memory,48,2,receiver_2,dbproc-01870edcc464-agent2,1.0,1.0,0.0,injected_unvalidated
full_memory,48,2,receiver_3,dbproc-01870edcc464-agent4,1.0,1.0,0.0,injected_unvalidated
full_memory,48,2,receiver_3,dbproc-01870edcc464-agent3,1.0,1.0,0.0,injected_unvalidated
full_memory,48,2,receiver_3,dbproc-06c28b92d681-agent1,1.0,1.0,0.0,injected_unvalidated
full_memory,48,2,receiver_3,dbproc-01870edcc464-agent5,1.0,1.0,0.0,injected_unvalidated
full_memory,48,2,receiver_3,dbproc-01870edcc464-agent2,1.0,1.0,0.0,injected_unvalidated
retrieval,48,2,receiver_1,dbproc-01870edcc464-agent2,1.0,1.0,0.0,injected_unvalidated
retrieval,48,2,receiver_1,dbproc-01870edcc464-agent3,1.0,1.0,0.0,injected_unvalidated
retrieval,48,2,receiver_1,dbproc-01870edcc464-agent4,1.0,1.0,0.0,injected_unvalidated
retrieval,48,2,receiver_2,dbproc-01870edcc464-agent2,1.0,1.0,0.0,injected_unvalidated
retrieval,48,2,receiver_2,dbproc-01870edcc464-agent3,1.0,1.0,0.0,injected_unvalidated
retrieval,48,2,receiver_2,dbproc-01870edcc464-agent4,1.0,1.0,0.0,injected_unvalidated
retrieval,48,2,receiver_3,dbproc-01870edcc464-agent2,1.0,1.0,0.0,injected_unvalidated
retrieval,48,2,receiver_3,dbproc-01870edcc464-agent3,1.0,1.0,0.0,injected_unvalidated
retrieval,48,2,receiver_3,dbproc-01870edcc464-agent4,1.0,1.0,0.0,injected_unvalidated
full_memory,51,0,receiver_1,dbproc-01870edcc464-agent2,0.0,0.0,0.0,injected_unvalidated
full_memory,51,0,receiver_1,dbproc-01870edcc464-agent1,0.0,0.0,0.0,injected_unvalidated
full_memory,51,0,receiver_1,dbproc-01870edcc464-agent4,0.0,0.0,0.0,injected_unvalidated
full_memory,51,0,receiver_1,dbproc-01870edcc464-agent5,0.0,0.0,0.0,injected_unvalidated
full_memory,51,0,receiver_1,dbproc-01870edcc464-agent3,0.0,0.0,0.0,injected_unvalidated
full_memory,51,0,receiver_1,dbproc-06c28b92d681-agent1,0.0,0.0,0.0,injected_unvalidated
full_memory,51,0,receiver_2,dbproc-01870edcc464-agent2,0.0,0.0,0.0,injected_unvalidated
full_memory,51,0,receiver_2,dbproc-01870edcc464-agent1,0.0,0.0,0.0,injected_unvalidated
full_memory,51,0,receiver_2,dbproc-01870edcc464-agent4,1.0,0.0,1.0,validated
full_memory,51,0,receiver_2,dbproc-01870edcc464-agent5,0.0,0.0,0.0,injected_unvalidated
full_memory,51,0,receiver_2,dbproc-01870edcc464-agent3,0.0,0.0,0.0,injected_unvalidated
full_memory,51,0,receiver_2,dbproc-06c28b92d681-agent1,0.0,0.0,0.0,injected_unvalidated
full_memory,51,0,receiver_3,dbproc-01870edcc464-agent2,1.0,0.0,1.0,validated
full_memory,51,0,receiver_3,dbproc-01870edcc464-agent1,1.0,0.0,1.0,validated
full_memory,51,0,receiver_3,dbproc-01870edcc464-agent4,0.0,0.0,0.0,injected_unvalidated
full_memory,51,0,receiver_3,dbproc-01870edcc464-agent5,0.0,0.0,0.0,injected_unvalidated
full_memory,51,0,receiver_3,dbproc-01870edcc464-agent3,0.0,1.0,-1.0,injected_unvalidated
full_memory,51,0,receiver_3,dbproc-06c28b92d681-agent1,0.0,1.0,-1.0,injected_unvalidated
retrieval,51,0,receiver_1,dbproc-01870edcc464-agent1,0.0,0.0,0.0,injected_unvalidated
retrieval,51,0,receiver_1,dbproc-01870edcc464-agent2,0.0,0.0,0.0,injected_unvalidated
retrieval,51,0,receiver_1,dbproc-01870edcc464-agent3,0.0,0.0,0.0,injected_unvalidated
retrieval,51,0,receiver_2,dbproc-01870edcc464-agent1,0.0,0.0,0.0,injected_unvalidated
retrieval,51,0,receiver_2,dbproc-01870edcc464-agent2,0.0,0.0,0.0,injected_unvalidated
retrieval,51,0,receiver_2,dbproc-01870edcc464-agent3,0.0,0.0,0.0,injected_unvalidated
retrieval,51,0,receiver_3,dbproc-01870edcc464-agent1,1.0,0.0,1.0,validated
retrieval,51,0,receiver_3,dbproc-01870edcc464-agent2,1.0,0.0,1.0,validated
retrieval,51,0,receiver_3,dbproc-01870edcc464-agent3,0.0,1.0,-1.0,injected_unvalidated
smtr_uniform,51,0,receiver_1,dbproc-01870edcc464-agent4,0.0,0.0,0.0,injected_unvalidated
smtr_uniform,51,0,receiver_1,dbproc-01870edcc464-agent2,0.0,0.0,0.0,injected_unvalidated
smtr_uniform,51,0,receiver_1,dbproc-01870edcc464-agent1,0.0,0.0,0.0,injected_unvalidated
smtr_uniform,51,0,receiver_2,dbproc-01870edcc464-agent4,1.0,0.0,1.0,validated
smtr_uniform,51,0,receiver_2,dbproc-01870edcc464-agent2,0.0,0.0,0.0,injected_unvalidated
smtr_uniform,51,0,receiver_2,dbproc-01870edcc464-agent1,0.0,0.0,0.0,injected_unvalidated
smtr_uniform,51,0,receiver_3,dbproc-01870edcc464-agent4,0.0,0.0,0.0,injected_unvalidated
smtr_uniform,51,0,receiver_3,dbproc-01870edcc464-agent2,1.0,0.0,1.0,validated
smtr_uniform,51,0,receiver_3,dbproc-01870edcc464-agent1,1.0,0.0,1.0,validated
smtr_receiver,51,0,receiver_2,dbproc-01870edcc464-agent4,1.0,0.0,1.0,validated
smtr_receiver,51,0,receiver_3,dbproc-01870edcc464-agent2,1.0,0.0,1.0,validated
smtr_receiver,51,0,receiver_3,dbproc-01870edcc464-agent1,1.0,0.0,1.0,validated
full_memory,51,1,receiver_1,dbproc-01870edcc464-agent2,0.0,0.0,0.0,injected_unvalidated
full_memory,51,1,receiver_1,dbproc-01870edcc464-agent1,0.0,0.0,0.0,injected_unvalidated
full_memory,51,1,receiver_1,dbproc-01870edcc464-agent4,0.0,0.0,0.0,injected_unvalidated
full_memory,51,1,receiver_1,dbproc-01870edcc464-agent5,0.0,0.0,0.0,injected_unvalidated
full_memory,51,1,receiver_1,dbproc-01870edcc464-agent3,0.0,0.0,0.0,injected_unvalidated
full_memory,51,1,receiver_1,dbproc-06c28b92d681-agent1,0.0,0.0,0.0,injected_unvalidated
full_memory,51,1,receiver_2,dbproc-01870edcc464-agent2,0.0,0.0,0.0,injected_unvalidated
full_memory,51,1,receiver_2,dbproc-01870edcc464-agent1,0.0,0.0,0.0,injected_unvalidated
full_memory,51,1,receiver_2,dbproc-01870edcc464-agent4,1.0,0.0,1.0,validated
full_memory,51,1,receiver_2,dbproc-01870edcc464-agent5,0.0,0.0,0.0,injected_unvalidated
full_memory,51,1,receiver_2,dbproc-01870edcc464-agent3,0.0,0.0,0.0,injected_unvalidated
full_memory,51,1,receiver_2,dbproc-06c28b92d681-agent1,0.0,0.0,0.0,injected_unvalidated
full_memory,51,1,receiver_3,dbproc-01870edcc464-agent2,1.0,0.0,1.0,validated
full_memory,51,1,receiver_3,dbproc-01870edcc464-agent1,1.0,0.0,1.0,validated
full_memory,51,1,receiver_3,dbproc-01870edcc464-agent4,0.0,0.0,0.0,injected_unvalidated
full_memory,51,1,receiver_3,dbproc-01870edcc464-agent5,0.0,0.0,0.0,injected_unvalidated
full_memory,51,1,receiver_3,dbproc-01870edcc464-agent3,0.0,1.0,-1.0,injected_unvalidated
full_memory,51,1,receiver_3,dbproc-06c28b92d681-agent1,0.0,1.0,-1.0,injected_unvalidated
retrieval,51,1,receiver_1,dbproc-01870edcc464-agent1,0.0,0.0,0.0,injected_unvalidated
retrieval,51,1,receiver_1,dbproc-01870edcc464-agent2,0.0,0.0,0.0,injected_unvalidated
retrieval,51,1,receiver_1,dbproc-01870edcc464-agent3,0.0,0.0,0.0,injected_unvalidated
retrieval,51,1,receiver_2,dbproc-01870edcc464-agent1,0.0,0.0,0.0,injected_unvalidated
retrieval,51,1,receiver_2,dbproc-01870edcc464-agent2,0.0,0.0,0.0,injected_unvalidated
retrieval,51,1,receiver_2,dbproc-01870edcc464-agent3,0.0,0.0,0.0,injected_unvalidated
retrieval,51,1,receiver_3,dbproc-01870edcc464-agent1,1.0,0.0,1.0,validated
retrieval,51,1,receiver_3,dbproc-01870edcc464-agent2,1.0,0.0,1.0,validated
retrieval,51,1,receiver_3,dbproc-01870edcc464-agent3,0.0,1.0,-1.0,injected_unvalidated
smtr_uniform,51,1,receiver_1,dbproc-01870edcc464-agent4,0.0,0.0,0.0,injected_unvalidated
smtr_uniform,51,1,receiver_1,dbproc-01870edcc464-agent2,0.0,0.0,0.0,injected_unvalidated
smtr_uniform,51,1,receiver_1,dbproc-01870edcc464-agent1,0.0,0.0,0.0,injected_unvalidated
smtr_uniform,51,1,receiver_2,dbproc-01870edcc464-agent4,1.0,0.0,1.0,validated
smtr_uniform,51,1,receiver_2,dbproc-01870edcc464-agent2,0.0,0.0,0.0,injected_unvalidated
smtr_uniform,51,1,receiver_2,dbproc-01870edcc464-agent1,0.0,0.0,0.0,injected_unvalidated
smtr_uniform,51,1,receiver_3,dbproc-01870edcc464-agent4,0.0,0.0,0.0,injected_unvalidated
smtr_uniform,51,1,receiver_3,dbproc-01870edcc464-agent2,1.0,0.0,1.0,validated
smtr_uniform,51,1,receiver_3,dbproc-01870edcc464-agent1,1.0,0.0,1.0,validated
smtr_receiver,51,1,receiver_2,dbproc-01870edcc464-agent4,1.0,0.0,1.0,validated
smtr_receiver,51,1,receiver_3,dbproc-01870edcc464-agent2,1.0,0.0,1.0,validated
smtr_receiver,51,1,receiver_3,dbproc-01870edcc464-agent1,1.0,0.0,1.0,validated
full_memory,51,2,receiver_1,dbproc-01870edcc464-agent2,1.0,0.0,1.0,validated
full_memory,51,2,receiver_1,dbproc-01870edcc464-agent5,0.0,0.0,0.0,injected_unvalidated
full_memory,51,2,receiver_1,dbproc-01870edcc464-agent3,0.0,0.0,0.0,injected_unvalidated
full_memory,51,2,receiver_1,dbproc-06c28b92d681-agent1,0.0,0.0,0.0,injected_unvalidated
full_memory,51,2,receiver_2,dbproc-01870edcc464-agent2,1.0,0.0,1.0,validated
full_memory,51,2,receiver_2,dbproc-01870edcc464-agent5,0.0,0.0,0.0,injected_unvalidated
full_memory,51,2,receiver_2,dbproc-01870edcc464-agent3,0.0,0.0,0.0,injected_unvalidated
full_memory,51,2,receiver_2,dbproc-06c28b92d681-agent1,0.0,0.0,0.0,injected_unvalidated
full_memory,51,2,receiver_3,dbproc-01870edcc464-agent2,0.0,0.0,0.0,injected_unvalidated
full_memory,51,2,receiver_3,dbproc-01870edcc464-agent5,0.0,0.0,0.0,injected_unvalidated
full_memory,51,2,receiver_3,dbproc-01870edcc464-agent3,0.0,1.0,-1.0,injected_unvalidated
full_memory,51,2,receiver_3,dbproc-06c28b92d681-agent1,0.0,1.0,-1.0,injected_unvalidated
retrieval,51,2,receiver_1,dbproc-01870edcc464-agent2,1.0,0.0,1.0,validated
retrieval,51,2,receiver_1,dbproc-01870edcc464-agent3,0.0,0.0,0.0,injected_unvalidated
retrieval,51,2,receiver_1,dbproc-01870edcc464-agent5,0.0,0.0,0.0,injected_unvalidated
retrieval,51,2,receiver_2,dbproc-01870edcc464-agent2,1.0,0.0,1.0,validated
retrieval,51,2,receiver_2,dbproc-01870edcc464-agent3,0.0,0.0,0.0,injected_unvalidated
retrieval,51,2,receiver_2,dbproc-01870edcc464-agent5,0.0,0.0,0.0,injected_unvalidated
retrieval,51,2,receiver_3,dbproc-01870edcc464-agent2,0.0,0.0,0.0,injected_unvalidated
retrieval,51,2,receiver_3,dbproc-01870edcc464-agent3,0.0,1.0,-1.0,injected_unvalidated
retrieval,51,2,receiver_3,dbproc-01870edcc464-agent5,0.0,0.0,0.0,injected_unvalidated
smtr_uniform,51,2,receiver_1,dbproc-01870edcc464-agent2,1.0,0.0,1.0,validated
smtr_uniform,51,2,receiver_2,dbproc-01870edcc464-agent2,1.0,0.0,1.0,validated
smtr_uniform,51,2,receiver_3,dbproc-01870edcc464-agent2,0.0,0.0,0.0,injected_unvalidated
smtr_receiver,51,2,receiver_1,dbproc-01870edcc464-agent2,1.0,0.0,1.0,validated
smtr_receiver,51,2,receiver_2,dbproc-01870edcc464-agent2,1.0,0.0,1.0,validated
full_memory,57,0,receiver_1,dbproc-01870edcc464-agent3,0.0,0.0,0.0,injected_unvalidated
full_memory,57,0,receiver_1,dbproc-01870edcc464-agent5,0.0,0.0,0.0,injected_unvalidated
full_memory,57,0,receiver_1,dbproc-01870edcc464-agent4,0.0,0.0,0.0,injected_unvalidated
full_memory,57,0,receiver_1,dbproc-01870edcc464-agent1,0.0,0.0,0.0,injected_unvalidated
full_memory,57,0,receiver_1,dbproc-01870edcc464-agent2,0.0,0.0,0.0,injected_unvalidated
full_memory,57,0,receiver_1,dbproc-06c28b92d681-agent1,0.0,0.0,0.0,injected_unvalidated
full_memory,57,0,receiver_2,dbproc-01870edcc464-agent3,0.0,0.0,0.0,injected_unvalidated
full_memory,57,0,receiver_2,dbproc-01870edcc464-agent5,1.0,0.0,1.0,validated
full_memory,57,0,receiver_2,dbproc-01870edcc464-agent4,0.0,0.0,0.0,injected_unvalidated
full_memory,57,0,receiver_2,dbproc-01870edcc464-agent1,0.0,1.0,-1.0,injected_unvalidated
full_memory,57,0,receiver_2,dbproc-01870edcc464-agent2,0.0,0.0,0.0,injected_unvalidated
full_memory,57,0,receiver_2,dbproc-06c28b92d681-agent1,0.0,1.0,-1.0,injected_unvalidated
full_memory,57,0,receiver_3,dbproc-01870edcc464-agent3,0.0,0.0,0.0,injected_unvalidated
full_memory,57,0,receiver_3,dbproc-01870edcc464-agent5,0.0,0.0,0.0,injected_unvalidated
full_memory,57,0,receiver_3,dbproc-01870edcc464-agent4,0.0,0.0,0.0,injected_unvalidated
full_memory,57,0,receiver_3,dbproc-01870edcc464-agent1,0.0,0.0,0.0,injected_unvalidated
full_memory,57,0,receiver_3,dbproc-01870edcc464-agent2,0.0,0.0,0.0,injected_unvalidated
full_memory,57,0,receiver_3,dbproc-06c28b92d681-agent1,0.0,0.0,0.0,injected_unvalidated
retrieval,57,0,receiver_1,dbproc-01870edcc464-agent1,0.0,0.0,0.0,injected_unvalidated
retrieval,57,0,receiver_1,dbproc-01870edcc464-agent2,0.0,0.0,0.0,injected_unvalidated
retrieval,57,0,receiver_1,dbproc-01870edcc464-agent3,0.0,0.0,0.0,injected_unvalidated
retrieval,57,0,receiver_2,dbproc-01870edcc464-agent1,0.0,1.0,-1.0,injected_unvalidated
retrieval,57,0,receiver_2,dbproc-01870edcc464-agent2,0.0,0.0,0.0,injected_unvalidated
retrieval,57,0,receiver_2,dbproc-01870edcc464-agent3,0.0,0.0,0.0,injected_unvalidated
retrieval,57,0,receiver_3,dbproc-01870edcc464-agent1,0.0,0.0,0.0,injected_unvalidated
retrieval,57,0,receiver_3,dbproc-01870edcc464-agent2,0.0,0.0,0.0,injected_unvalidated
retrieval,57,0,receiver_3,dbproc-01870edcc464-agent3,0.0,0.0,0.0,injected_unvalidated
smtr_uniform,57,0,receiver_1,dbproc-01870edcc464-agent5,0.0,0.0,0.0,injected_unvalidated
smtr_uniform,57,0,receiver_2,dbproc-01870edcc464-agent5,1.0,0.0,1.0,validated
smtr_uniform,57,0,receiver_3,dbproc-01870edcc464-agent5,0.0,0.0,0.0,injected_unvalidated
smtr_receiver,57,0,receiver_2,dbproc-01870edcc464-agent5,1.0,0.0,1.0,validated
full_memory,57,1,receiver_1,dbproc-01870edcc464-agent3,0.0,0.0,0.0,injected_unvalidated
full_memory,57,1,receiver_1,dbproc-01870edcc464-agent5,0.0,0.0,0.0,injected_unvalidated
full_memory,57,1,receiver_1,dbproc-01870edcc464-agent4,0.0,0.0,0.0,injected_unvalidated
full_memory,57,1,receiver_1,dbproc-01870edcc464-agent1,0.0,0.0,0.0,injected_unvalidated
full_memory,57,1,receiver_1,dbproc-01870edcc464-agent2,0.0,0.0,0.0,injected_unvalidated
full_memory,57,1,receiver_1,dbproc-06c28b92d681-agent1,0.0,0.0,0.0,injected_unvalidated
full_memory,57,1,receiver_2,dbproc-01870edcc464-agent3,0.0,0.0,0.0,injected_unvalidated
full_memory,57,1,receiver_2,dbproc-01870edcc464-agent5,1.0,0.0,1.0,validated
full_memory,57,1,receiver_2,dbproc-01870edcc464-agent4,0.0,0.0,0.0,injected_unvalidated
full_memory,57,1,receiver_2,dbproc-01870edcc464-agent1,0.0,1.0,-1.0,injected_unvalidated
full_memory,57,1,receiver_2,dbproc-01870edcc464-agent2,0.0,0.0,0.0,injected_unvalidated
full_memory,57,1,receiver_2,dbproc-06c28b92d681-agent1,0.0,1.0,-1.0,injected_unvalidated
full_memory,57,1,receiver_3,dbproc-01870edcc464-agent3,0.0,0.0,0.0,injected_unvalidated
full_memory,57,1,receiver_3,dbproc-01870edcc464-agent5,0.0,0.0,0.0,injected_unvalidated
full_memory,57,1,receiver_3,dbproc-01870edcc464-agent4,0.0,0.0,0.0,injected_unvalidated
full_memory,57,1,receiver_3,dbproc-01870edcc464-agent1,0.0,0.0,0.0,injected_unvalidated
full_memory,57,1,receiver_3,dbproc-01870edcc464-agent2,0.0,0.0,0.0,injected_unvalidated
full_memory,57,1,receiver_3,dbproc-06c28b92d681-agent1,0.0,0.0,0.0,injected_unvalidated
retrieval,57,1,receiver_1,dbproc-01870edcc464-agent1,0.0,0.0,0.0,injected_unvalidated
retrieval,57,1,receiver_1,dbproc-01870edcc464-agent2,0.0,0.0,0.0,injected_unvalidated
retrieval,57,1,receiver_1,dbproc-01870edcc464-agent3,0.0,0.0,0.0,injected_unvalidated
retrieval,57,1,receiver_2,dbproc-01870edcc464-agent1,0.0,1.0,-1.0,injected_unvalidated
retrieval,57,1,receiver_2,dbproc-01870edcc464-agent2,0.0,0.0,0.0,injected_unvalidated
retrieval,57,1,receiver_2,dbproc-01870edcc464-agent3,0.0,0.0,0.0,injected_unvalidated
retrieval,57,1,receiver_3,dbproc-01870edcc464-agent1,0.0,0.0,0.0,injected_unvalidated
retrieval,57,1,receiver_3,dbproc-01870edcc464-agent2,0.0,0.0,0.0,injected_unvalidated
retrieval,57,1,receiver_3,dbproc-01870edcc464-agent3,0.0,0.0,0.0,injected_unvalidated
smtr_uniform,57,1,receiver_1,dbproc-01870edcc464-agent5,0.0,0.0,0.0,injected_unvalidated
smtr_uniform,57,1,receiver_2,dbproc-01870edcc464-agent5,1.0,0.0,1.0,validated
smtr_uniform,57,1,receiver_3,dbproc-01870edcc464-agent5,0.0,0.0,0.0,injected_unvalidated
smtr_receiver,57,1,receiver_2,dbproc-01870edcc464-agent5,1.0,0.0,1.0,validated
full_memory,57,2,receiver_1,dbproc-01870edcc464-agent3,0.0,0.0,0.0,injected_unvalidated
full_memory,57,2,receiver_1,dbproc-01870edcc464-agent5,0.0,0.0,0.0,injected_unvalidated
full_memory,57,2,receiver_1,dbproc-01870edcc464-agent4,0.0,0.0,0.0,injected_unvalidated
full_memory,57,2,receiver_1,dbproc-01870edcc464-agent1,0.0,0.0,0.0,injected_unvalidated
full_memory,57,2,receiver_1,dbproc-01870edcc464-agent2,0.0,0.0,0.0,injected_unvalidated
full_memory,57,2,receiver_1,dbproc-06c28b92d681-agent1,0.0,0.0,0.0,injected_unvalidated
full_memory,57,2,receiver_2,dbproc-01870edcc464-agent3,0.0,0.0,0.0,injected_unvalidated
full_memory,57,2,receiver_2,dbproc-01870edcc464-agent5,1.0,0.0,1.0,validated
full_memory,57,2,receiver_2,dbproc-01870edcc464-agent4,0.0,0.0,0.0,injected_unvalidated
full_memory,57,2,receiver_2,dbproc-01870edcc464-agent1,0.0,1.0,-1.0,injected_unvalidated
full_memory,57,2,receiver_2,dbproc-01870edcc464-agent2,0.0,0.0,0.0,injected_unvalidated
full_memory,57,2,receiver_2,dbproc-06c28b92d681-agent1,0.0,1.0,-1.0,injected_unvalidated
full_memory,57,2,receiver_3,dbproc-01870edcc464-agent3,0.0,0.0,0.0,injected_unvalidated
full_memory,57,2,receiver_3,dbproc-01870edcc464-agent5,0.0,0.0,0.0,injected_unvalidated
full_memory,57,2,receiver_3,dbproc-01870edcc464-agent4,0.0,0.0,0.0,injected_unvalidated
full_memory,57,2,receiver_3,dbproc-01870edcc464-agent1,0.0,0.0,0.0,injected_unvalidated
full_memory,57,2,receiver_3,dbproc-01870edcc464-agent2,0.0,0.0,0.0,injected_unvalidated
full_memory,57,2,receiver_3,dbproc-06c28b92d681-agent1,0.0,0.0,0.0,injected_unvalidated
retrieval,57,2,receiver_1,dbproc-01870edcc464-agent1,0.0,0.0,0.0,injected_unvalidated
retrieval,57,2,receiver_1,dbproc-01870edcc464-agent2,0.0,0.0,0.0,injected_unvalidated
retrieval,57,2,receiver_1,dbproc-01870edcc464-agent3,0.0,0.0,0.0,injected_unvalidated
retrieval,57,2,receiver_2,dbproc-01870edcc464-agent1,0.0,1.0,-1.0,injected_unvalidated
retrieval,57,2,receiver_2,dbproc-01870edcc464-agent2,0.0,0.0,0.0,injected_unvalidated
retrieval,57,2,receiver_2,dbproc-01870edcc464-agent3,0.0,0.0,0.0,injected_unvalidated
retrieval,57,2,receiver_3,dbproc-01870edcc464-agent1,0.0,0.0,0.0,injected_unvalidated
retrieval,57,2,receiver_3,dbproc-01870edcc464-agent2,0.0,0.0,0.0,injected_unvalidated
retrieval,57,2,receiver_3,dbproc-01870edcc464-agent3,0.0,0.0,0.0,injected_unvalidated
smtr_uniform,57,2,receiver_1,dbproc-01870edcc464-agent5,0.0,0.0,0.0,injected_unvalidated
smtr_uniform,57,2,receiver_2,dbproc-01870edcc464-agent5,1.0,0.0,1.0,validated
smtr_uniform,57,2,receiver_3,dbproc-01870edcc464-agent5,0.0,0.0,0.0,injected_unvalidated
smtr_receiver,57,2,receiver_2,dbproc-01870edcc464-agent5,1.0,0.0,1.0,validated
full_memory,60,0,receiver_1,dbproc-01870edcc464-agent1,0.0,1.0,-1.0,injected_unvalidated
full_memory,60,0,receiver_1,dbproc-01870edcc464-agent3,1.0,1.0,0.0,injected_unvalidated
full_memory,60,0,receiver_1,dbproc-06c28b92d681-agent1,0.0,1.0,-1.0,injected_unvalidated
full_memory,60,0,receiver_1,dbproc-01870edcc464-agent5,1.0,1.0,0.0,injected_unvalidated
full_memory,60,0,receiver_1,dbproc-01870edcc464-agent4,1.0,1.0,0.0,injected_unvalidated
full_memory,60,0,receiver_1,dbproc-01870edcc464-agent2,1.0,1.0,0.0,injected_unvalidated
full_memory,60,0,receiver_2,dbproc-01870edcc464-agent1,0.0,1.0,-1.0,injected_unvalidated
full_memory,60,0,receiver_2,dbproc-01870edcc464-agent3,1.0,1.0,0.0,injected_unvalidated
full_memory,60,0,receiver_2,dbproc-06c28b92d681-agent1,1.0,1.0,0.0,injected_unvalidated
full_memory,60,0,receiver_2,dbproc-01870edcc464-agent5,1.0,1.0,0.0,injected_unvalidated
full_memory,60,0,receiver_2,dbproc-01870edcc464-agent4,1.0,1.0,0.0,injected_unvalidated
full_memory,60,0,receiver_2,dbproc-01870edcc464-agent2,1.0,1.0,0.0,injected_unvalidated
full_memory,60,0,receiver_3,dbproc-01870edcc464-agent1,0.0,1.0,-1.0,injected_unvalidated
full_memory,60,0,receiver_3,dbproc-01870edcc464-agent3,1.0,1.0,0.0,injected_unvalidated
full_memory,60,0,receiver_3,dbproc-06c28b92d681-agent1,0.0,1.0,-1.0,injected_unvalidated
full_memory,60,0,receiver_3,dbproc-01870edcc464-agent5,1.0,1.0,0.0,injected_unvalidated
full_memory,60,0,receiver_3,dbproc-01870edcc464-agent4,1.0,1.0,0.0,injected_unvalidated
full_memory,60,0,receiver_3,dbproc-01870edcc464-agent2,1.0,1.0,0.0,injected_unvalidated
retrieval,60,0,receiver_1,dbproc-01870edcc464-agent1,0.0,1.0,-1.0,injected_unvalidated
retrieval,60,0,receiver_1,dbproc-01870edcc464-agent2,1.0,1.0,0.0,injected_unvalidated
retrieval,60,0,receiver_1,dbproc-01870edcc464-agent3,1.0,1.0,0.0,injected_unvalidated
retrieval,60,0,receiver_2,dbproc-01870edcc464-agent1,0.0,1.0,-1.0,injected_unvalidated
retrieval,60,0,receiver_2,dbproc-01870edcc464-agent2,1.0,1.0,0.0,injected_unvalidated
retrieval,60,0,receiver_2,dbproc-01870edcc464-agent3,1.0,1.0,0.0,injected_unvalidated
retrieval,60,0,receiver_3,dbproc-01870edcc464-agent1,0.0,1.0,-1.0,injected_unvalidated
retrieval,60,0,receiver_3,dbproc-01870edcc464-agent2,1.0,1.0,0.0,injected_unvalidated
retrieval,60,0,receiver_3,dbproc-01870edcc464-agent3,1.0,1.0,0.0,injected_unvalidated
full_memory,60,1,receiver_1,dbproc-01870edcc464-agent1,1.0,1.0,0.0,injected_unvalidated
full_memory,60,1,receiver_1,dbproc-01870edcc464-agent3,1.0,1.0,0.0,injected_unvalidated
full_memory,60,1,receiver_1,dbproc-06c28b92d681-agent1,1.0,1.0,0.0,injected_unvalidated
full_memory,60,1,receiver_1,dbproc-01870edcc464-agent5,1.0,1.0,0.0,injected_unvalidated
full_memory,60,1,receiver_1,dbproc-01870edcc464-agent4,1.0,1.0,0.0,injected_unvalidated
full_memory,60,1,receiver_1,dbproc-01870edcc464-agent2,1.0,1.0,0.0,injected_unvalidated
full_memory,60,1,receiver_2,dbproc-01870edcc464-agent1,1.0,1.0,0.0,injected_unvalidated
full_memory,60,1,receiver_2,dbproc-01870edcc464-agent3,1.0,1.0,0.0,injected_unvalidated
full_memory,60,1,receiver_2,dbproc-06c28b92d681-agent1,1.0,1.0,0.0,injected_unvalidated
full_memory,60,1,receiver_2,dbproc-01870edcc464-agent5,1.0,1.0,0.0,injected_unvalidated
full_memory,60,1,receiver_2,dbproc-01870edcc464-agent4,1.0,1.0,0.0,injected_unvalidated
full_memory,60,1,receiver_2,dbproc-01870edcc464-agent2,1.0,1.0,0.0,injected_unvalidated
full_memory,60,1,receiver_3,dbproc-01870edcc464-agent1,1.0,1.0,0.0,injected_unvalidated
full_memory,60,1,receiver_3,dbproc-01870edcc464-agent3,1.0,1.0,0.0,injected_unvalidated
full_memory,60,1,receiver_3,dbproc-06c28b92d681-agent1,1.0,1.0,0.0,injected_unvalidated
full_memory,60,1,receiver_3,dbproc-01870edcc464-agent5,1.0,1.0,0.0,injected_unvalidated
full_memory,60,1,receiver_3,dbproc-01870edcc464-agent4,1.0,1.0,0.0,injected_unvalidated
full_memory,60,1,receiver_3,dbproc-01870edcc464-agent2,1.0,1.0,0.0,injected_unvalidated
retrieval,60,1,receiver_1,dbproc-01870edcc464-agent1,1.0,1.0,0.0,injected_unvalidated
retrieval,60,1,receiver_1,dbproc-01870edcc464-agent2,1.0,1.0,0.0,injected_unvalidated
retrieval,60,1,receiver_1,dbproc-01870edcc464-agent3,1.0,1.0,0.0,injected_unvalidated
retrieval,60,1,receiver_2,dbproc-01870edcc464-agent1,1.0,1.0,0.0,injected_unvalidated
retrieval,60,1,receiver_2,dbproc-01870edcc464-agent2,1.0,1.0,0.0,injected_unvalidated
retrieval,60,1,receiver_2,dbproc-01870edcc464-agent3,1.0,1.0,0.0,injected_unvalidated
retrieval,60,1,receiver_3,dbproc-01870edcc464-agent1,1.0,1.0,0.0,injected_unvalidated
retrieval,60,1,receiver_3,dbproc-01870edcc464-agent2,1.0,1.0,0.0,injected_unvalidated
retrieval,60,1,receiver_3,dbproc-01870edcc464-agent3,1.0,1.0,0.0,injected_unvalidated
full_memory,60,2,receiver_1,dbproc-01870edcc464-agent1,0.0,1.0,-1.0,injected_unvalidated
full_memory,60,2,receiver_1,dbproc-01870edcc464-agent3,1.0,1.0,0.0,injected_unvalidated
full_memory,60,2,receiver_1,dbproc-06c28b92d681-agent1,0.0,1.0,-1.0,injected_unvalidated
full_memory,60,2,receiver_1,dbproc-01870edcc464-agent5,0.0,1.0,-1.0,injected_unvalidated
full_memory,60,2,receiver_1,dbproc-01870edcc464-agent4,0.0,1.0,-1.0,injected_unvalidated
full_memory,60,2,receiver_1,dbproc-01870edcc464-agent2,1.0,1.0,0.0,injected_unvalidated
full_memory,60,2,receiver_2,dbproc-01870edcc464-agent1,0.0,1.0,-1.0,injected_unvalidated
full_memory,60,2,receiver_2,dbproc-01870edcc464-agent3,1.0,1.0,0.0,injected_unvalidated
full_memory,60,2,receiver_2,dbproc-06c28b92d681-agent1,1.0,1.0,0.0,injected_unvalidated
full_memory,60,2,receiver_2,dbproc-01870edcc464-agent5,0.0,1.0,-1.0,injected_unvalidated
full_memory,60,2,receiver_2,dbproc-01870edcc464-agent4,0.0,1.0,-1.0,injected_unvalidated
full_memory,60,2,receiver_2,dbproc-01870edcc464-agent2,1.0,1.0,0.0,injected_unvalidated
full_memory,60,2,receiver_3,dbproc-01870edcc464-agent1,0.0,1.0,-1.0,injected_unvalidated
full_memory,60,2,receiver_3,dbproc-01870edcc464-agent3,1.0,1.0,0.0,injected_unvalidated
full_memory,60,2,receiver_3,dbproc-06c28b92d681-agent1,0.0,1.0,-1.0,injected_unvalidated
full_memory,60,2,receiver_3,dbproc-01870edcc464-agent5,0.0,1.0,-1.0,injected_unvalidated
full_memory,60,2,receiver_3,dbproc-01870edcc464-agent4,1.0,1.0,0.0,injected_unvalidated
full_memory,60,2,receiver_3,dbproc-01870edcc464-agent2,1.0,1.0,0.0,injected_unvalidated
retrieval,60,2,receiver_1,dbproc-01870edcc464-agent1,0.0,1.0,-1.0,injected_unvalidated
retrieval,60,2,receiver_1,dbproc-01870edcc464-agent2,1.0,1.0,0.0,injected_unvalidated
retrieval,60,2,receiver_1,dbproc-01870edcc464-agent3,1.0,1.0,0.0,injected_unvalidated
retrieval,60,2,receiver_2,dbproc-01870edcc464-agent1,0.0,1.0,-1.0,injected_unvalidated
retrieval,60,2,receiver_2,dbproc-01870edcc464-agent2,1.0,1.0,0.0,injected_unvalidated
retrieval,60,2,receiver_2,dbproc-01870edcc464-agent3,1.0,1.0,0.0,injected_unvalidated
retrieval,60,2,receiver_3,dbproc-01870edcc464-agent1,0.0,1.0,-1.0,injected_unvalidated
retrieval,60,2,receiver_3,dbproc-01870edcc464-agent2,1.0,1.0,0.0,injected_unvalidated
retrieval,60,2,receiver_3,dbproc-01870edcc464-agent3,1.0,1.0,0.0,injected_unvalidated
full_memory,61,0,receiver_1,dbproc-01870edcc464-agent1,0.0,0.0,0.0,injected_unvalidated
full_memory,61,0,receiver_1,dbproc-01870edcc464-agent3,0.0,0.0,0.0,injected_unvalidated
full_memory,61,0,receiver_1,dbproc-01870edcc464-agent2,0.0,0.0,0.0,injected_unvalidated
full_memory,61,0,receiver_1,dbproc-01870edcc464-agent4,0.0,0.0,0.0,injected_unvalidated
full_memory,61,0,receiver_1,dbproc-01870edcc464-agent5,0.0,0.0,0.0,injected_unvalidated
full_memory,61,0,receiver_2,dbproc-01870edcc464-agent1,0.0,0.0,0.0,injected_unvalidated
full_memory,61,0,receiver_2,dbproc-01870edcc464-agent3,0.0,0.0,0.0,injected_unvalidated
full_memory,61,0,receiver_2,dbproc-01870edcc464-agent2,0.0,0.0,0.0,injected_unvalidated
full_memory,61,0,receiver_2,dbproc-01870edcc464-agent4,0.0,0.0,0.0,injected_unvalidated
full_memory,61,0,receiver_2,dbproc-01870edcc464-agent5,0.0,0.0,0.0,injected_unvalidated
full_memory,61,0,receiver_3,dbproc-01870edcc464-agent1,0.0,0.0,0.0,injected_unvalidated
full_memory,61,0,receiver_3,dbproc-01870edcc464-agent3,0.0,0.0,0.0,injected_unvalidated
full_memory,61,0,receiver_3,dbproc-01870edcc464-agent2,0.0,0.0,0.0,injected_unvalidated
full_memory,61,0,receiver_3,dbproc-01870edcc464-agent4,0.0,0.0,0.0,injected_unvalidated
full_memory,61,0,receiver_3,dbproc-01870edcc464-agent5,0.0,0.0,0.0,injected_unvalidated
retrieval,61,0,receiver_1,dbproc-01870edcc464-agent1,0.0,0.0,0.0,injected_unvalidated
retrieval,61,0,receiver_1,dbproc-01870edcc464-agent2,0.0,0.0,0.0,injected_unvalidated
retrieval,61,0,receiver_1,dbproc-01870edcc464-agent3,0.0,0.0,0.0,injected_unvalidated
retrieval,61,0,receiver_2,dbproc-01870edcc464-agent1,0.0,0.0,0.0,injected_unvalidated
retrieval,61,0,receiver_2,dbproc-01870edcc464-agent2,0.0,0.0,0.0,injected_unvalidated
retrieval,61,0,receiver_2,dbproc-01870edcc464-agent3,0.0,0.0,0.0,injected_unvalidated
retrieval,61,0,receiver_3,dbproc-01870edcc464-agent1,0.0,0.0,0.0,injected_unvalidated
retrieval,61,0,receiver_3,dbproc-01870edcc464-agent2,0.0,0.0,0.0,injected_unvalidated
retrieval,61,0,receiver_3,dbproc-01870edcc464-agent3,0.0,0.0,0.0,injected_unvalidated
full_memory,61,1,receiver_1,dbproc-01870edcc464-agent1,0.0,0.0,0.0,injected_unvalidated
full_memory,61,1,receiver_1,dbproc-01870edcc464-agent3,0.0,0.0,0.0,injected_unvalidated
full_memory,61,1,receiver_1,dbproc-06c28b92d681-agent1,0.0,0.0,0.0,injected_unvalidated
full_memory,61,1,receiver_1,dbproc-01870edcc464-agent2,0.0,0.0,0.0,injected_unvalidated
full_memory,61,1,receiver_1,dbproc-01870edcc464-agent4,0.0,0.0,0.0,injected_unvalidated
full_memory,61,1,receiver_1,dbproc-01870edcc464-agent5,0.0,0.0,0.0,injected_unvalidated
full_memory,61,1,receiver_2,dbproc-01870edcc464-agent1,0.0,0.0,0.0,injected_unvalidated
full_memory,61,1,receiver_2,dbproc-01870edcc464-agent3,0.0,0.0,0.0,injected_unvalidated
full_memory,61,1,receiver_2,dbproc-06c28b92d681-agent1,0.0,0.0,0.0,injected_unvalidated
full_memory,61,1,receiver_2,dbproc-01870edcc464-agent2,0.0,0.0,0.0,injected_unvalidated
full_memory,61,1,receiver_2,dbproc-01870edcc464-agent4,0.0,0.0,0.0,injected_unvalidated
full_memory,61,1,receiver_2,dbproc-01870edcc464-agent5,0.0,0.0,0.0,injected_unvalidated
full_memory,61,1,receiver_3,dbproc-01870edcc464-agent1,0.0,0.0,0.0,injected_unvalidated
full_memory,61,1,receiver_3,dbproc-01870edcc464-agent3,0.0,0.0,0.0,injected_unvalidated
full_memory,61,1,receiver_3,dbproc-06c28b92d681-agent1,0.0,0.0,0.0,injected_unvalidated
full_memory,61,1,receiver_3,dbproc-01870edcc464-agent2,0.0,0.0,0.0,injected_unvalidated
full_memory,61,1,receiver_3,dbproc-01870edcc464-agent4,0.0,0.0,0.0,injected_unvalidated
full_memory,61,1,receiver_3,dbproc-01870edcc464-agent5,0.0,0.0,0.0,injected_unvalidated
retrieval,61,1,receiver_1,dbproc-01870edcc464-agent1,0.0,0.0,0.0,injected_unvalidated
retrieval,61,1,receiver_1,dbproc-01870edcc464-agent2,0.0,0.0,0.0,injected_unvalidated
retrieval,61,1,receiver_1,dbproc-01870edcc464-agent3,0.0,0.0,0.0,injected_unvalidated
retrieval,61,1,receiver_2,dbproc-01870edcc464-agent1,0.0,0.0,0.0,injected_unvalidated
retrieval,61,1,receiver_2,dbproc-01870edcc464-agent2,0.0,0.0,0.0,injected_unvalidated
retrieval,61,1,receiver_2,dbproc-01870edcc464-agent3,0.0,0.0,0.0,injected_unvalidated
retrieval,61,1,receiver_3,dbproc-01870edcc464-agent1,0.0,0.0,0.0,injected_unvalidated
retrieval,61,1,receiver_3,dbproc-01870edcc464-agent2,0.0,0.0,0.0,injected_unvalidated
retrieval,61,1,receiver_3,dbproc-01870edcc464-agent3,0.0,0.0,0.0,injected_unvalidated
full_memory,61,2,receiver_1,dbproc-01870edcc464-agent3,0.0,0.0,0.0,injected_unvalidated
full_memory,61,2,receiver_1,dbproc-06c28b92d681-agent1,0.0,0.0,0.0,injected_unvalidated
full_memory,61,2,receiver_1,dbproc-01870edcc464-agent2,0.0,0.0,0.0,injected_unvalidated
full_memory,61,2,receiver_1,dbproc-01870edcc464-agent4,0.0,0.0,0.0,injected_unvalidated
full_memory,61,2,receiver_1,dbproc-01870edcc464-agent5,0.0,0.0,0.0,injected_unvalidated
full_memory,61,2,receiver_2,dbproc-01870edcc464-agent3,0.0,0.0,0.0,injected_unvalidated
full_memory,61,2,receiver_2,dbproc-06c28b92d681-agent1,0.0,0.0,0.0,injected_unvalidated
full_memory,61,2,receiver_2,dbproc-01870edcc464-agent2,0.0,0.0,0.0,injected_unvalidated
full_memory,61,2,receiver_2,dbproc-01870edcc464-agent4,0.0,0.0,0.0,injected_unvalidated
full_memory,61,2,receiver_2,dbproc-01870edcc464-agent5,0.0,0.0,0.0,injected_unvalidated
full_memory,61,2,receiver_3,dbproc-01870edcc464-agent3,0.0,0.0,0.0,injected_unvalidated
full_memory,61,2,receiver_3,dbproc-06c28b92d681-agent1,0.0,0.0,0.0,injected_unvalidated
full_memory,61,2,receiver_3,dbproc-01870edcc464-agent2,0.0,0.0,0.0,injected_unvalidated
full_memory,61,2,receiver_3,dbproc-01870edcc464-agent4,0.0,0.0,0.0,injected_unvalidated
full_memory,61,2,receiver_3,dbproc-01870edcc464-agent5,0.0,0.0,0.0,injected_unvalidated
retrieval,61,2,receiver_1,dbproc-01870edcc464-agent2,0.0,0.0,0.0,injected_unvalidated
retrieval,61,2,receiver_1,dbproc-01870edcc464-agent3,0.0,0.0,0.0,injected_unvalidated
retrieval,61,2,receiver_1,dbproc-01870edcc464-agent4,0.0,0.0,0.0,injected_unvalidated
retrieval,61,2,receiver_2,dbproc-01870edcc464-agent2,0.0,0.0,0.0,injected_unvalidated
retrieval,61,2,receiver_2,dbproc-01870edcc464-agent3,0.0,0.0,0.0,injected_unvalidated
retrieval,61,2,receiver_2,dbproc-01870edcc464-agent4,0.0,0.0,0.0,injected_unvalidated
retrieval,61,2,receiver_3,dbproc-01870edcc464-agent2,0.0,0.0,0.0,injected_unvalidated
retrieval,61,2,receiver_3,dbproc-01870edcc464-agent3,0.0,0.0,0.0,injected_unvalidated
retrieval,61,2,receiver_3,dbproc-01870edcc464-agent4,0.0,0.0,0.0,injected_unvalidated
full_memory,63,0,receiver_1,dbproc-01870edcc464-agent3,0.0,0.0,0.0,injected_unvalidated
full_memory,63,0,receiver_1,dbproc-01870edcc464-agent2,0.0,0.0,0.0,injected_unvalidated
full_memory,63,0,receiver_1,dbproc-01870edcc464-agent5,0.0,0.0,0.0,injected_unvalidated
full_memory,63,0,receiver_1,dbproc-01870edcc464-agent1,0.0,0.0,0.0,injected_unvalidated
full_memory,63,0,receiver_1,dbproc-01870edcc464-agent4,0.0,0.0,0.0,injected_unvalidated
full_memory,63,0,receiver_1,dbproc-06c28b92d681-agent1,0.0,0.0,0.0,injected_unvalidated
full_memory,63,0,receiver_2,dbproc-01870edcc464-agent3,0.0,0.0,0.0,injected_unvalidated
full_memory,63,0,receiver_2,dbproc-01870edcc464-agent2,0.0,0.0,0.0,injected_unvalidated
full_memory,63,0,receiver_2,dbproc-01870edcc464-agent5,0.0,0.0,0.0,injected_unvalidated
full_memory,63,0,receiver_2,dbproc-01870edcc464-agent1,0.0,0.0,0.0,injected_unvalidated
full_memory,63,0,receiver_2,dbproc-01870edcc464-agent4,0.0,0.0,0.0,injected_unvalidated
full_memory,63,0,receiver_2,dbproc-06c28b92d681-agent1,0.0,0.0,0.0,injected_unvalidated
full_memory,63,0,receiver_3,dbproc-01870edcc464-agent3,0.0,0.0,0.0,injected_unvalidated
full_memory,63,0,receiver_3,dbproc-01870edcc464-agent2,0.0,0.0,0.0,injected_unvalidated
full_memory,63,0,receiver_3,dbproc-01870edcc464-agent5,0.0,0.0,0.0,injected_unvalidated
full_memory,63,0,receiver_3,dbproc-01870edcc464-agent1,0.0,0.0,0.0,injected_unvalidated
full_memory,63,0,receiver_3,dbproc-01870edcc464-agent4,0.0,0.0,0.0,injected_unvalidated
full_memory,63,0,receiver_3,dbproc-06c28b92d681-agent1,0.0,0.0,0.0,injected_unvalidated
retrieval,63,0,receiver_1,dbproc-01870edcc464-agent1,0.0,0.0,0.0,injected_unvalidated
retrieval,63,0,receiver_1,dbproc-01870edcc464-agent2,0.0,0.0,0.0,injected_unvalidated
retrieval,63,0,receiver_1,dbproc-01870edcc464-agent3,0.0,0.0,0.0,injected_unvalidated
retrieval,63,0,receiver_2,dbproc-01870edcc464-agent1,0.0,0.0,0.0,injected_unvalidated
retrieval,63,0,receiver_2,dbproc-01870edcc464-agent2,0.0,0.0,0.0,injected_unvalidated
retrieval,63,0,receiver_2,dbproc-01870edcc464-agent3,0.0,0.0,0.0,injected_unvalidated
retrieval,63,0,receiver_3,dbproc-01870edcc464-agent1,0.0,0.0,0.0,injected_unvalidated
retrieval,63,0,receiver_3,dbproc-01870edcc464-agent2,0.0,0.0,0.0,injected_unvalidated
retrieval,63,0,receiver_3,dbproc-01870edcc464-agent3,0.0,0.0,0.0,injected_unvalidated
full_memory,63,1,receiver_1,dbproc-01870edcc464-agent3,0.0,0.0,0.0,injected_unvalidated
full_memory,63,1,receiver_1,dbproc-01870edcc464-agent2,0.0,0.0,0.0,injected_unvalidated
full_memory,63,1,receiver_1,dbproc-01870edcc464-agent5,0.0,0.0,0.0,injected_unvalidated
full_memory,63,1,receiver_1,dbproc-01870edcc464-agent1,0.0,0.0,0.0,injected_unvalidated
full_memory,63,1,receiver_1,dbproc-01870edcc464-agent4,0.0,0.0,0.0,injected_unvalidated
full_memory,63,1,receiver_1,dbproc-06c28b92d681-agent1,0.0,0.0,0.0,injected_unvalidated
full_memory,63,1,receiver_2,dbproc-01870edcc464-agent3,0.0,0.0,0.0,injected_unvalidated
full_memory,63,1,receiver_2,dbproc-01870edcc464-agent2,0.0,0.0,0.0,injected_unvalidated
full_memory,63,1,receiver_2,dbproc-01870edcc464-agent5,0.0,0.0,0.0,injected_unvalidated
full_memory,63,1,receiver_2,dbproc-01870edcc464-agent1,0.0,0.0,0.0,injected_unvalidated
full_memory,63,1,receiver_2,dbproc-01870edcc464-agent4,0.0,0.0,0.0,injected_unvalidated
full_memory,63,1,receiver_2,dbproc-06c28b92d681-agent1,0.0,0.0,0.0,injected_unvalidated
full_memory,63,1,receiver_3,dbproc-01870edcc464-agent3,0.0,0.0,0.0,injected_unvalidated
full_memory,63,1,receiver_3,dbproc-01870edcc464-agent2,0.0,0.0,0.0,injected_unvalidated
full_memory,63,1,receiver_3,dbproc-01870edcc464-agent5,0.0,0.0,0.0,injected_unvalidated
full_memory,63,1,receiver_3,dbproc-01870edcc464-agent1,0.0,0.0,0.0,injected_unvalidated
full_memory,63,1,receiver_3,dbproc-01870edcc464-agent4,0.0,0.0,0.0,injected_unvalidated
full_memory,63,1,receiver_3,dbproc-06c28b92d681-agent1,0.0,0.0,0.0,injected_unvalidated
retrieval,63,1,receiver_1,dbproc-01870edcc464-agent1,0.0,0.0,0.0,injected_unvalidated
retrieval,63,1,receiver_1,dbproc-01870edcc464-agent2,0.0,0.0,0.0,injected_unvalidated
retrieval,63,1,receiver_1,dbproc-01870edcc464-agent3,0.0,0.0,0.0,injected_unvalidated
retrieval,63,1,receiver_2,dbproc-01870edcc464-agent1,0.0,0.0,0.0,injected_unvalidated
retrieval,63,1,receiver_2,dbproc-01870edcc464-agent2,0.0,0.0,0.0,injected_unvalidated
retrieval,63,1,receiver_2,dbproc-01870edcc464-agent3,0.0,0.0,0.0,injected_unvalidated
retrieval,63,1,receiver_3,dbproc-01870edcc464-agent1,0.0,0.0,0.0,injected_unvalidated
retrieval,63,1,receiver_3,dbproc-01870edcc464-agent2,0.0,0.0,0.0,injected_unvalidated
retrieval,63,1,receiver_3,dbproc-01870edcc464-agent3,0.0,0.0,0.0,injected_unvalidated
full_memory,63,2,receiver_1,dbproc-01870edcc464-agent3,0.0,0.0,0.0,injected_unvalidated
full_memory,63,2,receiver_1,dbproc-01870edcc464-agent2,0.0,0.0,0.0,injected_unvalidated
full_memory,63,2,receiver_1,dbproc-01870edcc464-agent5,0.0,0.0,0.0,injected_unvalidated
full_memory,63,2,receiver_1,dbproc-01870edcc464-agent1,0.0,0.0,0.0,injected_unvalidated
full_memory,63,2,receiver_1,dbproc-01870edcc464-agent4,0.0,0.0,0.0,injected_unvalidated
full_memory,63,2,receiver_1,dbproc-06c28b92d681-agent1,0.0,0.0,0.0,injected_unvalidated
full_memory,63,2,receiver_2,dbproc-01870edcc464-agent3,0.0,0.0,0.0,injected_unvalidated
full_memory,63,2,receiver_2,dbproc-01870edcc464-agent2,0.0,0.0,0.0,injected_unvalidated
full_memory,63,2,receiver_2,dbproc-01870edcc464-agent5,0.0,0.0,0.0,injected_unvalidated
full_memory,63,2,receiver_2,dbproc-01870edcc464-agent1,0.0,0.0,0.0,injected_unvalidated
full_memory,63,2,receiver_2,dbproc-01870edcc464-agent4,0.0,0.0,0.0,injected_unvalidated
full_memory,63,2,receiver_2,dbproc-06c28b92d681-agent1,0.0,0.0,0.0,injected_unvalidated
full_memory,63,2,receiver_3,dbproc-01870edcc464-agent3,0.0,0.0,0.0,injected_unvalidated
full_memory,63,2,receiver_3,dbproc-01870edcc464-agent2,0.0,0.0,0.0,injected_unvalidated
full_memory,63,2,receiver_3,dbproc-01870edcc464-agent5,0.0,0.0,0.0,injected_unvalidated
full_memory,63,2,receiver_3,dbproc-01870edcc464-agent1,0.0,0.0,0.0,injected_unvalidated
full_memory,63,2,receiver_3,dbproc-01870edcc464-agent4,0.0,0.0,0.0,injected_unvalidated
full_memory,63,2,receiver_3,dbproc-06c28b92d681-agent1,0.0,0.0,0.0,injected_unvalidated
retrieval,63,2,receiver_1,dbproc-01870edcc464-agent1,0.0,0.0,0.0,injected_unvalidated
retrieval,63,2,receiver_1,dbproc-01870edcc464-agent2,0.0,0.0,0.0,injected_unvalidated
retrieval,63,2,receiver_1,dbproc-01870edcc464-agent3,0.0,0.0,0.0,injected_unvalidated
retrieval,63,2,receiver_2,dbproc-01870edcc464-agent1,0.0,0.0,0.0,injected_unvalidated
retrieval,63,2,receiver_2,dbproc-01870edcc464-agent2,0.0,0.0,0.0,injected_unvalidated
retrieval,63,2,receiver_2,dbproc-01870edcc464-agent3,0.0,0.0,0.0,injected_unvalidated
retrieval,63,2,receiver_3,dbproc-01870edcc464-agent1,0.0,0.0,0.0,injected_unvalidated
retrieval,63,2,receiver_3,dbproc-01870edcc464-agent2,0.0,0.0,0.0,injected_unvalidated
retrieval,63,2,receiver_3,dbproc-01870edcc464-agent3,0.0,0.0,0.0,injected_unvalidated
full_memory,64,0,receiver_1,dbproc-06c28b92d681-agent1,0.0,0.0,0.0,injected_unvalidated
full_memory,64,0,receiver_1,dbproc-01870edcc464-agent4,0.0,0.0,0.0,injected_unvalidated
full_memory,64,0,receiver_1,dbproc-01870edcc464-agent3,0.0,0.0,0.0,injected_unvalidated
full_memory,64,0,receiver_1,dbproc-01870edcc464-agent1,0.0,0.0,0.0,injected_unvalidated
full_memory,64,0,receiver_1,dbproc-01870edcc464-agent5,0.0,0.0,0.0,injected_unvalidated
full_memory,64,0,receiver_1,dbproc-01870edcc464-agent2,0.0,0.0,0.0,injected_unvalidated
full_memory,64,0,receiver_2,dbproc-06c28b92d681-agent1,0.0,0.0,0.0,injected_unvalidated
full_memory,64,0,receiver_2,dbproc-01870edcc464-agent4,0.0,0.0,0.0,injected_unvalidated
full_memory,64,0,receiver_2,dbproc-01870edcc464-agent3,0.0,0.0,0.0,injected_unvalidated
full_memory,64,0,receiver_2,dbproc-01870edcc464-agent1,1.0,0.0,1.0,validated
full_memory,64,0,receiver_2,dbproc-01870edcc464-agent5,0.0,0.0,0.0,injected_unvalidated
full_memory,64,0,receiver_2,dbproc-01870edcc464-agent2,1.0,0.0,1.0,validated
full_memory,64,0,receiver_3,dbproc-06c28b92d681-agent1,0.0,0.0,0.0,injected_unvalidated
full_memory,64,0,receiver_3,dbproc-01870edcc464-agent4,0.0,0.0,0.0,injected_unvalidated
full_memory,64,0,receiver_3,dbproc-01870edcc464-agent3,0.0,1.0,-1.0,injected_unvalidated
full_memory,64,0,receiver_3,dbproc-01870edcc464-agent1,0.0,1.0,-1.0,injected_unvalidated
full_memory,64,0,receiver_3,dbproc-01870edcc464-agent5,0.0,0.0,0.0,injected_unvalidated
full_memory,64,0,receiver_3,dbproc-01870edcc464-agent2,0.0,0.0,0.0,injected_unvalidated
retrieval,64,0,receiver_1,dbproc-01870edcc464-agent1,0.0,0.0,0.0,injected_unvalidated
retrieval,64,0,receiver_1,dbproc-01870edcc464-agent2,0.0,0.0,0.0,injected_unvalidated
retrieval,64,0,receiver_1,dbproc-01870edcc464-agent3,0.0,0.0,0.0,injected_unvalidated
retrieval,64,0,receiver_2,dbproc-01870edcc464-agent1,1.0,0.0,1.0,validated
retrieval,64,0,receiver_2,dbproc-01870edcc464-agent2,1.0,0.0,1.0,validated
retrieval,64,0,receiver_2,dbproc-01870edcc464-agent3,0.0,0.0,0.0,injected_unvalidated
retrieval,64,0,receiver_3,dbproc-01870edcc464-agent1,0.0,1.0,-1.0,injected_unvalidated
retrieval,64,0,receiver_3,dbproc-01870edcc464-agent2,0.0,0.0,0.0,injected_unvalidated
retrieval,64,0,receiver_3,dbproc-01870edcc464-agent3,0.0,1.0,-1.0,injected_unvalidated
smtr_uniform,64,0,receiver_1,dbproc-01870edcc464-agent2,0.0,0.0,0.0,injected_unvalidated
smtr_uniform,64,0,receiver_2,dbproc-01870edcc464-agent2,1.0,0.0,1.0,validated
smtr_uniform,64,0,receiver_3,dbproc-01870edcc464-agent2,0.0,0.0,0.0,injected_unvalidated
smtr_receiver,64,0,receiver_2,dbproc-01870edcc464-agent2,1.0,0.0,1.0,validated
smtr_receiver,64,0,receiver_2,dbproc-01870edcc464-agent1,1.0,0.0,1.0,validated
full_memory,64,2,receiver_1,dbproc-06c28b92d681-agent1,0.0,0.0,0.0,injected_unvalidated
full_memory,64,2,receiver_1,dbproc-01870edcc464-agent4,0.0,0.0,0.0,injected_unvalidated
full_memory,64,2,receiver_1,dbproc-01870edcc464-agent3,0.0,0.0,0.0,injected_unvalidated
full_memory,64,2,receiver_1,dbproc-01870edcc464-agent1,0.0,0.0,0.0,injected_unvalidated
full_memory,64,2,receiver_1,dbproc-01870edcc464-agent5,0.0,0.0,0.0,injected_unvalidated
full_memory,64,2,receiver_1,dbproc-01870edcc464-agent2,0.0,0.0,0.0,injected_unvalidated
full_memory,64,2,receiver_2,dbproc-06c28b92d681-agent1,0.0,0.0,0.0,injected_unvalidated
full_memory,64,2,receiver_2,dbproc-01870edcc464-agent4,0.0,0.0,0.0,injected_unvalidated
full_memory,64,2,receiver_2,dbproc-01870edcc464-agent3,0.0,0.0,0.0,injected_unvalidated
full_memory,64,2,receiver_2,dbproc-01870edcc464-agent1,1.0,0.0,1.0,validated
full_memory,64,2,receiver_2,dbproc-01870edcc464-agent5,0.0,0.0,0.0,injected_unvalidated
full_memory,64,2,receiver_2,dbproc-01870edcc464-agent2,1.0,0.0,1.0,validated
full_memory,64,2,receiver_3,dbproc-06c28b92d681-agent1,0.0,0.0,0.0,injected_unvalidated
full_memory,64,2,receiver_3,dbproc-01870edcc464-agent4,0.0,0.0,0.0,injected_unvalidated
full_memory,64,2,receiver_3,dbproc-01870edcc464-agent3,0.0,1.0,-1.0,injected_unvalidated
full_memory,64,2,receiver_3,dbproc-01870edcc464-agent1,0.0,1.0,-1.0,injected_unvalidated
full_memory,64,2,receiver_3,dbproc-01870edcc464-agent5,0.0,0.0,0.0,injected_unvalidated
full_memory,64,2,receiver_3,dbproc-01870edcc464-agent2,0.0,0.0,0.0,injected_unvalidated
retrieval,64,2,receiver_1,dbproc-01870edcc464-agent1,0.0,0.0,0.0,injected_unvalidated
retrieval,64,2,receiver_1,dbproc-01870edcc464-agent2,0.0,0.0,0.0,injected_unvalidated
retrieval,64,2,receiver_1,dbproc-01870edcc464-agent3,0.0,0.0,0.0,injected_unvalidated
retrieval,64,2,receiver_2,dbproc-01870edcc464-agent1,1.0,0.0,1.0,validated
retrieval,64,2,receiver_2,dbproc-01870edcc464-agent2,1.0,0.0,1.0,validated
retrieval,64,2,receiver_2,dbproc-01870edcc464-agent3,0.0,0.0,0.0,injected_unvalidated
retrieval,64,2,receiver_3,dbproc-01870edcc464-agent1,0.0,1.0,-1.0,injected_unvalidated
retrieval,64,2,receiver_3,dbproc-01870edcc464-agent2,0.0,0.0,0.0,injected_unvalidated
retrieval,64,2,receiver_3,dbproc-01870edcc464-agent3,0.0,1.0,-1.0,injected_unvalidated
smtr_uniform,64,2,receiver_1,dbproc-01870edcc464-agent2,0.0,0.0,0.0,injected_unvalidated
smtr_uniform,64,2,receiver_2,dbproc-01870edcc464-agent2,1.0,0.0,1.0,validated
smtr_uniform,64,2,receiver_3,dbproc-01870edcc464-agent2,0.0,0.0,0.0,injected_unvalidated
smtr_receiver,64,2,receiver_2,dbproc-01870edcc464-agent2,1.0,0.0,1.0,validated
smtr_receiver,64,2,receiver_2,dbproc-01870edcc464-agent1,1.0,0.0,1.0,validated
full_memory,65,0,receiver_1,dbproc-06c28b92d681-agent1,1.0,1.0,0.0,injected_unvalidated
full_memory,65,0,receiver_1,dbproc-01870edcc464-agent4,0.0,1.0,-1.0,injected_unvalidated
full_memory,65,0,receiver_2,dbproc-06c28b92d681-agent1,1.0,1.0,0.0,injected_unvalidated
full_memory,65,0,receiver_2,dbproc-01870edcc464-agent4,0.0,1.0,-1.0,injected_unvalidated
full_memory,65,0,receiver_3,dbproc-06c28b92d681-agent1,1.0,1.0,0.0,injected_unvalidated
full_memory,65,0,receiver_3,dbproc-01870edcc464-agent4,0.0,1.0,-1.0,injected_unvalidated
retrieval,65,0,receiver_1,dbproc-01870edcc464-agent4,0.0,1.0,-1.0,injected_unvalidated
retrieval,65,0,receiver_1,dbproc-06c28b92d681-agent1,1.0,1.0,0.0,injected_unvalidated
retrieval,65,0,receiver_2,dbproc-01870edcc464-agent4,0.0,1.0,-1.0,injected_unvalidated
retrieval,65,0,receiver_2,dbproc-06c28b92d681-agent1,1.0,1.0,0.0,injected_unvalidated
retrieval,65,0,receiver_3,dbproc-01870edcc464-agent4,0.0,1.0,-1.0,injected_unvalidated
retrieval,65,0,receiver_3,dbproc-06c28b92d681-agent1,1.0,1.0,0.0,injected_unvalidated
full_memory,65,1,receiver_1,dbproc-06c28b92d681-agent1,1.0,1.0,0.0,injected_unvalidated
full_memory,65,1,receiver_2,dbproc-06c28b92d681-agent1,1.0,1.0,0.0,injected_unvalidated
full_memory,65,1,receiver_3,dbproc-06c28b92d681-agent1,1.0,1.0,0.0,injected_unvalidated
retrieval,65,1,receiver_1,dbproc-06c28b92d681-agent1,1.0,1.0,0.0,injected_unvalidated
retrieval,65,1,receiver_2,dbproc-06c28b92d681-agent1,1.0,1.0,0.0,injected_unvalidated
retrieval,65,1,receiver_3,dbproc-06c28b92d681-agent1,1.0,1.0,0.0,injected_unvalidated
full_memory,65,2,receiver_1,dbproc-06c28b92d681-agent1,1.0,1.0,0.0,injected_unvalidated
full_memory,65,2,receiver_1,dbproc-01870edcc464-agent1,1.0,1.0,0.0,injected_unvalidated
full_memory,65,2,receiver_2,dbproc-06c28b92d681-agent1,1.0,1.0,0.0,injected_unvalidated
full_memory,65,2,receiver_2,dbproc-01870edcc464-agent1,0.0,1.0,-1.0,injected_unvalidated
full_memory,65,2,receiver_3,dbproc-06c28b92d681-agent1,1.0,1.0,0.0,injected_unvalidated
full_memory,65,2,receiver_3,dbproc-01870edcc464-agent1,1.0,1.0,0.0,injected_unvalidated
retrieval,65,2,receiver_1,dbproc-01870edcc464-agent1,1.0,1.0,0.0,injected_unvalidated
retrieval,65,2,receiver_1,dbproc-06c28b92d681-agent1,1.0,1.0,0.0,injected_unvalidated
retrieval,65,2,receiver_2,dbproc-01870edcc464-agent1,0.0,1.0,-1.0,injected_unvalidated
retrieval,65,2,receiver_2,dbproc-06c28b92d681-agent1,1.0,1.0,0.0,injected_unvalidated
retrieval,65,2,receiver_3,dbproc-01870edcc464-agent1,1.0,1.0,0.0,injected_unvalidated
retrieval,65,2,receiver_3,dbproc-06c28b92d681-agent1,1.0,1.0,0.0,injected_unvalidated
full_memory,68,0,receiver_1,dbproc-01870edcc464-agent5,0.0,0.0,0.0,injected_unvalidated
full_memory,68,0,receiver_1,dbproc-01870edcc464-agent2,0.0,0.0,0.0,injected_unvalidated
full_memory,68,0,receiver_1,dbproc-06c28b92d681-agent1,0.0,0.0,0.0,injected_unvalidated
full_memory,68,0,receiver_1,dbproc-01870edcc464-agent3,0.0,0.0,0.0,injected_unvalidated
full_memory,68,0,receiver_1,dbproc-01870edcc464-agent1,0.0,0.0,0.0,injected_unvalidated
full_memory,68,0,receiver_2,dbproc-01870edcc464-agent5,0.0,0.0,0.0,injected_unvalidated
full_memory,68,0,receiver_2,dbproc-01870edcc464-agent2,0.0,0.0,0.0,injected_unvalidated
full_memory,68,0,receiver_2,dbproc-06c28b92d681-agent1,1.0,0.0,1.0,validated
full_memory,68,0,receiver_2,dbproc-01870edcc464-agent3,0.0,0.0,0.0,injected_unvalidated
full_memory,68,0,receiver_2,dbproc-01870edcc464-agent1,0.0,0.0,0.0,injected_unvalidated
full_memory,68,0,receiver_3,dbproc-01870edcc464-agent5,1.0,0.0,1.0,validated
full_memory,68,0,receiver_3,dbproc-01870edcc464-agent2,0.0,0.0,0.0,injected_unvalidated
full_memory,68,0,receiver_3,dbproc-06c28b92d681-agent1,0.0,0.0,0.0,injected_unvalidated
full_memory,68,0,receiver_3,dbproc-01870edcc464-agent3,0.0,0.0,0.0,injected_unvalidated
full_memory,68,0,receiver_3,dbproc-01870edcc464-agent1,0.0,0.0,0.0,injected_unvalidated
retrieval,68,0,receiver_1,dbproc-01870edcc464-agent1,0.0,0.0,0.0,injected_unvalidated
retrieval,68,0,receiver_1,dbproc-01870edcc464-agent2,0.0,0.0,0.0,injected_unvalidated
retrieval,68,0,receiver_1,dbproc-01870edcc464-agent3,0.0,0.0,0.0,injected_unvalidated
retrieval,68,0,receiver_2,dbproc-01870edcc464-agent1,0.0,0.0,0.0,injected_unvalidated
retrieval,68,0,receiver_2,dbproc-01870edcc464-agent2,0.0,0.0,0.0,injected_unvalidated
retrieval,68,0,receiver_2,dbproc-01870edcc464-agent3,0.0,0.0,0.0,injected_unvalidated
retrieval,68,0,receiver_3,dbproc-01870edcc464-agent1,0.0,0.0,0.0,injected_unvalidated
retrieval,68,0,receiver_3,dbproc-01870edcc464-agent2,0.0,0.0,0.0,injected_unvalidated
retrieval,68,0,receiver_3,dbproc-01870edcc464-agent3,0.0,0.0,0.0,injected_unvalidated
smtr_uniform,68,0,receiver_1,dbproc-06c28b92d681-agent1,0.0,0.0,0.0,injected_unvalidated
smtr_uniform,68,0,receiver_1,dbproc-01870edcc464-agent5,0.0,0.0,0.0,injected_unvalidated
smtr_uniform,68,0,receiver_2,dbproc-06c28b92d681-agent1,1.0,0.0,1.0,validated
smtr_uniform,68,0,receiver_2,dbproc-01870edcc464-agent5,0.0,0.0,0.0,injected_unvalidated
smtr_uniform,68,0,receiver_3,dbproc-06c28b92d681-agent1,0.0,0.0,0.0,injected_unvalidated
smtr_uniform,68,0,receiver_3,dbproc-01870edcc464-agent5,1.0,0.0,1.0,validated
smtr_receiver,68,0,receiver_2,dbproc-06c28b92d681-agent1,1.0,0.0,1.0,validated
smtr_receiver,68,0,receiver_3,dbproc-01870edcc464-agent5,1.0,0.0,1.0,validated
full_memory,68,1,receiver_1,dbproc-01870edcc464-agent4,0.0,0.0,0.0,injected_unvalidated
full_memory,68,1,receiver_1,dbproc-01870edcc464-agent5,0.0,0.0,0.0,injected_unvalidated
full_memory,68,1,receiver_1,dbproc-01870edcc464-agent2,0.0,0.0,0.0,injected_unvalidated
full_memory,68,1,receiver_1,dbproc-06c28b92d681-agent1,0.0,0.0,0.0,injected_unvalidated
full_memory,68,1,receiver_1,dbproc-01870edcc464-agent3,0.0,0.0,0.0,injected_unvalidated
full_memory,68,1,receiver_1,dbproc-01870edcc464-agent1,0.0,0.0,0.0,injected_unvalidated
full_memory,68,1,receiver_2,dbproc-01870edcc464-agent4,1.0,0.0,1.0,validated
full_memory,68,1,receiver_2,dbproc-01870edcc464-agent5,0.0,0.0,0.0,injected_unvalidated
full_memory,68,1,receiver_2,dbproc-01870edcc464-agent2,0.0,0.0,0.0,injected_unvalidated
full_memory,68,1,receiver_2,dbproc-06c28b92d681-agent1,1.0,0.0,1.0,validated
full_memory,68,1,receiver_2,dbproc-01870edcc464-agent3,0.0,0.0,0.0,injected_unvalidated
full_memory,68,1,receiver_2,dbproc-01870edcc464-agent1,0.0,0.0,0.0,injected_unvalidated
full_memory,68,1,receiver_3,dbproc-01870edcc464-agent4,0.0,0.0,0.0,injected_unvalidated
full_memory,68,1,receiver_3,dbproc-01870edcc464-agent5,1.0,0.0,1.0,validated
full_memory,68,1,receiver_3,dbproc-01870edcc464-agent2,0.0,0.0,0.0,injected_unvalidated
full_memory,68,1,receiver_3,dbproc-06c28b92d681-agent1,0.0,0.0,0.0,injected_unvalidated
full_memory,68,1,receiver_3,dbproc-01870edcc464-agent3,0.0,0.0,0.0,injected_unvalidated
full_memory,68,1,receiver_3,dbproc-01870edcc464-agent1,0.0,0.0,0.0,injected_unvalidated
retrieval,68,1,receiver_1,dbproc-01870edcc464-agent1,0.0,0.0,0.0,injected_unvalidated
retrieval,68,1,receiver_1,dbproc-01870edcc464-agent2,0.0,0.0,0.0,injected_unvalidated
retrieval,68,1,receiver_1,dbproc-01870edcc464-agent3,0.0,0.0,0.0,injected_unvalidated
retrieval,68,1,receiver_2,dbproc-01870edcc464-agent1,0.0,0.0,0.0,injected_unvalidated
retrieval,68,1,receiver_2,dbproc-01870edcc464-agent2,0.0,0.0,0.0,injected_unvalidated
retrieval,68,1,receiver_2,dbproc-01870edcc464-agent3,0.0,0.0,0.0,injected_unvalidated
retrieval,68,1,receiver_3,dbproc-01870edcc464-agent1,0.0,0.0,0.0,injected_unvalidated
retrieval,68,1,receiver_3,dbproc-01870edcc464-agent2,0.0,0.0,0.0,injected_unvalidated
retrieval,68,1,receiver_3,dbproc-01870edcc464-agent3,0.0,0.0,0.0,injected_unvalidated
smtr_uniform,68,1,receiver_1,dbproc-06c28b92d681-agent1,0.0,0.0,0.0,injected_unvalidated
smtr_uniform,68,1,receiver_1,dbproc-01870edcc464-agent5,0.0,0.0,0.0,injected_unvalidated
smtr_uniform,68,1,receiver_1,dbproc-01870edcc464-agent4,0.0,0.0,0.0,injected_unvalidated
smtr_uniform,68,1,receiver_2,dbproc-06c28b92d681-agent1,1.0,0.0,1.0,validated
smtr_uniform,68,1,receiver_2,dbproc-01870edcc464-agent5,0.0,0.0,0.0,injected_unvalidated
smtr_uniform,68,1,receiver_2,dbproc-01870edcc464-agent4,1.0,0.0,1.0,validated
smtr_uniform,68,1,receiver_3,dbproc-06c28b92d681-agent1,0.0,0.0,0.0,injected_unvalidated
smtr_uniform,68,1,receiver_3,dbproc-01870edcc464-agent5,1.0,0.0,1.0,validated
smtr_uniform,68,1,receiver_3,dbproc-01870edcc464-agent4,0.0,0.0,0.0,injected_unvalidated
smtr_receiver,68,1,receiver_2,dbproc-06c28b92d681-agent1,1.0,0.0,1.0,validated
smtr_receiver,68,1,receiver_2,dbproc-01870edcc464-agent4,1.0,0.0,1.0,validated
smtr_receiver,68,1,receiver_3,dbproc-01870edcc464-agent5,1.0,0.0,1.0,validated
full_memory,68,2,receiver_1,dbproc-01870edcc464-agent4,0.0,0.0,0.0,injected_unvalidated
full_memory,68,2,receiver_1,dbproc-01870edcc464-agent5,0.0,0.0,0.0,injected_unvalidated
full_memory,68,2,receiver_1,dbproc-01870edcc464-agent2,0.0,0.0,0.0,injected_unvalidated
full_memory,68,2,receiver_1,dbproc-06c28b92d681-agent1,0.0,0.0,0.0,injected_unvalidated
full_memory,68,2,receiver_1,dbproc-01870edcc464-agent3,0.0,0.0,0.0,injected_unvalidated
full_memory,68,2,receiver_1,dbproc-01870edcc464-agent1,0.0,0.0,0.0,injected_unvalidated
full_memory,68,2,receiver_2,dbproc-01870edcc464-agent4,1.0,0.0,1.0,validated
full_memory,68,2,receiver_2,dbproc-01870edcc464-agent5,0.0,0.0,0.0,injected_unvalidated
full_memory,68,2,receiver_2,dbproc-01870edcc464-agent2,0.0,0.0,0.0,injected_unvalidated
full_memory,68,2,receiver_2,dbproc-06c28b92d681-agent1,1.0,0.0,1.0,validated
full_memory,68,2,receiver_2,dbproc-01870edcc464-agent3,0.0,0.0,0.0,injected_unvalidated
full_memory,68,2,receiver_2,dbproc-01870edcc464-agent1,0.0,0.0,0.0,injected_unvalidated
full_memory,68,2,receiver_3,dbproc-01870edcc464-agent4,0.0,0.0,0.0,injected_unvalidated
full_memory,68,2,receiver_3,dbproc-01870edcc464-agent5,1.0,0.0,1.0,validated
full_memory,68,2,receiver_3,dbproc-01870edcc464-agent2,0.0,0.0,0.0,injected_unvalidated
full_memory,68,2,receiver_3,dbproc-06c28b92d681-agent1,0.0,0.0,0.0,injected_unvalidated
full_memory,68,2,receiver_3,dbproc-01870edcc464-agent3,0.0,0.0,0.0,injected_unvalidated
full_memory,68,2,receiver_3,dbproc-01870edcc464-agent1,0.0,0.0,0.0,injected_unvalidated
retrieval,68,2,receiver_1,dbproc-01870edcc464-agent1,0.0,0.0,0.0,injected_unvalidated
retrieval,68,2,receiver_1,dbproc-01870edcc464-agent2,0.0,0.0,0.0,injected_unvalidated
retrieval,68,2,receiver_1,dbproc-01870edcc464-agent3,0.0,0.0,0.0,injected_unvalidated
retrieval,68,2,receiver_2,dbproc-01870edcc464-agent1,0.0,0.0,0.0,injected_unvalidated
retrieval,68,2,receiver_2,dbproc-01870edcc464-agent2,0.0,0.0,0.0,injected_unvalidated
retrieval,68,2,receiver_2,dbproc-01870edcc464-agent3,0.0,0.0,0.0,injected_unvalidated
retrieval,68,2,receiver_3,dbproc-01870edcc464-agent1,0.0,0.0,0.0,injected_unvalidated
retrieval,68,2,receiver_3,dbproc-01870edcc464-agent2,0.0,0.0,0.0,injected_unvalidated
retrieval,68,2,receiver_3,dbproc-01870edcc464-agent3,0.0,0.0,0.0,injected_unvalidated
smtr_uniform,68,2,receiver_1,dbproc-06c28b92d681-agent1,0.0,0.0,0.0,injected_unvalidated
smtr_uniform,68,2,receiver_1,dbproc-01870edcc464-agent5,0.0,0.0,0.0,injected_unvalidated
smtr_uniform,68,2,receiver_1,dbproc-01870edcc464-agent4,0.0,0.0,0.0,injected_unvalidated
smtr_uniform,68,2,receiver_2,dbproc-06c28b92d681-agent1,1.0,0.0,1.0,validated
smtr_uniform,68,2,receiver_2,dbproc-01870edcc464-agent5,0.0,0.0,0.0,injected_unvalidated
smtr_uniform,68,2,receiver_2,dbproc-01870edcc464-agent4,1.0,0.0,1.0,validated
smtr_uniform,68,2,receiver_3,dbproc-06c28b92d681-agent1,0.0,0.0,0.0,injected_unvalidated
smtr_uniform,68,2,receiver_3,dbproc-01870edcc464-agent5,1.0,0.0,1.0,validated
smtr_uniform,68,2,receiver_3,dbproc-01870edcc464-agent4,0.0,0.0,0.0,injected_unvalidated
smtr_receiver,68,2,receiver_2,dbproc-06c28b92d681-agent1,1.0,0.0,1.0,validated
smtr_receiver,68,2,receiver_2,dbproc-01870edcc464-agent4,1.0,0.0,1.0,validated
smtr_receiver,68,2,receiver_3,dbproc-01870edcc464-agent5,1.0,0.0,1.0,validated
full_memory,69,0,receiver_1,dbproc-01870edcc464-agent4,0.0,1.0,-1.0,injected_unvalidated
full_memory,69,0,receiver_1,dbproc-01870edcc464-agent5,0.0,1.0,-1.0,injected_unvalidated
full_memory,69,0,receiver_1,dbproc-01870edcc464-agent1,1.0,1.0,0.0,injected_unvalidated
full_memory,69,0,receiver_1,dbproc-01870edcc464-agent2,1.0,1.0,0.0,injected_unvalidated
full_memory,69,0,receiver_1,dbproc-01870edcc464-agent3,1.0,1.0,0.0,injected_unvalidated
full_memory,69,0,receiver_1,dbproc-06c28b92d681-agent1,0.0,1.0,-1.0,injected_unvalidated
full_memory,69,0,receiver_2,dbproc-01870edcc464-agent4,0.0,1.0,-1.0,injected_unvalidated
full_memory,69,0,receiver_2,dbproc-01870edcc464-agent5,0.0,1.0,-1.0,injected_unvalidated
full_memory,69,0,receiver_2,dbproc-01870edcc464-agent1,1.0,1.0,0.0,injected_unvalidated
full_memory,69,0,receiver_2,dbproc-01870edcc464-agent2,1.0,1.0,0.0,injected_unvalidated
full_memory,69,0,receiver_2,dbproc-01870edcc464-agent3,1.0,1.0,0.0,injected_unvalidated
full_memory,69,0,receiver_2,dbproc-06c28b92d681-agent1,0.0,1.0,-1.0,injected_unvalidated
full_memory,69,0,receiver_3,dbproc-01870edcc464-agent4,0.0,1.0,-1.0,injected_unvalidated
full_memory,69,0,receiver_3,dbproc-01870edcc464-agent5,1.0,1.0,0.0,injected_unvalidated
full_memory,69,0,receiver_3,dbproc-01870edcc464-agent1,1.0,1.0,0.0,injected_unvalidated
full_memory,69,0,receiver_3,dbproc-01870edcc464-agent2,1.0,1.0,0.0,injected_unvalidated
full_memory,69,0,receiver_3,dbproc-01870edcc464-agent3,1.0,1.0,0.0,injected_unvalidated
full_memory,69,0,receiver_3,dbproc-06c28b92d681-agent1,1.0,1.0,0.0,injected_unvalidated
retrieval,69,0,receiver_1,dbproc-01870edcc464-agent1,1.0,1.0,0.0,injected_unvalidated
retrieval,69,0,receiver_1,dbproc-01870edcc464-agent2,1.0,1.0,0.0,injected_unvalidated
retrieval,69,0,receiver_1,dbproc-01870edcc464-agent3,1.0,1.0,0.0,injected_unvalidated
retrieval,69,0,receiver_2,dbproc-01870edcc464-agent1,1.0,1.0,0.0,injected_unvalidated
retrieval,69,0,receiver_2,dbproc-01870edcc464-agent2,1.0,1.0,0.0,injected_unvalidated
retrieval,69,0,receiver_2,dbproc-01870edcc464-agent3,1.0,1.0,0.0,injected_unvalidated
retrieval,69,0,receiver_3,dbproc-01870edcc464-agent1,1.0,1.0,0.0,injected_unvalidated
retrieval,69,0,receiver_3,dbproc-01870edcc464-agent2,1.0,1.0,0.0,injected_unvalidated
retrieval,69,0,receiver_3,dbproc-01870edcc464-agent3,1.0,1.0,0.0,injected_unvalidated
full_memory,69,1,receiver_1,dbproc-01870edcc464-agent4,0.0,1.0,-1.0,injected_unvalidated
full_memory,69,1,receiver_1,dbproc-01870edcc464-agent5,0.0,1.0,-1.0,injected_unvalidated
full_memory,69,1,receiver_1,dbproc-01870edcc464-agent1,0.0,1.0,-1.0,injected_unvalidated
full_memory,69,1,receiver_1,dbproc-01870edcc464-agent2,1.0,1.0,0.0,injected_unvalidated
full_memory,69,1,receiver_1,dbproc-01870edcc464-agent3,0.0,1.0,-1.0,injected_unvalidated
full_memory,69,1,receiver_1,dbproc-06c28b92d681-agent1,0.0,1.0,-1.0,injected_unvalidated
full_memory,69,1,receiver_2,dbproc-01870edcc464-agent4,0.0,1.0,-1.0,injected_unvalidated
full_memory,69,1,receiver_2,dbproc-01870edcc464-agent5,0.0,1.0,-1.0,injected_unvalidated
full_memory,69,1,receiver_2,dbproc-01870edcc464-agent1,0.0,1.0,-1.0,injected_unvalidated
full_memory,69,1,receiver_2,dbproc-01870edcc464-agent2,1.0,1.0,0.0,injected_unvalidated
full_memory,69,1,receiver_2,dbproc-01870edcc464-agent3,1.0,1.0,0.0,injected_unvalidated
full_memory,69,1,receiver_2,dbproc-06c28b92d681-agent1,0.0,1.0,-1.0,injected_unvalidated
full_memory,69,1,receiver_3,dbproc-01870edcc464-agent4,0.0,1.0,-1.0,injected_unvalidated
full_memory,69,1,receiver_3,dbproc-01870edcc464-agent5,1.0,1.0,0.0,injected_unvalidated
full_memory,69,1,receiver_3,dbproc-01870edcc464-agent1,0.0,1.0,-1.0,injected_unvalidated
full_memory,69,1,receiver_3,dbproc-01870edcc464-agent2,1.0,1.0,0.0,injected_unvalidated
full_memory,69,1,receiver_3,dbproc-01870edcc464-agent3,0.0,1.0,-1.0,injected_unvalidated
full_memory,69,1,receiver_3,dbproc-06c28b92d681-agent1,1.0,1.0,0.0,injected_unvalidated
retrieval,69,1,receiver_1,dbproc-01870edcc464-agent1,0.0,1.0,-1.0,injected_unvalidated
retrieval,69,1,receiver_1,dbproc-01870edcc464-agent2,1.0,1.0,0.0,injected_unvalidated
retrieval,69,1,receiver_1,dbproc-01870edcc464-agent3,0.0,1.0,-1.0,injected_unvalidated
retrieval,69,1,receiver_2,dbproc-01870edcc464-agent1,0.0,1.0,-1.0,injected_unvalidated
retrieval,69,1,receiver_2,dbproc-01870edcc464-agent2,1.0,1.0,0.0,injected_unvalidated
retrieval,69,1,receiver_2,dbproc-01870edcc464-agent3,1.0,1.0,0.0,injected_unvalidated
retrieval,69,1,receiver_3,dbproc-01870edcc464-agent1,0.0,1.0,-1.0,injected_unvalidated
retrieval,69,1,receiver_3,dbproc-01870edcc464-agent2,1.0,1.0,0.0,injected_unvalidated
retrieval,69,1,receiver_3,dbproc-01870edcc464-agent3,0.0,1.0,-1.0,injected_unvalidated
full_memory,69,2,receiver_1,dbproc-01870edcc464-agent4,1.0,0.0,1.0,validated
full_memory,69,2,receiver_1,dbproc-01870edcc464-agent5,0.0,0.0,0.0,injected_unvalidated
full_memory,69,2,receiver_1,dbproc-01870edcc464-agent1,1.0,0.0,1.0,validated
full_memory,69,2,receiver_1,dbproc-01870edcc464-agent2,1.0,0.0,1.0,validated
full_memory,69,2,receiver_1,dbproc-01870edcc464-agent3,0.0,0.0,0.0,injected_unvalidated
full_memory,69,2,receiver_1,dbproc-06c28b92d681-agent1,1.0,0.0,1.0,validated
full_memory,69,2,receiver_2,dbproc-01870edcc464-agent4,1.0,0.0,1.0,validated
full_memory,69,2,receiver_2,dbproc-01870edcc464-agent5,0.0,0.0,0.0,injected_unvalidated
full_memory,69,2,receiver_2,dbproc-01870edcc464-agent1,1.0,0.0,1.0,validated
full_memory,69,2,receiver_2,dbproc-01870edcc464-agent2,0.0,0.0,0.0,injected_unvalidated
full_memory,69,2,receiver_2,dbproc-01870edcc464-agent3,1.0,0.0,1.0,validated
full_memory,69,2,receiver_2,dbproc-06c28b92d681-agent1,0.0,0.0,0.0,injected_unvalidated
full_memory,69,2,receiver_3,dbproc-01870edcc464-agent4,1.0,0.0,1.0,validated
full_memory,69,2,receiver_3,dbproc-01870edcc464-agent5,0.0,0.0,0.0,injected_unvalidated
full_memory,69,2,receiver_3,dbproc-01870edcc464-agent1,1.0,0.0,1.0,validated
full_memory,69,2,receiver_3,dbproc-01870edcc464-agent2,1.0,0.0,1.0,validated
full_memory,69,2,receiver_3,dbproc-01870edcc464-agent3,0.0,0.0,0.0,injected_unvalidated
full_memory,69,2,receiver_3,dbproc-06c28b92d681-agent1,0.0,0.0,0.0,injected_unvalidated
retrieval,69,2,receiver_1,dbproc-01870edcc464-agent1,1.0,0.0,1.0,validated
retrieval,69,2,receiver_1,dbproc-01870edcc464-agent2,1.0,0.0,1.0,validated
retrieval,69,2,receiver_1,dbproc-01870edcc464-agent3,0.0,0.0,0.0,injected_unvalidated
retrieval,69,2,receiver_2,dbproc-01870edcc464-agent1,1.0,0.0,1.0,validated
retrieval,69,2,receiver_2,dbproc-01870edcc464-agent2,0.0,0.0,0.0,injected_unvalidated
retrieval,69,2,receiver_2,dbproc-01870edcc464-agent3,1.0,0.0,1.0,validated
retrieval,69,2,receiver_3,dbproc-01870edcc464-agent1,1.0,0.0,1.0,validated
retrieval,69,2,receiver_3,dbproc-01870edcc464-agent2,1.0,0.0,1.0,validated
retrieval,69,2,receiver_3,dbproc-01870edcc464-agent3,0.0,0.0,0.0,injected_unvalidated
smtr_uniform,69,2,receiver_1,dbproc-01870edcc464-agent4,1.0,0.0,1.0,validated
smtr_uniform,69,2,receiver_1,dbproc-01870edcc464-agent1,1.0,0.0,1.0,validated
smtr_uniform,69,2,receiver_1,dbproc-01870edcc464-agent2,1.0,0.0,1.0,validated
smtr_uniform,69,2,receiver_2,dbproc-01870edcc464-agent4,1.0,0.0,1.0,validated
smtr_uniform,69,2,receiver_2,dbproc-01870edcc464-agent1,1.0,0.0,1.0,validated
smtr_uniform,69,2,receiver_2,dbproc-01870edcc464-agent2,0.0,0.0,0.0,injected_unvalidated
smtr_uniform,69,2,receiver_3,dbproc-01870edcc464-agent4,1.0,0.0,1.0,validated
smtr_uniform,69,2,receiver_3,dbproc-01870edcc464-agent1,1.0,0.0,1.0,validated
smtr_uniform,69,2,receiver_3,dbproc-01870edcc464-agent2,1.0,0.0,1.0,validated
smtr_receiver,69,2,receiver_1,dbproc-06c28b92d681-agent1,1.0,0.0,1.0,validated
smtr_receiver,69,2,receiver_1,dbproc-01870edcc464-agent4,1.0,0.0,1.0,validated
smtr_receiver,69,2,receiver_1,dbproc-01870edcc464-agent2,1.0,0.0,1.0,validated
smtr_receiver,69,2,receiver_2,dbproc-01870edcc464-agent4,1.0,0.0,1.0,validated
smtr_receiver,69,2,receiver_2,dbproc-01870edcc464-agent3,1.0,0.0,1.0,validated
smtr_receiver,69,2,receiver_2,dbproc-01870edcc464-agent1,1.0,0.0,1.0,validated
smtr_receiver,69,2,receiver_3,dbproc-01870edcc464-agent4,1.0,0.0,1.0,validated
smtr_receiver,69,2,receiver_3,dbproc-01870edcc464-agent2,1.0,0.0,1.0,validated
smtr_receiver,69,2,receiver_3,dbproc-01870edcc464-agent1,1.0,0.0,1.0,validated
full_memory,70,0,receiver_1,dbproc-01870edcc464-agent4,0.0,0.0,0.0,injected_unvalidated
full_memory,70,0,receiver_1,dbproc-01870edcc464-agent2,0.0,0.0,0.0,injected_unvalidated
full_memory,70,0,receiver_1,dbproc-01870edcc464-agent1,0.0,0.0,0.0,injected_unvalidated
full_memory,70,0,receiver_1,dbproc-06c28b92d681-agent1,0.0,0.0,0.0,injected_unvalidated
full_memory,70,0,receiver_1,dbproc-01870edcc464-agent5,0.0,0.0,0.0,injected_unvalidated
full_memory,70,0,receiver_2,dbproc-01870edcc464-agent4,0.0,0.0,0.0,injected_unvalidated
full_memory,70,0,receiver_2,dbproc-01870edcc464-agent2,0.0,0.0,0.0,injected_unvalidated
full_memory,70,0,receiver_2,dbproc-01870edcc464-agent1,0.0,0.0,0.0,injected_unvalidated
full_memory,70,0,receiver_2,dbproc-06c28b92d681-agent1,0.0,0.0,0.0,injected_unvalidated
full_memory,70,0,receiver_2,dbproc-01870edcc464-agent5,1.0,0.0,1.0,validated
full_memory,70,0,receiver_3,dbproc-01870edcc464-agent4,0.0,0.0,0.0,injected_unvalidated
full_memory,70,0,receiver_3,dbproc-01870edcc464-agent2,0.0,0.0,0.0,injected_unvalidated
full_memory,70,0,receiver_3,dbproc-01870edcc464-agent1,0.0,0.0,0.0,injected_unvalidated
full_memory,70,0,receiver_3,dbproc-06c28b92d681-agent1,0.0,0.0,0.0,injected_unvalidated
full_memory,70,0,receiver_3,dbproc-01870edcc464-agent5,1.0,0.0,1.0,validated
retrieval,70,0,receiver_1,dbproc-01870edcc464-agent1,0.0,0.0,0.0,injected_unvalidated
retrieval,70,0,receiver_1,dbproc-01870edcc464-agent2,0.0,0.0,0.0,injected_unvalidated
retrieval,70,0,receiver_1,dbproc-01870edcc464-agent4,0.0,0.0,0.0,injected_unvalidated
retrieval,70,0,receiver_2,dbproc-01870edcc464-agent1,0.0,0.0,0.0,injected_unvalidated
retrieval,70,0,receiver_2,dbproc-01870edcc464-agent2,0.0,0.0,0.0,injected_unvalidated
retrieval,70,0,receiver_2,dbproc-01870edcc464-agent4,0.0,0.0,0.0,injected_unvalidated
retrieval,70,0,receiver_3,dbproc-01870edcc464-agent1,0.0,0.0,0.0,injected_unvalidated
retrieval,70,0,receiver_3,dbproc-01870edcc464-agent2,0.0,0.0,0.0,injected_unvalidated
retrieval,70,0,receiver_3,dbproc-01870edcc464-agent4,0.0,0.0,0.0,injected_unvalidated
smtr_uniform,70,0,receiver_1,dbproc-01870edcc464-agent5,0.0,0.0,0.0,injected_unvalidated
smtr_uniform,70,0,receiver_2,dbproc-01870edcc464-agent5,1.0,0.0,1.0,validated
smtr_uniform,70,0,receiver_3,dbproc-01870edcc464-agent5,1.0,0.0,1.0,validated
smtr_receiver,70,0,receiver_2,dbproc-01870edcc464-agent5,1.0,0.0,1.0,validated
smtr_receiver,70,0,receiver_3,dbproc-01870edcc464-agent5,1.0,0.0,1.0,validated
full_memory,70,1,receiver_1,dbproc-01870edcc464-agent4,0.0,0.0,0.0,injected_unvalidated
full_memory,70,1,receiver_1,dbproc-01870edcc464-agent2,0.0,0.0,0.0,injected_unvalidated
full_memory,70,1,receiver_1,dbproc-01870edcc464-agent1,0.0,0.0,0.0,injected_unvalidated
full_memory,70,1,receiver_1,dbproc-06c28b92d681-agent1,0.0,0.0,0.0,injected_unvalidated
full_memory,70,1,receiver_1,dbproc-01870edcc464-agent5,0.0,0.0,0.0,injected_unvalidated
full_memory,70,1,receiver_1,dbproc-01870edcc464-agent3,0.0,0.0,0.0,injected_unvalidated
full_memory,70,1,receiver_2,dbproc-01870edcc464-agent4,0.0,0.0,0.0,injected_unvalidated
full_memory,70,1,receiver_2,dbproc-01870edcc464-agent2,0.0,0.0,0.0,injected_unvalidated
full_memory,70,1,receiver_2,dbproc-01870edcc464-agent1,0.0,0.0,0.0,injected_unvalidated
full_memory,70,1,receiver_2,dbproc-06c28b92d681-agent1,0.0,0.0,0.0,injected_unvalidated
full_memory,70,1,receiver_2,dbproc-01870edcc464-agent5,1.0,0.0,1.0,validated
full_memory,70,1,receiver_2,dbproc-01870edcc464-agent3,0.0,0.0,0.0,injected_unvalidated
full_memory,70,1,receiver_3,dbproc-01870edcc464-agent4,0.0,0.0,0.0,injected_unvalidated
full_memory,70,1,receiver_3,dbproc-01870edcc464-agent2,0.0,0.0,0.0,injected_unvalidated
full_memory,70,1,receiver_3,dbproc-01870edcc464-agent1,0.0,0.0,0.0,injected_unvalidated
full_memory,70,1,receiver_3,dbproc-06c28b92d681-agent1,0.0,0.0,0.0,injected_unvalidated
full_memory,70,1,receiver_3,dbproc-01870edcc464-agent5,1.0,0.0,1.0,validated
full_memory,70,1,receiver_3,dbproc-01870edcc464-agent3,0.0,0.0,0.0,injected_unvalidated
retrieval,70,1,receiver_1,dbproc-01870edcc464-agent1,0.0,0.0,0.0,injected_unvalidated
retrieval,70,1,receiver_1,dbproc-01870edcc464-agent2,0.0,0.0,0.0,injected_unvalidated
retrieval,70,1,receiver_1,dbproc-01870edcc464-agent3,0.0,0.0,0.0,injected_unvalidated
retrieval,70,1,receiver_2,dbproc-01870edcc464-agent1,0.0,0.0,0.0,injected_unvalidated
retrieval,70,1,receiver_2,dbproc-01870edcc464-agent2,0.0,0.0,0.0,injected_unvalidated
retrieval,70,1,receiver_2,dbproc-01870edcc464-agent3,0.0,0.0,0.0,injected_unvalidated
retrieval,70,1,receiver_3,dbproc-01870edcc464-agent1,0.0,0.0,0.0,injected_unvalidated
retrieval,70,1,receiver_3,dbproc-01870edcc464-agent2,0.0,0.0,0.0,injected_unvalidated
retrieval,70,1,receiver_3,dbproc-01870edcc464-agent3,0.0,0.0,0.0,injected_unvalidated
smtr_uniform,70,1,receiver_1,dbproc-01870edcc464-agent5,0.0,0.0,0.0,injected_unvalidated
smtr_uniform,70,1,receiver_2,dbproc-01870edcc464-agent5,1.0,0.0,1.0,validated
smtr_uniform,70,1,receiver_3,dbproc-01870edcc464-agent5,1.0,0.0,1.0,validated
smtr_receiver,70,1,receiver_2,dbproc-01870edcc464-agent5,1.0,0.0,1.0,validated
smtr_receiver,70,1,receiver_3,dbproc-01870edcc464-agent5,1.0,0.0,1.0,validated
full_memory,72,0,receiver_1,dbproc-01870edcc464-agent4,1.0,1.0,0.0,injected_unvalidated
full_memory,72,0,receiver_1,dbproc-01870edcc464-agent1,1.0,1.0,0.0,injected_unvalidated
full_memory,72,0,receiver_1,dbproc-01870edcc464-agent2,1.0,1.0,0.0,injected_unvalidated
full_memory,72,0,receiver_1,dbproc-01870edcc464-agent3,1.0,1.0,0.0,injected_unvalidated
full_memory,72,0,receiver_2,dbproc-01870edcc464-agent4,1.0,1.0,0.0,injected_unvalidated
full_memory,72,0,receiver_2,dbproc-01870edcc464-agent1,1.0,1.0,0.0,injected_unvalidated
full_memory,72,0,receiver_2,dbproc-01870edcc464-agent2,1.0,1.0,0.0,injected_unvalidated
full_memory,72,0,receiver_2,dbproc-01870edcc464-agent3,1.0,1.0,0.0,injected_unvalidated
full_memory,72,0,receiver_3,dbproc-01870edcc464-agent4,1.0,1.0,0.0,injected_unvalidated
full_memory,72,0,receiver_3,dbproc-01870edcc464-agent1,1.0,1.0,0.0,injected_unvalidated
full_memory,72,0,receiver_3,dbproc-01870edcc464-agent2,1.0,1.0,0.0,injected_unvalidated
full_memory,72,0,receiver_3,dbproc-01870edcc464-agent3,1.0,1.0,0.0,injected_unvalidated
retrieval,72,0,receiver_1,dbproc-01870edcc464-agent1,1.0,1.0,0.0,injected_unvalidated
retrieval,72,0,receiver_1,dbproc-01870edcc464-agent2,1.0,1.0,0.0,injected_unvalidated
retrieval,72,0,receiver_1,dbproc-01870edcc464-agent3,1.0,1.0,0.0,injected_unvalidated
retrieval,72,0,receiver_2,dbproc-01870edcc464-agent1,1.0,1.0,0.0,injected_unvalidated
retrieval,72,0,receiver_2,dbproc-01870edcc464-agent2,1.0,1.0,0.0,injected_unvalidated
retrieval,72,0,receiver_2,dbproc-01870edcc464-agent3,1.0,1.0,0.0,injected_unvalidated
retrieval,72,0,receiver_3,dbproc-01870edcc464-agent1,1.0,1.0,0.0,injected_unvalidated
retrieval,72,0,receiver_3,dbproc-01870edcc464-agent2,1.0,1.0,0.0,injected_unvalidated
retrieval,72,0,receiver_3,dbproc-01870edcc464-agent3,1.0,1.0,0.0,injected_unvalidated
full_memory,72,1,receiver_1,dbproc-01870edcc464-agent1,1.0,1.0,0.0,injected_unvalidated
full_memory,72,1,receiver_1,dbproc-01870edcc464-agent2,1.0,1.0,0.0,injected_unvalidated
full_memory,72,1,receiver_2,dbproc-01870edcc464-agent1,1.0,1.0,0.0,injected_unvalidated
full_memory,72,1,receiver_2,dbproc-01870edcc464-agent2,1.0,1.0,0.0,injected_unvalidated
full_memory,72,1,receiver_3,dbproc-01870edcc464-agent1,1.0,1.0,0.0,injected_unvalidated
full_memory,72,1,receiver_3,dbproc-01870edcc464-agent2,1.0,1.0,0.0,injected_unvalidated
retrieval,72,1,receiver_1,dbproc-01870edcc464-agent1,1.0,1.0,0.0,injected_unvalidated
retrieval,72,1,receiver_1,dbproc-01870edcc464-agent2,1.0,1.0,0.0,injected_unvalidated
retrieval,72,1,receiver_2,dbproc-01870edcc464-agent1,1.0,1.0,0.0,injected_unvalidated
retrieval,72,1,receiver_2,dbproc-01870edcc464-agent2,1.0,1.0,0.0,injected_unvalidated
retrieval,72,1,receiver_3,dbproc-01870edcc464-agent1,1.0,1.0,0.0,injected_unvalidated
retrieval,72,1,receiver_3,dbproc-01870edcc464-agent2,1.0,1.0,0.0,injected_unvalidated
full_memory,72,2,receiver_1,dbproc-01870edcc464-agent4,1.0,1.0,0.0,injected_unvalidated
full_memory,72,2,receiver_1,dbproc-06c28b92d681-agent1,1.0,1.0,0.0,injected_unvalidated
full_memory,72,2,receiver_2,dbproc-01870edcc464-agent4,1.0,1.0,0.0,injected_unvalidated
full_memory,72,2,receiver_2,dbproc-06c28b92d681-agent1,1.0,1.0,0.0,injected_unvalidated
full_memory,72,2,receiver_3,dbproc-01870edcc464-agent4,1.0,1.0,0.0,injected_unvalidated
full_memory,72,2,receiver_3,dbproc-06c28b92d681-agent1,1.0,1.0,0.0,injected_unvalidated
retrieval,72,2,receiver_1,dbproc-01870edcc464-agent4,1.0,1.0,0.0,injected_unvalidated
retrieval,72,2,receiver_1,dbproc-06c28b92d681-agent1,1.0,1.0,0.0,injected_unvalidated
retrieval,72,2,receiver_2,dbproc-01870edcc464-agent4,1.0,1.0,0.0,injected_unvalidated
retrieval,72,2,receiver_2,dbproc-06c28b92d681-agent1,1.0,1.0,0.0,injected_unvalidated
retrieval,72,2,receiver_3,dbproc-01870edcc464-agent4,1.0,1.0,0.0,injected_unvalidated
retrieval,72,2,receiver_3,dbproc-06c28b92d681-agent1,1.0,1.0,0.0,injected_unvalidated
full_memory,73,1,receiver_1,dbproc-06c28b92d681-agent1,0.0,0.0,0.0,injected_unvalidated
full_memory,73,1,receiver_1,dbproc-01870edcc464-agent5,0.0,0.0,0.0,injected_unvalidated
full_memory,73,1,receiver_1,dbproc-01870edcc464-agent4,0.0,0.0,0.0,injected_unvalidated
full_memory,73,1,receiver_2,dbproc-06c28b92d681-agent1,0.0,0.0,0.0,injected_unvalidated
full_memory,73,1,receiver_2,dbproc-01870edcc464-agent5,0.0,0.0,0.0,injected_unvalidated
full_memory,73,1,receiver_2,dbproc-01870edcc464-agent4,0.0,1.0,-1.0,injected_unvalidated
full_memory,73,1,receiver_3,dbproc-06c28b92d681-agent1,1.0,0.0,1.0,validated
full_memory,73,1,receiver_3,dbproc-01870edcc464-agent5,0.0,0.0,0.0,injected_unvalidated
full_memory,73,1,receiver_3,dbproc-01870edcc464-agent4,0.0,0.0,0.0,injected_unvalidated
retrieval,73,1,receiver_1,dbproc-01870edcc464-agent4,0.0,0.0,0.0,injected_unvalidated
retrieval,73,1,receiver_1,dbproc-01870edcc464-agent5,0.0,0.0,0.0,injected_unvalidated
retrieval,73,1,receiver_1,dbproc-06c28b92d681-agent1,0.0,0.0,0.0,injected_unvalidated
retrieval,73,1,receiver_2,dbproc-01870edcc464-agent4,0.0,1.0,-1.0,injected_unvalidated
retrieval,73,1,receiver_2,dbproc-01870edcc464-agent5,0.0,0.0,0.0,injected_unvalidated
retrieval,73,1,receiver_2,dbproc-06c28b92d681-agent1,0.0,0.0,0.0,injected_unvalidated
retrieval,73,1,receiver_3,dbproc-01870edcc464-agent4,0.0,0.0,0.0,injected_unvalidated
retrieval,73,1,receiver_3,dbproc-01870edcc464-agent5,0.0,0.0,0.0,injected_unvalidated
retrieval,73,1,receiver_3,dbproc-06c28b92d681-agent1,1.0,0.0,1.0,validated
smtr_uniform,73,1,receiver_1,dbproc-06c28b92d681-agent1,0.0,0.0,0.0,injected_unvalidated
smtr_uniform,73,1,receiver_2,dbproc-06c28b92d681-agent1,0.0,0.0,0.0,injected_unvalidated
smtr_uniform,73,1,receiver_3,dbproc-06c28b92d681-agent1,1.0,0.0,1.0,validated
smtr_receiver,73,1,receiver_3,dbproc-06c28b92d681-agent1,1.0,0.0,1.0,validated
full_memory,73,2,receiver_1,dbproc-06c28b92d681-agent1,0.0,0.0,0.0,injected_unvalidated
full_memory,73,2,receiver_1,dbproc-01870edcc464-agent5,0.0,0.0,0.0,injected_unvalidated
full_memory,73,2,receiver_1,dbproc-01870edcc464-agent4,0.0,0.0,0.0,injected_unvalidated
full_memory,73,2,receiver_2,dbproc-06c28b92d681-agent1,0.0,0.0,0.0,injected_unvalidated
full_memory,73,2,receiver_2,dbproc-01870edcc464-agent5,0.0,0.0,0.0,injected_unvalidated
full_memory,73,2,receiver_2,dbproc-01870edcc464-agent4,0.0,1.0,-1.0,injected_unvalidated
full_memory,73,2,receiver_3,dbproc-06c28b92d681-agent1,1.0,0.0,1.0,validated
full_memory,73,2,receiver_3,dbproc-01870edcc464-agent5,0.0,0.0,0.0,injected_unvalidated
full_memory,73,2,receiver_3,dbproc-01870edcc464-agent4,0.0,0.0,0.0,injected_unvalidated
retrieval,73,2,receiver_1,dbproc-01870edcc464-agent4,0.0,0.0,0.0,injected_unvalidated
retrieval,73,2,receiver_1,dbproc-01870edcc464-agent5,0.0,0.0,0.0,injected_unvalidated
retrieval,73,2,receiver_1,dbproc-06c28b92d681-agent1,0.0,0.0,0.0,injected_unvalidated
retrieval,73,2,receiver_2,dbproc-01870edcc464-agent4,0.0,1.0,-1.0,injected_unvalidated
retrieval,73,2,receiver_2,dbproc-01870edcc464-agent5,0.0,0.0,0.0,injected_unvalidated
retrieval,73,2,receiver_2,dbproc-06c28b92d681-agent1,0.0,0.0,0.0,injected_unvalidated
retrieval,73,2,receiver_3,dbproc-01870edcc464-agent4,0.0,0.0,0.0,injected_unvalidated
retrieval,73,2,receiver_3,dbproc-01870edcc464-agent5,0.0,0.0,0.0,injected_unvalidated
retrieval,73,2,receiver_3,dbproc-06c28b92d681-agent1,1.0,0.0,1.0,validated
smtr_uniform,73,2,receiver_1,dbproc-06c28b92d681-agent1,0.0,0.0,0.0,injected_unvalidated
smtr_uniform,73,2,receiver_2,dbproc-06c28b92d681-agent1,0.0,0.0,0.0,injected_unvalidated
smtr_uniform,73,2,receiver_3,dbproc-06c28b92d681-agent1,1.0,0.0,1.0,validated
smtr_receiver,73,2,receiver_3,dbproc-06c28b92d681-agent1,1.0,0.0,1.0,validated
full_memory,75,0,receiver_1,dbproc-01870edcc464-agent4,0.0,0.0,0.0,injected_unvalidated
full_memory,75,0,receiver_1,dbproc-01870edcc464-agent5,0.0,0.0,0.0,injected_unvalidated
full_memory,75,0,receiver_1,dbproc-06c28b92d681-agent1,0.0,0.0,0.0,injected_unvalidated
full_memory,75,0,receiver_1,dbproc-01870edcc464-agent3,0.0,0.0,0.0,injected_unvalidated
full_memory,75,0,receiver_2,dbproc-01870edcc464-agent4,0.0,1.0,-1.0,injected_unvalidated
full_memory,75,0,receiver_2,dbproc-01870edcc464-agent5,0.0,0.0,0.0,injected_unvalidated
full_memory,75,0,receiver_2,dbproc-06c28b92d681-agent1,0.0,0.0,0.0,injected_unvalidated
full_memory,75,0,receiver_2,dbproc-01870edcc464-agent3,0.0,0.0,0.0,injected_unvalidated
full_memory,75,0,receiver_3,dbproc-01870edcc464-agent4,1.0,0.0,1.0,validated
full_memory,75,0,receiver_3,dbproc-01870edcc464-agent5,0.0,0.0,0.0,injected_unvalidated
full_memory,75,0,receiver_3,dbproc-06c28b92d681-agent1,1.0,0.0,1.0,validated
full_memory,75,0,receiver_3,dbproc-01870edcc464-agent3,1.0,0.0,1.0,validated
retrieval,75,0,receiver_1,dbproc-01870edcc464-agent3,0.0,0.0,0.0,injected_unvalidated
retrieval,75,0,receiver_1,dbproc-01870edcc464-agent4,0.0,0.0,0.0,injected_unvalidated
retrieval,75,0,receiver_1,dbproc-01870edcc464-agent5,0.0,0.0,0.0,injected_unvalidated
retrieval,75,0,receiver_2,dbproc-01870edcc464-agent3,0.0,0.0,0.0,injected_unvalidated
retrieval,75,0,receiver_2,dbproc-01870edcc464-agent4,0.0,1.0,-1.0,injected_unvalidated
retrieval,75,0,receiver_2,dbproc-01870edcc464-agent5,0.0,0.0,0.0,injected_unvalidated
retrieval,75,0,receiver_3,dbproc-01870edcc464-agent3,1.0,0.0,1.0,validated
retrieval,75,0,receiver_3,dbproc-01870edcc464-agent4,1.0,0.0,1.0,validated
retrieval,75,0,receiver_3,dbproc-01870edcc464-agent5,0.0,0.0,0.0,injected_unvalidated
smtr_uniform,75,0,receiver_1,dbproc-06c28b92d681-agent1,0.0,0.0,0.0,injected_unvalidated
smtr_uniform,75,0,receiver_1,dbproc-01870edcc464-agent3,0.0,0.0,0.0,injected_unvalidated
smtr_uniform,75,0,receiver_2,dbproc-06c28b92d681-agent1,0.0,0.0,0.0,injected_unvalidated
smtr_uniform,75,0,receiver_2,dbproc-01870edcc464-agent3,0.0,0.0,0.0,injected_unvalidated
smtr_uniform,75,0,receiver_3,dbproc-06c28b92d681-agent1,1.0,0.0,1.0,validated
smtr_uniform,75,0,receiver_3,dbproc-01870edcc464-agent3,1.0,0.0,1.0,validated
smtr_receiver,75,0,receiver_3,dbproc-06c28b92d681-agent1,1.0,0.0,1.0,validated
smtr_receiver,75,0,receiver_3,dbproc-01870edcc464-agent4,1.0,0.0,1.0,validated
smtr_receiver,75,0,receiver_3,dbproc-01870edcc464-agent3,1.0,0.0,1.0,validated
full_memory,75,1,receiver_1,dbproc-01870edcc464-agent4,0.0,0.0,0.0,injected_unvalidated
full_memory,75,1,receiver_1,dbproc-01870edcc464-agent5,0.0,0.0,0.0,injected_unvalidated
full_memory,75,1,receiver_1,dbproc-01870edcc464-agent2,0.0,0.0,0.0,injected_unvalidated
full_memory,75,1,receiver_2,dbproc-01870edcc464-agent4,0.0,1.0,-1.0,injected_unvalidated
full_memory,75,1,receiver_2,dbproc-01870edcc464-agent5,0.0,0.0,0.0,injected_unvalidated
full_memory,75,1,receiver_2,dbproc-01870edcc464-agent2,0.0,0.0,0.0,injected_unvalidated
full_memory,75,1,receiver_3,dbproc-01870edcc464-agent4,1.0,0.0,1.0,validated
full_memory,75,1,receiver_3,dbproc-01870edcc464-agent5,0.0,0.0,0.0,injected_unvalidated
full_memory,75,1,receiver_3,dbproc-01870edcc464-agent2,0.0,0.0,0.0,injected_unvalidated
retrieval,75,1,receiver_1,dbproc-01870edcc464-agent2,0.0,0.0,0.0,injected_unvalidated
retrieval,75,1,receiver_1,dbproc-01870edcc464-agent4,0.0,0.0,0.0,injected_unvalidated
retrieval,75,1,receiver_1,dbproc-01870edcc464-agent5,0.0,0.0,0.0,injected_unvalidated
retrieval,75,1,receiver_2,dbproc-01870edcc464-agent2,0.0,0.0,0.0,injected_unvalidated
retrieval,75,1,receiver_2,dbproc-01870edcc464-agent4,0.0,1.0,-1.0,injected_unvalidated
retrieval,75,1,receiver_2,dbproc-01870edcc464-agent5,0.0,0.0,0.0,injected_unvalidated
retrieval,75,1,receiver_3,dbproc-01870edcc464-agent2,0.0,0.0,0.0,injected_unvalidated
retrieval,75,1,receiver_3,dbproc-01870edcc464-agent4,1.0,0.0,1.0,validated
retrieval,75,1,receiver_3,dbproc-01870edcc464-agent5,0.0,0.0,0.0,injected_unvalidated
smtr_receiver,75,1,receiver_3,dbproc-01870edcc464-agent4,1.0,0.0,1.0,validated
full_memory,75,2,receiver_1,dbproc-01870edcc464-agent2,0.0,0.0,0.0,injected_unvalidated
full_memory,75,2,receiver_2,dbproc-01870edcc464-agent2,0.0,0.0,0.0,injected_unvalidated
full_memory,75,2,receiver_3,dbproc-01870edcc464-agent2,0.0,0.0,0.0,injected_unvalidated
retrieval,75,2,receiver_1,dbproc-01870edcc464-agent2,0.0,0.0,0.0,injected_unvalidated
retrieval,75,2,receiver_2,dbproc-01870edcc464-agent2,0.0,0.0,0.0,injected_unvalidated
retrieval,75,2,receiver_3,dbproc-01870edcc464-agent2,0.0,0.0,0.0,injected_unvalidated
full_memory,76,1,receiver_1,dbproc-06c28b92d681-agent1,1.0,1.0,0.0,injected_unvalidated
full_memory,76,1,receiver_2,dbproc-06c28b92d681-agent1,1.0,1.0,0.0,injected_unvalidated
full_memory,76,1,receiver_3,dbproc-06c28b92d681-agent1,1.0,1.0,0.0,injected_unvalidated
retrieval,76,1,receiver_1,dbproc-06c28b92d681-agent1,1.0,1.0,0.0,injected_unvalidated
retrieval,76,1,receiver_2,dbproc-06c28b92d681-agent1,1.0,1.0,0.0,injected_unvalidated
retrieval,76,1,receiver_3,dbproc-06c28b92d681-agent1,1.0,1.0,0.0,injected_unvalidated
full_memory,77,0,receiver_1,dbproc-01870edcc464-agent4,0.0,0.0,0.0,injected_unvalidated
full_memory,77,0,receiver_1,dbproc-01870edcc464-agent2,0.0,0.0,0.0,injected_unvalidated
full_memory,77,0,receiver_2,dbproc-01870edcc464-agent4,0.0,0.0,0.0,injected_unvalidated
full_memory,77,0,receiver_2,dbproc-01870edcc464-agent2,0.0,0.0,0.0,injected_unvalidated
full_memory,77,0,receiver_3,dbproc-01870edcc464-agent4,0.0,0.0,0.0,injected_unvalidated
full_memory,77,0,receiver_3,dbproc-01870edcc464-agent2,0.0,0.0,0.0,injected_unvalidated
retrieval,77,0,receiver_1,dbproc-01870edcc464-agent2,0.0,0.0,0.0,injected_unvalidated
retrieval,77,0,receiver_1,dbproc-01870edcc464-agent4,0.0,0.0,0.0,injected_unvalidated
retrieval,77,0,receiver_2,dbproc-01870edcc464-agent2,0.0,0.0,0.0,injected_unvalidated
retrieval,77,0,receiver_2,dbproc-01870edcc464-agent4,0.0,0.0,0.0,injected_unvalidated
retrieval,77,0,receiver_3,dbproc-01870edcc464-agent2,0.0,0.0,0.0,injected_unvalidated
retrieval,77,0,receiver_3,dbproc-01870edcc464-agent4,0.0,0.0,0.0,injected_unvalidated
full_memory,77,2,receiver_1,dbproc-01870edcc464-agent3,0.0,0.0,0.0,injected_unvalidated
full_memory,77,2,receiver_1,dbproc-01870edcc464-agent1,0.0,0.0,0.0,injected_unvalidated
full_memory,77,2,receiver_1,dbproc-01870edcc464-agent5,0.0,0.0,0.0,injected_unvalidated
full_memory,77,2,receiver_1,dbproc-01870edcc464-agent4,0.0,0.0,0.0,injected_unvalidated
full_memory,77,2,receiver_1,dbproc-01870edcc464-agent2,0.0,0.0,0.0,injected_unvalidated
full_memory,77,2,receiver_2,dbproc-01870edcc464-agent3,0.0,0.0,0.0,injected_unvalidated
full_memory,77,2,receiver_2,dbproc-01870edcc464-agent1,0.0,0.0,0.0,injected_unvalidated
full_memory,77,2,receiver_2,dbproc-01870edcc464-agent5,1.0,0.0,1.0,validated
full_memory,77,2,receiver_2,dbproc-01870edcc464-agent4,0.0,0.0,0.0,injected_unvalidated
full_memory,77,2,receiver_2,dbproc-01870edcc464-agent2,0.0,0.0,0.0,injected_unvalidated
full_memory,77,2,receiver_3,dbproc-01870edcc464-agent3,0.0,0.0,0.0,injected_unvalidated
full_memory,77,2,receiver_3,dbproc-01870edcc464-agent1,0.0,1.0,-1.0,injected_unvalidated
full_memory,77,2,receiver_3,dbproc-01870edcc464-agent5,1.0,0.0,1.0,validated
full_memory,77,2,receiver_3,dbproc-01870edcc464-agent4,0.0,0.0,0.0,injected_unvalidated
full_memory,77,2,receiver_3,dbproc-01870edcc464-agent2,0.0,0.0,0.0,injected_unvalidated
retrieval,77,2,receiver_1,dbproc-01870edcc464-agent1,0.0,0.0,0.0,injected_unvalidated
retrieval,77,2,receiver_1,dbproc-01870edcc464-agent2,0.0,0.0,0.0,injected_unvalidated
retrieval,77,2,receiver_1,dbproc-01870edcc464-agent3,0.0,0.0,0.0,injected_unvalidated
retrieval,77,2,receiver_2,dbproc-01870edcc464-agent1,0.0,0.0,0.0,injected_unvalidated
retrieval,77,2,receiver_2,dbproc-01870edcc464-agent2,0.0,0.0,0.0,injected_unvalidated
retrieval,77,2,receiver_2,dbproc-01870edcc464-agent3,0.0,0.0,0.0,injected_unvalidated
retrieval,77,2,receiver_3,dbproc-01870edcc464-agent1,0.0,1.0,-1.0,injected_unvalidated
retrieval,77,2,receiver_3,dbproc-01870edcc464-agent2,0.0,0.0,0.0,injected_unvalidated
retrieval,77,2,receiver_3,dbproc-01870edcc464-agent3,0.0,0.0,0.0,injected_unvalidated
smtr_uniform,77,2,receiver_1,dbproc-01870edcc464-agent5,0.0,0.0,0.0,injected_unvalidated
smtr_uniform,77,2,receiver_2,dbproc-01870edcc464-agent5,1.0,0.0,1.0,validated
smtr_uniform,77,2,receiver_3,dbproc-01870edcc464-agent5,1.0,0.0,1.0,validated
smtr_receiver,77,2,receiver_2,dbproc-01870edcc464-agent5,1.0,0.0,1.0,validated
smtr_receiver,77,2,receiver_3,dbproc-01870edcc464-agent5,1.0,0.0,1.0,validated
full_memory,79,0,receiver_1,dbproc-01870edcc464-agent3,0.0,0.0,0.0,injected_unvalidated
full_memory,79,0,receiver_1,dbproc-01870edcc464-agent1,0.0,0.0,0.0,injected_unvalidated
full_memory,79,0,receiver_1,dbproc-06c28b92d681-agent1,0.0,0.0,0.0,injected_unvalidated
full_memory,79,0,receiver_2,dbproc-01870edcc464-agent3,0.0,0.0,0.0,injected_unvalidated
full_memory,79,0,receiver_2,dbproc-01870edcc464-agent1,0.0,0.0,0.0,injected_unvalidated
full_memory,79,0,receiver_2,dbproc-06c28b92d681-agent1,1.0,0.0,1.0,validated
full_memory,79,0,receiver_3,dbproc-01870edcc464-agent3,0.0,0.0,0.0,injected_unvalidated
full_memory,79,0,receiver_3,dbproc-01870edcc464-agent1,0.0,0.0,0.0,injected_unvalidated
full_memory,79,0,receiver_3,dbproc-06c28b92d681-agent1,0.0,0.0,0.0,injected_unvalidated
retrieval,79,0,receiver_1,dbproc-01870edcc464-agent1,0.0,0.0,0.0,injected_unvalidated
retrieval,79,0,receiver_1,dbproc-01870edcc464-agent3,0.0,0.0,0.0,injected_unvalidated
retrieval,79,0,receiver_1,dbproc-06c28b92d681-agent1,0.0,0.0,0.0,injected_unvalidated
retrieval,79,0,receiver_2,dbproc-01870edcc464-agent1,0.0,0.0,0.0,injected_unvalidated
retrieval,79,0,receiver_2,dbproc-01870edcc464-agent3,0.0,0.0,0.0,injected_unvalidated
retrieval,79,0,receiver_2,dbproc-06c28b92d681-agent1,1.0,0.0,1.0,validated
retrieval,79,0,receiver_3,dbproc-01870edcc464-agent1,0.0,0.0,0.0,injected_unvalidated
retrieval,79,0,receiver_3,dbproc-01870edcc464-agent3,0.0,0.0,0.0,injected_unvalidated
retrieval,79,0,receiver_3,dbproc-06c28b92d681-agent1,0.0,0.0,0.0,injected_unvalidated
smtr_uniform,79,0,receiver_1,dbproc-06c28b92d681-agent1,0.0,0.0,0.0,injected_unvalidated
smtr_uniform,79,0,receiver_2,dbproc-06c28b92d681-agent1,1.0,0.0,1.0,validated
smtr_uniform,79,0,receiver_3,dbproc-06c28b92d681-agent1,0.0,0.0,0.0,injected_unvalidated
smtr_receiver,79,0,receiver_2,dbproc-06c28b92d681-agent1,1.0,0.0,1.0,validated
full_memory,79,2,receiver_1,dbproc-01870edcc464-agent3,0.0,0.0,0.0,injected_unvalidated
full_memory,79,2,receiver_1,dbproc-01870edcc464-agent5,0.0,0.0,0.0,injected_unvalidated
full_memory,79,2,receiver_1,dbproc-01870edcc464-agent2,0.0,0.0,0.0,injected_unvalidated
full_memory,79,2,receiver_1,dbproc-01870edcc464-agent1,0.0,0.0,0.0,injected_unvalidated
full_memory,79,2,receiver_1,dbproc-06c28b92d681-agent1,0.0,0.0,0.0,injected_unvalidated
full_memory,79,2,receiver_1,dbproc-01870edcc464-agent4,0.0,0.0,0.0,injected_unvalidated
full_memory,79,2,receiver_2,dbproc-01870edcc464-agent3,0.0,0.0,0.0,injected_unvalidated
full_memory,79,2,receiver_2,dbproc-01870edcc464-agent5,0.0,0.0,0.0,injected_unvalidated
full_memory,79,2,receiver_2,dbproc-01870edcc464-agent2,0.0,0.0,0.0,injected_unvalidated
full_memory,79,2,receiver_2,dbproc-01870edcc464-agent1,0.0,0.0,0.0,injected_unvalidated
full_memory,79,2,receiver_2,dbproc-06c28b92d681-agent1,1.0,0.0,1.0,validated
full_memory,79,2,receiver_2,dbproc-01870edcc464-agent4,0.0,0.0,0.0,injected_unvalidated
full_memory,79,2,receiver_3,dbproc-01870edcc464-agent3,0.0,0.0,0.0,injected_unvalidated
full_memory,79,2,receiver_3,dbproc-01870edcc464-agent5,0.0,0.0,0.0,injected_unvalidated
full_memory,79,2,receiver_3,dbproc-01870edcc464-agent2,0.0,0.0,0.0,injected_unvalidated
full_memory,79,2,receiver_3,dbproc-01870edcc464-agent1,0.0,0.0,0.0,injected_unvalidated
full_memory,79,2,receiver_3,dbproc-06c28b92d681-agent1,0.0,0.0,0.0,injected_unvalidated
full_memory,79,2,receiver_3,dbproc-01870edcc464-agent4,0.0,0.0,0.0,injected_unvalidated
retrieval,79,2,receiver_1,dbproc-01870edcc464-agent1,0.0,0.0,0.0,injected_unvalidated
retrieval,79,2,receiver_1,dbproc-01870edcc464-agent2,0.0,0.0,0.0,injected_unvalidated
retrieval,79,2,receiver_1,dbproc-01870edcc464-agent3,0.0,0.0,0.0,injected_unvalidated
retrieval,79,2,receiver_2,dbproc-01870edcc464-agent1,0.0,0.0,0.0,injected_unvalidated
retrieval,79,2,receiver_2,dbproc-01870edcc464-agent2,0.0,0.0,0.0,injected_unvalidated
retrieval,79,2,receiver_2,dbproc-01870edcc464-agent3,0.0,0.0,0.0,injected_unvalidated
retrieval,79,2,receiver_3,dbproc-01870edcc464-agent1,0.0,0.0,0.0,injected_unvalidated
retrieval,79,2,receiver_3,dbproc-01870edcc464-agent2,0.0,0.0,0.0,injected_unvalidated
retrieval,79,2,receiver_3,dbproc-01870edcc464-agent3,0.0,0.0,0.0,injected_unvalidated
smtr_uniform,79,2,receiver_1,dbproc-06c28b92d681-agent1,0.0,0.0,0.0,injected_unvalidated
smtr_uniform,79,2,receiver_2,dbproc-06c28b92d681-agent1,1.0,0.0,1.0,validated
smtr_uniform,79,2,receiver_3,dbproc-06c28b92d681-agent1,0.0,0.0,0.0,injected_unvalidated
smtr_receiver,79,2,receiver_2,dbproc-06c28b92d681-agent1,1.0,0.0,1.0,validated
full_memory,8,0,receiver_1,dbproc-01870edcc464-agent3,0.0,1.0,-1.0,injected_unvalidated
full_memory,8,0,receiver_1,dbproc-06c28b92d681-agent1,1.0,1.0,0.0,injected_unvalidated
full_memory,8,0,receiver_1,dbproc-01870edcc464-agent5,0.0,1.0,-1.0,injected_unvalidated
full_memory,8,0,receiver_1,dbproc-01870edcc464-agent1,1.0,1.0,0.0,injected_unvalidated
full_memory,8,0,receiver_1,dbproc-01870edcc464-agent4,0.0,1.0,-1.0,injected_unvalidated
full_memory,8,0,receiver_2,dbproc-01870edcc464-agent3,0.0,1.0,-1.0,injected_unvalidated
full_memory,8,0,receiver_2,dbproc-06c28b92d681-agent1,0.0,1.0,-1.0,injected_unvalidated
full_memory,8,0,receiver_2,dbproc-01870edcc464-agent5,0.0,1.0,-1.0,injected_unvalidated
full_memory,8,0,receiver_2,dbproc-01870edcc464-agent1,1.0,1.0,0.0,injected_unvalidated
full_memory,8,0,receiver_2,dbproc-01870edcc464-agent4,0.0,1.0,-1.0,injected_unvalidated
full_memory,8,0,receiver_3,dbproc-01870edcc464-agent3,0.0,1.0,-1.0,injected_unvalidated
full_memory,8,0,receiver_3,dbproc-06c28b92d681-agent1,1.0,1.0,0.0,injected_unvalidated
full_memory,8,0,receiver_3,dbproc-01870edcc464-agent5,0.0,1.0,-1.0,injected_unvalidated
full_memory,8,0,receiver_3,dbproc-01870edcc464-agent1,1.0,1.0,0.0,injected_unvalidated
full_memory,8,0,receiver_3,dbproc-01870edcc464-agent4,1.0,1.0,0.0,injected_unvalidated
retrieval,8,0,receiver_1,dbproc-01870edcc464-agent1,1.0,1.0,0.0,injected_unvalidated
retrieval,8,0,receiver_1,dbproc-01870edcc464-agent3,0.0,1.0,-1.0,injected_unvalidated
retrieval,8,0,receiver_1,dbproc-01870edcc464-agent4,0.0,1.0,-1.0,injected_unvalidated
retrieval,8,0,receiver_2,dbproc-01870edcc464-agent1,1.0,1.0,0.0,injected_unvalidated
retrieval,8,0,receiver_2,dbproc-01870edcc464-agent3,0.0,1.0,-1.0,injected_unvalidated
retrieval,8,0,receiver_2,dbproc-01870edcc464-agent4,0.0,1.0,-1.0,injected_unvalidated
retrieval,8,0,receiver_3,dbproc-01870edcc464-agent1,1.0,1.0,0.0,injected_unvalidated
retrieval,8,0,receiver_3,dbproc-01870edcc464-agent3,0.0,1.0,-1.0,injected_unvalidated
retrieval,8,0,receiver_3,dbproc-01870edcc464-agent4,1.0,1.0,0.0,injected_unvalidated
full_memory,80,0,receiver_1,dbproc-01870edcc464-agent2,0.0,0.0,0.0,injected_unvalidated
full_memory,80,0,receiver_1,dbproc-06c28b92d681-agent1,0.0,0.0,0.0,injected_unvalidated
full_memory,80,0,receiver_1,dbproc-01870edcc464-agent1,0.0,0.0,0.0,injected_unvalidated
full_memory,80,0,receiver_1,dbproc-01870edcc464-agent5,0.0,0.0,0.0,injected_unvalidated
full_memory,80,0,receiver_2,dbproc-01870edcc464-agent2,0.0,0.0,0.0,injected_unvalidated
full_memory,80,0,receiver_2,dbproc-06c28b92d681-agent1,0.0,0.0,0.0,injected_unvalidated
full_memory,80,0,receiver_2,dbproc-01870edcc464-agent1,0.0,0.0,0.0,injected_unvalidated
full_memory,80,0,receiver_2,dbproc-01870edcc464-agent5,0.0,0.0,0.0,injected_unvalidated
full_memory,80,0,receiver_3,dbproc-01870edcc464-agent2,0.0,0.0,0.0,injected_unvalidated
full_memory,80,0,receiver_3,dbproc-06c28b92d681-agent1,0.0,0.0,0.0,injected_unvalidated
full_memory,80,0,receiver_3,dbproc-01870edcc464-agent1,0.0,0.0,0.0,injected_unvalidated
full_memory,80,0,receiver_3,dbproc-01870edcc464-agent5,0.0,0.0,0.0,injected_unvalidated
retrieval,80,0,receiver_1,dbproc-01870edcc464-agent1,0.0,0.0,0.0,injected_unvalidated
retrieval,80,0,receiver_1,dbproc-01870edcc464-agent2,0.0,0.0,0.0,injected_unvalidated
retrieval,80,0,receiver_1,dbproc-01870edcc464-agent5,0.0,0.0,0.0,injected_unvalidated
retrieval,80,0,receiver_2,dbproc-01870edcc464-agent1,0.0,0.0,0.0,injected_unvalidated
retrieval,80,0,receiver_2,dbproc-01870edcc464-agent2,0.0,0.0,0.0,injected_unvalidated
retrieval,80,0,receiver_2,dbproc-01870edcc464-agent5,0.0,0.0,0.0,injected_unvalidated
retrieval,80,0,receiver_3,dbproc-01870edcc464-agent1,0.0,0.0,0.0,injected_unvalidated
retrieval,80,0,receiver_3,dbproc-01870edcc464-agent2,0.0,0.0,0.0,injected_unvalidated
retrieval,80,0,receiver_3,dbproc-01870edcc464-agent5,0.0,0.0,0.0,injected_unvalidated
full_memory,80,1,receiver_1,dbproc-01870edcc464-agent2,0.0,0.0,0.0,injected_unvalidated
full_memory,80,1,receiver_1,dbproc-06c28b92d681-agent1,0.0,0.0,0.0,injected_unvalidated
full_memory,80,1,receiver_1,dbproc-01870edcc464-agent1,0.0,0.0,0.0,injected_unvalidated
full_memory,80,1,receiver_2,dbproc-01870edcc464-agent2,0.0,0.0,0.0,injected_unvalidated
full_memory,80,1,receiver_2,dbproc-06c28b92d681-agent1,0.0,0.0,0.0,injected_unvalidated
full_memory,80,1,receiver_2,dbproc-01870edcc464-agent1,0.0,0.0,0.0,injected_unvalidated
full_memory,80,1,receiver_3,dbproc-01870edcc464-agent2,0.0,0.0,0.0,injected_unvalidated
full_memory,80,1,receiver_3,dbproc-06c28b92d681-agent1,0.0,0.0,0.0,injected_unvalidated
full_memory,80,1,receiver_3,dbproc-01870edcc464-agent1,0.0,0.0,0.0,injected_unvalidated
retrieval,80,1,receiver_1,dbproc-01870edcc464-agent1,0.0,0.0,0.0,injected_unvalidated
retrieval,80,1,receiver_1,dbproc-01870edcc464-agent2,0.0,0.0,0.0,injected_unvalidated
retrieval,80,1,receiver_1,dbproc-06c28b92d681-agent1,0.0,0.0,0.0,injected_unvalidated
retrieval,80,1,receiver_2,dbproc-01870edcc464-agent1,0.0,0.0,0.0,injected_unvalidated
retrieval,80,1,receiver_2,dbproc-01870edcc464-agent2,0.0,0.0,0.0,injected_unvalidated
retrieval,80,1,receiver_2,dbproc-06c28b92d681-agent1,0.0,0.0,0.0,injected_unvalidated
retrieval,80,1,receiver_3,dbproc-01870edcc464-agent1,0.0,0.0,0.0,injected_unvalidated
retrieval,80,1,receiver_3,dbproc-01870edcc464-agent2,0.0,0.0,0.0,injected_unvalidated
retrieval,80,1,receiver_3,dbproc-06c28b92d681-agent1,0.0,0.0,0.0,injected_unvalidated
full_memory,80,2,receiver_1,dbproc-06c28b92d681-agent1,0.0,0.0,0.0,injected_unvalidated
full_memory,80,2,receiver_1,dbproc-01870edcc464-agent4,0.0,0.0,0.0,injected_unvalidated
full_memory,80,2,receiver_1,dbproc-01870edcc464-agent3,0.0,0.0,0.0,injected_unvalidated
full_memory,80,2,receiver_1,dbproc-01870edcc464-agent5,0.0,0.0,0.0,injected_unvalidated
full_memory,80,2,receiver_2,dbproc-06c28b92d681-agent1,0.0,0.0,0.0,injected_unvalidated
full_memory,80,2,receiver_2,dbproc-01870edcc464-agent4,0.0,0.0,0.0,injected_unvalidated
full_memory,80,2,receiver_2,dbproc-01870edcc464-agent3,0.0,1.0,-1.0,injected_unvalidated
full_memory,80,2,receiver_2,dbproc-01870edcc464-agent5,0.0,0.0,0.0,injected_unvalidated
full_memory,80,2,receiver_3,dbproc-06c28b92d681-agent1,0.0,0.0,0.0,injected_unvalidated
full_memory,80,2,receiver_3,dbproc-01870edcc464-agent4,0.0,0.0,0.0,injected_unvalidated
full_memory,80,2,receiver_3,dbproc-01870edcc464-agent3,0.0,1.0,-1.0,injected_unvalidated
full_memory,80,2,receiver_3,dbproc-01870edcc464-agent5,0.0,0.0,0.0,injected_unvalidated
retrieval,80,2,receiver_1,dbproc-01870edcc464-agent3,0.0,0.0,0.0,injected_unvalidated
retrieval,80,2,receiver_1,dbproc-01870edcc464-agent4,0.0,0.0,0.0,injected_unvalidated
retrieval,80,2,receiver_1,dbproc-01870edcc464-agent5,0.0,0.0,0.0,injected_unvalidated
retrieval,80,2,receiver_2,dbproc-01870edcc464-agent3,0.0,1.0,-1.0,injected_unvalidated
retrieval,80,2,receiver_2,dbproc-01870edcc464-agent4,0.0,0.0,0.0,injected_unvalidated
retrieval,80,2,receiver_2,dbproc-01870edcc464-agent5,0.0,0.0,0.0,injected_unvalidated
retrieval,80,2,receiver_3,dbproc-01870edcc464-agent3,0.0,1.0,-1.0,injected_unvalidated
retrieval,80,2,receiver_3,dbproc-01870edcc464-agent4,0.0,0.0,0.0,injected_unvalidated
retrieval,80,2,receiver_3,dbproc-01870edcc464-agent5,0.0,0.0,0.0,injected_unvalidated
full_memory,82,0,receiver_1,dbproc-06c28b92d681-agent1,0.0,0.0,0.0,injected_unvalidated
full_memory,82,0,receiver_1,dbproc-01870edcc464-agent3,0.0,0.0,0.0,injected_unvalidated
full_memory,82,0,receiver_1,dbproc-01870edcc464-agent4,0.0,0.0,0.0,injected_unvalidated
full_memory,82,0,receiver_1,dbproc-01870edcc464-agent2,0.0,0.0,0.0,injected_unvalidated
full_memory,82,0,receiver_2,dbproc-06c28b92d681-agent1,0.0,0.0,0.0,injected_unvalidated
full_memory,82,0,receiver_2,dbproc-01870edcc464-agent3,0.0,0.0,0.0,injected_unvalidated
full_memory,82,0,receiver_2,dbproc-01870edcc464-agent4,1.0,0.0,1.0,validated
full_memory,82,0,receiver_2,dbproc-01870edcc464-agent2,0.0,0.0,0.0,injected_unvalidated
full_memory,82,0,receiver_3,dbproc-06c28b92d681-agent1,1.0,0.0,1.0,validated
full_memory,82,0,receiver_3,dbproc-01870edcc464-agent3,0.0,0.0,0.0,injected_unvalidated
full_memory,82,0,receiver_3,dbproc-01870edcc464-agent4,0.0,0.0,0.0,injected_unvalidated
full_memory,82,0,receiver_3,dbproc-01870edcc464-agent2,0.0,0.0,0.0,injected_unvalidated
retrieval,82,0,receiver_1,dbproc-01870edcc464-agent2,0.0,0.0,0.0,injected_unvalidated
retrieval,82,0,receiver_1,dbproc-01870edcc464-agent3,0.0,0.0,0.0,injected_unvalidated
retrieval,82,0,receiver_1,dbproc-01870edcc464-agent4,0.0,0.0,0.0,injected_unvalidated
retrieval,82,0,receiver_2,dbproc-01870edcc464-agent2,0.0,0.0,0.0,injected_unvalidated
retrieval,82,0,receiver_2,dbproc-01870edcc464-agent3,0.0,0.0,0.0,injected_unvalidated
retrieval,82,0,receiver_2,dbproc-01870edcc464-agent4,1.0,0.0,1.0,validated
retrieval,82,0,receiver_3,dbproc-01870edcc464-agent2,0.0,0.0,0.0,injected_unvalidated
retrieval,82,0,receiver_3,dbproc-01870edcc464-agent3,0.0,0.0,0.0,injected_unvalidated
retrieval,82,0,receiver_3,dbproc-01870edcc464-agent4,0.0,0.0,0.0,injected_unvalidated
smtr_uniform,82,0,receiver_1,dbproc-06c28b92d681-agent1,0.0,0.0,0.0,injected_unvalidated
smtr_uniform,82,0,receiver_1,dbproc-01870edcc464-agent4,0.0,0.0,0.0,injected_unvalidated
smtr_uniform,82,0,receiver_2,dbproc-06c28b92d681-agent1,0.0,0.0,0.0,injected_unvalidated
smtr_uniform,82,0,receiver_2,dbproc-01870edcc464-agent4,1.0,0.0,1.0,validated
smtr_uniform,82,0,receiver_3,dbproc-06c28b92d681-agent1,1.0,0.0,1.0,validated
smtr_uniform,82,0,receiver_3,dbproc-01870edcc464-agent4,0.0,0.0,0.0,injected_unvalidated
smtr_receiver,82,0,receiver_2,dbproc-01870edcc464-agent4,1.0,0.0,1.0,validated
smtr_receiver,82,0,receiver_3,dbproc-06c28b92d681-agent1,1.0,0.0,1.0,validated
full_memory,82,1,receiver_1,dbproc-01870edcc464-agent1,0.0,0.0,0.0,injected_unvalidated
full_memory,82,1,receiver_1,dbproc-01870edcc464-agent5,0.0,0.0,0.0,injected_unvalidated
full_memory,82,1,receiver_1,dbproc-06c28b92d681-agent1,0.0,0.0,0.0,injected_unvalidated
full_memory,82,1,receiver_1,dbproc-01870edcc464-agent4,0.0,0.0,0.0,injected_unvalidated
full_memory,82,1,receiver_1,dbproc-01870edcc464-agent2,0.0,0.0,0.0,injected_unvalidated
full_memory,82,1,receiver_2,dbproc-01870edcc464-agent1,0.0,0.0,0.0,injected_unvalidated
full_memory,82,1,receiver_2,dbproc-01870edcc464-agent5,0.0,0.0,0.0,injected_unvalidated
full_memory,82,1,receiver_2,dbproc-06c28b92d681-agent1,0.0,0.0,0.0,injected_unvalidated
full_memory,82,1,receiver_2,dbproc-01870edcc464-agent4,1.0,0.0,1.0,validated
full_memory,82,1,receiver_2,dbproc-01870edcc464-agent2,0.0,0.0,0.0,injected_unvalidated
full_memory,82,1,receiver_3,dbproc-01870edcc464-agent1,0.0,0.0,0.0,injected_unvalidated
full_memory,82,1,receiver_3,dbproc-01870edcc464-agent5,0.0,0.0,0.0,injected_unvalidated
full_memory,82,1,receiver_3,dbproc-06c28b92d681-agent1,1.0,0.0,1.0,validated
full_memory,82,1,receiver_3,dbproc-01870edcc464-agent4,0.0,0.0,0.0,injected_unvalidated
full_memory,82,1,receiver_3,dbproc-01870edcc464-agent2,0.0,0.0,0.0,injected_unvalidated
retrieval,82,1,receiver_1,dbproc-01870edcc464-agent1,0.0,0.0,0.0,injected_unvalidated
retrieval,82,1,receiver_1,dbproc-01870edcc464-agent2,0.0,0.0,0.0,injected_unvalidated
retrieval,82,1,receiver_1,dbproc-01870edcc464-agent4,0.0,0.0,0.0,injected_unvalidated
retrieval,82,1,receiver_2,dbproc-01870edcc464-agent1,0.0,0.0,0.0,injected_unvalidated
retrieval,82,1,receiver_2,dbproc-01870edcc464-agent2,0.0,0.0,0.0,injected_unvalidated
retrieval,82,1,receiver_2,dbproc-01870edcc464-agent4,1.0,0.0,1.0,validated
retrieval,82,1,receiver_3,dbproc-01870edcc464-agent1,0.0,0.0,0.0,injected_unvalidated
retrieval,82,1,receiver_3,dbproc-01870edcc464-agent2,0.0,0.0,0.0,injected_unvalidated
retrieval,82,1,receiver_3,dbproc-01870edcc464-agent4,0.0,0.0,0.0,injected_unvalidated
smtr_uniform,82,1,receiver_1,dbproc-06c28b92d681-agent1,0.0,0.0,0.0,injected_unvalidated
smtr_uniform,82,1,receiver_1,dbproc-01870edcc464-agent4,0.0,0.0,0.0,injected_unvalidated
smtr_uniform,82,1,receiver_2,dbproc-06c28b92d681-agent1,0.0,0.0,0.0,injected_unvalidated
smtr_uniform,82,1,receiver_2,dbproc-01870edcc464-agent4,1.0,0.0,1.0,validated
smtr_uniform,82,1,receiver_3,dbproc-06c28b92d681-agent1,1.0,0.0,1.0,validated
smtr_uniform,82,1,receiver_3,dbproc-01870edcc464-agent4,0.0,0.0,0.0,injected_unvalidated
smtr_receiver,82,1,receiver_2,dbproc-01870edcc464-agent4,1.0,0.0,1.0,validated
smtr_receiver,82,1,receiver_3,dbproc-06c28b92d681-agent1,1.0,0.0,1.0,validated
full_memory,84,0,receiver_1,dbproc-01870edcc464-agent2,0.0,0.0,0.0,injected_unvalidated
full_memory,84,0,receiver_1,dbproc-01870edcc464-agent5,0.0,0.0,0.0,injected_unvalidated
full_memory,84,0,receiver_1,dbproc-01870edcc464-agent3,0.0,0.0,0.0,injected_unvalidated
full_memory,84,0,receiver_2,dbproc-01870edcc464-agent2,0.0,0.0,0.0,injected_unvalidated
full_memory,84,0,receiver_2,dbproc-01870edcc464-agent5,0.0,0.0,0.0,injected_unvalidated
full_memory,84,0,receiver_2,dbproc-01870edcc464-agent3,0.0,0.0,0.0,injected_unvalidated
full_memory,84,0,receiver_3,dbproc-01870edcc464-agent2,0.0,0.0,0.0,injected_unvalidated
full_memory,84,0,receiver_3,dbproc-01870edcc464-agent5,1.0,0.0,1.0,validated
full_memory,84,0,receiver_3,dbproc-01870edcc464-agent3,0.0,0.0,0.0,injected_unvalidated
retrieval,84,0,receiver_1,dbproc-01870edcc464-agent2,0.0,0.0,0.0,injected_unvalidated
retrieval,84,0,receiver_1,dbproc-01870edcc464-agent3,0.0,0.0,0.0,injected_unvalidated
retrieval,84,0,receiver_1,dbproc-01870edcc464-agent5,0.0,0.0,0.0,injected_unvalidated
retrieval,84,0,receiver_2,dbproc-01870edcc464-agent2,0.0,0.0,0.0,injected_unvalidated
retrieval,84,0,receiver_2,dbproc-01870edcc464-agent3,0.0,0.0,0.0,injected_unvalidated
retrieval,84,0,receiver_2,dbproc-01870edcc464-agent5,0.0,0.0,0.0,injected_unvalidated
retrieval,84,0,receiver_3,dbproc-01870edcc464-agent2,0.0,0.0,0.0,injected_unvalidated
retrieval,84,0,receiver_3,dbproc-01870edcc464-agent3,0.0,0.0,0.0,injected_unvalidated
retrieval,84,0,receiver_3,dbproc-01870edcc464-agent5,1.0,0.0,1.0,validated
smtr_uniform,84,0,receiver_1,dbproc-01870edcc464-agent5,0.0,0.0,0.0,injected_unvalidated
smtr_uniform,84,0,receiver_2,dbproc-01870edcc464-agent5,0.0,0.0,0.0,injected_unvalidated
smtr_uniform,84,0,receiver_3,dbproc-01870edcc464-agent5,1.0,0.0,1.0,validated
smtr_receiver,84,0,receiver_3,dbproc-01870edcc464-agent5,1.0,0.0,1.0,validated
full_memory,84,1,receiver_1,dbproc-01870edcc464-agent2,0.0,0.0,0.0,injected_unvalidated
full_memory,84,1,receiver_1,dbproc-01870edcc464-agent1,0.0,0.0,0.0,injected_unvalidated
full_memory,84,1,receiver_1,dbproc-01870edcc464-agent5,0.0,0.0,0.0,injected_unvalidated
full_memory,84,1,receiver_2,dbproc-01870edcc464-agent2,0.0,0.0,0.0,injected_unvalidated
full_memory,84,1,receiver_2,dbproc-01870edcc464-agent1,0.0,0.0,0.0,injected_unvalidated
full_memory,84,1,receiver_2,dbproc-01870edcc464-agent5,0.0,0.0,0.0,injected_unvalidated
full_memory,84,1,receiver_3,dbproc-01870edcc464-agent2,0.0,0.0,0.0,injected_unvalidated
full_memory,84,1,receiver_3,dbproc-01870edcc464-agent1,0.0,0.0,0.0,injected_unvalidated
full_memory,84,1,receiver_3,dbproc-01870edcc464-agent5,1.0,0.0,1.0,validated
retrieval,84,1,receiver_1,dbproc-01870edcc464-agent1,0.0,0.0,0.0,injected_unvalidated
retrieval,84,1,receiver_1,dbproc-01870edcc464-agent2,0.0,0.0,0.0,injected_unvalidated
retrieval,84,1,receiver_1,dbproc-01870edcc464-agent5,0.0,0.0,0.0,injected_unvalidated
retrieval,84,1,receiver_2,dbproc-01870edcc464-agent1,0.0,0.0,0.0,injected_unvalidated
retrieval,84,1,receiver_2,dbproc-01870edcc464-agent2,0.0,0.0,0.0,injected_unvalidated
retrieval,84,1,receiver_2,dbproc-01870edcc464-agent5,0.0,0.0,0.0,injected_unvalidated
retrieval,84,1,receiver_3,dbproc-01870edcc464-agent1,0.0,0.0,0.0,injected_unvalidated
retrieval,84,1,receiver_3,dbproc-01870edcc464-agent2,0.0,0.0,0.0,injected_unvalidated
retrieval,84,1,receiver_3,dbproc-01870edcc464-agent5,1.0,0.0,1.0,validated
smtr_uniform,84,1,receiver_1,dbproc-01870edcc464-agent5,0.0,0.0,0.0,injected_unvalidated
smtr_uniform,84,1,receiver_2,dbproc-01870edcc464-agent5,0.0,0.0,0.0,injected_unvalidated
smtr_uniform,84,1,receiver_3,dbproc-01870edcc464-agent5,1.0,0.0,1.0,validated
smtr_receiver,84,1,receiver_3,dbproc-01870edcc464-agent5,1.0,0.0,1.0,validated
full_memory,84,2,receiver_1,dbproc-01870edcc464-agent2,0.0,0.0,0.0,injected_unvalidated
full_memory,84,2,receiver_1,dbproc-01870edcc464-agent3,0.0,0.0,0.0,injected_unvalidated
full_memory,84,2,receiver_1,dbproc-06c28b92d681-agent1,0.0,0.0,0.0,injected_unvalidated
full_memory,84,2,receiver_1,dbproc-01870edcc464-agent4,0.0,0.0,0.0,injected_unvalidated
full_memory,84,2,receiver_2,dbproc-01870edcc464-agent2,0.0,0.0,0.0,injected_unvalidated
full_memory,84,2,receiver_2,dbproc-01870edcc464-agent3,0.0,0.0,0.0,injected_unvalidated
full_memory,84,2,receiver_2,dbproc-06c28b92d681-agent1,0.0,1.0,-1.0,injected_unvalidated
full_memory,84,2,receiver_2,dbproc-01870edcc464-agent4,0.0,0.0,0.0,injected_unvalidated
full_memory,84,2,receiver_3,dbproc-01870edcc464-agent2,0.0,0.0,0.0,injected_unvalidated
full_memory,84,2,receiver_3,dbproc-01870edcc464-agent3,0.0,0.0,0.0,injected_unvalidated
full_memory,84,2,receiver_3,dbproc-06c28b92d681-agent1,0.0,1.0,-1.0,injected_unvalidated
full_memory,84,2,receiver_3,dbproc-01870edcc464-agent4,0.0,0.0,0.0,injected_unvalidated
retrieval,84,2,receiver_1,dbproc-01870edcc464-agent2,0.0,0.0,0.0,injected_unvalidated
retrieval,84,2,receiver_1,dbproc-01870edcc464-agent3,0.0,0.0,0.0,injected_unvalidated
retrieval,84,2,receiver_1,dbproc-01870edcc464-agent4,0.0,0.0,0.0,injected_unvalidated
retrieval,84,2,receiver_2,dbproc-01870edcc464-agent2,0.0,0.0,0.0,injected_unvalidated
retrieval,84,2,receiver_2,dbproc-01870edcc464-agent3,0.0,0.0,0.0,injected_unvalidated
retrieval,84,2,receiver_2,dbproc-01870edcc464-agent4,0.0,0.0,0.0,injected_unvalidated
retrieval,84,2,receiver_3,dbproc-01870edcc464-agent2,0.0,0.0,0.0,injected_unvalidated
retrieval,84,2,receiver_3,dbproc-01870edcc464-agent3,0.0,0.0,0.0,injected_unvalidated
retrieval,84,2,receiver_3,dbproc-01870edcc464-agent4,0.0,0.0,0.0,injected_unvalidated
full_memory,85,0,receiver_1,dbproc-06c28b92d681-agent1,0.0,0.0,0.0,injected_unvalidated
full_memory,85,0,receiver_1,dbproc-01870edcc464-agent1,0.0,0.0,0.0,injected_unvalidated
full_memory,85,0,receiver_1,dbproc-01870edcc464-agent2,0.0,0.0,0.0,injected_unvalidated
full_memory,85,0,receiver_1,dbproc-01870edcc464-agent3,0.0,0.0,0.0,injected_unvalidated
full_memory,85,0,receiver_1,dbproc-01870edcc464-agent5,0.0,0.0,0.0,injected_unvalidated
full_memory,85,0,receiver_1,dbproc-01870edcc464-agent4,0.0,0.0,0.0,injected_unvalidated
full_memory,85,0,receiver_2,dbproc-06c28b92d681-agent1,0.0,0.0,0.0,injected_unvalidated
full_memory,85,0,receiver_2,dbproc-01870edcc464-agent1,0.0,0.0,0.0,injected_unvalidated
full_memory,85,0,receiver_2,dbproc-01870edcc464-agent2,0.0,0.0,0.0,injected_unvalidated
full_memory,85,0,receiver_2,dbproc-01870edcc464-agent3,0.0,0.0,0.0,injected_unvalidated
full_memory,85,0,receiver_2,dbproc-01870edcc464-agent5,0.0,0.0,0.0,injected_unvalidated
full_memory,85,0,receiver_2,dbproc-01870edcc464-agent4,0.0,0.0,0.0,injected_unvalidated
full_memory,85,0,receiver_3,dbproc-06c28b92d681-agent1,0.0,0.0,0.0,injected_unvalidated
full_memory,85,0,receiver_3,dbproc-01870edcc464-agent1,0.0,0.0,0.0,injected_unvalidated
full_memory,85,0,receiver_3,dbproc-01870edcc464-agent2,0.0,0.0,0.0,injected_unvalidated
full_memory,85,0,receiver_3,dbproc-01870edcc464-agent3,0.0,0.0,0.0,injected_unvalidated
full_memory,85,0,receiver_3,dbproc-01870edcc464-agent5,0.0,0.0,0.0,injected_unvalidated
full_memory,85,0,receiver_3,dbproc-01870edcc464-agent4,0.0,0.0,0.0,injected_unvalidated
retrieval,85,0,receiver_1,dbproc-01870edcc464-agent1,0.0,0.0,0.0,injected_unvalidated
retrieval,85,0,receiver_1,dbproc-01870edcc464-agent2,0.0,0.0,0.0,injected_unvalidated
retrieval,85,0,receiver_1,dbproc-01870edcc464-agent3,0.0,0.0,0.0,injected_unvalidated
retrieval,85,0,receiver_2,dbproc-01870edcc464-agent1,0.0,0.0,0.0,injected_unvalidated
retrieval,85,0,receiver_2,dbproc-01870edcc464-agent2,0.0,0.0,0.0,injected_unvalidated
retrieval,85,0,receiver_2,dbproc-01870edcc464-agent3,0.0,0.0,0.0,injected_unvalidated
retrieval,85,0,receiver_3,dbproc-01870edcc464-agent1,0.0,0.0,0.0,injected_unvalidated
retrieval,85,0,receiver_3,dbproc-01870edcc464-agent2,0.0,0.0,0.0,injected_unvalidated
retrieval,85,0,receiver_3,dbproc-01870edcc464-agent3,0.0,0.0,0.0,injected_unvalidated
full_memory,85,1,receiver_1,dbproc-01870edcc464-agent1,0.0,0.0,0.0,injected_unvalidated
full_memory,85,1,receiver_1,dbproc-01870edcc464-agent2,0.0,0.0,0.0,injected_unvalidated
full_memory,85,1,receiver_1,dbproc-01870edcc464-agent3,0.0,0.0,0.0,injected_unvalidated
full_memory,85,1,receiver_1,dbproc-01870edcc464-agent5,0.0,0.0,0.0,injected_unvalidated
full_memory,85,1,receiver_1,dbproc-01870edcc464-agent4,0.0,0.0,0.0,injected_unvalidated
full_memory,85,1,receiver_2,dbproc-01870edcc464-agent1,0.0,0.0,0.0,injected_unvalidated
full_memory,85,1,receiver_2,dbproc-01870edcc464-agent2,0.0,0.0,0.0,injected_unvalidated
full_memory,85,1,receiver_2,dbproc-01870edcc464-agent3,0.0,0.0,0.0,injected_unvalidated
full_memory,85,1,receiver_2,dbproc-01870edcc464-agent5,0.0,0.0,0.0,injected_unvalidated
full_memory,85,1,receiver_2,dbproc-01870edcc464-agent4,0.0,0.0,0.0,injected_unvalidated
full_memory,85,1,receiver_3,dbproc-01870edcc464-agent1,0.0,0.0,0.0,injected_unvalidated
full_memory,85,1,receiver_3,dbproc-01870edcc464-agent2,0.0,0.0,0.0,injected_unvalidated
full_memory,85,1,receiver_3,dbproc-01870edcc464-agent3,0.0,0.0,0.0,injected_unvalidated
full_memory,85,1,receiver_3,dbproc-01870edcc464-agent5,0.0,0.0,0.0,injected_unvalidated
full_memory,85,1,receiver_3,dbproc-01870edcc464-agent4,0.0,0.0,0.0,injected_unvalidated
retrieval,85,1,receiver_1,dbproc-01870edcc464-agent1,0.0,0.0,0.0,injected_unvalidated
retrieval,85,1,receiver_1,dbproc-01870edcc464-agent2,0.0,0.0,0.0,injected_unvalidated
retrieval,85,1,receiver_1,dbproc-01870edcc464-agent3,0.0,0.0,0.0,injected_unvalidated
retrieval,85,1,receiver_2,dbproc-01870edcc464-agent1,0.0,0.0,0.0,injected_unvalidated
retrieval,85,1,receiver_2,dbproc-01870edcc464-agent2,0.0,0.0,0.0,injected_unvalidated
retrieval,85,1,receiver_2,dbproc-01870edcc464-agent3,0.0,0.0,0.0,injected_unvalidated
retrieval,85,1,receiver_3,dbproc-01870edcc464-agent1,0.0,0.0,0.0,injected_unvalidated
retrieval,85,1,receiver_3,dbproc-01870edcc464-agent2,0.0,0.0,0.0,injected_unvalidated
retrieval,85,1,receiver_3,dbproc-01870edcc464-agent3,0.0,0.0,0.0,injected_unvalidated
full_memory,87,0,receiver_1,dbproc-01870edcc464-agent4,0.0,0.0,0.0,injected_unvalidated
full_memory,87,0,receiver_1,dbproc-01870edcc464-agent3,0.0,0.0,0.0,injected_unvalidated
full_memory,87,0,receiver_1,dbproc-01870edcc464-agent1,0.0,0.0,0.0,injected_unvalidated
full_memory,87,0,receiver_1,dbproc-01870edcc464-agent2,0.0,0.0,0.0,injected_unvalidated
full_memory,87,0,receiver_2,dbproc-01870edcc464-agent4,0.0,0.0,0.0,injected_unvalidated
full_memory,87,0,receiver_2,dbproc-01870edcc464-agent3,1.0,0.0,1.0,validated
full_memory,87,0,receiver_2,dbproc-01870edcc464-agent1,0.0,0.0,0.0,injected_unvalidated
full_memory,87,0,receiver_2,dbproc-01870edcc464-agent2,0.0,0.0,0.0,injected_unvalidated
full_memory,87,0,receiver_3,dbproc-01870edcc464-agent4,0.0,0.0,0.0,injected_unvalidated
full_memory,87,0,receiver_3,dbproc-01870edcc464-agent3,0.0,0.0,0.0,injected_unvalidated
full_memory,87,0,receiver_3,dbproc-01870edcc464-agent1,0.0,0.0,0.0,injected_unvalidated
full_memory,87,0,receiver_3,dbproc-01870edcc464-agent2,0.0,0.0,0.0,injected_unvalidated
retrieval,87,0,receiver_1,dbproc-01870edcc464-agent1,0.0,0.0,0.0,injected_unvalidated
retrieval,87,0,receiver_1,dbproc-01870edcc464-agent2,0.0,0.0,0.0,injected_unvalidated
retrieval,87,0,receiver_1,dbproc-01870edcc464-agent3,0.0,0.0,0.0,injected_unvalidated
retrieval,87,0,receiver_2,dbproc-01870edcc464-agent1,0.0,0.0,0.0,injected_unvalidated
retrieval,87,0,receiver_2,dbproc-01870edcc464-agent2,0.0,0.0,0.0,injected_unvalidated
retrieval,87,0,receiver_2,dbproc-01870edcc464-agent3,1.0,0.0,1.0,validated
retrieval,87,0,receiver_3,dbproc-01870edcc464-agent1,0.0,0.0,0.0,injected_unvalidated
retrieval,87,0,receiver_3,dbproc-01870edcc464-agent2,0.0,0.0,0.0,injected_unvalidated
retrieval,87,0,receiver_3,dbproc-01870edcc464-agent3,0.0,0.0,0.0,injected_unvalidated
smtr_uniform,87,0,receiver_1,dbproc-01870edcc464-agent3,0.0,0.0,0.0,injected_unvalidated
smtr_uniform,87,0,receiver_2,dbproc-01870edcc464-agent3,1.0,0.0,1.0,validated
smtr_uniform,87,0,receiver_3,dbproc-01870edcc464-agent3,0.0,0.0,0.0,injected_unvalidated
smtr_receiver,87,0,receiver_2,dbproc-01870edcc464-agent3,1.0,0.0,1.0,validated
full_memory,87,2,receiver_1,dbproc-01870edcc464-agent4,0.0,0.0,0.0,injected_unvalidated
full_memory,87,2,receiver_1,dbproc-01870edcc464-agent3,0.0,0.0,0.0,injected_unvalidated
full_memory,87,2,receiver_1,dbproc-01870edcc464-agent1,0.0,0.0,0.0,injected_unvalidated
full_memory,87,2,receiver_2,dbproc-01870edcc464-agent4,0.0,0.0,0.0,injected_unvalidated
full_memory,87,2,receiver_2,dbproc-01870edcc464-agent3,1.0,0.0,1.0,validated
full_memory,87,2,receiver_2,dbproc-01870edcc464-agent1,0.0,0.0,0.0,injected_unvalidated
full_memory,87,2,receiver_3,dbproc-01870edcc464-agent4,0.0,0.0,0.0,injected_unvalidated
full_memory,87,2,receiver_3,dbproc-01870edcc464-agent3,0.0,0.0,0.0,injected_unvalidated
full_memory,87,2,receiver_3,dbproc-01870edcc464-agent1,0.0,0.0,0.0,injected_unvalidated
retrieval,87,2,receiver_1,dbproc-01870edcc464-agent1,0.0,0.0,0.0,injected_unvalidated
retrieval,87,2,receiver_1,dbproc-01870edcc464-agent3,0.0,0.0,0.0,injected_unvalidated
retrieval,87,2,receiver_1,dbproc-01870edcc464-agent4,0.0,0.0,0.0,injected_unvalidated
retrieval,87,2,receiver_2,dbproc-01870edcc464-agent1,0.0,0.0,0.0,injected_unvalidated
retrieval,87,2,receiver_2,dbproc-01870edcc464-agent3,1.0,0.0,1.0,validated
retrieval,87,2,receiver_2,dbproc-01870edcc464-agent4,0.0,0.0,0.0,injected_unvalidated
retrieval,87,2,receiver_3,dbproc-01870edcc464-agent1,0.0,0.0,0.0,injected_unvalidated
retrieval,87,2,receiver_3,dbproc-01870edcc464-agent3,0.0,0.0,0.0,injected_unvalidated
retrieval,87,2,receiver_3,dbproc-01870edcc464-agent4,0.0,0.0,0.0,injected_unvalidated
smtr_uniform,87,2,receiver_1,dbproc-01870edcc464-agent3,0.0,0.0,0.0,injected_unvalidated
smtr_uniform,87,2,receiver_2,dbproc-01870edcc464-agent3,1.0,0.0,1.0,validated
smtr_uniform,87,2,receiver_3,dbproc-01870edcc464-agent3,0.0,0.0,0.0,injected_unvalidated
smtr_receiver,87,2,receiver_2,dbproc-01870edcc464-agent3,1.0,0.0,1.0,validated
full_memory,88,1,receiver_1,dbproc-01870edcc464-agent3,0.0,0.0,0.0,injected_unvalidated
full_memory,88,1,receiver_1,dbproc-01870edcc464-agent2,0.0,0.0,0.0,injected_unvalidated
full_memory,88,1,receiver_1,dbproc-01870edcc464-agent5,0.0,0.0,0.0,injected_unvalidated
full_memory,88,1,receiver_1,dbproc-06c28b92d681-agent1,0.0,0.0,0.0,injected_unvalidated
full_memory,88,1,receiver_2,dbproc-01870edcc464-agent3,0.0,0.0,0.0,injected_unvalidated
full_memory,88,1,receiver_2,dbproc-01870edcc464-agent2,0.0,0.0,0.0,injected_unvalidated
full_memory,88,1,receiver_2,dbproc-01870edcc464-agent5,0.0,0.0,0.0,injected_unvalidated
full_memory,88,1,receiver_2,dbproc-06c28b92d681-agent1,0.0,0.0,0.0,injected_unvalidated
full_memory,88,1,receiver_3,dbproc-01870edcc464-agent3,0.0,0.0,0.0,injected_unvalidated
full_memory,88,1,receiver_3,dbproc-01870edcc464-agent2,0.0,0.0,0.0,injected_unvalidated
full_memory,88,1,receiver_3,dbproc-01870edcc464-agent5,0.0,0.0,0.0,injected_unvalidated
full_memory,88,1,receiver_3,dbproc-06c28b92d681-agent1,0.0,0.0,0.0,injected_unvalidated
retrieval,88,1,receiver_1,dbproc-01870edcc464-agent2,0.0,0.0,0.0,injected_unvalidated
retrieval,88,1,receiver_1,dbproc-01870edcc464-agent3,0.0,0.0,0.0,injected_unvalidated
retrieval,88,1,receiver_1,dbproc-01870edcc464-agent5,0.0,0.0,0.0,injected_unvalidated
retrieval,88,1,receiver_2,dbproc-01870edcc464-agent2,0.0,0.0,0.0,injected_unvalidated
retrieval,88,1,receiver_2,dbproc-01870edcc464-agent3,0.0,0.0,0.0,injected_unvalidated
retrieval,88,1,receiver_2,dbproc-01870edcc464-agent5,0.0,0.0,0.0,injected_unvalidated
retrieval,88,1,receiver_3,dbproc-01870edcc464-agent2,0.0,0.0,0.0,injected_unvalidated
retrieval,88,1,receiver_3,dbproc-01870edcc464-agent3,0.0,0.0,0.0,injected_unvalidated
retrieval,88,1,receiver_3,dbproc-01870edcc464-agent5,0.0,0.0,0.0,injected_unvalidated
full_memory,88,2,receiver_1,dbproc-01870edcc464-agent3,0.0,0.0,0.0,injected_unvalidated
full_memory,88,2,receiver_1,dbproc-01870edcc464-agent2,0.0,0.0,0.0,injected_unvalidated
full_memory,88,2,receiver_1,dbproc-01870edcc464-agent1,0.0,0.0,0.0,injected_unvalidated
full_memory,88,2,receiver_1,dbproc-01870edcc464-agent4,0.0,0.0,0.0,injected_unvalidated
full_memory,88,2,receiver_1,dbproc-01870edcc464-agent5,0.0,0.0,0.0,injected_unvalidated
full_memory,88,2,receiver_1,dbproc-06c28b92d681-agent1,0.0,0.0,0.0,injected_unvalidated
full_memory,88,2,receiver_2,dbproc-01870edcc464-agent3,0.0,0.0,0.0,injected_unvalidated
full_memory,88,2,receiver_2,dbproc-01870edcc464-agent2,0.0,0.0,0.0,injected_unvalidated
full_memory,88,2,receiver_2,dbproc-01870edcc464-agent1,0.0,0.0,0.0,injected_unvalidated
full_memory,88,2,receiver_2,dbproc-01870edcc464-agent4,1.0,0.0,1.0,validated
full_memory,88,2,receiver_2,dbproc-01870edcc464-agent5,0.0,0.0,0.0,injected_unvalidated
full_memory,88,2,receiver_2,dbproc-06c28b92d681-agent1,0.0,0.0,0.0,injected_unvalidated
full_memory,88,2,receiver_3,dbproc-01870edcc464-agent3,0.0,0.0,0.0,injected_unvalidated
full_memory,88,2,receiver_3,dbproc-01870edcc464-agent2,0.0,0.0,0.0,injected_unvalidated
full_memory,88,2,receiver_3,dbproc-01870edcc464-agent1,0.0,0.0,0.0,injected_unvalidated
full_memory,88,2,receiver_3,dbproc-01870edcc464-agent4,0.0,0.0,0.0,injected_unvalidated
full_memory,88,2,receiver_3,dbproc-01870edcc464-agent5,0.0,0.0,0.0,injected_unvalidated
full_memory,88,2,receiver_3,dbproc-06c28b92d681-agent1,0.0,0.0,0.0,injected_unvalidated
retrieval,88,2,receiver_1,dbproc-01870edcc464-agent1,0.0,0.0,0.0,injected_unvalidated
retrieval,88,2,receiver_1,dbproc-01870edcc464-agent2,0.0,0.0,0.0,injected_unvalidated
retrieval,88,2,receiver_1,dbproc-01870edcc464-agent3,0.0,0.0,0.0,injected_unvalidated
retrieval,88,2,receiver_2,dbproc-01870edcc464-agent1,0.0,0.0,0.0,injected_unvalidated
retrieval,88,2,receiver_2,dbproc-01870edcc464-agent2,0.0,0.0,0.0,injected_unvalidated
retrieval,88,2,receiver_2,dbproc-01870edcc464-agent3,0.0,0.0,0.0,injected_unvalidated
retrieval,88,2,receiver_3,dbproc-01870edcc464-agent1,0.0,0.0,0.0,injected_unvalidated
retrieval,88,2,receiver_3,dbproc-01870edcc464-agent2,0.0,0.0,0.0,injected_unvalidated
retrieval,88,2,receiver_3,dbproc-01870edcc464-agent3,0.0,0.0,0.0,injected_unvalidated
smtr_uniform,88,2,receiver_1,dbproc-01870edcc464-agent4,0.0,0.0,0.0,injected_unvalidated
smtr_uniform,88,2,receiver_2,dbproc-01870edcc464-agent4,1.0,0.0,1.0,validated
smtr_uniform,88,2,receiver_3,dbproc-01870edcc464-agent4,0.0,0.0,0.0,injected_unvalidated
smtr_receiver,88,2,receiver_2,dbproc-01870edcc464-agent4,1.0,0.0,1.0,validated
full_memory,89,1,receiver_1,dbproc-06c28b92d681-agent1,0.0,0.0,0.0,injected_unvalidated
full_memory,89,1,receiver_1,dbproc-01870edcc464-agent2,0.0,0.0,0.0,injected_unvalidated
full_memory,89,1,receiver_1,dbproc-01870edcc464-agent1,0.0,0.0,0.0,injected_unvalidated
full_memory,89,1,receiver_1,dbproc-01870edcc464-agent5,0.0,0.0,0.0,injected_unvalidated
full_memory,89,1,receiver_1,dbproc-01870edcc464-agent3,0.0,0.0,0.0,injected_unvalidated
full_memory,89,1,receiver_1,dbproc-01870edcc464-agent4,0.0,0.0,0.0,injected_unvalidated
full_memory,89,1,receiver_2,dbproc-06c28b92d681-agent1,0.0,1.0,-1.0,injected_unvalidated
full_memory,89,1,receiver_2,dbproc-01870edcc464-agent2,0.0,0.0,0.0,injected_unvalidated
full_memory,89,1,receiver_2,dbproc-01870edcc464-agent1,0.0,1.0,-1.0,injected_unvalidated
full_memory,89,1,receiver_2,dbproc-01870edcc464-agent5,0.0,1.0,-1.0,injected_unvalidated
full_memory,89,1,receiver_2,dbproc-01870edcc464-agent3,1.0,0.0,1.0,validated
full_memory,89,1,receiver_2,dbproc-01870edcc464-agent4,0.0,0.0,0.0,injected_unvalidated
full_memory,89,1,receiver_3,dbproc-06c28b92d681-agent1,0.0,0.0,0.0,injected_unvalidated
full_memory,89,1,receiver_3,dbproc-01870edcc464-agent2,0.0,0.0,0.0,injected_unvalidated
full_memory,89,1,receiver_3,dbproc-01870edcc464-agent1,0.0,0.0,0.0,injected_unvalidated
full_memory,89,1,receiver_3,dbproc-01870edcc464-agent5,0.0,0.0,0.0,injected_unvalidated
full_memory,89,1,receiver_3,dbproc-01870edcc464-agent3,0.0,0.0,0.0,injected_unvalidated
full_memory,89,1,receiver_3,dbproc-01870edcc464-agent4,0.0,0.0,0.0,injected_unvalidated
retrieval,89,1,receiver_1,dbproc-01870edcc464-agent1,0.0,0.0,0.0,injected_unvalidated
retrieval,89,1,receiver_1,dbproc-01870edcc464-agent2,0.0,0.0,0.0,injected_unvalidated
retrieval,89,1,receiver_1,dbproc-01870edcc464-agent3,0.0,0.0,0.0,injected_unvalidated
retrieval,89,1,receiver_2,dbproc-01870edcc464-agent1,0.0,1.0,-1.0,injected_unvalidated
retrieval,89,1,receiver_2,dbproc-01870edcc464-agent2,0.0,0.0,0.0,injected_unvalidated
retrieval,89,1,receiver_2,dbproc-01870edcc464-agent3,1.0,0.0,1.0,validated
retrieval,89,1,receiver_3,dbproc-01870edcc464-agent1,0.0,0.0,0.0,injected_unvalidated
retrieval,89,1,receiver_3,dbproc-01870edcc464-agent2,0.0,0.0,0.0,injected_unvalidated
retrieval,89,1,receiver_3,dbproc-01870edcc464-agent3,0.0,0.0,0.0,injected_unvalidated
smtr_uniform,89,1,receiver_1,dbproc-01870edcc464-agent3,0.0,0.0,0.0,injected_unvalidated
smtr_uniform,89,1,receiver_2,dbproc-01870edcc464-agent3,1.0,0.0,1.0,validated
smtr_uniform,89,1,receiver_3,dbproc-01870edcc464-agent3,0.0,0.0,0.0,injected_unvalidated
smtr_receiver,89,1,receiver_2,dbproc-01870edcc464-agent3,1.0,0.0,1.0,validated
full_memory,89,2,receiver_1,dbproc-01870edcc464-agent2,0.0,0.0,0.0,injected_unvalidated
full_memory,89,2,receiver_1,dbproc-01870edcc464-agent1,0.0,0.0,0.0,injected_unvalidated
full_memory,89,2,receiver_1,dbproc-01870edcc464-agent5,0.0,0.0,0.0,injected_unvalidated
full_memory,89,2,receiver_1,dbproc-01870edcc464-agent3,0.0,0.0,0.0,injected_unvalidated
full_memory,89,2,receiver_1,dbproc-01870edcc464-agent4,0.0,0.0,0.0,injected_unvalidated
full_memory,89,2,receiver_2,dbproc-01870edcc464-agent2,0.0,0.0,0.0,injected_unvalidated
full_memory,89,2,receiver_2,dbproc-01870edcc464-agent1,0.0,1.0,-1.0,injected_unvalidated
full_memory,89,2,receiver_2,dbproc-01870edcc464-agent5,0.0,1.0,-1.0,injected_unvalidated
full_memory,89,2,receiver_2,dbproc-01870edcc464-agent3,1.0,0.0,1.0,validated
full_memory,89,2,receiver_2,dbproc-01870edcc464-agent4,0.0,0.0,0.0,injected_unvalidated
full_memory,89,2,receiver_3,dbproc-01870edcc464-agent2,0.0,0.0,0.0,injected_unvalidated
full_memory,89,2,receiver_3,dbproc-01870edcc464-agent1,0.0,0.0,0.0,injected_unvalidated
full_memory,89,2,receiver_3,dbproc-01870edcc464-agent5,0.0,0.0,0.0,injected_unvalidated
full_memory,89,2,receiver_3,dbproc-01870edcc464-agent3,0.0,0.0,0.0,injected_unvalidated
full_memory,89,2,receiver_3,dbproc-01870edcc464-agent4,0.0,0.0,0.0,injected_unvalidated
retrieval,89,2,receiver_1,dbproc-01870edcc464-agent1,0.0,0.0,0.0,injected_unvalidated
retrieval,89,2,receiver_1,dbproc-01870edcc464-agent2,0.0,0.0,0.0,injected_unvalidated
retrieval,89,2,receiver_1,dbproc-01870edcc464-agent3,0.0,0.0,0.0,injected_unvalidated
retrieval,89,2,receiver_2,dbproc-01870edcc464-agent1,0.0,1.0,-1.0,injected_unvalidated
retrieval,89,2,receiver_2,dbproc-01870edcc464-agent2,0.0,0.0,0.0,injected_unvalidated
retrieval,89,2,receiver_2,dbproc-01870edcc464-agent3,1.0,0.0,1.0,validated
retrieval,89,2,receiver_3,dbproc-01870edcc464-agent1,0.0,0.0,0.0,injected_unvalidated
retrieval,89,2,receiver_3,dbproc-01870edcc464-agent2,0.0,0.0,0.0,injected_unvalidated
retrieval,89,2,receiver_3,dbproc-01870edcc464-agent3,0.0,0.0,0.0,injected_unvalidated
smtr_uniform,89,2,receiver_1,dbproc-01870edcc464-agent3,0.0,0.0,0.0,injected_unvalidated
smtr_uniform,89,2,receiver_2,dbproc-01870edcc464-agent3,1.0,0.0,1.0,validated
smtr_uniform,89,2,receiver_3,dbproc-01870edcc464-agent3,0.0,0.0,0.0,injected_unvalidated
smtr_receiver,89,2,receiver_2,dbproc-01870edcc464-agent3,1.0,0.0,1.0,validated
full_memory,9,0,receiver_1,dbproc-06c28b92d681-agent1,1.0,0.0,1.0,validated
full_memory,9,0,receiver_1,dbproc-01870edcc464-agent4,1.0,0.0,1.0,validated
full_memory,9,0,receiver_1,dbproc-01870edcc464-agent1,1.0,0.0,1.0,validated
full_memory,9,0,receiver_1,dbproc-01870edcc464-agent3,1.0,0.0,1.0,validated
full_memory,9,0,receiver_2,dbproc-06c28b92d681-agent1,1.0,0.0,1.0,validated
full_memory,9,0,receiver_2,dbproc-01870edcc464-agent4,0.0,0.0,0.0,injected_unvalidated
full_memory,9,0,receiver_2,dbproc-01870edcc464-agent1,1.0,0.0,1.0,validated
full_memory,9,0,receiver_2,dbproc-01870edcc464-agent3,1.0,0.0,1.0,validated
full_memory,9,0,receiver_3,dbproc-06c28b92d681-agent1,1.0,0.0,1.0,validated
full_memory,9,0,receiver_3,dbproc-01870edcc464-agent4,1.0,0.0,1.0,validated
full_memory,9,0,receiver_3,dbproc-01870edcc464-agent1,1.0,0.0,1.0,validated
full_memory,9,0,receiver_3,dbproc-01870edcc464-agent3,1.0,0.0,1.0,validated
retrieval,9,0,receiver_1,dbproc-01870edcc464-agent1,1.0,0.0,1.0,validated
retrieval,9,0,receiver_1,dbproc-01870edcc464-agent3,1.0,0.0,1.0,validated
retrieval,9,0,receiver_1,dbproc-01870edcc464-agent4,1.0,0.0,1.0,validated
retrieval,9,0,receiver_2,dbproc-01870edcc464-agent1,1.0,0.0,1.0,validated
retrieval,9,0,receiver_2,dbproc-01870edcc464-agent3,1.0,0.0,1.0,validated
retrieval,9,0,receiver_2,dbproc-01870edcc464-agent4,0.0,0.0,0.0,injected_unvalidated
retrieval,9,0,receiver_3,dbproc-01870edcc464-agent1,1.0,0.0,1.0,validated
retrieval,9,0,receiver_3,dbproc-01870edcc464-agent3,1.0,0.0,1.0,validated
retrieval,9,0,receiver_3,dbproc-01870edcc464-agent4,1.0,0.0,1.0,validated
smtr_uniform,9,0,receiver_1,dbproc-06c28b92d681-agent1,1.0,0.0,1.0,validated
smtr_uniform,9,0,receiver_1,dbproc-01870edcc464-agent3,1.0,0.0,1.0,validated
smtr_uniform,9,0,receiver_1,dbproc-01870edcc464-agent1,1.0,0.0,1.0,validated
smtr_uniform,9,0,receiver_2,dbproc-06c28b92d681-agent1,1.0,0.0,1.0,validated
smtr_uniform,9,0,receiver_2,dbproc-01870edcc464-agent3,1.0,0.0,1.0,validated
smtr_uniform,9,0,receiver_2,dbproc-01870edcc464-agent1,1.0,0.0,1.0,validated
smtr_uniform,9,0,receiver_3,dbproc-06c28b92d681-agent1,1.0,0.0,1.0,validated
smtr_uniform,9,0,receiver_3,dbproc-01870edcc464-agent3,1.0,0.0,1.0,validated
smtr_uniform,9,0,receiver_3,dbproc-01870edcc464-agent1,1.0,0.0,1.0,validated
smtr_receiver,9,0,receiver_1,dbproc-06c28b92d681-agent1,1.0,0.0,1.0,validated
smtr_receiver,9,0,receiver_1,dbproc-01870edcc464-agent4,1.0,0.0,1.0,validated
smtr_receiver,9,0,receiver_1,dbproc-01870edcc464-agent3,1.0,0.0,1.0,validated
smtr_receiver,9,0,receiver_2,dbproc-06c28b92d681-agent1,1.0,0.0,1.0,validated
smtr_receiver,9,0,receiver_2,dbproc-01870edcc464-agent3,1.0,0.0,1.0,validated
smtr_receiver,9,0,receiver_2,dbproc-01870edcc464-agent1,1.0,0.0,1.0,validated
smtr_receiver,9,0,receiver_3,dbproc-06c28b92d681-agent1,1.0,0.0,1.0,validated
smtr_receiver,9,0,receiver_3,dbproc-01870edcc464-agent4,1.0,0.0,1.0,validated
smtr_receiver,9,0,receiver_3,dbproc-01870edcc464-agent3,1.0,0.0,1.0,validated
full_memory,9,1,receiver_1,dbproc-06c28b92d681-agent1,1.0,1.0,0.0,injected_unvalidated
full_memory,9,1,receiver_1,dbproc-01870edcc464-agent4,1.0,1.0,0.0,injected_unvalidated
full_memory,9,1,receiver_1,dbproc-01870edcc464-agent1,1.0,1.0,0.0,injected_unvalidated
full_memory,9,1,receiver_1,dbproc-01870edcc464-agent3,1.0,1.0,0.0,injected_unvalidated
full_memory,9,1,receiver_1,dbproc-01870edcc464-agent2,1.0,1.0,0.0,injected_unvalidated
full_memory,9,1,receiver_2,dbproc-06c28b92d681-agent1,1.0,1.0,0.0,injected_unvalidated
full_memory,9,1,receiver_2,dbproc-01870edcc464-agent4,1.0,1.0,0.0,injected_unvalidated
full_memory,9,1,receiver_2,dbproc-01870edcc464-agent1,1.0,1.0,0.0,injected_unvalidated
full_memory,9,1,receiver_2,dbproc-01870edcc464-agent3,1.0,1.0,0.0,injected_unvalidated
full_memory,9,1,receiver_2,dbproc-01870edcc464-agent2,1.0,1.0,0.0,injected_unvalidated
full_memory,9,1,receiver_3,dbproc-06c28b92d681-agent1,1.0,1.0,0.0,injected_unvalidated
full_memory,9,1,receiver_3,dbproc-01870edcc464-agent4,0.0,1.0,-1.0,injected_unvalidated
full_memory,9,1,receiver_3,dbproc-01870edcc464-agent1,1.0,1.0,0.0,injected_unvalidated
full_memory,9,1,receiver_3,dbproc-01870edcc464-agent3,1.0,1.0,0.0,injected_unvalidated
full_memory,9,1,receiver_3,dbproc-01870edcc464-agent2,1.0,1.0,0.0,injected_unvalidated
retrieval,9,1,receiver_1,dbproc-01870edcc464-agent1,1.0,1.0,0.0,injected_unvalidated
retrieval,9,1,receiver_1,dbproc-01870edcc464-agent2,1.0,1.0,0.0,injected_unvalidated
retrieval,9,1,receiver_1,dbproc-01870edcc464-agent3,1.0,1.0,0.0,injected_unvalidated
retrieval,9,1,receiver_2,dbproc-01870edcc464-agent1,1.0,1.0,0.0,injected_unvalidated
retrieval,9,1,receiver_2,dbproc-01870edcc464-agent2,1.0,1.0,0.0,injected_unvalidated
retrieval,9,1,receiver_2,dbproc-01870edcc464-agent3,1.0,1.0,0.0,injected_unvalidated
retrieval,9,1,receiver_3,dbproc-01870edcc464-agent1,1.0,1.0,0.0,injected_unvalidated
retrieval,9,1,receiver_3,dbproc-01870edcc464-agent2,1.0,1.0,0.0,injected_unvalidated
retrieval,9,1,receiver_3,dbproc-01870edcc464-agent3,1.0,1.0,0.0,injected_unvalidated
full_memory,9,2,receiver_1,dbproc-01870edcc464-agent5,1.0,1.0,0.0,injected_unvalidated
full_memory,9,2,receiver_1,dbproc-01870edcc464-agent4,1.0,1.0,0.0,injected_unvalidated
full_memory,9,2,receiver_1,dbproc-01870edcc464-agent1,1.0,1.0,0.0,injected_unvalidated
full_memory,9,2,receiver_1,dbproc-01870edcc464-agent3,1.0,1.0,0.0,injected_unvalidated
full_memory,9,2,receiver_1,dbproc-01870edcc464-agent2,0.0,1.0,-1.0,injected_unvalidated
full_memory,9,2,receiver_2,dbproc-01870edcc464-agent5,1.0,1.0,0.0,injected_unvalidated
full_memory,9,2,receiver_2,dbproc-01870edcc464-agent4,1.0,1.0,0.0,injected_unvalidated
full_memory,9,2,receiver_2,dbproc-01870edcc464-agent1,1.0,1.0,0.0,injected_unvalidated
full_memory,9,2,receiver_2,dbproc-01870edcc464-agent3,1.0,1.0,0.0,injected_unvalidated
full_memory,9,2,receiver_2,dbproc-01870edcc464-agent2,0.0,1.0,-1.0,injected_unvalidated
full_memory,9,2,receiver_3,dbproc-01870edcc464-agent5,1.0,1.0,0.0,injected_unvalidated
full_memory,9,2,receiver_3,dbproc-01870edcc464-agent4,0.0,1.0,-1.0,injected_unvalidated
full_memory,9,2,receiver_3,dbproc-01870edcc464-agent1,1.0,1.0,0.0,injected_unvalidated
full_memory,9,2,receiver_3,dbproc-01870edcc464-agent3,1.0,1.0,0.0,injected_unvalidated
full_memory,9,2,receiver_3,dbproc-01870edcc464-agent2,1.0,1.0,0.0,injected_unvalidated
retrieval,9,2,receiver_1,dbproc-01870edcc464-agent1,1.0,1.0,0.0,injected_unvalidated
retrieval,9,2,receiver_1,dbproc-01870edcc464-agent2,0.0,1.0,-1.0,injected_unvalidated
retrieval,9,2,receiver_1,dbproc-01870edcc464-agent3,1.0,1.0,0.0,injected_unvalidated
retrieval,9,2,receiver_2,dbproc-01870edcc464-agent1,1.0,1.0,0.0,injected_unvalidated
retrieval,9,2,receiver_2,dbproc-01870edcc464-agent2,0.0,1.0,-1.0,injected_unvalidated
retrieval,9,2,receiver_2,dbproc-01870edcc464-agent3,1.0,1.0,0.0,injected_unvalidated
retrieval,9,2,receiver_3,dbproc-01870edcc464-agent1,1.0,1.0,0.0,injected_unvalidated
retrieval,9,2,receiver_3,dbproc-01870edcc464-agent2,1.0,1.0,0.0,injected_unvalidated
retrieval,9,2,receiver_3,dbproc-01870edcc464-agent3,1.0,1.0,0.0,injected_unvalidated
full_memory,90,0,receiver_1,dbproc-01870edcc464-agent4,0.0,0.0,0.0,injected_unvalidated
full_memory,90,0,receiver_1,dbproc-06c28b92d681-agent1,0.0,0.0,0.0,injected_unvalidated
full_memory,90,0,receiver_1,dbproc-01870edcc464-agent3,0.0,0.0,0.0,injected_unvalidated
full_memory,90,0,receiver_1,dbproc-01870edcc464-agent2,0.0,0.0,0.0,injected_unvalidated
full_memory,90,0,receiver_1,dbproc-01870edcc464-agent1,0.0,0.0,0.0,injected_unvalidated
full_memory,90,0,receiver_1,dbproc-01870edcc464-agent5,0.0,0.0,0.0,injected_unvalidated
full_memory,90,0,receiver_2,dbproc-01870edcc464-agent4,0.0,0.0,0.0,injected_unvalidated
full_memory,90,0,receiver_2,dbproc-06c28b92d681-agent1,0.0,0.0,0.0,injected_unvalidated
full_memory,90,0,receiver_2,dbproc-01870edcc464-agent3,0.0,0.0,0.0,injected_unvalidated
full_memory,90,0,receiver_2,dbproc-01870edcc464-agent2,0.0,0.0,0.0,injected_unvalidated
full_memory,90,0,receiver_2,dbproc-01870edcc464-agent1,0.0,0.0,0.0,injected_unvalidated
full_memory,90,0,receiver_2,dbproc-01870edcc464-agent5,0.0,0.0,0.0,injected_unvalidated
full_memory,90,0,receiver_3,dbproc-01870edcc464-agent4,0.0,0.0,0.0,injected_unvalidated
full_memory,90,0,receiver_3,dbproc-06c28b92d681-agent1,0.0,0.0,0.0,injected_unvalidated
full_memory,90,0,receiver_3,dbproc-01870edcc464-agent3,0.0,0.0,0.0,injected_unvalidated
full_memory,90,0,receiver_3,dbproc-01870edcc464-agent2,1.0,0.0,1.0,validated
full_memory,90,0,receiver_3,dbproc-01870edcc464-agent1,1.0,0.0,1.0,validated
full_memory,90,0,receiver_3,dbproc-01870edcc464-agent5,1.0,0.0,1.0,validated
retrieval,90,0,receiver_1,dbproc-01870edcc464-agent1,0.0,0.0,0.0,injected_unvalidated
retrieval,90,0,receiver_1,dbproc-01870edcc464-agent2,0.0,0.0,0.0,injected_unvalidated
retrieval,90,0,receiver_1,dbproc-01870edcc464-agent3,0.0,0.0,0.0,injected_unvalidated
retrieval,90,0,receiver_2,dbproc-01870edcc464-agent1,0.0,0.0,0.0,injected_unvalidated
retrieval,90,0,receiver_2,dbproc-01870edcc464-agent2,0.0,0.0,0.0,injected_unvalidated
retrieval,90,0,receiver_2,dbproc-01870edcc464-agent3,0.0,0.0,0.0,injected_unvalidated
retrieval,90,0,receiver_3,dbproc-01870edcc464-agent1,1.0,0.0,1.0,validated
retrieval,90,0,receiver_3,dbproc-01870edcc464-agent2,1.0,0.0,1.0,validated
retrieval,90,0,receiver_3,dbproc-01870edcc464-agent3,0.0,0.0,0.0,injected_unvalidated
smtr_uniform,90,0,receiver_1,dbproc-01870edcc464-agent5,0.0,0.0,0.0,injected_unvalidated
smtr_uniform,90,0,receiver_1,dbproc-01870edcc464-agent2,0.0,0.0,0.0,injected_unvalidated
smtr_uniform,90,0,receiver_1,dbproc-01870edcc464-agent1,0.0,0.0,0.0,injected_unvalidated
smtr_uniform,90,0,receiver_2,dbproc-01870edcc464-agent5,0.0,0.0,0.0,injected_unvalidated
smtr_uniform,90,0,receiver_2,dbproc-01870edcc464-agent2,0.0,0.0,0.0,injected_unvalidated
smtr_uniform,90,0,receiver_2,dbproc-01870edcc464-agent1,0.0,0.0,0.0,injected_unvalidated
smtr_uniform,90,0,receiver_3,dbproc-01870edcc464-agent5,1.0,0.0,1.0,validated
smtr_uniform,90,0,receiver_3,dbproc-01870edcc464-agent2,1.0,0.0,1.0,validated
smtr_uniform,90,0,receiver_3,dbproc-01870edcc464-agent1,1.0,0.0,1.0,validated
smtr_receiver,90,0,receiver_3,dbproc-01870edcc464-agent5,1.0,0.0,1.0,validated
smtr_receiver,90,0,receiver_3,dbproc-01870edcc464-agent2,1.0,0.0,1.0,validated
smtr_receiver,90,0,receiver_3,dbproc-01870edcc464-agent1,1.0,0.0,1.0,validated
full_memory,90,1,receiver_1,dbproc-01870edcc464-agent4,0.0,0.0,0.0,injected_unvalidated
full_memory,90,1,receiver_1,dbproc-06c28b92d681-agent1,0.0,0.0,0.0,injected_unvalidated
full_memory,90,1,receiver_1,dbproc-01870edcc464-agent3,0.0,0.0,0.0,injected_unvalidated
full_memory,90,1,receiver_1,dbproc-01870edcc464-agent2,0.0,0.0,0.0,injected_unvalidated
full_memory,90,1,receiver_1,dbproc-01870edcc464-agent1,0.0,0.0,0.0,injected_unvalidated
full_memory,90,1,receiver_1,dbproc-01870edcc464-agent5,0.0,0.0,0.0,injected_unvalidated
full_memory,90,1,receiver_2,dbproc-01870edcc464-agent4,0.0,0.0,0.0,injected_unvalidated
full_memory,90,1,receiver_2,dbproc-06c28b92d681-agent1,0.0,0.0,0.0,injected_unvalidated
full_memory,90,1,receiver_2,dbproc-01870edcc464-agent3,0.0,0.0,0.0,injected_unvalidated
full_memory,90,1,receiver_2,dbproc-01870edcc464-agent2,0.0,0.0,0.0,injected_unvalidated
full_memory,90,1,receiver_2,dbproc-01870edcc464-agent1,0.0,0.0,0.0,injected_unvalidated
full_memory,90,1,receiver_2,dbproc-01870edcc464-agent5,0.0,0.0,0.0,injected_unvalidated
full_memory,90,1,receiver_3,dbproc-01870edcc464-agent4,0.0,0.0,0.0,injected_unvalidated
full_memory,90,1,receiver_3,dbproc-06c28b92d681-agent1,0.0,0.0,0.0,injected_unvalidated
full_memory,90,1,receiver_3,dbproc-01870edcc464-agent3,0.0,0.0,0.0,injected_unvalidated
full_memory,90,1,receiver_3,dbproc-01870edcc464-agent2,1.0,0.0,1.0,validated
full_memory,90,1,receiver_3,dbproc-01870edcc464-agent1,1.0,0.0,1.0,validated
full_memory,90,1,receiver_3,dbproc-01870edcc464-agent5,1.0,0.0,1.0,validated
retrieval,90,1,receiver_1,dbproc-01870edcc464-agent1,0.0,0.0,0.0,injected_unvalidated
retrieval,90,1,receiver_1,dbproc-01870edcc464-agent2,0.0,0.0,0.0,injected_unvalidated
retrieval,90,1,receiver_1,dbproc-01870edcc464-agent3,0.0,0.0,0.0,injected_unvalidated
retrieval,90,1,receiver_2,dbproc-01870edcc464-agent1,0.0,0.0,0.0,injected_unvalidated
retrieval,90,1,receiver_2,dbproc-01870edcc464-agent2,0.0,0.0,0.0,injected_unvalidated
retrieval,90,1,receiver_2,dbproc-01870edcc464-agent3,0.0,0.0,0.0,injected_unvalidated
retrieval,90,1,receiver_3,dbproc-01870edcc464-agent1,1.0,0.0,1.0,validated
retrieval,90,1,receiver_3,dbproc-01870edcc464-agent2,1.0,0.0,1.0,validated
retrieval,90,1,receiver_3,dbproc-01870edcc464-agent3,0.0,0.0,0.0,injected_unvalidated
smtr_uniform,90,1,receiver_1,dbproc-01870edcc464-agent5,0.0,0.0,0.0,injected_unvalidated
smtr_uniform,90,1,receiver_1,dbproc-01870edcc464-agent2,0.0,0.0,0.0,injected_unvalidated
smtr_uniform,90,1,receiver_1,dbproc-01870edcc464-agent1,0.0,0.0,0.0,injected_unvalidated
smtr_uniform,90,1,receiver_2,dbproc-01870edcc464-agent5,0.0,0.0,0.0,injected_unvalidated
smtr_uniform,90,1,receiver_2,dbproc-01870edcc464-agent2,0.0,0.0,0.0,injected_unvalidated
smtr_uniform,90,1,receiver_2,dbproc-01870edcc464-agent1,0.0,0.0,0.0,injected_unvalidated
smtr_uniform,90,1,receiver_3,dbproc-01870edcc464-agent5,1.0,0.0,1.0,validated
smtr_uniform,90,1,receiver_3,dbproc-01870edcc464-agent2,1.0,0.0,1.0,validated
smtr_uniform,90,1,receiver_3,dbproc-01870edcc464-agent1,1.0,0.0,1.0,validated
smtr_receiver,90,1,receiver_3,dbproc-01870edcc464-agent5,1.0,0.0,1.0,validated
smtr_receiver,90,1,receiver_3,dbproc-01870edcc464-agent2,1.0,0.0,1.0,validated
smtr_receiver,90,1,receiver_3,dbproc-01870edcc464-agent1,1.0,0.0,1.0,validated
full_memory,90,2,receiver_1,dbproc-01870edcc464-agent4,0.0,0.0,0.0,injected_unvalidated
full_memory,90,2,receiver_1,dbproc-06c28b92d681-agent1,0.0,0.0,0.0,injected_unvalidated
full_memory,90,2,receiver_1,dbproc-01870edcc464-agent3,0.0,0.0,0.0,injected_unvalidated
full_memory,90,2,receiver_1,dbproc-01870edcc464-agent2,0.0,0.0,0.0,injected_unvalidated
full_memory,90,2,receiver_1,dbproc-01870edcc464-agent1,0.0,0.0,0.0,injected_unvalidated
full_memory,90,2,receiver_1,dbproc-01870edcc464-agent5,0.0,0.0,0.0,injected_unvalidated
full_memory,90,2,receiver_2,dbproc-01870edcc464-agent4,0.0,0.0,0.0,injected_unvalidated
full_memory,90,2,receiver_2,dbproc-06c28b92d681-agent1,0.0,0.0,0.0,injected_unvalidated
full_memory,90,2,receiver_2,dbproc-01870edcc464-agent3,0.0,0.0,0.0,injected_unvalidated
full_memory,90,2,receiver_2,dbproc-01870edcc464-agent2,0.0,0.0,0.0,injected_unvalidated
full_memory,90,2,receiver_2,dbproc-01870edcc464-agent1,0.0,0.0,0.0,injected_unvalidated
full_memory,90,2,receiver_2,dbproc-01870edcc464-agent5,0.0,0.0,0.0,injected_unvalidated
full_memory,90,2,receiver_3,dbproc-01870edcc464-agent4,0.0,0.0,0.0,injected_unvalidated
full_memory,90,2,receiver_3,dbproc-06c28b92d681-agent1,0.0,0.0,0.0,injected_unvalidated
full_memory,90,2,receiver_3,dbproc-01870edcc464-agent3,0.0,0.0,0.0,injected_unvalidated
full_memory,90,2,receiver_3,dbproc-01870edcc464-agent2,1.0,0.0,1.0,validated
full_memory,90,2,receiver_3,dbproc-01870edcc464-agent1,1.0,0.0,1.0,validated
full_memory,90,2,receiver_3,dbproc-01870edcc464-agent5,1.0,0.0,1.0,validated
retrieval,90,2,receiver_1,dbproc-01870edcc464-agent1,0.0,0.0,0.0,injected_unvalidated
retrieval,90,2,receiver_1,dbproc-01870edcc464-agent2,0.0,0.0,0.0,injected_unvalidated
retrieval,90,2,receiver_1,dbproc-01870edcc464-agent3,0.0,0.0,0.0,injected_unvalidated
retrieval,90,2,receiver_2,dbproc-01870edcc464-agent1,0.0,0.0,0.0,injected_unvalidated
retrieval,90,2,receiver_2,dbproc-01870edcc464-agent2,0.0,0.0,0.0,injected_unvalidated
retrieval,90,2,receiver_2,dbproc-01870edcc464-agent3,0.0,0.0,0.0,injected_unvalidated
retrieval,90,2,receiver_3,dbproc-01870edcc464-agent1,1.0,0.0,1.0,validated
retrieval,90,2,receiver_3,dbproc-01870edcc464-agent2,1.0,0.0,1.0,validated
retrieval,90,2,receiver_3,dbproc-01870edcc464-agent3,0.0,0.0,0.0,injected_unvalidated
smtr_uniform,90,2,receiver_1,dbproc-01870edcc464-agent5,0.0,0.0,0.0,injected_unvalidated
smtr_uniform,90,2,receiver_1,dbproc-01870edcc464-agent2,0.0,0.0,0.0,injected_unvalidated
smtr_uniform,90,2,receiver_1,dbproc-01870edcc464-agent1,0.0,0.0,0.0,injected_unvalidated
smtr_uniform,90,2,receiver_2,dbproc-01870edcc464-agent5,0.0,0.0,0.0,injected_unvalidated
smtr_uniform,90,2,receiver_2,dbproc-01870edcc464-agent2,0.0,0.0,0.0,injected_unvalidated
smtr_uniform,90,2,receiver_2,dbproc-01870edcc464-agent1,0.0,0.0,0.0,injected_unvalidated
smtr_uniform,90,2,receiver_3,dbproc-01870edcc464-agent5,1.0,0.0,1.0,validated
smtr_uniform,90,2,receiver_3,dbproc-01870edcc464-agent2,1.0,0.0,1.0,validated
smtr_uniform,90,2,receiver_3,dbproc-01870edcc464-agent1,1.0,0.0,1.0,validated
smtr_receiver,90,2,receiver_3,dbproc-01870edcc464-agent5,1.0,0.0,1.0,validated
smtr_receiver,90,2,receiver_3,dbproc-01870edcc464-agent2,1.0,0.0,1.0,validated
smtr_receiver,90,2,receiver_3,dbproc-01870edcc464-agent1,1.0,0.0,1.0,validated
full_memory,92,0,receiver_1,dbproc-01870edcc464-agent3,0.0,0.0,0.0,injected_unvalidated
full_memory,92,0,receiver_1,dbproc-01870edcc464-agent1,0.0,0.0,0.0,injected_unvalidated
full_memory,92,0,receiver_1,dbproc-06c28b92d681-agent1,0.0,0.0,0.0,injected_unvalidated
full_memory,92,0,receiver_1,dbproc-01870edcc464-agent5,0.0,0.0,0.0,injected_unvalidated
full_memory,92,0,receiver_1,dbproc-01870edcc464-agent2,0.0,0.0,0.0,injected_unvalidated
full_memory,92,0,receiver_1,dbproc-01870edcc464-agent4,0.0,0.0,0.0,injected_unvalidated
full_memory,92,0,receiver_2,dbproc-01870edcc464-agent3,0.0,0.0,0.0,injected_unvalidated
full_memory,92,0,receiver_2,dbproc-01870edcc464-agent1,0.0,0.0,0.0,injected_unvalidated
full_memory,92,0,receiver_2,dbproc-06c28b92d681-agent1,0.0,0.0,0.0,injected_unvalidated
full_memory,92,0,receiver_2,dbproc-01870edcc464-agent5,0.0,0.0,0.0,injected_unvalidated
full_memory,92,0,receiver_2,dbproc-01870edcc464-agent2,0.0,0.0,0.0,injected_unvalidated
full_memory,92,0,receiver_2,dbproc-01870edcc464-agent4,0.0,0.0,0.0,injected_unvalidated
full_memory,92,0,receiver_3,dbproc-01870edcc464-agent3,0.0,1.0,-1.0,injected_unvalidated
full_memory,92,0,receiver_3,dbproc-01870edcc464-agent1,0.0,0.0,0.0,injected_unvalidated
full_memory,92,0,receiver_3,dbproc-06c28b92d681-agent1,0.0,0.0,0.0,injected_unvalidated
full_memory,92,0,receiver_3,dbproc-01870edcc464-agent5,0.0,0.0,0.0,injected_unvalidated
full_memory,92,0,receiver_3,dbproc-01870edcc464-agent2,0.0,0.0,0.0,injected_unvalidated
full_memory,92,0,receiver_3,dbproc-01870edcc464-agent4,0.0,0.0,0.0,injected_unvalidated
retrieval,92,0,receiver_1,dbproc-01870edcc464-agent1,0.0,0.0,0.0,injected_unvalidated
retrieval,92,0,receiver_1,dbproc-01870edcc464-agent2,0.0,0.0,0.0,injected_unvalidated
retrieval,92,0,receiver_1,dbproc-01870edcc464-agent3,0.0,0.0,0.0,injected_unvalidated
retrieval,92,0,receiver_2,dbproc-01870edcc464-agent1,0.0,0.0,0.0,injected_unvalidated
retrieval,92,0,receiver_2,dbproc-01870edcc464-agent2,0.0,0.0,0.0,injected_unvalidated
retrieval,92,0,receiver_2,dbproc-01870edcc464-agent3,0.0,0.0,0.0,injected_unvalidated
retrieval,92,0,receiver_3,dbproc-01870edcc464-agent1,0.0,0.0,0.0,injected_unvalidated
retrieval,92,0,receiver_3,dbproc-01870edcc464-agent2,0.0,0.0,0.0,injected_unvalidated
retrieval,92,0,receiver_3,dbproc-01870edcc464-agent3,0.0,1.0,-1.0,injected_unvalidated
full_memory,92,1,receiver_1,dbproc-01870edcc464-agent3,0.0,0.0,0.0,injected_unvalidated
full_memory,92,1,receiver_1,dbproc-01870edcc464-agent1,0.0,0.0,0.0,injected_unvalidated
full_memory,92,1,receiver_1,dbproc-06c28b92d681-agent1,0.0,0.0,0.0,injected_unvalidated
full_memory,92,1,receiver_1,dbproc-01870edcc464-agent5,0.0,0.0,0.0,injected_unvalidated
full_memory,92,1,receiver_1,dbproc-01870edcc464-agent2,0.0,0.0,0.0,injected_unvalidated
full_memory,92,1,receiver_1,dbproc-01870edcc464-agent4,0.0,0.0,0.0,injected_unvalidated
full_memory,92,1,receiver_2,dbproc-01870edcc464-agent3,0.0,0.0,0.0,injected_unvalidated
full_memory,92,1,receiver_2,dbproc-01870edcc464-agent1,0.0,0.0,0.0,injected_unvalidated
full_memory,92,1,receiver_2,dbproc-06c28b92d681-agent1,0.0,0.0,0.0,injected_unvalidated
full_memory,92,1,receiver_2,dbproc-01870edcc464-agent5,0.0,0.0,0.0,injected_unvalidated
full_memory,92,1,receiver_2,dbproc-01870edcc464-agent2,0.0,0.0,0.0,injected_unvalidated
full_memory,92,1,receiver_2,dbproc-01870edcc464-agent4,0.0,0.0,0.0,injected_unvalidated
full_memory,92,1,receiver_3,dbproc-01870edcc464-agent3,0.0,1.0,-1.0,injected_unvalidated
full_memory,92,1,receiver_3,dbproc-01870edcc464-agent1,0.0,0.0,0.0,injected_unvalidated
full_memory,92,1,receiver_3,dbproc-06c28b92d681-agent1,0.0,0.0,0.0,injected_unvalidated
full_memory,92,1,receiver_3,dbproc-01870edcc464-agent5,0.0,0.0,0.0,injected_unvalidated
full_memory,92,1,receiver_3,dbproc-01870edcc464-agent2,0.0,0.0,0.0,injected_unvalidated
full_memory,92,1,receiver_3,dbproc-01870edcc464-agent4,0.0,0.0,0.0,injected_unvalidated
retrieval,92,1,receiver_1,dbproc-01870edcc464-agent1,0.0,0.0,0.0,injected_unvalidated
retrieval,92,1,receiver_1,dbproc-01870edcc464-agent2,0.0,0.0,0.0,injected_unvalidated
retrieval,92,1,receiver_1,dbproc-01870edcc464-agent3,0.0,0.0,0.0,injected_unvalidated
retrieval,92,1,receiver_2,dbproc-01870edcc464-agent1,0.0,0.0,0.0,injected_unvalidated
retrieval,92,1,receiver_2,dbproc-01870edcc464-agent2,0.0,0.0,0.0,injected_unvalidated
retrieval,92,1,receiver_2,dbproc-01870edcc464-agent3,0.0,0.0,0.0,injected_unvalidated
retrieval,92,1,receiver_3,dbproc-01870edcc464-agent1,0.0,0.0,0.0,injected_unvalidated
retrieval,92,1,receiver_3,dbproc-01870edcc464-agent2,0.0,0.0,0.0,injected_unvalidated
retrieval,92,1,receiver_3,dbproc-01870edcc464-agent3,0.0,1.0,-1.0,injected_unvalidated
full_memory,92,2,receiver_1,dbproc-01870edcc464-agent3,0.0,0.0,0.0,injected_unvalidated
full_memory,92,2,receiver_1,dbproc-01870edcc464-agent1,0.0,0.0,0.0,injected_unvalidated
full_memory,92,2,receiver_1,dbproc-06c28b92d681-agent1,0.0,0.0,0.0,injected_unvalidated
full_memory,92,2,receiver_1,dbproc-01870edcc464-agent5,0.0,0.0,0.0,injected_unvalidated
full_memory,92,2,receiver_1,dbproc-01870edcc464-agent2,0.0,0.0,0.0,injected_unvalidated
full_memory,92,2,receiver_1,dbproc-01870edcc464-agent4,0.0,0.0,0.0,injected_unvalidated
full_memory,92,2,receiver_2,dbproc-01870edcc464-agent3,0.0,0.0,0.0,injected_unvalidated
full_memory,92,2,receiver_2,dbproc-01870edcc464-agent1,0.0,0.0,0.0,injected_unvalidated
full_memory,92,2,receiver_2,dbproc-06c28b92d681-agent1,0.0,0.0,0.0,injected_unvalidated
full_memory,92,2,receiver_2,dbproc-01870edcc464-agent5,0.0,0.0,0.0,injected_unvalidated
full_memory,92,2,receiver_2,dbproc-01870edcc464-agent2,0.0,0.0,0.0,injected_unvalidated
full_memory,92,2,receiver_2,dbproc-01870edcc464-agent4,0.0,0.0,0.0,injected_unvalidated
full_memory,92,2,receiver_3,dbproc-01870edcc464-agent3,0.0,1.0,-1.0,injected_unvalidated
full_memory,92,2,receiver_3,dbproc-01870edcc464-agent1,0.0,0.0,0.0,injected_unvalidated
full_memory,92,2,receiver_3,dbproc-06c28b92d681-agent1,0.0,0.0,0.0,injected_unvalidated
full_memory,92,2,receiver_3,dbproc-01870edcc464-agent5,0.0,0.0,0.0,injected_unvalidated
full_memory,92,2,receiver_3,dbproc-01870edcc464-agent2,0.0,0.0,0.0,injected_unvalidated
full_memory,92,2,receiver_3,dbproc-01870edcc464-agent4,0.0,0.0,0.0,injected_unvalidated
retrieval,92,2,receiver_1,dbproc-01870edcc464-agent1,0.0,0.0,0.0,injected_unvalidated
retrieval,92,2,receiver_1,dbproc-01870edcc464-agent2,0.0,0.0,0.0,injected_unvalidated
retrieval,92,2,receiver_1,dbproc-01870edcc464-agent3,0.0,0.0,0.0,injected_unvalidated
retrieval,92,2,receiver_2,dbproc-01870edcc464-agent1,0.0,0.0,0.0,injected_unvalidated
retrieval,92,2,receiver_2,dbproc-01870edcc464-agent2,0.0,0.0,0.0,injected_unvalidated
retrieval,92,2,receiver_2,dbproc-01870edcc464-agent3,0.0,0.0,0.0,injected_unvalidated
retrieval,92,2,receiver_3,dbproc-01870edcc464-agent1,0.0,0.0,0.0,injected_unvalidated
retrieval,92,2,receiver_3,dbproc-01870edcc464-agent2,0.0,0.0,0.0,injected_unvalidated
retrieval,92,2,receiver_3,dbproc-01870edcc464-agent3,0.0,1.0,-1.0,injected_unvalidated
full_memory,93,0,receiver_1,dbproc-01870edcc464-agent1,0.0,0.0,0.0,injected_unvalidated
full_memory,93,0,receiver_1,dbproc-01870edcc464-agent4,0.0,0.0,0.0,injected_unvalidated
full_memory,93,0,receiver_1,dbproc-01870edcc464-agent2,0.0,0.0,0.0,injected_unvalidated
full_memory,93,0,receiver_1,dbproc-01870edcc464-agent5,0.0,0.0,0.0,injected_unvalidated
full_memory,93,0,receiver_1,dbproc-01870edcc464-agent3,0.0,0.0,0.0,injected_unvalidated
full_memory,93,0,receiver_1,dbproc-06c28b92d681-agent1,0.0,0.0,0.0,injected_unvalidated
full_memory,93,0,receiver_2,dbproc-01870edcc464-agent1,0.0,1.0,-1.0,injected_unvalidated
full_memory,93,0,receiver_2,dbproc-01870edcc464-agent4,0.0,0.0,0.0,injected_unvalidated
full_memory,93,0,receiver_2,dbproc-01870edcc464-agent2,0.0,0.0,0.0,injected_unvalidated
full_memory,93,0,receiver_2,dbproc-01870edcc464-agent5,0.0,0.0,0.0,injected_unvalidated
full_memory,93,0,receiver_2,dbproc-01870edcc464-agent3,0.0,0.0,0.0,injected_unvalidated
full_memory,93,0,receiver_2,dbproc-06c28b92d681-agent1,0.0,0.0,0.0,injected_unvalidated
full_memory,93,0,receiver_3,dbproc-01870edcc464-agent1,0.0,0.0,0.0,injected_unvalidated
full_memory,93,0,receiver_3,dbproc-01870edcc464-agent4,0.0,0.0,0.0,injected_unvalidated
full_memory,93,0,receiver_3,dbproc-01870edcc464-agent2,0.0,0.0,0.0,injected_unvalidated
full_memory,93,0,receiver_3,dbproc-01870edcc464-agent5,0.0,0.0,0.0,injected_unvalidated
full_memory,93,0,receiver_3,dbproc-01870edcc464-agent3,0.0,0.0,0.0,injected_unvalidated
full_memory,93,0,receiver_3,dbproc-06c28b92d681-agent1,0.0,0.0,0.0,injected_unvalidated
retrieval,93,0,receiver_1,dbproc-01870edcc464-agent1,0.0,0.0,0.0,injected_unvalidated
retrieval,93,0,receiver_1,dbproc-01870edcc464-agent2,0.0,0.0,0.0,injected_unvalidated
retrieval,93,0,receiver_1,dbproc-01870edcc464-agent3,0.0,0.0,0.0,injected_unvalidated
retrieval,93,0,receiver_2,dbproc-01870edcc464-agent1,0.0,1.0,-1.0,injected_unvalidated
retrieval,93,0,receiver_2,dbproc-01870edcc464-agent2,0.0,0.0,0.0,injected_unvalidated
retrieval,93,0,receiver_2,dbproc-01870edcc464-agent3,0.0,0.0,0.0,injected_unvalidated
retrieval,93,0,receiver_3,dbproc-01870edcc464-agent1,0.0,0.0,0.0,injected_unvalidated
retrieval,93,0,receiver_3,dbproc-01870edcc464-agent2,0.0,0.0,0.0,injected_unvalidated
retrieval,93,0,receiver_3,dbproc-01870edcc464-agent3,0.0,0.0,0.0,injected_unvalidated
full_memory,93,1,receiver_1,dbproc-01870edcc464-agent1,0.0,0.0,0.0,injected_unvalidated
full_memory,93,1,receiver_1,dbproc-01870edcc464-agent4,0.0,0.0,0.0,injected_unvalidated
full_memory,93,1,receiver_1,dbproc-01870edcc464-agent2,0.0,0.0,0.0,injected_unvalidated
full_memory,93,1,receiver_1,dbproc-01870edcc464-agent5,0.0,0.0,0.0,injected_unvalidated
full_memory,93,1,receiver_1,dbproc-01870edcc464-agent3,0.0,0.0,0.0,injected_unvalidated
full_memory,93,1,receiver_1,dbproc-06c28b92d681-agent1,0.0,0.0,0.0,injected_unvalidated
full_memory,93,1,receiver_2,dbproc-01870edcc464-agent1,0.0,1.0,-1.0,injected_unvalidated
full_memory,93,1,receiver_2,dbproc-01870edcc464-agent4,0.0,0.0,0.0,injected_unvalidated
full_memory,93,1,receiver_2,dbproc-01870edcc464-agent2,0.0,0.0,0.0,injected_unvalidated
full_memory,93,1,receiver_2,dbproc-01870edcc464-agent5,0.0,0.0,0.0,injected_unvalidated
full_memory,93,1,receiver_2,dbproc-01870edcc464-agent3,0.0,0.0,0.0,injected_unvalidated
full_memory,93,1,receiver_2,dbproc-06c28b92d681-agent1,0.0,0.0,0.0,injected_unvalidated
full_memory,93,1,receiver_3,dbproc-01870edcc464-agent1,0.0,0.0,0.0,injected_unvalidated
full_memory,93,1,receiver_3,dbproc-01870edcc464-agent4,0.0,0.0,0.0,injected_unvalidated
full_memory,93,1,receiver_3,dbproc-01870edcc464-agent2,0.0,0.0,0.0,injected_unvalidated
full_memory,93,1,receiver_3,dbproc-01870edcc464-agent5,0.0,0.0,0.0,injected_unvalidated
full_memory,93,1,receiver_3,dbproc-01870edcc464-agent3,0.0,0.0,0.0,injected_unvalidated
full_memory,93,1,receiver_3,dbproc-06c28b92d681-agent1,0.0,0.0,0.0,injected_unvalidated
retrieval,93,1,receiver_1,dbproc-01870edcc464-agent1,0.0,0.0,0.0,injected_unvalidated
retrieval,93,1,receiver_1,dbproc-01870edcc464-agent2,0.0,0.0,0.0,injected_unvalidated
retrieval,93,1,receiver_1,dbproc-01870edcc464-agent3,0.0,0.0,0.0,injected_unvalidated
retrieval,93,1,receiver_2,dbproc-01870edcc464-agent1,0.0,1.0,-1.0,injected_unvalidated
retrieval,93,1,receiver_2,dbproc-01870edcc464-agent2,0.0,0.0,0.0,injected_unvalidated
retrieval,93,1,receiver_2,dbproc-01870edcc464-agent3,0.0,0.0,0.0,injected_unvalidated
retrieval,93,1,receiver_3,dbproc-01870edcc464-agent1,0.0,0.0,0.0,injected_unvalidated
retrieval,93,1,receiver_3,dbproc-01870edcc464-agent2,0.0,0.0,0.0,injected_unvalidated
retrieval,93,1,receiver_3,dbproc-01870edcc464-agent3,0.0,0.0,0.0,injected_unvalidated
full_memory,93,2,receiver_1,dbproc-01870edcc464-agent1,0.0,0.0,0.0,injected_unvalidated
full_memory,93,2,receiver_1,dbproc-01870edcc464-agent4,0.0,0.0,0.0,injected_unvalidated
full_memory,93,2,receiver_1,dbproc-01870edcc464-agent2,0.0,0.0,0.0,injected_unvalidated
full_memory,93,2,receiver_1,dbproc-01870edcc464-agent5,0.0,0.0,0.0,injected_unvalidated
full_memory,93,2,receiver_1,dbproc-01870edcc464-agent3,0.0,0.0,0.0,injected_unvalidated
full_memory,93,2,receiver_1,dbproc-06c28b92d681-agent1,0.0,0.0,0.0,injected_unvalidated
full_memory,93,2,receiver_2,dbproc-01870edcc464-agent1,0.0,1.0,-1.0,injected_unvalidated
full_memory,93,2,receiver_2,dbproc-01870edcc464-agent4,0.0,0.0,0.0,injected_unvalidated
full_memory,93,2,receiver_2,dbproc-01870edcc464-agent2,0.0,0.0,0.0,injected_unvalidated
full_memory,93,2,receiver_2,dbproc-01870edcc464-agent5,0.0,0.0,0.0,injected_unvalidated
full_memory,93,2,receiver_2,dbproc-01870edcc464-agent3,0.0,0.0,0.0,injected_unvalidated
full_memory,93,2,receiver_2,dbproc-06c28b92d681-agent1,0.0,0.0,0.0,injected_unvalidated
full_memory,93,2,receiver_3,dbproc-01870edcc464-agent1,0.0,0.0,0.0,injected_unvalidated
full_memory,93,2,receiver_3,dbproc-01870edcc464-agent4,0.0,0.0,0.0,injected_unvalidated
full_memory,93,2,receiver_3,dbproc-01870edcc464-agent2,0.0,0.0,0.0,injected_unvalidated
full_memory,93,2,receiver_3,dbproc-01870edcc464-agent5,0.0,0.0,0.0,injected_unvalidated
full_memory,93,2,receiver_3,dbproc-01870edcc464-agent3,0.0,0.0,0.0,injected_unvalidated
full_memory,93,2,receiver_3,dbproc-06c28b92d681-agent1,0.0,0.0,0.0,injected_unvalidated
retrieval,93,2,receiver_1,dbproc-01870edcc464-agent1,0.0,0.0,0.0,injected_unvalidated
retrieval,93,2,receiver_1,dbproc-01870edcc464-agent2,0.0,0.0,0.0,injected_unvalidated
retrieval,93,2,receiver_1,dbproc-01870edcc464-agent3,0.0,0.0,0.0,injected_unvalidated
retrieval,93,2,receiver_2,dbproc-01870edcc464-agent1,0.0,1.0,-1.0,injected_unvalidated
retrieval,93,2,receiver_2,dbproc-01870edcc464-agent2,0.0,0.0,0.0,injected_unvalidated
retrieval,93,2,receiver_2,dbproc-01870edcc464-agent3,0.0,0.0,0.0,injected_unvalidated
retrieval,93,2,receiver_3,dbproc-01870edcc464-agent1,0.0,0.0,0.0,injected_unvalidated
retrieval,93,2,receiver_3,dbproc-01870edcc464-agent2,0.0,0.0,0.0,injected_unvalidated
retrieval,93,2,receiver_3,dbproc-01870edcc464-agent3,0.0,0.0,0.0,injected_unvalidated
full_memory,94,0,receiver_1,dbproc-06c28b92d681-agent1,0.0,0.0,0.0,injected_unvalidated
full_memory,94,0,receiver_1,dbproc-01870edcc464-agent2,0.0,0.0,0.0,injected_unvalidated
full_memory,94,0,receiver_1,dbproc-01870edcc464-agent4,0.0,0.0,0.0,injected_unvalidated
full_memory,94,0,receiver_1,dbproc-01870edcc464-agent3,0.0,0.0,0.0,injected_unvalidated
full_memory,94,0,receiver_1,dbproc-01870edcc464-agent5,0.0,0.0,0.0,injected_unvalidated
full_memory,94,0,receiver_1,dbproc-01870edcc464-agent1,0.0,0.0,0.0,injected_unvalidated
full_memory,94,0,receiver_2,dbproc-06c28b92d681-agent1,0.0,0.0,0.0,injected_unvalidated
full_memory,94,0,receiver_2,dbproc-01870edcc464-agent2,0.0,0.0,0.0,injected_unvalidated
full_memory,94,0,receiver_2,dbproc-01870edcc464-agent4,0.0,0.0,0.0,injected_unvalidated
full_memory,94,0,receiver_2,dbproc-01870edcc464-agent3,0.0,0.0,0.0,injected_unvalidated
full_memory,94,0,receiver_2,dbproc-01870edcc464-agent5,0.0,0.0,0.0,injected_unvalidated
full_memory,94,0,receiver_2,dbproc-01870edcc464-agent1,0.0,0.0,0.0,injected_unvalidated
full_memory,94,0,receiver_3,dbproc-06c28b92d681-agent1,0.0,0.0,0.0,injected_unvalidated
full_memory,94,0,receiver_3,dbproc-01870edcc464-agent2,0.0,0.0,0.0,injected_unvalidated
full_memory,94,0,receiver_3,dbproc-01870edcc464-agent4,0.0,0.0,0.0,injected_unvalidated
full_memory,94,0,receiver_3,dbproc-01870edcc464-agent3,0.0,0.0,0.0,injected_unvalidated
full_memory,94,0,receiver_3,dbproc-01870edcc464-agent5,0.0,0.0,0.0,injected_unvalidated
full_memory,94,0,receiver_3,dbproc-01870edcc464-agent1,0.0,0.0,0.0,injected_unvalidated
retrieval,94,0,receiver_1,dbproc-01870edcc464-agent1,0.0,0.0,0.0,injected_unvalidated
retrieval,94,0,receiver_1,dbproc-01870edcc464-agent2,0.0,0.0,0.0,injected_unvalidated
retrieval,94,0,receiver_1,dbproc-01870edcc464-agent3,0.0,0.0,0.0,injected_unvalidated
retrieval,94,0,receiver_2,dbproc-01870edcc464-agent1,0.0,0.0,0.0,injected_unvalidated
retrieval,94,0,receiver_2,dbproc-01870edcc464-agent2,0.0,0.0,0.0,injected_unvalidated
retrieval,94,0,receiver_2,dbproc-01870edcc464-agent3,0.0,0.0,0.0,injected_unvalidated
retrieval,94,0,receiver_3,dbproc-01870edcc464-agent1,0.0,0.0,0.0,injected_unvalidated
retrieval,94,0,receiver_3,dbproc-01870edcc464-agent2,0.0,0.0,0.0,injected_unvalidated
retrieval,94,0,receiver_3,dbproc-01870edcc464-agent3,0.0,0.0,0.0,injected_unvalidated
full_memory,94,1,receiver_1,dbproc-06c28b92d681-agent1,0.0,0.0,0.0,injected_unvalidated
full_memory,94,1,receiver_1,dbproc-01870edcc464-agent2,0.0,0.0,0.0,injected_unvalidated
full_memory,94,1,receiver_1,dbproc-01870edcc464-agent4,0.0,0.0,0.0,injected_unvalidated
full_memory,94,1,receiver_1,dbproc-01870edcc464-agent5,0.0,0.0,0.0,injected_unvalidated
full_memory,94,1,receiver_1,dbproc-01870edcc464-agent1,0.0,0.0,0.0,injected_unvalidated
full_memory,94,1,receiver_2,dbproc-06c28b92d681-agent1,0.0,0.0,0.0,injected_unvalidated
full_memory,94,1,receiver_2,dbproc-01870edcc464-agent2,0.0,0.0,0.0,injected_unvalidated
full_memory,94,1,receiver_2,dbproc-01870edcc464-agent4,0.0,0.0,0.0,injected_unvalidated
full_memory,94,1,receiver_2,dbproc-01870edcc464-agent5,0.0,0.0,0.0,injected_unvalidated
full_memory,94,1,receiver_2,dbproc-01870edcc464-agent1,0.0,0.0,0.0,injected_unvalidated
full_memory,94,1,receiver_3,dbproc-06c28b92d681-agent1,0.0,0.0,0.0,injected_unvalidated
full_memory,94,1,receiver_3,dbproc-01870edcc464-agent2,0.0,0.0,0.0,injected_unvalidated
full_memory,94,1,receiver_3,dbproc-01870edcc464-agent4,0.0,0.0,0.0,injected_unvalidated
full_memory,94,1,receiver_3,dbproc-01870edcc464-agent5,0.0,0.0,0.0,injected_unvalidated
full_memory,94,1,receiver_3,dbproc-01870edcc464-agent1,0.0,0.0,0.0,injected_unvalidated
retrieval,94,1,receiver_1,dbproc-01870edcc464-agent1,0.0,0.0,0.0,injected_unvalidated
retrieval,94,1,receiver_1,dbproc-01870edcc464-agent2,0.0,0.0,0.0,injected_unvalidated
retrieval,94,1,receiver_1,dbproc-01870edcc464-agent4,0.0,0.0,0.0,injected_unvalidated
retrieval,94,1,receiver_2,dbproc-01870edcc464-agent1,0.0,0.0,0.0,injected_unvalidated
retrieval,94,1,receiver_2,dbproc-01870edcc464-agent2,0.0,0.0,0.0,injected_unvalidated
retrieval,94,1,receiver_2,dbproc-01870edcc464-agent4,0.0,0.0,0.0,injected_unvalidated
retrieval,94,1,receiver_3,dbproc-01870edcc464-agent1,0.0,0.0,0.0,injected_unvalidated
retrieval,94,1,receiver_3,dbproc-01870edcc464-agent2,0.0,0.0,0.0,injected_unvalidated
retrieval,94,1,receiver_3,dbproc-01870edcc464-agent4,0.0,0.0,0.0,injected_unvalidated
full_memory,94,2,receiver_1,dbproc-06c28b92d681-agent1,0.0,0.0,0.0,injected_unvalidated
full_memory,94,2,receiver_1,dbproc-01870edcc464-agent2,0.0,0.0,0.0,injected_unvalidated
full_memory,94,2,receiver_1,dbproc-01870edcc464-agent4,0.0,0.0,0.0,injected_unvalidated
full_memory,94,2,receiver_1,dbproc-01870edcc464-agent3,0.0,0.0,0.0,injected_unvalidated
full_memory,94,2,receiver_1,dbproc-01870edcc464-agent5,0.0,0.0,0.0,injected_unvalidated
full_memory,94,2,receiver_2,dbproc-06c28b92d681-agent1,0.0,0.0,0.0,injected_unvalidated
full_memory,94,2,receiver_2,dbproc-01870edcc464-agent2,0.0,0.0,0.0,injected_unvalidated
full_memory,94,2,receiver_2,dbproc-01870edcc464-agent4,0.0,0.0,0.0,injected_unvalidated
full_memory,94,2,receiver_2,dbproc-01870edcc464-agent3,0.0,0.0,0.0,injected_unvalidated
full_memory,94,2,receiver_2,dbproc-01870edcc464-agent5,0.0,0.0,0.0,injected_unvalidated
full_memory,94,2,receiver_3,dbproc-06c28b92d681-agent1,0.0,0.0,0.0,injected_unvalidated
full_memory,94,2,receiver_3,dbproc-01870edcc464-agent2,0.0,0.0,0.0,injected_unvalidated
full_memory,94,2,receiver_3,dbproc-01870edcc464-agent4,0.0,0.0,0.0,injected_unvalidated
full_memory,94,2,receiver_3,dbproc-01870edcc464-agent3,0.0,0.0,0.0,injected_unvalidated
full_memory,94,2,receiver_3,dbproc-01870edcc464-agent5,0.0,0.0,0.0,injected_unvalidated
retrieval,94,2,receiver_1,dbproc-01870edcc464-agent2,0.0,0.0,0.0,injected_unvalidated
retrieval,94,2,receiver_1,dbproc-01870edcc464-agent3,0.0,0.0,0.0,injected_unvalidated
retrieval,94,2,receiver_1,dbproc-01870edcc464-agent4,0.0,0.0,0.0,injected_unvalidated
retrieval,94,2,receiver_2,dbproc-01870edcc464-agent2,0.0,0.0,0.0,injected_unvalidated
retrieval,94,2,receiver_2,dbproc-01870edcc464-agent3,0.0,0.0,0.0,injected_unvalidated
retrieval,94,2,receiver_2,dbproc-01870edcc464-agent4,0.0,0.0,0.0,injected_unvalidated
retrieval,94,2,receiver_3,dbproc-01870edcc464-agent2,0.0,0.0,0.0,injected_unvalidated
retrieval,94,2,receiver_3,dbproc-01870edcc464-agent3,0.0,0.0,0.0,injected_unvalidated
retrieval,94,2,receiver_3,dbproc-01870edcc464-agent4,0.0,0.0,0.0,injected_unvalidated
full_memory,95,0,receiver_1,dbproc-01870edcc464-agent4,0.0,0.0,0.0,injected_unvalidated
full_memory,95,0,receiver_1,dbproc-01870edcc464-agent2,0.0,0.0,0.0,injected_unvalidated
full_memory,95,0,receiver_1,dbproc-06c28b92d681-agent1,0.0,0.0,0.0,injected_unvalidated
full_memory,95,0,receiver_1,dbproc-01870edcc464-agent3,0.0,0.0,0.0,injected_unvalidated
full_memory,95,0,receiver_1,dbproc-01870edcc464-agent1,0.0,0.0,0.0,injected_unvalidated
full_memory,95,0,receiver_1,dbproc-01870edcc464-agent5,0.0,0.0,0.0,injected_unvalidated
full_memory,95,0,receiver_2,dbproc-01870edcc464-agent4,1.0,0.0,1.0,validated
full_memory,95,0,receiver_2,dbproc-01870edcc464-agent2,0.0,0.0,0.0,injected_unvalidated
full_memory,95,0,receiver_2,dbproc-06c28b92d681-agent1,0.0,0.0,0.0,injected_unvalidated
full_memory,95,0,receiver_2,dbproc-01870edcc464-agent3,0.0,0.0,0.0,injected_unvalidated
full_memory,95,0,receiver_2,dbproc-01870edcc464-agent1,0.0,0.0,0.0,injected_unvalidated
full_memory,95,0,receiver_2,dbproc-01870edcc464-agent5,0.0,0.0,0.0,injected_unvalidated
full_memory,95,0,receiver_3,dbproc-01870edcc464-agent4,0.0,0.0,0.0,injected_unvalidated
full_memory,95,0,receiver_3,dbproc-01870edcc464-agent2,0.0,1.0,-1.0,injected_unvalidated
full_memory,95,0,receiver_3,dbproc-06c28b92d681-agent1,1.0,0.0,1.0,validated
full_memory,95,0,receiver_3,dbproc-01870edcc464-agent3,1.0,0.0,1.0,validated
full_memory,95,0,receiver_3,dbproc-01870edcc464-agent1,0.0,0.0,0.0,injected_unvalidated
full_memory,95,0,receiver_3,dbproc-01870edcc464-agent5,0.0,0.0,0.0,injected_unvalidated
retrieval,95,0,receiver_1,dbproc-01870edcc464-agent1,0.0,0.0,0.0,injected_unvalidated
retrieval,95,0,receiver_1,dbproc-01870edcc464-agent2,0.0,0.0,0.0,injected_unvalidated
retrieval,95,0,receiver_1,dbproc-01870edcc464-agent3,0.0,0.0,0.0,injected_unvalidated
retrieval,95,0,receiver_2,dbproc-01870edcc464-agent1,0.0,0.0,0.0,injected_unvalidated
retrieval,95,0,receiver_2,dbproc-01870edcc464-agent2,0.0,0.0,0.0,injected_unvalidated
retrieval,95,0,receiver_2,dbproc-01870edcc464-agent3,0.0,0.0,0.0,injected_unvalidated
retrieval,95,0,receiver_3,dbproc-01870edcc464-agent1,0.0,0.0,0.0,injected_unvalidated
retrieval,95,0,receiver_3,dbproc-01870edcc464-agent2,0.0,1.0,-1.0,injected_unvalidated
retrieval,95,0,receiver_3,dbproc-01870edcc464-agent3,1.0,0.0,1.0,validated
smtr_uniform,95,0,receiver_1,dbproc-06c28b92d681-agent1,0.0,0.0,0.0,injected_unvalidated
smtr_uniform,95,0,receiver_1,dbproc-01870edcc464-agent4,0.0,0.0,0.0,injected_unvalidated
smtr_uniform,95,0,receiver_1,dbproc-01870edcc464-agent3,0.0,0.0,0.0,injected_unvalidated
smtr_uniform,95,0,receiver_2,dbproc-06c28b92d681-agent1,0.0,0.0,0.0,injected_unvalidated
smtr_uniform,95,0,receiver_2,dbproc-01870edcc464-agent4,1.0,0.0,1.0,validated
smtr_uniform,95,0,receiver_2,dbproc-01870edcc464-agent3,0.0,0.0,0.0,injected_unvalidated
smtr_uniform,95,0,receiver_3,dbproc-06c28b92d681-agent1,1.0,0.0,1.0,validated
smtr_uniform,95,0,receiver_3,dbproc-01870edcc464-agent4,0.0,0.0,0.0,injected_unvalidated
smtr_uniform,95,0,receiver_3,dbproc-01870edcc464-agent3,1.0,0.0,1.0,validated
smtr_receiver,95,0,receiver_2,dbproc-01870edcc464-agent4,1.0,0.0,1.0,validated
smtr_receiver,95,0,receiver_3,dbproc-06c28b92d681-agent1,1.0,0.0,1.0,validated
smtr_receiver,95,0,receiver_3,dbproc-01870edcc464-agent3,1.0,0.0,1.0,validated
full_memory,95,1,receiver_1,dbproc-01870edcc464-agent4,0.0,0.0,0.0,injected_unvalidated
full_memory,95,1,receiver_1,dbproc-01870edcc464-agent2,0.0,0.0,0.0,injected_unvalidated
full_memory,95,1,receiver_1,dbproc-06c28b92d681-agent1,0.0,0.0,0.0,injected_unvalidated
full_memory,95,1,receiver_1,dbproc-01870edcc464-agent3,0.0,0.0,0.0,injected_unvalidated
full_memory,95,1,receiver_1,dbproc-01870edcc464-agent1,0.0,0.0,0.0,injected_unvalidated
full_memory,95,1,receiver_1,dbproc-01870edcc464-agent5,1.0,0.0,1.0,validated
full_memory,95,1,receiver_2,dbproc-01870edcc464-agent4,1.0,0.0,1.0,validated
full_memory,95,1,receiver_2,dbproc-01870edcc464-agent2,0.0,0.0,0.0,injected_unvalidated
full_memory,95,1,receiver_2,dbproc-06c28b92d681-agent1,0.0,0.0,0.0,injected_unvalidated
full_memory,95,1,receiver_2,dbproc-01870edcc464-agent3,0.0,0.0,0.0,injected_unvalidated
full_memory,95,1,receiver_2,dbproc-01870edcc464-agent1,0.0,0.0,0.0,injected_unvalidated
full_memory,95,1,receiver_2,dbproc-01870edcc464-agent5,0.0,0.0,0.0,injected_unvalidated
full_memory,95,1,receiver_3,dbproc-01870edcc464-agent4,0.0,0.0,0.0,injected_unvalidated
full_memory,95,1,receiver_3,dbproc-01870edcc464-agent2,0.0,1.0,-1.0,injected_unvalidated
full_memory,95,1,receiver_3,dbproc-06c28b92d681-agent1,1.0,0.0,1.0,validated
full_memory,95,1,receiver_3,dbproc-01870edcc464-agent3,1.0,0.0,1.0,validated
full_memory,95,1,receiver_3,dbproc-01870edcc464-agent1,0.0,0.0,0.0,injected_unvalidated
full_memory,95,1,receiver_3,dbproc-01870edcc464-agent5,1.0,0.0,1.0,validated
retrieval,95,1,receiver_1,dbproc-01870edcc464-agent1,0.0,0.0,0.0,injected_unvalidated
retrieval,95,1,receiver_1,dbproc-01870edcc464-agent2,0.0,0.0,0.0,injected_unvalidated
retrieval,95,1,receiver_1,dbproc-01870edcc464-agent3,0.0,0.0,0.0,injected_unvalidated
retrieval,95,1,receiver_2,dbproc-01870edcc464-agent1,0.0,0.0,0.0,injected_unvalidated
retrieval,95,1,receiver_2,dbproc-01870edcc464-agent2,0.0,0.0,0.0,injected_unvalidated
retrieval,95,1,receiver_2,dbproc-01870edcc464-agent3,0.0,0.0,0.0,injected_unvalidated
retrieval,95,1,receiver_3,dbproc-01870edcc464-agent1,0.0,0.0,0.0,injected_unvalidated
retrieval,95,1,receiver_3,dbproc-01870edcc464-agent2,0.0,1.0,-1.0,injected_unvalidated
retrieval,95,1,receiver_3,dbproc-01870edcc464-agent3,1.0,0.0,1.0,validated
smtr_uniform,95,1,receiver_1,dbproc-01870edcc464-agent5,1.0,0.0,1.0,validated
smtr_uniform,95,1,receiver_1,dbproc-06c28b92d681-agent1,0.0,0.0,0.0,injected_unvalidated
smtr_uniform,95,1,receiver_1,dbproc-01870edcc464-agent4,0.0,0.0,0.0,injected_unvalidated
smtr_uniform,95,1,receiver_2,dbproc-01870edcc464-agent5,0.0,0.0,0.0,injected_unvalidated
smtr_uniform,95,1,receiver_2,dbproc-06c28b92d681-agent1,0.0,0.0,0.0,injected_unvalidated
smtr_uniform,95,1,receiver_2,dbproc-01870edcc464-agent4,1.0,0.0,1.0,validated
smtr_uniform,95,1,receiver_3,dbproc-01870edcc464-agent5,1.0,0.0,1.0,validated
smtr_uniform,95,1,receiver_3,dbproc-06c28b92d681-agent1,1.0,0.0,1.0,validated
smtr_uniform,95,1,receiver_3,dbproc-01870edcc464-agent4,0.0,0.0,0.0,injected_unvalidated
smtr_receiver,95,1,receiver_1,dbproc-01870edcc464-agent5,1.0,0.0,1.0,validated
smtr_receiver,95,1,receiver_2,dbproc-01870edcc464-agent4,1.0,0.0,1.0,validated
smtr_receiver,95,1,receiver_3,dbproc-06c28b92d681-agent1,1.0,0.0,1.0,validated
smtr_receiver,95,1,receiver_3,dbproc-01870edcc464-agent5,1.0,0.0,1.0,validated
smtr_receiver,95,1,receiver_3,dbproc-01870edcc464-agent3,1.0,0.0,1.0,validated
full_memory,95,2,receiver_1,dbproc-01870edcc464-agent4,0.0,0.0,0.0,injected_unvalidated
full_memory,95,2,receiver_1,dbproc-01870edcc464-agent2,0.0,0.0,0.0,injected_unvalidated
full_memory,95,2,receiver_1,dbproc-06c28b92d681-agent1,0.0,0.0,0.0,injected_unvalidated
full_memory,95,2,receiver_1,dbproc-01870edcc464-agent3,0.0,0.0,0.0,injected_unvalidated
full_memory,95,2,receiver_1,dbproc-01870edcc464-agent1,0.0,0.0,0.0,injected_unvalidated
full_memory,95,2,receiver_1,dbproc-01870edcc464-agent5,1.0,0.0,1.0,validated
full_memory,95,2,receiver_2,dbproc-01870edcc464-agent4,1.0,0.0,1.0,validated
full_memory,95,2,receiver_2,dbproc-01870edcc464-agent2,0.0,0.0,0.0,injected_unvalidated
full_memory,95,2,receiver_2,dbproc-06c28b92d681-agent1,0.0,0.0,0.0,injected_unvalidated
full_memory,95,2,receiver_2,dbproc-01870edcc464-agent3,0.0,0.0,0.0,injected_unvalidated
full_memory,95,2,receiver_2,dbproc-01870edcc464-agent1,0.0,0.0,0.0,injected_unvalidated
full_memory,95,2,receiver_2,dbproc-01870edcc464-agent5,0.0,0.0,0.0,injected_unvalidated
full_memory,95,2,receiver_3,dbproc-01870edcc464-agent4,0.0,0.0,0.0,injected_unvalidated
full_memory,95,2,receiver_3,dbproc-01870edcc464-agent2,0.0,1.0,-1.0,injected_unvalidated
full_memory,95,2,receiver_3,dbproc-06c28b92d681-agent1,1.0,0.0,1.0,validated
full_memory,95,2,receiver_3,dbproc-01870edcc464-agent3,1.0,0.0,1.0,validated
full_memory,95,2,receiver_3,dbproc-01870edcc464-agent1,0.0,0.0,0.0,injected_unvalidated
full_memory,95,2,receiver_3,dbproc-01870edcc464-agent5,1.0,0.0,1.0,validated
retrieval,95,2,receiver_1,dbproc-01870edcc464-agent1,0.0,0.0,0.0,injected_unvalidated
retrieval,95,2,receiver_1,dbproc-01870edcc464-agent2,0.0,0.0,0.0,injected_unvalidated
retrieval,95,2,receiver_1,dbproc-01870edcc464-agent3,0.0,0.0,0.0,injected_unvalidated
retrieval,95,2,receiver_2,dbproc-01870edcc464-agent1,0.0,0.0,0.0,injected_unvalidated
retrieval,95,2,receiver_2,dbproc-01870edcc464-agent2,0.0,0.0,0.0,injected_unvalidated
retrieval,95,2,receiver_2,dbproc-01870edcc464-agent3,0.0,0.0,0.0,injected_unvalidated
retrieval,95,2,receiver_3,dbproc-01870edcc464-agent1,0.0,0.0,0.0,injected_unvalidated
retrieval,95,2,receiver_3,dbproc-01870edcc464-agent2,0.0,1.0,-1.0,injected_unvalidated
retrieval,95,2,receiver_3,dbproc-01870edcc464-agent3,1.0,0.0,1.0,validated
smtr_uniform,95,2,receiver_1,dbproc-01870edcc464-agent5,1.0,0.0,1.0,validated
smtr_uniform,95,2,receiver_1,dbproc-06c28b92d681-agent1,0.0,0.0,0.0,injected_unvalidated
smtr_uniform,95,2,receiver_1,dbproc-01870edcc464-agent4,0.0,0.0,0.0,injected_unvalidated
smtr_uniform,95,2,receiver_2,dbproc-01870edcc464-agent5,0.0,0.0,0.0,injected_unvalidated
smtr_uniform,95,2,receiver_2,dbproc-06c28b92d681-agent1,0.0,0.0,0.0,injected_unvalidated
smtr_uniform,95,2,receiver_2,dbproc-01870edcc464-agent4,1.0,0.0,1.0,validated
smtr_uniform,95,2,receiver_3,dbproc-01870edcc464-agent5,1.0,0.0,1.0,validated
smtr_uniform,95,2,receiver_3,dbproc-06c28b92d681-agent1,1.0,0.0,1.0,validated
smtr_uniform,95,2,receiver_3,dbproc-01870edcc464-agent4,0.0,0.0,0.0,injected_unvalidated
smtr_receiver,95,2,receiver_1,dbproc-01870edcc464-agent5,1.0,0.0,1.0,validated
smtr_receiver,95,2,receiver_2,dbproc-01870edcc464-agent4,1.0,0.0,1.0,validated
smtr_receiver,95,2,receiver_3,dbproc-06c28b92d681-agent1,1.0,0.0,1.0,validated
smtr_receiver,95,2,receiver_3,dbproc-01870edcc464-agent5,1.0,0.0,1.0,validated
smtr_receiver,95,2,receiver_3,dbproc-01870edcc464-agent3,1.0,0.0,1.0,validated
full_memory,97,0,receiver_1,dbproc-01870edcc464-agent1,0.0,0.0,0.0,injected_unvalidated
full_memory,97,0,receiver_1,dbproc-01870edcc464-agent4,0.0,0.0,0.0,injected_unvalidated
full_memory,97,0,receiver_1,dbproc-01870edcc464-agent2,0.0,0.0,0.0,injected_unvalidated
full_memory,97,0,receiver_1,dbproc-06c28b92d681-agent1,0.0,0.0,0.0,injected_unvalidated
full_memory,97,0,receiver_1,dbproc-01870edcc464-agent3,0.0,0.0,0.0,injected_unvalidated
full_memory,97,0,receiver_2,dbproc-01870edcc464-agent1,0.0,0.0,0.0,injected_unvalidated
full_memory,97,0,receiver_2,dbproc-01870edcc464-agent4,0.0,0.0,0.0,injected_unvalidated
full_memory,97,0,receiver_2,dbproc-01870edcc464-agent2,0.0,0.0,0.0,injected_unvalidated
full_memory,97,0,receiver_2,dbproc-06c28b92d681-agent1,0.0,1.0,-1.0,injected_unvalidated
full_memory,97,0,receiver_2,dbproc-01870edcc464-agent3,0.0,0.0,0.0,injected_unvalidated
full_memory,97,0,receiver_3,dbproc-01870edcc464-agent1,0.0,0.0,0.0,injected_unvalidated
full_memory,97,0,receiver_3,dbproc-01870edcc464-agent4,0.0,0.0,0.0,injected_unvalidated
full_memory,97,0,receiver_3,dbproc-01870edcc464-agent2,0.0,1.0,-1.0,injected_unvalidated
full_memory,97,0,receiver_3,dbproc-06c28b92d681-agent1,0.0,0.0,0.0,injected_unvalidated
full_memory,97,0,receiver_3,dbproc-01870edcc464-agent3,0.0,0.0,0.0,injected_unvalidated
retrieval,97,0,receiver_1,dbproc-01870edcc464-agent1,0.0,0.0,0.0,injected_unvalidated
retrieval,97,0,receiver_1,dbproc-01870edcc464-agent2,0.0,0.0,0.0,injected_unvalidated
retrieval,97,0,receiver_1,dbproc-01870edcc464-agent3,0.0,0.0,0.0,injected_unvalidated
retrieval,97,0,receiver_2,dbproc-01870edcc464-agent1,0.0,0.0,0.0,injected_unvalidated
retrieval,97,0,receiver_2,dbproc-01870edcc464-agent2,0.0,0.0,0.0,injected_unvalidated
retrieval,97,0,receiver_2,dbproc-01870edcc464-agent3,0.0,0.0,0.0,injected_unvalidated
retrieval,97,0,receiver_3,dbproc-01870edcc464-agent1,0.0,0.0,0.0,injected_unvalidated
retrieval,97,0,receiver_3,dbproc-01870edcc464-agent2,0.0,1.0,-1.0,injected_unvalidated
retrieval,97,0,receiver_3,dbproc-01870edcc464-agent3,0.0,0.0,0.0,injected_unvalidated
full_memory,97,1,receiver_1,dbproc-01870edcc464-agent1,0.0,0.0,0.0,injected_unvalidated
full_memory,97,1,receiver_1,dbproc-01870edcc464-agent5,0.0,0.0,0.0,injected_unvalidated
full_memory,97,1,receiver_1,dbproc-01870edcc464-agent4,0.0,0.0,0.0,injected_unvalidated
full_memory,97,1,receiver_1,dbproc-01870edcc464-agent2,0.0,0.0,0.0,injected_unvalidated
full_memory,97,1,receiver_1,dbproc-06c28b92d681-agent1,0.0,0.0,0.0,injected_unvalidated
full_memory,97,1,receiver_1,dbproc-01870edcc464-agent3,0.0,0.0,0.0,injected_unvalidated
full_memory,97,1,receiver_2,dbproc-01870edcc464-agent1,0.0,0.0,0.0,injected_unvalidated
full_memory,97,1,receiver_2,dbproc-01870edcc464-agent5,0.0,1.0,-1.0,injected_unvalidated
full_memory,97,1,receiver_2,dbproc-01870edcc464-agent4,0.0,0.0,0.0,injected_unvalidated
full_memory,97,1,receiver_2,dbproc-01870edcc464-agent2,0.0,0.0,0.0,injected_unvalidated
full_memory,97,1,receiver_2,dbproc-06c28b92d681-agent1,0.0,1.0,-1.0,injected_unvalidated
full_memory,97,1,receiver_2,dbproc-01870edcc464-agent3,0.0,0.0,0.0,injected_unvalidated
full_memory,97,1,receiver_3,dbproc-01870edcc464-agent1,0.0,0.0,0.0,injected_unvalidated
full_memory,97,1,receiver_3,dbproc-01870edcc464-agent5,0.0,0.0,0.0,injected_unvalidated
full_memory,97,1,receiver_3,dbproc-01870edcc464-agent4,0.0,0.0,0.0,injected_unvalidated
full_memory,97,1,receiver_3,dbproc-01870edcc464-agent2,0.0,1.0,-1.0,injected_unvalidated
full_memory,97,1,receiver_3,dbproc-06c28b92d681-agent1,0.0,0.0,0.0,injected_unvalidated
full_memory,97,1,receiver_3,dbproc-01870edcc464-agent3,0.0,0.0,0.0,injected_unvalidated
retrieval,97,1,receiver_1,dbproc-01870edcc464-agent1,0.0,0.0,0.0,injected_unvalidated
retrieval,97,1,receiver_1,dbproc-01870edcc464-agent2,0.0,0.0,0.0,injected_unvalidated
retrieval,97,1,receiver_1,dbproc-01870edcc464-agent3,0.0,0.0,0.0,injected_unvalidated
retrieval,97,1,receiver_2,dbproc-01870edcc464-agent1,0.0,0.0,0.0,injected_unvalidated
retrieval,97,1,receiver_2,dbproc-01870edcc464-agent2,0.0,0.0,0.0,injected_unvalidated
retrieval,97,1,receiver_2,dbproc-01870edcc464-agent3,0.0,0.0,0.0,injected_unvalidated
retrieval,97,1,receiver_3,dbproc-01870edcc464-agent1,0.0,0.0,0.0,injected_unvalidated
retrieval,97,1,receiver_3,dbproc-01870edcc464-agent2,0.0,1.0,-1.0,injected_unvalidated
retrieval,97,1,receiver_3,dbproc-01870edcc464-agent3,0.0,0.0,0.0,injected_unvalidated
full_memory,97,2,receiver_1,dbproc-01870edcc464-agent1,0.0,0.0,0.0,injected_unvalidated
full_memory,97,2,receiver_1,dbproc-01870edcc464-agent5,0.0,0.0,0.0,injected_unvalidated
full_memory,97,2,receiver_1,dbproc-01870edcc464-agent4,0.0,0.0,0.0,injected_unvalidated
full_memory,97,2,receiver_1,dbproc-01870edcc464-agent2,0.0,0.0,0.0,injected_unvalidated
full_memory,97,2,receiver_1,dbproc-06c28b92d681-agent1,0.0,0.0,0.0,injected_unvalidated
full_memory,97,2,receiver_1,dbproc-01870edcc464-agent3,0.0,0.0,0.0,injected_unvalidated
full_memory,97,2,receiver_2,dbproc-01870edcc464-agent1,0.0,0.0,0.0,injected_unvalidated
full_memory,97,2,receiver_2,dbproc-01870edcc464-agent5,0.0,1.0,-1.0,injected_unvalidated
full_memory,97,2,receiver_2,dbproc-01870edcc464-agent4,0.0,0.0,0.0,injected_unvalidated
full_memory,97,2,receiver_2,dbproc-01870edcc464-agent2,0.0,0.0,0.0,injected_unvalidated
full_memory,97,2,receiver_2,dbproc-06c28b92d681-agent1,0.0,1.0,-1.0,injected_unvalidated
full_memory,97,2,receiver_2,dbproc-01870edcc464-agent3,0.0,0.0,0.0,injected_unvalidated
full_memory,97,2,receiver_3,dbproc-01870edcc464-agent1,0.0,0.0,0.0,injected_unvalidated
full_memory,97,2,receiver_3,dbproc-01870edcc464-agent5,0.0,0.0,0.0,injected_unvalidated
full_memory,97,2,receiver_3,dbproc-01870edcc464-agent4,0.0,0.0,0.0,injected_unvalidated
full_memory,97,2,receiver_3,dbproc-01870edcc464-agent2,0.0,1.0,-1.0,injected_unvalidated
full_memory,97,2,receiver_3,dbproc-06c28b92d681-agent1,0.0,0.0,0.0,injected_unvalidated
full_memory,97,2,receiver_3,dbproc-01870edcc464-agent3,0.0,0.0,0.0,injected_unvalidated
retrieval,97,2,receiver_1,dbproc-01870edcc464-agent1,0.0,0.0,0.0,injected_unvalidated
retrieval,97,2,receiver_1,dbproc-01870edcc464-agent2,0.0,0.0,0.0,injected_unvalidated
retrieval,97,2,receiver_1,dbproc-01870edcc464-agent3,0.0,0.0,0.0,injected_unvalidated
retrieval,97,2,receiver_2,dbproc-01870edcc464-agent1,0.0,0.0,0.0,injected_unvalidated
retrieval,97,2,receiver_2,dbproc-01870edcc464-agent2,0.0,0.0,0.0,injected_unvalidated
retrieval,97,2,receiver_2,dbproc-01870edcc464-agent3,0.0,0.0,0.0,injected_unvalidated
retrieval,97,2,receiver_3,dbproc-01870edcc464-agent1,0.0,0.0,0.0,injected_unvalidated
retrieval,97,2,receiver_3,dbproc-01870edcc464-agent2,0.0,1.0,-1.0,injected_unvalidated
retrieval,97,2,receiver_3,dbproc-01870edcc464-agent3,0.0,0.0,0.0,injected_unvalidated
