{
  "four_class_accuracy": 0.90625,
  "low_support_rate": 0.03125,
  "macro_f1": 0.8779454165838139,
  "metrics_by_prefix_size": {
    "0": {
      "four_class_accuracy": 0.875,
      "record_count": 32
    },
    "1": {
      "four_class_accuracy": 0.9333333333333333,
      "record_count": 30
    },
    "2": {
      "four_class_accuracy": 0.9117647058823529,
      "record_count": 34
    }
  },
  "metrics_on_in_support": {
    "four_class_accuracy": 0.9032258064516129,
    "record_count": 93
  },
  "metrics_on_low_support": {
    "four_class_accuracy": 1.0,
    "record_count": 3
  },
  "multiclass_brier_score": 0.15075041368135436,
  "multiclass_log_loss": 0.29682795851492366,
  "negative_risk_auroc": 1.0,
  "negative_risk_brier": 0.0013488099937533048,
  "negative_risk_ece": 0.017450272511189167,
  "tau_mae": 0.09243687034817005,
  "tau_sign_accuracy": 0.21875
}