{
  "four_class_accuracy": 0.9270833333333334,
  "low_support_rate": 0.03125,
  "macro_f1": 0.9084467636901326,
  "metrics_by_prefix_size": {
    "0": {
      "four_class_accuracy": 0.8181818181818182,
      "record_count": 22
    },
    "1": {
      "four_class_accuracy": 0.8846153846153846,
      "record_count": 26
    },
    "2": {
      "four_class_accuracy": 1.0,
      "record_count": 48
    }
  },
  "metrics_on_in_support": {
    "four_class_accuracy": 0.9247311827956989,
    "record_count": 93
  },
  "metrics_on_low_support": {
    "four_class_accuracy": 1.0,
    "record_count": 3
  },
  "multiclass_brier_score": 0.09549039220363433,
  "multiclass_log_loss": 0.15009984762565984,
  "negative_risk_auroc": 0.9962962962962962,
  "negative_risk_brier": 0.01423414128267095,
  "negative_risk_ece": 0.01711865532185102,
  "tau_mae": 0.10397536341690809,
  "tau_sign_accuracy": 0.3125
}