{
  "four_class_accuracy": 0.9479166666666666,
  "low_support_rate": 0.03125,
  "macro_f1": 0.9609829955741905,
  "metrics_by_prefix_size": {
    "0": {
      "four_class_accuracy": 0.8181818181818182,
      "record_count": 22
    },
    "1": {
      "four_class_accuracy": 0.9615384615384616,
      "record_count": 26
    },
    "2": {
      "four_class_accuracy": 1.0,
      "record_count": 48
    }
  },
  "metrics_on_in_support": {
    "four_class_accuracy": 0.946236559139785,
    "record_count": 93
  },
  "metrics_on_low_support": {
    "four_class_accuracy": 1.0,
    "record_count": 3
  },
  "multiclass_brier_score": 0.06749992207769663,
  "multiclass_log_loss": 0.10869127279955922,
  "negative_risk_auroc": 1.0,
  "negative_risk_brier": 6.905285122906541e-05,
  "negative_risk_ece": 0.004992883469830933,
  "tau_mae": 0.07671825920213067,
  "tau_sign_accuracy": 0.3333333333333333
}