scenario,method,task_id,seed,receiver_id,memory_id,expose_reward,withhold_reward,delta,decision
bargaining,full_memory,bargaining:1,0,receiver_1,syn-barg-001-a1,0.0,0.0,0.0,injected_unvalidated
bargaining,full_memory,bargaining:1,0,receiver_1,syn-barg-001-a2,0.0,0.0,0.0,injected_unvalidated
bargaining,full_memory,bargaining:1,0,receiver_1,syn-barg-001-a3,0.0,0.0,0.0,injected_unvalidated
bargaining,full_memory,bargaining:1,0,receiver_1,syn-barg-001-a4,0.0,0.0,0.0,injected_unvalidated
bargaining,full_memory,bargaining:1,0,receiver_1,syn-barg-001-a5,0.0,0.0,0.0,injected_unvalidated
bargaining,full_memory,bargaining:1,0,receiver_1,syn-barg-001-a6,1.0,1.0,0.0,injected_unvalidated
bargaining,full_memory,bargaining:1,0,receiver_2,syn-barg-001-a1,0.0,0.0,0.0,injected_unvalidated
bargaining,full_memory,bargaining:1,0,receiver_2,syn-barg-001-a2,0.0,0.0,0.0,injected_unvalidated
bargaining,full_memory,bargaining:1,0,receiver_2,syn-barg-001-a3,0.0,0.0,0.0,injected_unvalidated
bargaining,full_memory,bargaining:1,0,receiver_2,syn-barg-001-a4,0.0,0.0,0.0,injected_unvalidated
bargaining,full_memory,bargaining:1,0,receiver_2,syn-barg-001-a5,0.0,0.0,0.0,injected_unvalidated
bargaining,full_memory,bargaining:1,0,receiver_2,syn-barg-001-a6,1.0,1.0,0.0,injected_unvalidated
bargaining,full_memory,bargaining:1,0,receiver_3,syn-barg-001-a1,0.0,0.0,0.0,injected_unvalidated
bargaining,full_memory,bargaining:1,0,receiver_3,syn-barg-001-a2,0.0,0.0,0.0,injected_unvalidated
bargaining,full_memory,bargaining:1,0,receiver_3,syn-barg-001-a3,0.0,0.0,0.0,injected_unvalidated
bargaining,full_memory,bargaining:1,0,receiver_3,syn-barg-001-a4,0.0,0.0,0.0,injected_unvalidated
bargaining,full_memory,bargaining:1,0,receiver_3,syn-barg-001-a5,0.0,0.0,0.0,injected_unvalidated
bargaining,full_memory,bargaining:1,0,receiver_3,syn-barg-001-a6,1.0,1.0,0.0,injected_unvalidated
bargaining,retrieval,bargaining:1,0,receiver_1,syn-barg-001-a1,0.0,0.0,0.0,injected_unvalidated
bargaining,retrieval,bargaining:1,0,receiver_1,syn-barg-001-a2,0.0,0.0,0.0,injected_unvalidated
bargaining,retrieval,bargaining:1,0,receiver_1,syn-barg-001-a3,0.0,0.0,0.0,injected_unvalidated
bargaining,retrieval,bargaining:1,0,receiver_2,syn-barg-001-a1,0.0,0.0,0.0,injected_unvalidated
bargaining,retrieval,bargaining:1,0,receiver_2,syn-barg-001-a2,0.0,0.0,0.0,injected_unvalidated
bargaining,retrieval,bargaining:1,0,receiver_2,syn-barg-001-a3,0.0,0.0,0.0,injected_unvalidated
bargaining,retrieval,bargaining:1,0,receiver_3,syn-barg-001-a1,0.0,0.0,0.0,injected_unvalidated
bargaining,retrieval,bargaining:1,0,receiver_3,syn-barg-001-a2,0.0,0.0,0.0,injected_unvalidated
bargaining,retrieval,bargaining:1,0,receiver_3,syn-barg-001-a3,0.0,0.0,0.0,injected_unvalidated
bargaining,full_memory,bargaining:1,1,receiver_1,syn-barg-001-a1,0.0,0.0,0.0,injected_unvalidated
bargaining,full_memory,bargaining:1,1,receiver_1,syn-barg-001-a2,1.0,0.0,1.0,validated
bargaining,full_memory,bargaining:1,1,receiver_1,syn-barg-001-a3,0.0,1.0,-1.0,injected_unvalidated
bargaining,full_memory,bargaining:1,1,receiver_1,syn-barg-001-a4,0.0,1.0,-1.0,injected_unvalidated
bargaining,full_memory,bargaining:1,1,receiver_1,syn-barg-001-a5,1.0,1.0,0.0,injected_unvalidated
bargaining,full_memory,bargaining:1,1,receiver_1,syn-barg-001-a6,1.0,0.0,1.0,validated
bargaining,full_memory,bargaining:1,1,receiver_2,syn-barg-001-a1,0.0,0.0,0.0,injected_unvalidated
bargaining,full_memory,bargaining:1,1,receiver_2,syn-barg-001-a2,1.0,0.0,1.0,validated
bargaining,full_memory,bargaining:1,1,receiver_2,syn-barg-001-a3,0.0,1.0,-1.0,injected_unvalidated
bargaining,full_memory,bargaining:1,1,receiver_2,syn-barg-001-a4,0.0,1.0,-1.0,injected_unvalidated
bargaining,full_memory,bargaining:1,1,receiver_2,syn-barg-001-a5,1.0,1.0,0.0,injected_unvalidated
bargaining,full_memory,bargaining:1,1,receiver_2,syn-barg-001-a6,1.0,0.0,1.0,validated
bargaining,full_memory,bargaining:1,1,receiver_3,syn-barg-001-a1,0.0,0.0,0.0,injected_unvalidated
bargaining,full_memory,bargaining:1,1,receiver_3,syn-barg-001-a2,0.0,0.0,0.0,injected_unvalidated
bargaining,full_memory,bargaining:1,1,receiver_3,syn-barg-001-a3,0.0,1.0,-1.0,injected_unvalidated
bargaining,full_memory,bargaining:1,1,receiver_3,syn-barg-001-a4,0.0,1.0,-1.0,injected_unvalidated
bargaining,full_memory,bargaining:1,1,receiver_3,syn-barg-001-a5,1.0,1.0,0.0,injected_unvalidated
bargaining,full_memory,bargaining:1,1,receiver_3,syn-barg-001-a6,1.0,0.0,1.0,validated
bargaining,retrieval,bargaining:1,1,receiver_1,syn-barg-001-a1,0.0,0.0,0.0,injected_unvalidated
bargaining,retrieval,bargaining:1,1,receiver_1,syn-barg-001-a2,1.0,0.0,1.0,validated
bargaining,retrieval,bargaining:1,1,receiver_1,syn-barg-001-a3,0.0,1.0,-1.0,injected_unvalidated
bargaining,retrieval,bargaining:1,1,receiver_2,syn-barg-001-a1,0.0,0.0,0.0,injected_unvalidated
bargaining,retrieval,bargaining:1,1,receiver_2,syn-barg-001-a2,1.0,0.0,1.0,validated
bargaining,retrieval,bargaining:1,1,receiver_2,syn-barg-001-a3,0.0,1.0,-1.0,injected_unvalidated
bargaining,retrieval,bargaining:1,1,receiver_3,syn-barg-001-a1,0.0,0.0,0.0,injected_unvalidated
bargaining,retrieval,bargaining:1,1,receiver_3,syn-barg-001-a2,0.0,0.0,0.0,injected_unvalidated
bargaining,retrieval,bargaining:1,1,receiver_3,syn-barg-001-a3,0.0,1.0,-1.0,injected_unvalidated
bargaining,smtr_uniform,bargaining:1,1,receiver_1,syn-barg-001-a6,1.0,0.0,1.0,validated
bargaining,smtr_uniform,bargaining:1,1,receiver_1,syn-barg-001-a2,1.0,0.0,1.0,validated
bargaining,smtr_uniform,bargaining:1,1,receiver_2,syn-barg-001-a6,1.0,0.0,1.0,validated
bargaining,smtr_uniform,bargaining:1,1,receiver_2,syn-barg-001-a2,1.0,0.0,1.0,validated
bargaining,smtr_uniform,bargaining:1,1,receiver_3,syn-barg-001-a6,1.0,0.0,1.0,validated
bargaining,smtr_uniform,bargaining:1,1,receiver_3,syn-barg-001-a2,0.0,0.0,0.0,injected_unvalidated
bargaining,smtr_receiver,bargaining:1,1,receiver_1,syn-barg-001-a6,1.0,0.0,1.0,validated
bargaining,smtr_receiver,bargaining:1,1,receiver_1,syn-barg-001-a2,1.0,0.0,1.0,validated
bargaining,smtr_receiver,bargaining:1,1,receiver_2,syn-barg-001-a6,1.0,0.0,1.0,validated
bargaining,smtr_receiver,bargaining:1,1,receiver_2,syn-barg-001-a2,1.0,0.0,1.0,validated
bargaining,smtr_receiver,bargaining:1,1,receiver_3,syn-barg-001-a6,1.0,0.0,1.0,validated
bargaining,full_memory,bargaining:1,2,receiver_1,syn-barg-001-a1,0.0,0.0,0.0,injected_unvalidated
bargaining,full_memory,bargaining:1,2,receiver_1,syn-barg-001-a2,1.0,1.0,0.0,injected_unvalidated
bargaining,full_memory,bargaining:1,2,receiver_1,syn-barg-001-a3,0.0,0.0,0.0,injected_unvalidated
bargaining,full_memory,bargaining:1,2,receiver_1,syn-barg-001-a4,0.0,0.0,0.0,injected_unvalidated
bargaining,full_memory,bargaining:1,2,receiver_1,syn-barg-001-a5,0.0,1.0,-1.0,injected_unvalidated
bargaining,full_memory,bargaining:1,2,receiver_1,syn-barg-001-a6,1.0,0.0,1.0,validated
bargaining,full_memory,bargaining:1,2,receiver_2,syn-barg-001-a1,0.0,0.0,0.0,injected_unvalidated
bargaining,full_memory,bargaining:1,2,receiver_2,syn-barg-001-a2,1.0,1.0,0.0,injected_unvalidated
bargaining,full_memory,bargaining:1,2,receiver_2,syn-barg-001-a3,0.0,0.0,0.0,injected_unvalidated
bargaining,full_memory,bargaining:1,2,receiver_2,syn-barg-001-a4,0.0,0.0,0.0,injected_unvalidated
bargaining,full_memory,bargaining:1,2,receiver_2,syn-barg-001-a5,0.0,1.0,-1.0,injected_unvalidated
bargaining,full_memory,bargaining:1,2,receiver_2,syn-barg-001-a6,1.0,0.0,1.0,validated
bargaining,full_memory,bargaining:1,2,receiver_3,syn-barg-001-a1,0.0,0.0,0.0,injected_unvalidated
bargaining,full_memory,bargaining:1,2,receiver_3,syn-barg-001-a2,1.0,1.0,0.0,injected_unvalidated
bargaining,full_memory,bargaining:1,2,receiver_3,syn-barg-001-a3,0.0,0.0,0.0,injected_unvalidated
bargaining,full_memory,bargaining:1,2,receiver_3,syn-barg-001-a4,0.0,0.0,0.0,injected_unvalidated
bargaining,full_memory,bargaining:1,2,receiver_3,syn-barg-001-a5,0.0,1.0,-1.0,injected_unvalidated
bargaining,full_memory,bargaining:1,2,receiver_3,syn-barg-001-a6,1.0,0.0,1.0,validated
bargaining,retrieval,bargaining:1,2,receiver_1,syn-barg-001-a1,0.0,0.0,0.0,injected_unvalidated
bargaining,retrieval,bargaining:1,2,receiver_1,syn-barg-001-a2,1.0,1.0,0.0,injected_unvalidated
bargaining,retrieval,bargaining:1,2,receiver_1,syn-barg-001-a3,0.0,0.0,0.0,injected_unvalidated
bargaining,retrieval,bargaining:1,2,receiver_2,syn-barg-001-a1,0.0,0.0,0.0,injected_unvalidated
bargaining,retrieval,bargaining:1,2,receiver_2,syn-barg-001-a2,1.0,1.0,0.0,injected_unvalidated
bargaining,retrieval,bargaining:1,2,receiver_2,syn-barg-001-a3,0.0,0.0,0.0,injected_unvalidated
bargaining,retrieval,bargaining:1,2,receiver_3,syn-barg-001-a1,0.0,0.0,0.0,injected_unvalidated
bargaining,retrieval,bargaining:1,2,receiver_3,syn-barg-001-a2,1.0,1.0,0.0,injected_unvalidated
bargaining,retrieval,bargaining:1,2,receiver_3,syn-barg-001-a3,0.0,0.0,0.0,injected_unvalidated
bargaining,smtr_uniform,bargaining:1,2,receiver_1,syn-barg-001-a6,1.0,0.0,1.0,validated
bargaining,smtr_uniform,bargaining:1,2,receiver_2,syn-barg-001-a6,1.0,0.0,1.0,validated
bargaining,smtr_uniform,bargaining:1,2,receiver_3,syn-barg-001-a6,1.0,0.0,1.0,validated
bargaining,smtr_receiver,bargaining:1,2,receiver_1,syn-barg-001-a6,1.0,0.0,1.0,validated
bargaining,smtr_receiver,bargaining:1,2,receiver_2,syn-barg-001-a6,1.0,0.0,1.0,validated
bargaining,smtr_receiver,bargaining:1,2,receiver_3,syn-barg-001-a6,1.0,0.0,1.0,validated
bargaining,full_memory,bargaining:100,0,receiver_1,syn-barg-100-a1,1.0,0.0,1.0,validated
bargaining,full_memory,bargaining:100,0,receiver_1,syn-barg-100-a2,1.0,1.0,0.0,injected_unvalidated
bargaining,full_memory,bargaining:100,0,receiver_1,syn-barg-100-a3,1.0,0.0,1.0,validated
bargaining,full_memory,bargaining:100,0,receiver_1,syn-barg-100-a4,0.0,0.0,0.0,injected_unvalidated
bargaining,full_memory,bargaining:100,0,receiver_1,syn-barg-100-a5,0.0,1.0,-1.0,injected_unvalidated
bargaining,full_memory,bargaining:100,0,receiver_1,syn-barg-100-a6,0.0,0.0,0.0,injected_unvalidated
bargaining,full_memory,bargaining:100,0,receiver_2,syn-barg-100-a1,0.0,0.0,0.0,injected_unvalidated
bargaining,full_memory,bargaining:100,0,receiver_2,syn-barg-100-a2,1.0,1.0,0.0,injected_unvalidated
bargaining,full_memory,bargaining:100,0,receiver_2,syn-barg-100-a3,1.0,0.0,1.0,validated
bargaining,full_memory,bargaining:100,0,receiver_2,syn-barg-100-a4,0.0,0.0,0.0,injected_unvalidated
bargaining,full_memory,bargaining:100,0,receiver_2,syn-barg-100-a5,0.0,1.0,-1.0,injected_unvalidated
bargaining,full_memory,bargaining:100,0,receiver_2,syn-barg-100-a6,0.0,0.0,0.0,injected_unvalidated
bargaining,full_memory,bargaining:100,0,receiver_3,syn-barg-100-a1,1.0,0.0,1.0,validated
bargaining,full_memory,bargaining:100,0,receiver_3,syn-barg-100-a2,0.0,1.0,-1.0,injected_unvalidated
bargaining,full_memory,bargaining:100,0,receiver_3,syn-barg-100-a3,1.0,0.0,1.0,validated
bargaining,full_memory,bargaining:100,0,receiver_3,syn-barg-100-a4,0.0,1.0,-1.0,injected_unvalidated
bargaining,full_memory,bargaining:100,0,receiver_3,syn-barg-100-a5,1.0,1.0,0.0,injected_unvalidated
bargaining,full_memory,bargaining:100,0,receiver_3,syn-barg-100-a6,0.0,0.0,0.0,injected_unvalidated
bargaining,retrieval,bargaining:100,0,receiver_1,syn-barg-100-a1,1.0,0.0,1.0,validated
bargaining,retrieval,bargaining:100,0,receiver_1,syn-barg-100-a2,1.0,1.0,0.0,injected_unvalidated
bargaining,retrieval,bargaining:100,0,receiver_1,syn-barg-100-a3,1.0,0.0,1.0,validated
bargaining,retrieval,bargaining:100,0,receiver_2,syn-barg-100-a1,0.0,0.0,0.0,injected_unvalidated
bargaining,retrieval,bargaining:100,0,receiver_2,syn-barg-100-a2,1.0,1.0,0.0,injected_unvalidated
bargaining,retrieval,bargaining:100,0,receiver_2,syn-barg-100-a3,1.0,0.0,1.0,validated
bargaining,retrieval,bargaining:100,0,receiver_3,syn-barg-100-a1,1.0,0.0,1.0,validated
bargaining,retrieval,bargaining:100,0,receiver_3,syn-barg-100-a2,0.0,1.0,-1.0,injected_unvalidated
bargaining,retrieval,bargaining:100,0,receiver_3,syn-barg-100-a3,1.0,0.0,1.0,validated
bargaining,smtr_uniform,bargaining:100,0,receiver_1,syn-barg-100-a3,1.0,0.0,1.0,validated
bargaining,smtr_uniform,bargaining:100,0,receiver_1,syn-barg-100-a1,1.0,0.0,1.0,validated
bargaining,smtr_uniform,bargaining:100,0,receiver_2,syn-barg-100-a3,1.0,0.0,1.0,validated
bargaining,smtr_uniform,bargaining:100,0,receiver_2,syn-barg-100-a1,0.0,0.0,0.0,injected_unvalidated
bargaining,smtr_uniform,bargaining:100,0,receiver_3,syn-barg-100-a3,1.0,0.0,1.0,validated
bargaining,smtr_uniform,bargaining:100,0,receiver_3,syn-barg-100-a1,1.0,0.0,1.0,validated
bargaining,smtr_receiver,bargaining:100,0,receiver_1,syn-barg-100-a3,1.0,0.0,1.0,validated
bargaining,smtr_receiver,bargaining:100,0,receiver_1,syn-barg-100-a1,1.0,0.0,1.0,validated
bargaining,smtr_receiver,bargaining:100,0,receiver_2,syn-barg-100-a3,1.0,0.0,1.0,validated
bargaining,smtr_receiver,bargaining:100,0,receiver_3,syn-barg-100-a3,1.0,0.0,1.0,validated
bargaining,smtr_receiver,bargaining:100,0,receiver_3,syn-barg-100-a1,1.0,0.0,1.0,validated
bargaining,full_memory,bargaining:100,1,receiver_1,syn-barg-100-a1,0.0,0.0,0.0,injected_unvalidated
bargaining,full_memory,bargaining:100,1,receiver_1,syn-barg-100-a2,1.0,0.0,1.0,validated
bargaining,full_memory,bargaining:100,1,receiver_1,syn-barg-100-a3,1.0,1.0,0.0,injected_unvalidated
bargaining,full_memory,bargaining:100,1,receiver_1,syn-barg-100-a4,1.0,1.0,0.0,injected_unvalidated
bargaining,full_memory,bargaining:100,1,receiver_1,syn-barg-100-a5,0.0,1.0,-1.0,injected_unvalidated
bargaining,full_memory,bargaining:100,1,receiver_1,syn-barg-100-a6,0.0,0.0,0.0,injected_unvalidated
bargaining,full_memory,bargaining:100,1,receiver_2,syn-barg-100-a1,1.0,0.0,1.0,validated
bargaining,full_memory,bargaining:100,1,receiver_2,syn-barg-100-a2,1.0,0.0,1.0,validated
bargaining,full_memory,bargaining:100,1,receiver_2,syn-barg-100-a3,1.0,1.0,0.0,injected_unvalidated
bargaining,full_memory,bargaining:100,1,receiver_2,syn-barg-100-a4,1.0,1.0,0.0,injected_unvalidated
bargaining,full_memory,bargaining:100,1,receiver_2,syn-barg-100-a5,0.0,1.0,-1.0,injected_unvalidated
bargaining,full_memory,bargaining:100,1,receiver_2,syn-barg-100-a6,0.0,0.0,0.0,injected_unvalidated
bargaining,full_memory,bargaining:100,1,receiver_3,syn-barg-100-a1,0.0,0.0,0.0,injected_unvalidated
bargaining,full_memory,bargaining:100,1,receiver_3,syn-barg-100-a2,1.0,0.0,1.0,validated
bargaining,full_memory,bargaining:100,1,receiver_3,syn-barg-100-a3,1.0,1.0,0.0,injected_unvalidated
bargaining,full_memory,bargaining:100,1,receiver_3,syn-barg-100-a4,0.0,1.0,-1.0,injected_unvalidated
bargaining,full_memory,bargaining:100,1,receiver_3,syn-barg-100-a5,1.0,1.0,0.0,injected_unvalidated
bargaining,full_memory,bargaining:100,1,receiver_3,syn-barg-100-a6,0.0,0.0,0.0,injected_unvalidated
bargaining,retrieval,bargaining:100,1,receiver_1,syn-barg-100-a1,0.0,0.0,0.0,injected_unvalidated
bargaining,retrieval,bargaining:100,1,receiver_1,syn-barg-100-a2,1.0,0.0,1.0,validated
bargaining,retrieval,bargaining:100,1,receiver_1,syn-barg-100-a3,1.0,1.0,0.0,injected_unvalidated
bargaining,retrieval,bargaining:100,1,receiver_2,syn-barg-100-a1,1.0,0.0,1.0,validated
bargaining,retrieval,bargaining:100,1,receiver_2,syn-barg-100-a2,1.0,0.0,1.0,validated
bargaining,retrieval,bargaining:100,1,receiver_2,syn-barg-100-a3,1.0,1.0,0.0,injected_unvalidated
bargaining,retrieval,bargaining:100,1,receiver_3,syn-barg-100-a1,0.0,0.0,0.0,injected_unvalidated
bargaining,retrieval,bargaining:100,1,receiver_3,syn-barg-100-a2,1.0,0.0,1.0,validated
bargaining,retrieval,bargaining:100,1,receiver_3,syn-barg-100-a3,1.0,1.0,0.0,injected_unvalidated
bargaining,smtr_uniform,bargaining:100,1,receiver_1,syn-barg-100-a2,1.0,0.0,1.0,validated
bargaining,smtr_uniform,bargaining:100,1,receiver_1,syn-barg-100-a1,0.0,0.0,0.0,injected_unvalidated
bargaining,smtr_uniform,bargaining:100,1,receiver_2,syn-barg-100-a2,1.0,0.0,1.0,validated
bargaining,smtr_uniform,bargaining:100,1,receiver_2,syn-barg-100-a1,1.0,0.0,1.0,validated
bargaining,smtr_uniform,bargaining:100,1,receiver_3,syn-barg-100-a2,1.0,0.0,1.0,validated
bargaining,smtr_uniform,bargaining:100,1,receiver_3,syn-barg-100-a1,0.0,0.0,0.0,injected_unvalidated
bargaining,smtr_receiver,bargaining:100,1,receiver_1,syn-barg-100-a2,1.0,0.0,1.0,validated
bargaining,smtr_receiver,bargaining:100,1,receiver_2,syn-barg-100-a2,1.0,0.0,1.0,validated
bargaining,smtr_receiver,bargaining:100,1,receiver_2,syn-barg-100-a1,1.0,0.0,1.0,validated
bargaining,smtr_receiver,bargaining:100,1,receiver_3,syn-barg-100-a2,1.0,0.0,1.0,validated
bargaining,full_memory,bargaining:100,2,receiver_1,syn-barg-100-a1,0.0,0.0,0.0,injected_unvalidated
bargaining,full_memory,bargaining:100,2,receiver_1,syn-barg-100-a2,0.0,0.0,0.0,injected_unvalidated
bargaining,full_memory,bargaining:100,2,receiver_1,syn-barg-100-a3,0.0,0.0,0.0,injected_unvalidated
bargaining,full_memory,bargaining:100,2,receiver_1,syn-barg-100-a4,0.0,0.0,0.0,injected_unvalidated
bargaining,full_memory,bargaining:100,2,receiver_1,syn-barg-100-a5,0.0,0.0,0.0,injected_unvalidated
bargaining,full_memory,bargaining:100,2,receiver_1,syn-barg-100-a6,0.0,0.0,0.0,injected_unvalidated
bargaining,full_memory,bargaining:100,2,receiver_2,syn-barg-100-a1,1.0,0.0,1.0,validated
bargaining,full_memory,bargaining:100,2,receiver_2,syn-barg-100-a2,0.0,0.0,0.0,injected_unvalidated
bargaining,full_memory,bargaining:100,2,receiver_2,syn-barg-100-a3,0.0,0.0,0.0,injected_unvalidated
bargaining,full_memory,bargaining:100,2,receiver_2,syn-barg-100-a4,0.0,0.0,0.0,injected_unvalidated
bargaining,full_memory,bargaining:100,2,receiver_2,syn-barg-100-a5,0.0,0.0,0.0,injected_unvalidated
bargaining,full_memory,bargaining:100,2,receiver_2,syn-barg-100-a6,0.0,0.0,0.0,injected_unvalidated
bargaining,full_memory,bargaining:100,2,receiver_3,syn-barg-100-a1,0.0,0.0,0.0,injected_unvalidated
bargaining,full_memory,bargaining:100,2,receiver_3,syn-barg-100-a2,0.0,1.0,-1.0,injected_unvalidated
bargaining,full_memory,bargaining:100,2,receiver_3,syn-barg-100-a3,0.0,0.0,0.0,injected_unvalidated
bargaining,full_memory,bargaining:100,2,receiver_3,syn-barg-100-a4,0.0,1.0,-1.0,injected_unvalidated
bargaining,full_memory,bargaining:100,2,receiver_3,syn-barg-100-a5,1.0,0.0,1.0,validated
bargaining,full_memory,bargaining:100,2,receiver_3,syn-barg-100-a6,0.0,0.0,0.0,injected_unvalidated
bargaining,retrieval,bargaining:100,2,receiver_1,syn-barg-100-a1,0.0,0.0,0.0,injected_unvalidated
bargaining,retrieval,bargaining:100,2,receiver_1,syn-barg-100-a2,0.0,0.0,0.0,injected_unvalidated
bargaining,retrieval,bargaining:100,2,receiver_1,syn-barg-100-a3,0.0,0.0,0.0,injected_unvalidated
bargaining,retrieval,bargaining:100,2,receiver_2,syn-barg-100-a1,1.0,0.0,1.0,validated
bargaining,retrieval,bargaining:100,2,receiver_2,syn-barg-100-a2,0.0,0.0,0.0,injected_unvalidated
bargaining,retrieval,bargaining:100,2,receiver_2,syn-barg-100-a3,0.0,0.0,0.0,injected_unvalidated
bargaining,retrieval,bargaining:100,2,receiver_3,syn-barg-100-a1,0.0,0.0,0.0,injected_unvalidated
bargaining,retrieval,bargaining:100,2,receiver_3,syn-barg-100-a2,0.0,1.0,-1.0,injected_unvalidated
bargaining,retrieval,bargaining:100,2,receiver_3,syn-barg-100-a3,0.0,0.0,0.0,injected_unvalidated
bargaining,smtr_uniform,bargaining:100,2,receiver_1,syn-barg-100-a5,0.0,0.0,0.0,injected_unvalidated
bargaining,smtr_uniform,bargaining:100,2,receiver_1,syn-barg-100-a1,0.0,0.0,0.0,injected_unvalidated
bargaining,smtr_uniform,bargaining:100,2,receiver_2,syn-barg-100-a5,0.0,0.0,0.0,injected_unvalidated
bargaining,smtr_uniform,bargaining:100,2,receiver_2,syn-barg-100-a1,1.0,0.0,1.0,validated
bargaining,smtr_uniform,bargaining:100,2,receiver_3,syn-barg-100-a5,1.0,0.0,1.0,validated
bargaining,smtr_uniform,bargaining:100,2,receiver_3,syn-barg-100-a1,0.0,0.0,0.0,injected_unvalidated
bargaining,smtr_receiver,bargaining:100,2,receiver_2,syn-barg-100-a1,1.0,0.0,1.0,validated
bargaining,smtr_receiver,bargaining:100,2,receiver_3,syn-barg-100-a5,1.0,0.0,1.0,validated
bargaining,full_memory,bargaining:11,0,receiver_1,syn-barg-011-a1,0.0,0.0,0.0,injected_unvalidated
bargaining,full_memory,bargaining:11,0,receiver_1,syn-barg-011-a2,0.0,0.0,0.0,injected_unvalidated
bargaining,full_memory,bargaining:11,0,receiver_1,syn-barg-011-a3,0.0,0.0,0.0,injected_unvalidated
bargaining,full_memory,bargaining:11,0,receiver_1,syn-barg-011-a4,0.0,0.0,0.0,injected_unvalidated
bargaining,full_memory,bargaining:11,0,receiver_1,syn-barg-011-a5,1.0,0.0,1.0,validated
bargaining,full_memory,bargaining:11,0,receiver_1,syn-barg-011-a6,0.0,1.0,-1.0,injected_unvalidated
bargaining,full_memory,bargaining:11,0,receiver_2,syn-barg-011-a1,0.0,0.0,0.0,injected_unvalidated
bargaining,full_memory,bargaining:11,0,receiver_2,syn-barg-011-a2,0.0,0.0,0.0,injected_unvalidated
bargaining,full_memory,bargaining:11,0,receiver_2,syn-barg-011-a3,0.0,0.0,0.0,injected_unvalidated
bargaining,full_memory,bargaining:11,0,receiver_2,syn-barg-011-a4,0.0,0.0,0.0,injected_unvalidated
bargaining,full_memory,bargaining:11,0,receiver_2,syn-barg-011-a5,1.0,0.0,1.0,validated
bargaining,full_memory,bargaining:11,0,receiver_2,syn-barg-011-a6,0.0,1.0,-1.0,injected_unvalidated
bargaining,full_memory,bargaining:11,0,receiver_3,syn-barg-011-a1,0.0,0.0,0.0,injected_unvalidated
bargaining,full_memory,bargaining:11,0,receiver_3,syn-barg-011-a2,0.0,0.0,0.0,injected_unvalidated
bargaining,full_memory,bargaining:11,0,receiver_3,syn-barg-011-a3,0.0,0.0,0.0,injected_unvalidated
bargaining,full_memory,bargaining:11,0,receiver_3,syn-barg-011-a4,0.0,0.0,0.0,injected_unvalidated
bargaining,full_memory,bargaining:11,0,receiver_3,syn-barg-011-a5,1.0,0.0,1.0,validated
bargaining,full_memory,bargaining:11,0,receiver_3,syn-barg-011-a6,0.0,1.0,-1.0,injected_unvalidated
bargaining,retrieval,bargaining:11,0,receiver_1,syn-barg-011-a1,0.0,0.0,0.0,injected_unvalidated
bargaining,retrieval,bargaining:11,0,receiver_1,syn-barg-011-a2,0.0,0.0,0.0,injected_unvalidated
bargaining,retrieval,bargaining:11,0,receiver_1,syn-barg-011-a3,0.0,0.0,0.0,injected_unvalidated
bargaining,retrieval,bargaining:11,0,receiver_2,syn-barg-011-a1,0.0,0.0,0.0,injected_unvalidated
bargaining,retrieval,bargaining:11,0,receiver_2,syn-barg-011-a2,0.0,0.0,0.0,injected_unvalidated
bargaining,retrieval,bargaining:11,0,receiver_2,syn-barg-011-a3,0.0,0.0,0.0,injected_unvalidated
bargaining,retrieval,bargaining:11,0,receiver_3,syn-barg-011-a1,0.0,0.0,0.0,injected_unvalidated
bargaining,retrieval,bargaining:11,0,receiver_3,syn-barg-011-a2,0.0,0.0,0.0,injected_unvalidated
bargaining,retrieval,bargaining:11,0,receiver_3,syn-barg-011-a3,0.0,0.0,0.0,injected_unvalidated
bargaining,smtr_uniform,bargaining:11,0,receiver_1,syn-barg-011-a5,1.0,0.0,1.0,validated
bargaining,smtr_uniform,bargaining:11,0,receiver_2,syn-barg-011-a5,1.0,0.0,1.0,validated
bargaining,smtr_uniform,bargaining:11,0,receiver_3,syn-barg-011-a5,1.0,0.0,1.0,validated
bargaining,smtr_receiver,bargaining:11,0,receiver_1,syn-barg-011-a5,1.0,0.0,1.0,validated
bargaining,smtr_receiver,bargaining:11,0,receiver_2,syn-barg-011-a5,1.0,0.0,1.0,validated
bargaining,smtr_receiver,bargaining:11,0,receiver_3,syn-barg-011-a5,1.0,0.0,1.0,validated
bargaining,full_memory,bargaining:11,1,receiver_1,syn-barg-011-a1,1.0,1.0,0.0,injected_unvalidated
bargaining,full_memory,bargaining:11,1,receiver_1,syn-barg-011-a2,0.0,0.0,0.0,injected_unvalidated
bargaining,full_memory,bargaining:11,1,receiver_1,syn-barg-011-a3,1.0,0.0,1.0,validated
bargaining,full_memory,bargaining:11,1,receiver_1,syn-barg-011-a4,1.0,0.0,1.0,validated
bargaining,full_memory,bargaining:11,1,receiver_1,syn-barg-011-a5,0.0,0.0,0.0,injected_unvalidated
bargaining,full_memory,bargaining:11,1,receiver_1,syn-barg-011-a6,1.0,1.0,0.0,injected_unvalidated
bargaining,full_memory,bargaining:11,1,receiver_2,syn-barg-011-a1,1.0,1.0,0.0,injected_unvalidated
bargaining,full_memory,bargaining:11,1,receiver_2,syn-barg-011-a2,0.0,0.0,0.0,injected_unvalidated
bargaining,full_memory,bargaining:11,1,receiver_2,syn-barg-011-a3,1.0,0.0,1.0,validated
bargaining,full_memory,bargaining:11,1,receiver_2,syn-barg-011-a4,1.0,0.0,1.0,validated
bargaining,full_memory,bargaining:11,1,receiver_2,syn-barg-011-a5,0.0,0.0,0.0,injected_unvalidated
bargaining,full_memory,bargaining:11,1,receiver_2,syn-barg-011-a6,1.0,1.0,0.0,injected_unvalidated
bargaining,full_memory,bargaining:11,1,receiver_3,syn-barg-011-a1,1.0,1.0,0.0,injected_unvalidated
bargaining,full_memory,bargaining:11,1,receiver_3,syn-barg-011-a2,0.0,0.0,0.0,injected_unvalidated
bargaining,full_memory,bargaining:11,1,receiver_3,syn-barg-011-a3,1.0,0.0,1.0,validated
bargaining,full_memory,bargaining:11,1,receiver_3,syn-barg-011-a4,1.0,0.0,1.0,validated
bargaining,full_memory,bargaining:11,1,receiver_3,syn-barg-011-a5,0.0,1.0,-1.0,injected_unvalidated
bargaining,full_memory,bargaining:11,1,receiver_3,syn-barg-011-a6,1.0,1.0,0.0,injected_unvalidated
bargaining,retrieval,bargaining:11,1,receiver_1,syn-barg-011-a1,1.0,1.0,0.0,injected_unvalidated
bargaining,retrieval,bargaining:11,1,receiver_1,syn-barg-011-a2,0.0,0.0,0.0,injected_unvalidated
bargaining,retrieval,bargaining:11,1,receiver_1,syn-barg-011-a3,1.0,0.0,1.0,validated
bargaining,retrieval,bargaining:11,1,receiver_2,syn-barg-011-a1,1.0,1.0,0.0,injected_unvalidated
bargaining,retrieval,bargaining:11,1,receiver_2,syn-barg-011-a2,0.0,0.0,0.0,injected_unvalidated
bargaining,retrieval,bargaining:11,1,receiver_2,syn-barg-011-a3,1.0,0.0,1.0,validated
bargaining,retrieval,bargaining:11,1,receiver_3,syn-barg-011-a1,1.0,1.0,0.0,injected_unvalidated
bargaining,retrieval,bargaining:11,1,receiver_3,syn-barg-011-a2,0.0,0.0,0.0,injected_unvalidated
bargaining,retrieval,bargaining:11,1,receiver_3,syn-barg-011-a3,1.0,0.0,1.0,validated
bargaining,smtr_uniform,bargaining:11,1,receiver_1,syn-barg-011-a4,1.0,0.0,1.0,validated
bargaining,smtr_uniform,bargaining:11,1,receiver_1,syn-barg-011-a3,1.0,0.0,1.0,validated
bargaining,smtr_uniform,bargaining:11,1,receiver_2,syn-barg-011-a4,1.0,0.0,1.0,validated
bargaining,smtr_uniform,bargaining:11,1,receiver_2,syn-barg-011-a3,1.0,0.0,1.0,validated
bargaining,smtr_uniform,bargaining:11,1,receiver_3,syn-barg-011-a4,1.0,0.0,1.0,validated
bargaining,smtr_uniform,bargaining:11,1,receiver_3,syn-barg-011-a3,1.0,0.0,1.0,validated
bargaining,smtr_receiver,bargaining:11,1,receiver_1,syn-barg-011-a4,1.0,0.0,1.0,validated
bargaining,smtr_receiver,bargaining:11,1,receiver_1,syn-barg-011-a3,1.0,0.0,1.0,validated
bargaining,smtr_receiver,bargaining:11,1,receiver_2,syn-barg-011-a4,1.0,0.0,1.0,validated
bargaining,smtr_receiver,bargaining:11,1,receiver_2,syn-barg-011-a3,1.0,0.0,1.0,validated
bargaining,smtr_receiver,bargaining:11,1,receiver_3,syn-barg-011-a4,1.0,0.0,1.0,validated
bargaining,smtr_receiver,bargaining:11,1,receiver_3,syn-barg-011-a3,1.0,0.0,1.0,validated
bargaining,full_memory,bargaining:11,2,receiver_1,syn-barg-011-a1,0.0,0.0,0.0,injected_unvalidated
bargaining,full_memory,bargaining:11,2,receiver_1,syn-barg-011-a2,0.0,0.0,0.0,injected_unvalidated
bargaining,full_memory,bargaining:11,2,receiver_1,syn-barg-011-a3,0.0,1.0,-1.0,injected_unvalidated
bargaining,full_memory,bargaining:11,2,receiver_1,syn-barg-011-a4,0.0,0.0,0.0,injected_unvalidated
bargaining,full_memory,bargaining:11,2,receiver_1,syn-barg-011-a5,0.0,0.0,0.0,injected_unvalidated
bargaining,full_memory,bargaining:11,2,receiver_1,syn-barg-011-a6,1.0,1.0,0.0,injected_unvalidated
bargaining,full_memory,bargaining:11,2,receiver_2,syn-barg-011-a1,0.0,0.0,0.0,injected_unvalidated
bargaining,full_memory,bargaining:11,2,receiver_2,syn-barg-011-a2,0.0,0.0,0.0,injected_unvalidated
bargaining,full_memory,bargaining:11,2,receiver_2,syn-barg-011-a3,0.0,1.0,-1.0,injected_unvalidated
bargaining,full_memory,bargaining:11,2,receiver_2,syn-barg-011-a4,0.0,0.0,0.0,injected_unvalidated
bargaining,full_memory,bargaining:11,2,receiver_2,syn-barg-011-a5,0.0,0.0,0.0,injected_unvalidated
bargaining,full_memory,bargaining:11,2,receiver_2,syn-barg-011-a6,1.0,1.0,0.0,injected_unvalidated
bargaining,full_memory,bargaining:11,2,receiver_3,syn-barg-011-a1,0.0,0.0,0.0,injected_unvalidated
bargaining,full_memory,bargaining:11,2,receiver_3,syn-barg-011-a2,0.0,0.0,0.0,injected_unvalidated
bargaining,full_memory,bargaining:11,2,receiver_3,syn-barg-011-a3,0.0,1.0,-1.0,injected_unvalidated
bargaining,full_memory,bargaining:11,2,receiver_3,syn-barg-011-a4,0.0,0.0,0.0,injected_unvalidated
bargaining,full_memory,bargaining:11,2,receiver_3,syn-barg-011-a5,0.0,1.0,-1.0,injected_unvalidated
bargaining,full_memory,bargaining:11,2,receiver_3,syn-barg-011-a6,1.0,1.0,0.0,injected_unvalidated
bargaining,retrieval,bargaining:11,2,receiver_1,syn-barg-011-a1,0.0,0.0,0.0,injected_unvalidated
bargaining,retrieval,bargaining:11,2,receiver_1,syn-barg-011-a2,0.0,0.0,0.0,injected_unvalidated
bargaining,retrieval,bargaining:11,2,receiver_1,syn-barg-011-a3,0.0,1.0,-1.0,injected_unvalidated
bargaining,retrieval,bargaining:11,2,receiver_2,syn-barg-011-a1,0.0,0.0,0.0,injected_unvalidated
bargaining,retrieval,bargaining:11,2,receiver_2,syn-barg-011-a2,0.0,0.0,0.0,injected_unvalidated
bargaining,retrieval,bargaining:11,2,receiver_2,syn-barg-011-a3,0.0,1.0,-1.0,injected_unvalidated
bargaining,retrieval,bargaining:11,2,receiver_3,syn-barg-011-a1,0.0,0.0,0.0,injected_unvalidated
bargaining,retrieval,bargaining:11,2,receiver_3,syn-barg-011-a2,0.0,0.0,0.0,injected_unvalidated
bargaining,retrieval,bargaining:11,2,receiver_3,syn-barg-011-a3,0.0,1.0,-1.0,injected_unvalidated
bargaining,full_memory,bargaining:12,0,receiver_1,syn-barg-012-a1,0.0,0.0,0.0,injected_unvalidated
bargaining,full_memory,bargaining:12,0,receiver_1,syn-barg-012-a2,0.0,0.0,0.0,injected_unvalidated
bargaining,full_memory,bargaining:12,0,receiver_1,syn-barg-012-a3,0.0,0.0,0.0,injected_unvalidated
bargaining,full_memory,bargaining:12,0,receiver_1,syn-barg-012-a4,0.0,0.0,0.0,injected_unvalidated
bargaining,full_memory,bargaining:12,0,receiver_1,syn-barg-012-a5,1.0,0.0,1.0,validated
bargaining,full_memory,bargaining:12,0,receiver_1,syn-barg-012-a6,0.0,0.0,0.0,injected_unvalidated
bargaining,full_memory,bargaining:12,0,receiver_2,syn-barg-012-a1,0.0,0.0,0.0,injected_unvalidated
bargaining,full_memory,bargaining:12,0,receiver_2,syn-barg-012-a2,1.0,0.0,1.0,validated
bargaining,full_memory,bargaining:12,0,receiver_2,syn-barg-012-a3,0.0,0.0,0.0,injected_unvalidated
bargaining,full_memory,bargaining:12,0,receiver_2,syn-barg-012-a4,0.0,0.0,0.0,injected_unvalidated
bargaining,full_memory,bargaining:12,0,receiver_2,syn-barg-012-a5,1.0,0.0,1.0,validated
bargaining,full_memory,bargaining:12,0,receiver_2,syn-barg-012-a6,1.0,0.0,1.0,validated
bargaining,full_memory,bargaining:12,0,receiver_3,syn-barg-012-a1,0.0,0.0,0.0,injected_unvalidated
bargaining,full_memory,bargaining:12,0,receiver_3,syn-barg-012-a2,0.0,0.0,0.0,injected_unvalidated
bargaining,full_memory,bargaining:12,0,receiver_3,syn-barg-012-a3,0.0,1.0,-1.0,injected_unvalidated
bargaining,full_memory,bargaining:12,0,receiver_3,syn-barg-012-a4,0.0,0.0,0.0,injected_unvalidated
bargaining,full_memory,bargaining:12,0,receiver_3,syn-barg-012-a5,1.0,0.0,1.0,validated
bargaining,full_memory,bargaining:12,0,receiver_3,syn-barg-012-a6,0.0,0.0,0.0,injected_unvalidated
bargaining,retrieval,bargaining:12,0,receiver_1,syn-barg-012-a1,0.0,0.0,0.0,injected_unvalidated
bargaining,retrieval,bargaining:12,0,receiver_1,syn-barg-012-a2,0.0,0.0,0.0,injected_unvalidated
bargaining,retrieval,bargaining:12,0,receiver_1,syn-barg-012-a3,0.0,0.0,0.0,injected_unvalidated
bargaining,retrieval,bargaining:12,0,receiver_2,syn-barg-012-a1,0.0,0.0,0.0,injected_unvalidated
bargaining,retrieval,bargaining:12,0,receiver_2,syn-barg-012-a2,1.0,0.0,1.0,validated
bargaining,retrieval,bargaining:12,0,receiver_2,syn-barg-012-a3,0.0,0.0,0.0,injected_unvalidated
bargaining,retrieval,bargaining:12,0,receiver_3,syn-barg-012-a1,0.0,0.0,0.0,injected_unvalidated
bargaining,retrieval,bargaining:12,0,receiver_3,syn-barg-012-a2,0.0,0.0,0.0,injected_unvalidated
bargaining,retrieval,bargaining:12,0,receiver_3,syn-barg-012-a3,0.0,1.0,-1.0,injected_unvalidated
bargaining,smtr_uniform,bargaining:12,0,receiver_1,syn-barg-012-a5,1.0,0.0,1.0,validated
bargaining,smtr_uniform,bargaining:12,0,receiver_1,syn-barg-012-a6,0.0,0.0,0.0,injected_unvalidated
bargaining,smtr_uniform,bargaining:12,0,receiver_1,syn-barg-012-a2,0.0,0.0,0.0,injected_unvalidated
bargaining,smtr_uniform,bargaining:12,0,receiver_2,syn-barg-012-a5,1.0,0.0,1.0,validated
bargaining,smtr_uniform,bargaining:12,0,receiver_2,syn-barg-012-a6,1.0,0.0,1.0,validated
bargaining,smtr_uniform,bargaining:12,0,receiver_2,syn-barg-012-a2,1.0,0.0,1.0,validated
bargaining,smtr_uniform,bargaining:12,0,receiver_3,syn-barg-012-a5,1.0,0.0,1.0,validated
bargaining,smtr_uniform,bargaining:12,0,receiver_3,syn-barg-012-a6,0.0,0.0,0.0,injected_unvalidated
bargaining,smtr_uniform,bargaining:12,0,receiver_3,syn-barg-012-a2,0.0,0.0,0.0,injected_unvalidated
bargaining,smtr_receiver,bargaining:12,0,receiver_1,syn-barg-012-a5,1.0,0.0,1.0,validated
bargaining,smtr_receiver,bargaining:12,0,receiver_2,syn-barg-012-a6,1.0,0.0,1.0,validated
bargaining,smtr_receiver,bargaining:12,0,receiver_2,syn-barg-012-a5,1.0,0.0,1.0,validated
bargaining,smtr_receiver,bargaining:12,0,receiver_2,syn-barg-012-a2,1.0,0.0,1.0,validated
bargaining,smtr_receiver,bargaining:12,0,receiver_3,syn-barg-012-a5,1.0,0.0,1.0,validated
bargaining,full_memory,bargaining:12,1,receiver_1,syn-barg-012-a1,1.0,1.0,0.0,injected_unvalidated
bargaining,full_memory,bargaining:12,1,receiver_1,syn-barg-012-a2,0.0,0.0,0.0,injected_unvalidated
bargaining,full_memory,bargaining:12,1,receiver_1,syn-barg-012-a3,1.0,1.0,0.0,injected_unvalidated
bargaining,full_memory,bargaining:12,1,receiver_1,syn-barg-012-a4,0.0,0.0,0.0,injected_unvalidated
bargaining,full_memory,bargaining:12,1,receiver_1,syn-barg-012-a5,0.0,1.0,-1.0,injected_unvalidated
bargaining,full_memory,bargaining:12,1,receiver_1,syn-barg-012-a6,0.0,0.0,0.0,injected_unvalidated
bargaining,full_memory,bargaining:12,1,receiver_2,syn-barg-012-a1,1.0,1.0,0.0,injected_unvalidated
bargaining,full_memory,bargaining:12,1,receiver_2,syn-barg-012-a2,1.0,0.0,1.0,validated
bargaining,full_memory,bargaining:12,1,receiver_2,syn-barg-012-a3,1.0,1.0,0.0,injected_unvalidated
bargaining,full_memory,bargaining:12,1,receiver_2,syn-barg-012-a4,0.0,0.0,0.0,injected_unvalidated
bargaining,full_memory,bargaining:12,1,receiver_2,syn-barg-012-a5,0.0,1.0,-1.0,injected_unvalidated
bargaining,full_memory,bargaining:12,1,receiver_2,syn-barg-012-a6,1.0,0.0,1.0,validated
bargaining,full_memory,bargaining:12,1,receiver_3,syn-barg-012-a1,1.0,1.0,0.0,injected_unvalidated
bargaining,full_memory,bargaining:12,1,receiver_3,syn-barg-012-a2,0.0,0.0,0.0,injected_unvalidated
bargaining,full_memory,bargaining:12,1,receiver_3,syn-barg-012-a3,0.0,1.0,-1.0,injected_unvalidated
bargaining,full_memory,bargaining:12,1,receiver_3,syn-barg-012-a4,0.0,0.0,0.0,injected_unvalidated
bargaining,full_memory,bargaining:12,1,receiver_3,syn-barg-012-a5,0.0,1.0,-1.0,injected_unvalidated
bargaining,full_memory,bargaining:12,1,receiver_3,syn-barg-012-a6,0.0,0.0,0.0,injected_unvalidated
bargaining,retrieval,bargaining:12,1,receiver_1,syn-barg-012-a1,1.0,1.0,0.0,injected_unvalidated
bargaining,retrieval,bargaining:12,1,receiver_1,syn-barg-012-a2,0.0,0.0,0.0,injected_unvalidated
bargaining,retrieval,bargaining:12,1,receiver_1,syn-barg-012-a3,1.0,1.0,0.0,injected_unvalidated
bargaining,retrieval,bargaining:12,1,receiver_2,syn-barg-012-a1,1.0,1.0,0.0,injected_unvalidated
bargaining,retrieval,bargaining:12,1,receiver_2,syn-barg-012-a2,1.0,0.0,1.0,validated
bargaining,retrieval,bargaining:12,1,receiver_2,syn-barg-012-a3,1.0,1.0,0.0,injected_unvalidated
bargaining,retrieval,bargaining:12,1,receiver_3,syn-barg-012-a1,1.0,1.0,0.0,injected_unvalidated
bargaining,retrieval,bargaining:12,1,receiver_3,syn-barg-012-a2,0.0,0.0,0.0,injected_unvalidated
bargaining,retrieval,bargaining:12,1,receiver_3,syn-barg-012-a3,0.0,1.0,-1.0,injected_unvalidated
bargaining,smtr_uniform,bargaining:12,1,receiver_1,syn-barg-012-a6,0.0,0.0,0.0,injected_unvalidated
bargaining,smtr_uniform,bargaining:12,1,receiver_1,syn-barg-012-a2,0.0,0.0,0.0,injected_unvalidated
bargaining,smtr_uniform,bargaining:12,1,receiver_2,syn-barg-012-a6,1.0,0.0,1.0,validated
bargaining,smtr_uniform,bargaining:12,1,receiver_2,syn-barg-012-a2,1.0,0.0,1.0,validated
bargaining,smtr_uniform,bargaining:12,1,receiver_3,syn-barg-012-a6,0.0,0.0,0.0,injected_unvalidated
bargaining,smtr_uniform,bargaining:12,1,receiver_3,syn-barg-012-a2,0.0,0.0,0.0,injected_unvalidated
bargaining,smtr_receiver,bargaining:12,1,receiver_2,syn-barg-012-a6,1.0,0.0,1.0,validated
bargaining,smtr_receiver,bargaining:12,1,receiver_2,syn-barg-012-a2,1.0,0.0,1.0,validated
bargaining,full_memory,bargaining:12,2,receiver_1,syn-barg-012-a1,0.0,0.0,0.0,injected_unvalidated
bargaining,full_memory,bargaining:12,2,receiver_1,syn-barg-012-a2,1.0,1.0,0.0,injected_unvalidated
bargaining,full_memory,bargaining:12,2,receiver_1,syn-barg-012-a3,0.0,0.0,0.0,injected_unvalidated
bargaining,full_memory,bargaining:12,2,receiver_1,syn-barg-012-a4,0.0,0.0,0.0,injected_unvalidated
bargaining,full_memory,bargaining:12,2,receiver_1,syn-barg-012-a5,0.0,0.0,0.0,injected_unvalidated
bargaining,full_memory,bargaining:12,2,receiver_1,syn-barg-012-a6,0.0,1.0,-1.0,injected_unvalidated
bargaining,full_memory,bargaining:12,2,receiver_2,syn-barg-012-a1,0.0,0.0,0.0,injected_unvalidated
bargaining,full_memory,bargaining:12,2,receiver_2,syn-barg-012-a2,1.0,1.0,0.0,injected_unvalidated
bargaining,full_memory,bargaining:12,2,receiver_2,syn-barg-012-a3,0.0,0.0,0.0,injected_unvalidated
bargaining,full_memory,bargaining:12,2,receiver_2,syn-barg-012-a4,0.0,0.0,0.0,injected_unvalidated
bargaining,full_memory,bargaining:12,2,receiver_2,syn-barg-012-a5,0.0,1.0,-1.0,injected_unvalidated
bargaining,full_memory,bargaining:12,2,receiver_2,syn-barg-012-a6,1.0,1.0,0.0,injected_unvalidated
bargaining,full_memory,bargaining:12,2,receiver_3,syn-barg-012-a1,0.0,0.0,0.0,injected_unvalidated
bargaining,full_memory,bargaining:12,2,receiver_3,syn-barg-012-a2,1.0,1.0,0.0,injected_unvalidated
bargaining,full_memory,bargaining:12,2,receiver_3,syn-barg-012-a3,0.0,0.0,0.0,injected_unvalidated
bargaining,full_memory,bargaining:12,2,receiver_3,syn-barg-012-a4,0.0,0.0,0.0,injected_unvalidated
bargaining,full_memory,bargaining:12,2,receiver_3,syn-barg-012-a5,0.0,0.0,0.0,injected_unvalidated
bargaining,full_memory,bargaining:12,2,receiver_3,syn-barg-012-a6,0.0,1.0,-1.0,injected_unvalidated
bargaining,retrieval,bargaining:12,2,receiver_1,syn-barg-012-a1,0.0,0.0,0.0,injected_unvalidated
bargaining,retrieval,bargaining:12,2,receiver_1,syn-barg-012-a2,1.0,1.0,0.0,injected_unvalidated
bargaining,retrieval,bargaining:12,2,receiver_1,syn-barg-012-a3,0.0,0.0,0.0,injected_unvalidated
bargaining,retrieval,bargaining:12,2,receiver_2,syn-barg-012-a1,0.0,0.0,0.0,injected_unvalidated
bargaining,retrieval,bargaining:12,2,receiver_2,syn-barg-012-a2,1.0,1.0,0.0,injected_unvalidated
bargaining,retrieval,bargaining:12,2,receiver_2,syn-barg-012-a3,0.0,0.0,0.0,injected_unvalidated
bargaining,retrieval,bargaining:12,2,receiver_3,syn-barg-012-a1,0.0,0.0,0.0,injected_unvalidated
bargaining,retrieval,bargaining:12,2,receiver_3,syn-barg-012-a2,1.0,1.0,0.0,injected_unvalidated
bargaining,retrieval,bargaining:12,2,receiver_3,syn-barg-012-a3,0.0,0.0,0.0,injected_unvalidated
bargaining,full_memory,bargaining:15,0,receiver_1,syn-barg-015-a1,0.0,1.0,-1.0,injected_unvalidated
bargaining,full_memory,bargaining:15,0,receiver_1,syn-barg-015-a2,0.0,0.0,0.0,injected_unvalidated
bargaining,full_memory,bargaining:15,0,receiver_1,syn-barg-015-a3,1.0,1.0,0.0,injected_unvalidated
bargaining,full_memory,bargaining:15,0,receiver_1,syn-barg-015-a4,0.0,0.0,0.0,injected_unvalidated
bargaining,full_memory,bargaining:15,0,receiver_1,syn-barg-015-a5,1.0,0.0,1.0,validated
bargaining,full_memory,bargaining:15,0,receiver_1,syn-barg-015-a6,0.0,0.0,0.0,injected_unvalidated
bargaining,full_memory,bargaining:15,0,receiver_2,syn-barg-015-a1,0.0,1.0,-1.0,injected_unvalidated
bargaining,full_memory,bargaining:15,0,receiver_2,syn-barg-015-a2,1.0,0.0,1.0,validated
bargaining,full_memory,bargaining:15,0,receiver_2,syn-barg-015-a3,1.0,1.0,0.0,injected_unvalidated
bargaining,full_memory,bargaining:15,0,receiver_2,syn-barg-015-a4,0.0,0.0,0.0,injected_unvalidated
bargaining,full_memory,bargaining:15,0,receiver_2,syn-barg-015-a5,1.0,0.0,1.0,validated
bargaining,full_memory,bargaining:15,0,receiver_2,syn-barg-015-a6,0.0,0.0,0.0,injected_unvalidated
bargaining,full_memory,bargaining:15,0,receiver_3,syn-barg-015-a1,0.0,1.0,-1.0,injected_unvalidated
bargaining,full_memory,bargaining:15,0,receiver_3,syn-barg-015-a2,0.0,0.0,0.0,injected_unvalidated
bargaining,full_memory,bargaining:15,0,receiver_3,syn-barg-015-a3,1.0,1.0,0.0,injected_unvalidated
bargaining,full_memory,bargaining:15,0,receiver_3,syn-barg-015-a4,0.0,1.0,-1.0,injected_unvalidated
bargaining,full_memory,bargaining:15,0,receiver_3,syn-barg-015-a5,1.0,0.0,1.0,validated
bargaining,full_memory,bargaining:15,0,receiver_3,syn-barg-015-a6,1.0,0.0,1.0,validated
bargaining,retrieval,bargaining:15,0,receiver_1,syn-barg-015-a1,0.0,1.0,-1.0,injected_unvalidated
bargaining,retrieval,bargaining:15,0,receiver_1,syn-barg-015-a2,0.0,0.0,0.0,injected_unvalidated
bargaining,retrieval,bargaining:15,0,receiver_1,syn-barg-015-a3,1.0,1.0,0.0,injected_unvalidated
bargaining,retrieval,bargaining:15,0,receiver_2,syn-barg-015-a1,0.0,1.0,-1.0,injected_unvalidated
bargaining,retrieval,bargaining:15,0,receiver_2,syn-barg-015-a2,1.0,0.0,1.0,validated
bargaining,retrieval,bargaining:15,0,receiver_2,syn-barg-015-a3,1.0,1.0,0.0,injected_unvalidated
bargaining,retrieval,bargaining:15,0,receiver_3,syn-barg-015-a1,0.0,1.0,-1.0,injected_unvalidated
bargaining,retrieval,bargaining:15,0,receiver_3,syn-barg-015-a2,0.0,0.0,0.0,injected_unvalidated
bargaining,retrieval,bargaining:15,0,receiver_3,syn-barg-015-a3,1.0,1.0,0.0,injected_unvalidated
bargaining,smtr_uniform,bargaining:15,0,receiver_1,syn-barg-015-a5,1.0,0.0,1.0,validated
bargaining,smtr_uniform,bargaining:15,0,receiver_1,syn-barg-015-a6,0.0,0.0,0.0,injected_unvalidated
bargaining,smtr_uniform,bargaining:15,0,receiver_1,syn-barg-015-a2,0.0,0.0,0.0,injected_unvalidated
bargaining,smtr_uniform,bargaining:15,0,receiver_2,syn-barg-015-a5,1.0,0.0,1.0,validated
bargaining,smtr_uniform,bargaining:15,0,receiver_2,syn-barg-015-a6,0.0,0.0,0.0,injected_unvalidated
bargaining,smtr_uniform,bargaining:15,0,receiver_2,syn-barg-015-a2,1.0,0.0,1.0,validated
bargaining,smtr_uniform,bargaining:15,0,receiver_3,syn-barg-015-a5,1.0,0.0,1.0,validated
bargaining,smtr_uniform,bargaining:15,0,receiver_3,syn-barg-015-a6,1.0,0.0,1.0,validated
bargaining,smtr_uniform,bargaining:15,0,receiver_3,syn-barg-015-a2,0.0,0.0,0.0,injected_unvalidated
bargaining,smtr_receiver,bargaining:15,0,receiver_1,syn-barg-015-a5,1.0,0.0,1.0,validated
bargaining,smtr_receiver,bargaining:15,0,receiver_2,syn-barg-015-a5,1.0,0.0,1.0,validated
bargaining,smtr_receiver,bargaining:15,0,receiver_2,syn-barg-015-a2,1.0,0.0,1.0,validated
bargaining,smtr_receiver,bargaining:15,0,receiver_3,syn-barg-015-a6,1.0,0.0,1.0,validated
bargaining,smtr_receiver,bargaining:15,0,receiver_3,syn-barg-015-a5,1.0,0.0,1.0,validated
bargaining,full_memory,bargaining:15,1,receiver_1,syn-barg-015-a1,0.0,0.0,0.0,injected_unvalidated
bargaining,full_memory,bargaining:15,1,receiver_1,syn-barg-015-a2,1.0,0.0,1.0,validated
bargaining,full_memory,bargaining:15,1,receiver_1,syn-barg-015-a3,1.0,0.0,1.0,validated
bargaining,full_memory,bargaining:15,1,receiver_1,syn-barg-015-a4,0.0,0.0,0.0,injected_unvalidated
bargaining,full_memory,bargaining:15,1,receiver_1,syn-barg-015-a5,0.0,1.0,-1.0,injected_unvalidated
bargaining,full_memory,bargaining:15,1,receiver_1,syn-barg-015-a6,1.0,0.0,1.0,validated
bargaining,full_memory,bargaining:15,1,receiver_2,syn-barg-015-a1,0.0,0.0,0.0,injected_unvalidated
bargaining,full_memory,bargaining:15,1,receiver_2,syn-barg-015-a2,0.0,0.0,0.0,injected_unvalidated
bargaining,full_memory,bargaining:15,1,receiver_2,syn-barg-015-a3,1.0,0.0,1.0,validated
bargaining,full_memory,bargaining:15,1,receiver_2,syn-barg-015-a4,0.0,0.0,0.0,injected_unvalidated
bargaining,full_memory,bargaining:15,1,receiver_2,syn-barg-015-a5,0.0,1.0,-1.0,injected_unvalidated
bargaining,full_memory,bargaining:15,1,receiver_2,syn-barg-015-a6,1.0,0.0,1.0,validated
bargaining,full_memory,bargaining:15,1,receiver_3,syn-barg-015-a1,0.0,0.0,0.0,injected_unvalidated
bargaining,full_memory,bargaining:15,1,receiver_3,syn-barg-015-a2,1.0,0.0,1.0,validated
bargaining,full_memory,bargaining:15,1,receiver_3,syn-barg-015-a3,1.0,0.0,1.0,validated
bargaining,full_memory,bargaining:15,1,receiver_3,syn-barg-015-a4,0.0,1.0,-1.0,injected_unvalidated
bargaining,full_memory,bargaining:15,1,receiver_3,syn-barg-015-a5,0.0,1.0,-1.0,injected_unvalidated
bargaining,full_memory,bargaining:15,1,receiver_3,syn-barg-015-a6,1.0,0.0,1.0,validated
bargaining,retrieval,bargaining:15,1,receiver_1,syn-barg-015-a1,0.0,0.0,0.0,injected_unvalidated
bargaining,retrieval,bargaining:15,1,receiver_1,syn-barg-015-a2,1.0,0.0,1.0,validated
bargaining,retrieval,bargaining:15,1,receiver_1,syn-barg-015-a3,1.0,0.0,1.0,validated
bargaining,retrieval,bargaining:15,1,receiver_2,syn-barg-015-a1,0.0,0.0,0.0,injected_unvalidated
bargaining,retrieval,bargaining:15,1,receiver_2,syn-barg-015-a2,0.0,0.0,0.0,injected_unvalidated
bargaining,retrieval,bargaining:15,1,receiver_2,syn-barg-015-a3,1.0,0.0,1.0,validated
bargaining,retrieval,bargaining:15,1,receiver_3,syn-barg-015-a1,0.0,0.0,0.0,injected_unvalidated
bargaining,retrieval,bargaining:15,1,receiver_3,syn-barg-015-a2,1.0,0.0,1.0,validated
bargaining,retrieval,bargaining:15,1,receiver_3,syn-barg-015-a3,1.0,0.0,1.0,validated
bargaining,smtr_uniform,bargaining:15,1,receiver_1,syn-barg-015-a6,1.0,0.0,1.0,validated
bargaining,smtr_uniform,bargaining:15,1,receiver_1,syn-barg-015-a3,1.0,0.0,1.0,validated
bargaining,smtr_uniform,bargaining:15,1,receiver_1,syn-barg-015-a2,1.0,0.0,1.0,validated
bargaining,smtr_uniform,bargaining:15,1,receiver_2,syn-barg-015-a6,1.0,0.0,1.0,validated
bargaining,smtr_uniform,bargaining:15,1,receiver_2,syn-barg-015-a3,1.0,0.0,1.0,validated
bargaining,smtr_uniform,bargaining:15,1,receiver_2,syn-barg-015-a2,0.0,0.0,0.0,injected_unvalidated
bargaining,smtr_uniform,bargaining:15,1,receiver_3,syn-barg-015-a6,1.0,0.0,1.0,validated
bargaining,smtr_uniform,bargaining:15,1,receiver_3,syn-barg-015-a3,1.0,0.0,1.0,validated
bargaining,smtr_uniform,bargaining:15,1,receiver_3,syn-barg-015-a2,1.0,0.0,1.0,validated
bargaining,smtr_receiver,bargaining:15,1,receiver_1,syn-barg-015-a6,1.0,0.0,1.0,validated
bargaining,smtr_receiver,bargaining:15,1,receiver_1,syn-barg-015-a3,1.0,0.0,1.0,validated
bargaining,smtr_receiver,bargaining:15,1,receiver_1,syn-barg-015-a2,1.0,0.0,1.0,validated
bargaining,smtr_receiver,bargaining:15,1,receiver_2,syn-barg-015-a6,1.0,0.0,1.0,validated
bargaining,smtr_receiver,bargaining:15,1,receiver_2,syn-barg-015-a3,1.0,0.0,1.0,validated
bargaining,smtr_receiver,bargaining:15,1,receiver_3,syn-barg-015-a6,1.0,0.0,1.0,validated
bargaining,smtr_receiver,bargaining:15,1,receiver_3,syn-barg-015-a3,1.0,0.0,1.0,validated
bargaining,smtr_receiver,bargaining:15,1,receiver_3,syn-barg-015-a2,1.0,0.0,1.0,validated
bargaining,full_memory,bargaining:15,2,receiver_1,syn-barg-015-a1,0.0,0.0,0.0,injected_unvalidated
bargaining,full_memory,bargaining:15,2,receiver_1,syn-barg-015-a2,1.0,0.0,1.0,validated
bargaining,full_memory,bargaining:15,2,receiver_1,syn-barg-015-a3,1.0,0.0,1.0,validated
bargaining,full_memory,bargaining:15,2,receiver_1,syn-barg-015-a4,1.0,1.0,0.0,injected_unvalidated
bargaining,full_memory,bargaining:15,2,receiver_1,syn-barg-015-a5,0.0,0.0,0.0,injected_unvalidated
bargaining,full_memory,bargaining:15,2,receiver_1,syn-barg-015-a6,0.0,1.0,-1.0,injected_unvalidated
bargaining,full_memory,bargaining:15,2,receiver_2,syn-barg-015-a1,0.0,0.0,0.0,injected_unvalidated
bargaining,full_memory,bargaining:15,2,receiver_2,syn-barg-015-a2,0.0,0.0,0.0,injected_unvalidated
bargaining,full_memory,bargaining:15,2,receiver_2,syn-barg-015-a3,1.0,0.0,1.0,validated
bargaining,full_memory,bargaining:15,2,receiver_2,syn-barg-015-a4,1.0,1.0,0.0,injected_unvalidated
bargaining,full_memory,bargaining:15,2,receiver_2,syn-barg-015-a5,0.0,0.0,0.0,injected_unvalidated
bargaining,full_memory,bargaining:15,2,receiver_2,syn-barg-015-a6,0.0,1.0,-1.0,injected_unvalidated
bargaining,full_memory,bargaining:15,2,receiver_3,syn-barg-015-a1,0.0,0.0,0.0,injected_unvalidated
bargaining,full_memory,bargaining:15,2,receiver_3,syn-barg-015-a2,1.0,0.0,1.0,validated
bargaining,full_memory,bargaining:15,2,receiver_3,syn-barg-015-a3,1.0,0.0,1.0,validated
bargaining,full_memory,bargaining:15,2,receiver_3,syn-barg-015-a4,0.0,1.0,-1.0,injected_unvalidated
bargaining,full_memory,bargaining:15,2,receiver_3,syn-barg-015-a5,0.0,0.0,0.0,injected_unvalidated
bargaining,full_memory,bargaining:15,2,receiver_3,syn-barg-015-a6,1.0,1.0,0.0,injected_unvalidated
bargaining,retrieval,bargaining:15,2,receiver_1,syn-barg-015-a1,0.0,0.0,0.0,injected_unvalidated
bargaining,retrieval,bargaining:15,2,receiver_1,syn-barg-015-a2,1.0,0.0,1.0,validated
bargaining,retrieval,bargaining:15,2,receiver_1,syn-barg-015-a3,1.0,0.0,1.0,validated
bargaining,retrieval,bargaining:15,2,receiver_2,syn-barg-015-a1,0.0,0.0,0.0,injected_unvalidated
bargaining,retrieval,bargaining:15,2,receiver_2,syn-barg-015-a2,0.0,0.0,0.0,injected_unvalidated
bargaining,retrieval,bargaining:15,2,receiver_2,syn-barg-015-a3,1.0,0.0,1.0,validated
bargaining,retrieval,bargaining:15,2,receiver_3,syn-barg-015-a1,0.0,0.0,0.0,injected_unvalidated
bargaining,retrieval,bargaining:15,2,receiver_3,syn-barg-015-a2,1.0,0.0,1.0,validated
bargaining,retrieval,bargaining:15,2,receiver_3,syn-barg-015-a3,1.0,0.0,1.0,validated
bargaining,smtr_uniform,bargaining:15,2,receiver_1,syn-barg-015-a3,1.0,0.0,1.0,validated
bargaining,smtr_uniform,bargaining:15,2,receiver_1,syn-barg-015-a2,1.0,0.0,1.0,validated
bargaining,smtr_uniform,bargaining:15,2,receiver_2,syn-barg-015-a3,1.0,0.0,1.0,validated
bargaining,smtr_uniform,bargaining:15,2,receiver_2,syn-barg-015-a2,0.0,0.0,0.0,injected_unvalidated
bargaining,smtr_uniform,bargaining:15,2,receiver_3,syn-barg-015-a3,1.0,0.0,1.0,validated
bargaining,smtr_uniform,bargaining:15,2,receiver_3,syn-barg-015-a2,1.0,0.0,1.0,validated
bargaining,smtr_receiver,bargaining:15,2,receiver_1,syn-barg-015-a3,1.0,0.0,1.0,validated
bargaining,smtr_receiver,bargaining:15,2,receiver_1,syn-barg-015-a2,1.0,0.0,1.0,validated
bargaining,smtr_receiver,bargaining:15,2,receiver_2,syn-barg-015-a3,1.0,0.0,1.0,validated
bargaining,smtr_receiver,bargaining:15,2,receiver_3,syn-barg-015-a3,1.0,0.0,1.0,validated
bargaining,smtr_receiver,bargaining:15,2,receiver_3,syn-barg-015-a2,1.0,0.0,1.0,validated
bargaining,full_memory,bargaining:16,0,receiver_1,syn-barg-016-a1,1.0,1.0,0.0,injected_unvalidated
bargaining,full_memory,bargaining:16,0,receiver_1,syn-barg-016-a2,1.0,1.0,0.0,injected_unvalidated
bargaining,full_memory,bargaining:16,0,receiver_1,syn-barg-016-a3,0.0,1.0,-1.0,injected_unvalidated
bargaining,full_memory,bargaining:16,0,receiver_1,syn-barg-016-a4,1.0,1.0,0.0,injected_unvalidated
bargaining,full_memory,bargaining:16,0,receiver_1,syn-barg-016-a5,0.0,0.0,0.0,injected_unvalidated
bargaining,full_memory,bargaining:16,0,receiver_1,syn-barg-016-a6,1.0,1.0,0.0,injected_unvalidated
bargaining,full_memory,bargaining:16,0,receiver_2,syn-barg-016-a1,1.0,1.0,0.0,injected_unvalidated
bargaining,full_memory,bargaining:16,0,receiver_2,syn-barg-016-a2,1.0,1.0,0.0,injected_unvalidated
bargaining,full_memory,bargaining:16,0,receiver_2,syn-barg-016-a3,1.0,1.0,0.0,injected_unvalidated
bargaining,full_memory,bargaining:16,0,receiver_2,syn-barg-016-a4,1.0,1.0,0.0,injected_unvalidated
bargaining,full_memory,bargaining:16,0,receiver_2,syn-barg-016-a5,0.0,0.0,0.0,injected_unvalidated
bargaining,full_memory,bargaining:16,0,receiver_2,syn-barg-016-a6,1.0,1.0,0.0,injected_unvalidated
bargaining,full_memory,bargaining:16,0,receiver_3,syn-barg-016-a1,1.0,1.0,0.0,injected_unvalidated
bargaining,full_memory,bargaining:16,0,receiver_3,syn-barg-016-a2,1.0,1.0,0.0,injected_unvalidated
bargaining,full_memory,bargaining:16,0,receiver_3,syn-barg-016-a3,0.0,1.0,-1.0,injected_unvalidated
bargaining,full_memory,bargaining:16,0,receiver_3,syn-barg-016-a4,1.0,1.0,0.0,injected_unvalidated
bargaining,full_memory,bargaining:16,0,receiver_3,syn-barg-016-a5,0.0,0.0,0.0,injected_unvalidated
bargaining,full_memory,bargaining:16,0,receiver_3,syn-barg-016-a6,1.0,1.0,0.0,injected_unvalidated
bargaining,retrieval,bargaining:16,0,receiver_1,syn-barg-016-a1,1.0,1.0,0.0,injected_unvalidated
bargaining,retrieval,bargaining:16,0,receiver_1,syn-barg-016-a2,1.0,1.0,0.0,injected_unvalidated
bargaining,retrieval,bargaining:16,0,receiver_1,syn-barg-016-a3,0.0,1.0,-1.0,injected_unvalidated
bargaining,retrieval,bargaining:16,0,receiver_2,syn-barg-016-a1,1.0,1.0,0.0,injected_unvalidated
bargaining,retrieval,bargaining:16,0,receiver_2,syn-barg-016-a2,1.0,1.0,0.0,injected_unvalidated
bargaining,retrieval,bargaining:16,0,receiver_2,syn-barg-016-a3,1.0,1.0,0.0,injected_unvalidated
bargaining,retrieval,bargaining:16,0,receiver_3,syn-barg-016-a1,1.0,1.0,0.0,injected_unvalidated
bargaining,retrieval,bargaining:16,0,receiver_3,syn-barg-016-a2,1.0,1.0,0.0,injected_unvalidated
bargaining,retrieval,bargaining:16,0,receiver_3,syn-barg-016-a3,0.0,1.0,-1.0,injected_unvalidated
bargaining,full_memory,bargaining:16,1,receiver_1,syn-barg-016-a1,1.0,1.0,0.0,injected_unvalidated
bargaining,full_memory,bargaining:16,1,receiver_1,syn-barg-016-a2,0.0,0.0,0.0,injected_unvalidated
bargaining,full_memory,bargaining:16,1,receiver_1,syn-barg-016-a3,1.0,1.0,0.0,injected_unvalidated
bargaining,full_memory,bargaining:16,1,receiver_1,syn-barg-016-a4,1.0,1.0,0.0,injected_unvalidated
bargaining,full_memory,bargaining:16,1,receiver_1,syn-barg-016-a5,1.0,1.0,0.0,injected_unvalidated
bargaining,full_memory,bargaining:16,1,receiver_1,syn-barg-016-a6,0.0,0.0,0.0,injected_unvalidated
bargaining,full_memory,bargaining:16,1,receiver_2,syn-barg-016-a1,1.0,1.0,0.0,injected_unvalidated
bargaining,full_memory,bargaining:16,1,receiver_2,syn-barg-016-a2,0.0,0.0,0.0,injected_unvalidated
bargaining,full_memory,bargaining:16,1,receiver_2,syn-barg-016-a3,1.0,1.0,0.0,injected_unvalidated
bargaining,full_memory,bargaining:16,1,receiver_2,syn-barg-016-a4,1.0,1.0,0.0,injected_unvalidated
bargaining,full_memory,bargaining:16,1,receiver_2,syn-barg-016-a5,1.0,1.0,0.0,injected_unvalidated
bargaining,full_memory,bargaining:16,1,receiver_2,syn-barg-016-a6,0.0,0.0,0.0,injected_unvalidated
bargaining,full_memory,bargaining:16,1,receiver_3,syn-barg-016-a1,1.0,1.0,0.0,injected_unvalidated
bargaining,full_memory,bargaining:16,1,receiver_3,syn-barg-016-a2,0.0,0.0,0.0,injected_unvalidated
bargaining,full_memory,bargaining:16,1,receiver_3,syn-barg-016-a3,0.0,1.0,-1.0,injected_unvalidated
bargaining,full_memory,bargaining:16,1,receiver_3,syn-barg-016-a4,1.0,1.0,0.0,injected_unvalidated
bargaining,full_memory,bargaining:16,1,receiver_3,syn-barg-016-a5,1.0,1.0,0.0,injected_unvalidated
bargaining,full_memory,bargaining:16,1,receiver_3,syn-barg-016-a6,0.0,0.0,0.0,injected_unvalidated
bargaining,retrieval,bargaining:16,1,receiver_1,syn-barg-016-a1,1.0,1.0,0.0,injected_unvalidated
bargaining,retrieval,bargaining:16,1,receiver_1,syn-barg-016-a2,0.0,0.0,0.0,injected_unvalidated
bargaining,retrieval,bargaining:16,1,receiver_1,syn-barg-016-a3,1.0,1.0,0.0,injected_unvalidated
bargaining,retrieval,bargaining:16,1,receiver_2,syn-barg-016-a1,1.0,1.0,0.0,injected_unvalidated
bargaining,retrieval,bargaining:16,1,receiver_2,syn-barg-016-a2,0.0,0.0,0.0,injected_unvalidated
bargaining,retrieval,bargaining:16,1,receiver_2,syn-barg-016-a3,1.0,1.0,0.0,injected_unvalidated
bargaining,retrieval,bargaining:16,1,receiver_3,syn-barg-016-a1,1.0,1.0,0.0,injected_unvalidated
bargaining,retrieval,bargaining:16,1,receiver_3,syn-barg-016-a2,0.0,0.0,0.0,injected_unvalidated
bargaining,retrieval,bargaining:16,1,receiver_3,syn-barg-016-a3,0.0,1.0,-1.0,injected_unvalidated
bargaining,full_memory,bargaining:16,2,receiver_1,syn-barg-016-a1,1.0,0.0,1.0,validated
bargaining,full_memory,bargaining:16,2,receiver_1,syn-barg-016-a2,1.0,1.0,0.0,injected_unvalidated
bargaining,full_memory,bargaining:16,2,receiver_1,syn-barg-016-a3,0.0,0.0,0.0,injected_unvalidated
bargaining,full_memory,bargaining:16,2,receiver_1,syn-barg-016-a4,0.0,1.0,-1.0,injected_unvalidated
bargaining,full_memory,bargaining:16,2,receiver_1,syn-barg-016-a5,0.0,0.0,0.0,injected_unvalidated
bargaining,full_memory,bargaining:16,2,receiver_1,syn-barg-016-a6,0.0,0.0,0.0,injected_unvalidated
bargaining,full_memory,bargaining:16,2,receiver_2,syn-barg-016-a1,1.0,0.0,1.0,validated
bargaining,full_memory,bargaining:16,2,receiver_2,syn-barg-016-a2,1.0,1.0,0.0,injected_unvalidated
bargaining,full_memory,bargaining:16,2,receiver_2,syn-barg-016-a3,0.0,0.0,0.0,injected_unvalidated
bargaining,full_memory,bargaining:16,2,receiver_2,syn-barg-016-a4,0.0,1.0,-1.0,injected_unvalidated
bargaining,full_memory,bargaining:16,2,receiver_2,syn-barg-016-a5,0.0,0.0,0.0,injected_unvalidated
bargaining,full_memory,bargaining:16,2,receiver_2,syn-barg-016-a6,0.0,0.0,0.0,injected_unvalidated
bargaining,full_memory,bargaining:16,2,receiver_3,syn-barg-016-a1,0.0,0.0,0.0,injected_unvalidated
bargaining,full_memory,bargaining:16,2,receiver_3,syn-barg-016-a2,1.0,1.0,0.0,injected_unvalidated
bargaining,full_memory,bargaining:16,2,receiver_3,syn-barg-016-a3,0.0,1.0,-1.0,injected_unvalidated
bargaining,full_memory,bargaining:16,2,receiver_3,syn-barg-016-a4,0.0,1.0,-1.0,injected_unvalidated
bargaining,full_memory,bargaining:16,2,receiver_3,syn-barg-016-a5,0.0,0.0,0.0,injected_unvalidated
bargaining,full_memory,bargaining:16,2,receiver_3,syn-barg-016-a6,0.0,0.0,0.0,injected_unvalidated
bargaining,retrieval,bargaining:16,2,receiver_1,syn-barg-016-a1,1.0,0.0,1.0,validated
bargaining,retrieval,bargaining:16,2,receiver_1,syn-barg-016-a2,1.0,1.0,0.0,injected_unvalidated
bargaining,retrieval,bargaining:16,2,receiver_1,syn-barg-016-a3,0.0,0.0,0.0,injected_unvalidated
bargaining,retrieval,bargaining:16,2,receiver_2,syn-barg-016-a1,1.0,0.0,1.0,validated
bargaining,retrieval,bargaining:16,2,receiver_2,syn-barg-016-a2,1.0,1.0,0.0,injected_unvalidated
bargaining,retrieval,bargaining:16,2,receiver_2,syn-barg-016-a3,0.0,0.0,0.0,injected_unvalidated
bargaining,retrieval,bargaining:16,2,receiver_3,syn-barg-016-a1,0.0,0.0,0.0,injected_unvalidated
bargaining,retrieval,bargaining:16,2,receiver_3,syn-barg-016-a2,1.0,1.0,0.0,injected_unvalidated
bargaining,retrieval,bargaining:16,2,receiver_3,syn-barg-016-a3,0.0,1.0,-1.0,injected_unvalidated
bargaining,smtr_uniform,bargaining:16,2,receiver_1,syn-barg-016-a1,1.0,0.0,1.0,validated
bargaining,smtr_uniform,bargaining:16,2,receiver_2,syn-barg-016-a1,1.0,0.0,1.0,validated
bargaining,smtr_uniform,bargaining:16,2,receiver_3,syn-barg-016-a1,0.0,0.0,0.0,injected_unvalidated
bargaining,smtr_receiver,bargaining:16,2,receiver_1,syn-barg-016-a1,1.0,0.0,1.0,validated
bargaining,smtr_receiver,bargaining:16,2,receiver_2,syn-barg-016-a1,1.0,0.0,1.0,validated
bargaining,full_memory,bargaining:18,0,receiver_1,syn-barg-018-a1,0.0,1.0,-1.0,injected_unvalidated
bargaining,full_memory,bargaining:18,0,receiver_1,syn-barg-018-a2,1.0,0.0,1.0,validated
bargaining,full_memory,bargaining:18,0,receiver_1,syn-barg-018-a3,0.0,1.0,-1.0,injected_unvalidated
bargaining,full_memory,bargaining:18,0,receiver_1,syn-barg-018-a4,0.0,0.0,0.0,injected_unvalidated
bargaining,full_memory,bargaining:18,0,receiver_1,syn-barg-018-a5,0.0,0.0,0.0,injected_unvalidated
bargaining,full_memory,bargaining:18,0,receiver_1,syn-barg-018-a6,1.0,1.0,0.0,injected_unvalidated
bargaining,full_memory,bargaining:18,0,receiver_2,syn-barg-018-a1,1.0,1.0,0.0,injected_unvalidated
bargaining,full_memory,bargaining:18,0,receiver_2,syn-barg-018-a2,0.0,0.0,0.0,injected_unvalidated
bargaining,full_memory,bargaining:18,0,receiver_2,syn-barg-018-a3,0.0,1.0,-1.0,injected_unvalidated
bargaining,full_memory,bargaining:18,0,receiver_2,syn-barg-018-a4,0.0,0.0,0.0,injected_unvalidated
bargaining,full_memory,bargaining:18,0,receiver_2,syn-barg-018-a5,0.0,0.0,0.0,injected_unvalidated
bargaining,full_memory,bargaining:18,0,receiver_2,syn-barg-018-a6,1.0,1.0,0.0,injected_unvalidated
bargaining,full_memory,bargaining:18,0,receiver_3,syn-barg-018-a1,0.0,1.0,-1.0,injected_unvalidated
bargaining,full_memory,bargaining:18,0,receiver_3,syn-barg-018-a2,1.0,0.0,1.0,validated
bargaining,full_memory,bargaining:18,0,receiver_3,syn-barg-018-a3,0.0,1.0,-1.0,injected_unvalidated
bargaining,full_memory,bargaining:18,0,receiver_3,syn-barg-018-a4,0.0,0.0,0.0,injected_unvalidated
bargaining,full_memory,bargaining:18,0,receiver_3,syn-barg-018-a5,0.0,0.0,0.0,injected_unvalidated
bargaining,full_memory,bargaining:18,0,receiver_3,syn-barg-018-a6,1.0,1.0,0.0,injected_unvalidated
bargaining,retrieval,bargaining:18,0,receiver_1,syn-barg-018-a1,0.0,1.0,-1.0,injected_unvalidated
bargaining,retrieval,bargaining:18,0,receiver_1,syn-barg-018-a2,1.0,0.0,1.0,validated
bargaining,retrieval,bargaining:18,0,receiver_1,syn-barg-018-a3,0.0,1.0,-1.0,injected_unvalidated
bargaining,retrieval,bargaining:18,0,receiver_2,syn-barg-018-a1,1.0,1.0,0.0,injected_unvalidated
bargaining,retrieval,bargaining:18,0,receiver_2,syn-barg-018-a2,0.0,0.0,0.0,injected_unvalidated
bargaining,retrieval,bargaining:18,0,receiver_2,syn-barg-018-a3,0.0,1.0,-1.0,injected_unvalidated
bargaining,retrieval,bargaining:18,0,receiver_3,syn-barg-018-a1,0.0,1.0,-1.0,injected_unvalidated
bargaining,retrieval,bargaining:18,0,receiver_3,syn-barg-018-a2,1.0,0.0,1.0,validated
bargaining,retrieval,bargaining:18,0,receiver_3,syn-barg-018-a3,0.0,1.0,-1.0,injected_unvalidated
bargaining,smtr_uniform,bargaining:18,0,receiver_1,syn-barg-018-a2,1.0,0.0,1.0,validated
bargaining,smtr_uniform,bargaining:18,0,receiver_2,syn-barg-018-a2,0.0,0.0,0.0,injected_unvalidated
bargaining,smtr_uniform,bargaining:18,0,receiver_3,syn-barg-018-a2,1.0,0.0,1.0,validated
bargaining,smtr_receiver,bargaining:18,0,receiver_1,syn-barg-018-a2,1.0,0.0,1.0,validated
bargaining,smtr_receiver,bargaining:18,0,receiver_3,syn-barg-018-a2,1.0,0.0,1.0,validated
bargaining,full_memory,bargaining:18,1,receiver_1,syn-barg-018-a1,0.0,0.0,0.0,injected_unvalidated
bargaining,full_memory,bargaining:18,1,receiver_1,syn-barg-018-a2,1.0,1.0,0.0,injected_unvalidated
bargaining,full_memory,bargaining:18,1,receiver_1,syn-barg-018-a3,1.0,1.0,0.0,injected_unvalidated
bargaining,full_memory,bargaining:18,1,receiver_1,syn-barg-018-a4,0.0,0.0,0.0,injected_unvalidated
bargaining,full_memory,bargaining:18,1,receiver_1,syn-barg-018-a5,0.0,1.0,-1.0,injected_unvalidated
bargaining,full_memory,bargaining:18,1,receiver_1,syn-barg-018-a6,0.0,0.0,0.0,injected_unvalidated
bargaining,full_memory,bargaining:18,1,receiver_2,syn-barg-018-a1,0.0,0.0,0.0,injected_unvalidated
bargaining,full_memory,bargaining:18,1,receiver_2,syn-barg-018-a2,1.0,1.0,0.0,injected_unvalidated
bargaining,full_memory,bargaining:18,1,receiver_2,syn-barg-018-a3,1.0,1.0,0.0,injected_unvalidated
bargaining,full_memory,bargaining:18,1,receiver_2,syn-barg-018-a4,0.0,0.0,0.0,injected_unvalidated
bargaining,full_memory,bargaining:18,1,receiver_2,syn-barg-018-a5,0.0,1.0,-1.0,injected_unvalidated
bargaining,full_memory,bargaining:18,1,receiver_2,syn-barg-018-a6,0.0,0.0,0.0,injected_unvalidated
bargaining,full_memory,bargaining:18,1,receiver_3,syn-barg-018-a1,0.0,0.0,0.0,injected_unvalidated
bargaining,full_memory,bargaining:18,1,receiver_3,syn-barg-018-a2,1.0,1.0,0.0,injected_unvalidated
bargaining,full_memory,bargaining:18,1,receiver_3,syn-barg-018-a3,1.0,1.0,0.0,injected_unvalidated
bargaining,full_memory,bargaining:18,1,receiver_3,syn-barg-018-a4,0.0,0.0,0.0,injected_unvalidated
bargaining,full_memory,bargaining:18,1,receiver_3,syn-barg-018-a5,0.0,1.0,-1.0,injected_unvalidated
bargaining,full_memory,bargaining:18,1,receiver_3,syn-barg-018-a6,1.0,0.0,1.0,validated
bargaining,retrieval,bargaining:18,1,receiver_1,syn-barg-018-a1,0.0,0.0,0.0,injected_unvalidated
bargaining,retrieval,bargaining:18,1,receiver_1,syn-barg-018-a2,1.0,1.0,0.0,injected_unvalidated
bargaining,retrieval,bargaining:18,1,receiver_1,syn-barg-018-a3,1.0,1.0,0.0,injected_unvalidated
bargaining,retrieval,bargaining:18,1,receiver_2,syn-barg-018-a1,0.0,0.0,0.0,injected_unvalidated
bargaining,retrieval,bargaining:18,1,receiver_2,syn-barg-018-a2,1.0,1.0,0.0,injected_unvalidated
bargaining,retrieval,bargaining:18,1,receiver_2,syn-barg-018-a3,1.0,1.0,0.0,injected_unvalidated
bargaining,retrieval,bargaining:18,1,receiver_3,syn-barg-018-a1,0.0,0.0,0.0,injected_unvalidated
bargaining,retrieval,bargaining:18,1,receiver_3,syn-barg-018-a2,1.0,1.0,0.0,injected_unvalidated
bargaining,retrieval,bargaining:18,1,receiver_3,syn-barg-018-a3,1.0,1.0,0.0,injected_unvalidated
bargaining,smtr_uniform,bargaining:18,1,receiver_1,syn-barg-018-a6,0.0,0.0,0.0,injected_unvalidated
bargaining,smtr_uniform,bargaining:18,1,receiver_2,syn-barg-018-a6,0.0,0.0,0.0,injected_unvalidated
bargaining,smtr_uniform,bargaining:18,1,receiver_3,syn-barg-018-a6,1.0,0.0,1.0,validated
bargaining,smtr_receiver,bargaining:18,1,receiver_3,syn-barg-018-a6,1.0,0.0,1.0,validated
bargaining,full_memory,bargaining:18,2,receiver_1,syn-barg-018-a1,1.0,1.0,0.0,injected_unvalidated
bargaining,full_memory,bargaining:18,2,receiver_1,syn-barg-018-a2,1.0,1.0,0.0,injected_unvalidated
bargaining,full_memory,bargaining:18,2,receiver_1,syn-barg-018-a3,1.0,1.0,0.0,injected_unvalidated
bargaining,full_memory,bargaining:18,2,receiver_1,syn-barg-018-a4,1.0,1.0,0.0,injected_unvalidated
bargaining,full_memory,bargaining:18,2,receiver_1,syn-barg-018-a5,1.0,1.0,0.0,injected_unvalidated
bargaining,full_memory,bargaining:18,2,receiver_1,syn-barg-018-a6,1.0,0.0,1.0,validated
bargaining,full_memory,bargaining:18,2,receiver_2,syn-barg-018-a1,1.0,1.0,0.0,injected_unvalidated
bargaining,full_memory,bargaining:18,2,receiver_2,syn-barg-018-a2,1.0,1.0,0.0,injected_unvalidated
bargaining,full_memory,bargaining:18,2,receiver_2,syn-barg-018-a3,1.0,1.0,0.0,injected_unvalidated
bargaining,full_memory,bargaining:18,2,receiver_2,syn-barg-018-a4,1.0,1.0,0.0,injected_unvalidated
bargaining,full_memory,bargaining:18,2,receiver_2,syn-barg-018-a5,1.0,1.0,0.0,injected_unvalidated
bargaining,full_memory,bargaining:18,2,receiver_2,syn-barg-018-a6,1.0,0.0,1.0,validated
bargaining,full_memory,bargaining:18,2,receiver_3,syn-barg-018-a1,1.0,1.0,0.0,injected_unvalidated
bargaining,full_memory,bargaining:18,2,receiver_3,syn-barg-018-a2,1.0,1.0,0.0,injected_unvalidated
bargaining,full_memory,bargaining:18,2,receiver_3,syn-barg-018-a3,1.0,1.0,0.0,injected_unvalidated
bargaining,full_memory,bargaining:18,2,receiver_3,syn-barg-018-a4,1.0,1.0,0.0,injected_unvalidated
bargaining,full_memory,bargaining:18,2,receiver_3,syn-barg-018-a5,1.0,1.0,0.0,injected_unvalidated
bargaining,full_memory,bargaining:18,2,receiver_3,syn-barg-018-a6,0.0,0.0,0.0,injected_unvalidated
bargaining,retrieval,bargaining:18,2,receiver_1,syn-barg-018-a1,1.0,1.0,0.0,injected_unvalidated
bargaining,retrieval,bargaining:18,2,receiver_1,syn-barg-018-a2,1.0,1.0,0.0,injected_unvalidated
bargaining,retrieval,bargaining:18,2,receiver_1,syn-barg-018-a3,1.0,1.0,0.0,injected_unvalidated
bargaining,retrieval,bargaining:18,2,receiver_2,syn-barg-018-a1,1.0,1.0,0.0,injected_unvalidated
bargaining,retrieval,bargaining:18,2,receiver_2,syn-barg-018-a2,1.0,1.0,0.0,injected_unvalidated
bargaining,retrieval,bargaining:18,2,receiver_2,syn-barg-018-a3,1.0,1.0,0.0,injected_unvalidated
bargaining,retrieval,bargaining:18,2,receiver_3,syn-barg-018-a1,1.0,1.0,0.0,injected_unvalidated
bargaining,retrieval,bargaining:18,2,receiver_3,syn-barg-018-a2,1.0,1.0,0.0,injected_unvalidated
bargaining,retrieval,bargaining:18,2,receiver_3,syn-barg-018-a3,1.0,1.0,0.0,injected_unvalidated
bargaining,smtr_uniform,bargaining:18,2,receiver_1,syn-barg-018-a6,1.0,0.0,1.0,validated
bargaining,smtr_uniform,bargaining:18,2,receiver_2,syn-barg-018-a6,1.0,0.0,1.0,validated
bargaining,smtr_uniform,bargaining:18,2,receiver_3,syn-barg-018-a6,0.0,0.0,0.0,injected_unvalidated
bargaining,smtr_receiver,bargaining:18,2,receiver_1,syn-barg-018-a6,1.0,0.0,1.0,validated
bargaining,smtr_receiver,bargaining:18,2,receiver_2,syn-barg-018-a6,1.0,0.0,1.0,validated
bargaining,full_memory,bargaining:19,0,receiver_1,syn-barg-019-a1,0.0,0.0,0.0,injected_unvalidated
bargaining,full_memory,bargaining:19,0,receiver_1,syn-barg-019-a2,0.0,0.0,0.0,injected_unvalidated
bargaining,full_memory,bargaining:19,0,receiver_1,syn-barg-019-a3,1.0,1.0,0.0,injected_unvalidated
bargaining,full_memory,bargaining:19,0,receiver_1,syn-barg-019-a4,1.0,1.0,0.0,injected_unvalidated
bargaining,full_memory,bargaining:19,0,receiver_1,syn-barg-019-a5,0.0,1.0,-1.0,injected_unvalidated
bargaining,full_memory,bargaining:19,0,receiver_1,syn-barg-019-a6,0.0,1.0,-1.0,injected_unvalidated
bargaining,full_memory,bargaining:19,0,receiver_2,syn-barg-019-a1,1.0,0.0,1.0,validated
bargaining,full_memory,bargaining:19,0,receiver_2,syn-barg-019-a2,0.0,0.0,0.0,injected_unvalidated
bargaining,full_memory,bargaining:19,0,receiver_2,syn-barg-019-a3,1.0,1.0,0.0,injected_unvalidated
bargaining,full_memory,bargaining:19,0,receiver_2,syn-barg-019-a4,1.0,1.0,0.0,injected_unvalidated
bargaining,full_memory,bargaining:19,0,receiver_2,syn-barg-019-a5,0.0,1.0,-1.0,injected_unvalidated
bargaining,full_memory,bargaining:19,0,receiver_2,syn-barg-019-a6,1.0,1.0,0.0,injected_unvalidated
bargaining,full_memory,bargaining:19,0,receiver_3,syn-barg-019-a1,0.0,0.0,0.0,injected_unvalidated
bargaining,full_memory,bargaining:19,0,receiver_3,syn-barg-019-a2,0.0,0.0,0.0,injected_unvalidated
bargaining,full_memory,bargaining:19,0,receiver_3,syn-barg-019-a3,1.0,1.0,0.0,injected_unvalidated
bargaining,full_memory,bargaining:19,0,receiver_3,syn-barg-019-a4,1.0,1.0,0.0,injected_unvalidated
bargaining,full_memory,bargaining:19,0,receiver_3,syn-barg-019-a5,0.0,1.0,-1.0,injected_unvalidated
bargaining,full_memory,bargaining:19,0,receiver_3,syn-barg-019-a6,1.0,1.0,0.0,injected_unvalidated
bargaining,retrieval,bargaining:19,0,receiver_1,syn-barg-019-a1,0.0,0.0,0.0,injected_unvalidated
bargaining,retrieval,bargaining:19,0,receiver_1,syn-barg-019-a2,0.0,0.0,0.0,injected_unvalidated
bargaining,retrieval,bargaining:19,0,receiver_1,syn-barg-019-a3,1.0,1.0,0.0,injected_unvalidated
bargaining,retrieval,bargaining:19,0,receiver_2,syn-barg-019-a1,1.0,0.0,1.0,validated
bargaining,retrieval,bargaining:19,0,receiver_2,syn-barg-019-a2,0.0,0.0,0.0,injected_unvalidated
bargaining,retrieval,bargaining:19,0,receiver_2,syn-barg-019-a3,1.0,1.0,0.0,injected_unvalidated
bargaining,retrieval,bargaining:19,0,receiver_3,syn-barg-019-a1,0.0,0.0,0.0,injected_unvalidated
bargaining,retrieval,bargaining:19,0,receiver_3,syn-barg-019-a2,0.0,0.0,0.0,injected_unvalidated
bargaining,retrieval,bargaining:19,0,receiver_3,syn-barg-019-a3,1.0,1.0,0.0,injected_unvalidated
bargaining,smtr_uniform,bargaining:19,0,receiver_1,syn-barg-019-a1,0.0,0.0,0.0,injected_unvalidated
bargaining,smtr_uniform,bargaining:19,0,receiver_2,syn-barg-019-a1,1.0,0.0,1.0,validated
bargaining,smtr_uniform,bargaining:19,0,receiver_3,syn-barg-019-a1,0.0,0.0,0.0,injected_unvalidated
bargaining,smtr_receiver,bargaining:19,0,receiver_2,syn-barg-019-a1,1.0,0.0,1.0,validated
bargaining,full_memory,bargaining:19,1,receiver_1,syn-barg-019-a1,0.0,0.0,0.0,injected_unvalidated
bargaining,full_memory,bargaining:19,1,receiver_1,syn-barg-019-a2,0.0,0.0,0.0,injected_unvalidated
bargaining,full_memory,bargaining:19,1,receiver_1,syn-barg-019-a3,1.0,1.0,0.0,injected_unvalidated
bargaining,full_memory,bargaining:19,1,receiver_1,syn-barg-019-a4,1.0,1.0,0.0,injected_unvalidated
bargaining,full_memory,bargaining:19,1,receiver_1,syn-barg-019-a5,0.0,0.0,0.0,injected_unvalidated
bargaining,full_memory,bargaining:19,1,receiver_1,syn-barg-019-a6,1.0,1.0,0.0,injected_unvalidated
bargaining,full_memory,bargaining:19,1,receiver_2,syn-barg-019-a1,1.0,0.0,1.0,validated
bargaining,full_memory,bargaining:19,1,receiver_2,syn-barg-019-a2,0.0,0.0,0.0,injected_unvalidated
bargaining,full_memory,bargaining:19,1,receiver_2,syn-barg-019-a3,1.0,1.0,0.0,injected_unvalidated
bargaining,full_memory,bargaining:19,1,receiver_2,syn-barg-019-a4,1.0,1.0,0.0,injected_unvalidated
bargaining,full_memory,bargaining:19,1,receiver_2,syn-barg-019-a5,0.0,0.0,0.0,injected_unvalidated
bargaining,full_memory,bargaining:19,1,receiver_2,syn-barg-019-a6,1.0,1.0,0.0,injected_unvalidated
bargaining,full_memory,bargaining:19,1,receiver_3,syn-barg-019-a1,0.0,0.0,0.0,injected_unvalidated
bargaining,full_memory,bargaining:19,1,receiver_3,syn-barg-019-a2,0.0,0.0,0.0,injected_unvalidated
bargaining,full_memory,bargaining:19,1,receiver_3,syn-barg-019-a3,1.0,1.0,0.0,injected_unvalidated
bargaining,full_memory,bargaining:19,1,receiver_3,syn-barg-019-a4,1.0,1.0,0.0,injected_unvalidated
bargaining,full_memory,bargaining:19,1,receiver_3,syn-barg-019-a5,0.0,0.0,0.0,injected_unvalidated
bargaining,full_memory,bargaining:19,1,receiver_3,syn-barg-019-a6,0.0,1.0,-1.0,injected_unvalidated
bargaining,retrieval,bargaining:19,1,receiver_1,syn-barg-019-a1,0.0,0.0,0.0,injected_unvalidated
bargaining,retrieval,bargaining:19,1,receiver_1,syn-barg-019-a2,0.0,0.0,0.0,injected_unvalidated
bargaining,retrieval,bargaining:19,1,receiver_1,syn-barg-019-a3,1.0,1.0,0.0,injected_unvalidated
bargaining,retrieval,bargaining:19,1,receiver_2,syn-barg-019-a1,1.0,0.0,1.0,validated
bargaining,retrieval,bargaining:19,1,receiver_2,syn-barg-019-a2,0.0,0.0,0.0,injected_unvalidated
bargaining,retrieval,bargaining:19,1,receiver_2,syn-barg-019-a3,1.0,1.0,0.0,injected_unvalidated
bargaining,retrieval,bargaining:19,1,receiver_3,syn-barg-019-a1,0.0,0.0,0.0,injected_unvalidated
bargaining,retrieval,bargaining:19,1,receiver_3,syn-barg-019-a2,0.0,0.0,0.0,injected_unvalidated
bargaining,retrieval,bargaining:19,1,receiver_3,syn-barg-019-a3,1.0,1.0,0.0,injected_unvalidated
bargaining,smtr_uniform,bargaining:19,1,receiver_1,syn-barg-019-a1,0.0,0.0,0.0,injected_unvalidated
bargaining,smtr_uniform,bargaining:19,1,receiver_2,syn-barg-019-a1,1.0,0.0,1.0,validated
bargaining,smtr_uniform,bargaining:19,1,receiver_3,syn-barg-019-a1,0.0,0.0,0.0,injected_unvalidated
bargaining,smtr_receiver,bargaining:19,1,receiver_2,syn-barg-019-a1,1.0,0.0,1.0,validated
bargaining,full_memory,bargaining:19,2,receiver_1,syn-barg-019-a1,0.0,0.0,0.0,injected_unvalidated
bargaining,full_memory,bargaining:19,2,receiver_1,syn-barg-019-a2,1.0,1.0,0.0,injected_unvalidated
bargaining,full_memory,bargaining:19,2,receiver_1,syn-barg-019-a3,1.0,0.0,1.0,validated
bargaining,full_memory,bargaining:19,2,receiver_1,syn-barg-019-a4,1.0,1.0,0.0,injected_unvalidated
bargaining,full_memory,bargaining:19,2,receiver_1,syn-barg-019-a5,1.0,0.0,1.0,validated
bargaining,full_memory,bargaining:19,2,receiver_1,syn-barg-019-a6,1.0,1.0,0.0,injected_unvalidated
bargaining,full_memory,bargaining:19,2,receiver_2,syn-barg-019-a1,1.0,0.0,1.0,validated
bargaining,full_memory,bargaining:19,2,receiver_2,syn-barg-019-a2,1.0,1.0,0.0,injected_unvalidated
bargaining,full_memory,bargaining:19,2,receiver_2,syn-barg-019-a3,1.0,0.0,1.0,validated
bargaining,full_memory,bargaining:19,2,receiver_2,syn-barg-019-a4,1.0,1.0,0.0,injected_unvalidated
bargaining,full_memory,bargaining:19,2,receiver_2,syn-barg-019-a5,1.0,0.0,1.0,validated
bargaining,full_memory,bargaining:19,2,receiver_2,syn-barg-019-a6,1.0,1.0,0.0,injected_unvalidated
bargaining,full_memory,bargaining:19,2,receiver_3,syn-barg-019-a1,0.0,0.0,0.0,injected_unvalidated
bargaining,full_memory,bargaining:19,2,receiver_3,syn-barg-019-a2,1.0,1.0,0.0,injected_unvalidated
bargaining,full_memory,bargaining:19,2,receiver_3,syn-barg-019-a3,0.0,0.0,0.0,injected_unvalidated
bargaining,full_memory,bargaining:19,2,receiver_3,syn-barg-019-a4,1.0,1.0,0.0,injected_unvalidated
bargaining,full_memory,bargaining:19,2,receiver_3,syn-barg-019-a5,1.0,0.0,1.0,validated
bargaining,full_memory,bargaining:19,2,receiver_3,syn-barg-019-a6,0.0,1.0,-1.0,injected_unvalidated
bargaining,retrieval,bargaining:19,2,receiver_1,syn-barg-019-a1,0.0,0.0,0.0,injected_unvalidated
bargaining,retrieval,bargaining:19,2,receiver_1,syn-barg-019-a2,1.0,1.0,0.0,injected_unvalidated
bargaining,retrieval,bargaining:19,2,receiver_1,syn-barg-019-a3,1.0,0.0,1.0,validated
bargaining,retrieval,bargaining:19,2,receiver_2,syn-barg-019-a1,1.0,0.0,1.0,validated
bargaining,retrieval,bargaining:19,2,receiver_2,syn-barg-019-a2,1.0,1.0,0.0,injected_unvalidated
bargaining,retrieval,bargaining:19,2,receiver_2,syn-barg-019-a3,1.0,0.0,1.0,validated
bargaining,retrieval,bargaining:19,2,receiver_3,syn-barg-019-a1,0.0,0.0,0.0,injected_unvalidated
bargaining,retrieval,bargaining:19,2,receiver_3,syn-barg-019-a2,1.0,1.0,0.0,injected_unvalidated
bargaining,retrieval,bargaining:19,2,receiver_3,syn-barg-019-a3,0.0,0.0,0.0,injected_unvalidated
bargaining,smtr_uniform,bargaining:19,2,receiver_1,syn-barg-019-a5,1.0,0.0,1.0,validated
bargaining,smtr_uniform,bargaining:19,2,receiver_1,syn-barg-019-a3,1.0,0.0,1.0,validated
bargaining,smtr_uniform,bargaining:19,2,receiver_1,syn-barg-019-a1,0.0,0.0,0.0,injected_unvalidated
bargaining,smtr_uniform,bargaining:19,2,receiver_2,syn-barg-019-a5,1.0,0.0,1.0,validated
bargaining,smtr_uniform,bargaining:19,2,receiver_2,syn-barg-019-a3,1.0,0.0,1.0,validated
bargaining,smtr_uniform,bargaining:19,2,receiver_2,syn-barg-019-a1,1.0,0.0,1.0,validated
bargaining,smtr_uniform,bargaining:19,2,receiver_3,syn-barg-019-a5,1.0,0.0,1.0,validated
bargaining,smtr_uniform,bargaining:19,2,receiver_3,syn-barg-019-a3,0.0,0.0,0.0,injected_unvalidated
bargaining,smtr_uniform,bargaining:19,2,receiver_3,syn-barg-019-a1,0.0,0.0,0.0,injected_unvalidated
bargaining,smtr_receiver,bargaining:19,2,receiver_1,syn-barg-019-a5,1.0,0.0,1.0,validated
bargaining,smtr_receiver,bargaining:19,2,receiver_1,syn-barg-019-a3,1.0,0.0,1.0,validated
bargaining,smtr_receiver,bargaining:19,2,receiver_2,syn-barg-019-a5,1.0,0.0,1.0,validated
bargaining,smtr_receiver,bargaining:19,2,receiver_2,syn-barg-019-a3,1.0,0.0,1.0,validated
bargaining,smtr_receiver,bargaining:19,2,receiver_2,syn-barg-019-a1,1.0,0.0,1.0,validated
bargaining,smtr_receiver,bargaining:19,2,receiver_3,syn-barg-019-a5,1.0,0.0,1.0,validated
bargaining,full_memory,bargaining:2,0,receiver_1,syn-barg-002-a1,0.0,1.0,-1.0,injected_unvalidated
bargaining,full_memory,bargaining:2,0,receiver_1,syn-barg-002-a2,0.0,1.0,-1.0,injected_unvalidated
bargaining,full_memory,bargaining:2,0,receiver_1,syn-barg-002-a3,1.0,1.0,0.0,injected_unvalidated
bargaining,full_memory,bargaining:2,0,receiver_1,syn-barg-002-a4,1.0,1.0,0.0,injected_unvalidated
bargaining,full_memory,bargaining:2,0,receiver_1,syn-barg-002-a5,1.0,0.0,1.0,validated
bargaining,full_memory,bargaining:2,0,receiver_1,syn-barg-002-a6,1.0,1.0,0.0,injected_unvalidated
bargaining,full_memory,bargaining:2,0,receiver_2,syn-barg-002-a1,1.0,1.0,0.0,injected_unvalidated
bargaining,full_memory,bargaining:2,0,receiver_2,syn-barg-002-a2,0.0,1.0,-1.0,injected_unvalidated
bargaining,full_memory,bargaining:2,0,receiver_2,syn-barg-002-a3,1.0,1.0,0.0,injected_unvalidated
bargaining,full_memory,bargaining:2,0,receiver_2,syn-barg-002-a4,0.0,1.0,-1.0,injected_unvalidated
bargaining,full_memory,bargaining:2,0,receiver_2,syn-barg-002-a5,1.0,0.0,1.0,validated
bargaining,full_memory,bargaining:2,0,receiver_2,syn-barg-002-a6,1.0,1.0,0.0,injected_unvalidated
bargaining,full_memory,bargaining:2,0,receiver_3,syn-barg-002-a1,0.0,1.0,-1.0,injected_unvalidated
bargaining,full_memory,bargaining:2,0,receiver_3,syn-barg-002-a2,0.0,1.0,-1.0,injected_unvalidated
bargaining,full_memory,bargaining:2,0,receiver_3,syn-barg-002-a3,1.0,1.0,0.0,injected_unvalidated
bargaining,full_memory,bargaining:2,0,receiver_3,syn-barg-002-a4,0.0,1.0,-1.0,injected_unvalidated
bargaining,full_memory,bargaining:2,0,receiver_3,syn-barg-002-a5,0.0,0.0,0.0,injected_unvalidated
bargaining,full_memory,bargaining:2,0,receiver_3,syn-barg-002-a6,0.0,1.0,-1.0,injected_unvalidated
bargaining,retrieval,bargaining:2,0,receiver_1,syn-barg-002-a1,0.0,1.0,-1.0,injected_unvalidated
bargaining,retrieval,bargaining:2,0,receiver_1,syn-barg-002-a2,0.0,1.0,-1.0,injected_unvalidated
bargaining,retrieval,bargaining:2,0,receiver_1,syn-barg-002-a3,1.0,1.0,0.0,injected_unvalidated
bargaining,retrieval,bargaining:2,0,receiver_2,syn-barg-002-a1,1.0,1.0,0.0,injected_unvalidated
bargaining,retrieval,bargaining:2,0,receiver_2,syn-barg-002-a2,0.0,1.0,-1.0,injected_unvalidated
bargaining,retrieval,bargaining:2,0,receiver_2,syn-barg-002-a3,1.0,1.0,0.0,injected_unvalidated
bargaining,retrieval,bargaining:2,0,receiver_3,syn-barg-002-a1,0.0,1.0,-1.0,injected_unvalidated
bargaining,retrieval,bargaining:2,0,receiver_3,syn-barg-002-a2,0.0,1.0,-1.0,injected_unvalidated
bargaining,retrieval,bargaining:2,0,receiver_3,syn-barg-002-a3,1.0,1.0,0.0,injected_unvalidated
bargaining,smtr_uniform,bargaining:2,0,receiver_1,syn-barg-002-a5,1.0,0.0,1.0,validated
bargaining,smtr_uniform,bargaining:2,0,receiver_2,syn-barg-002-a5,1.0,0.0,1.0,validated
bargaining,smtr_uniform,bargaining:2,0,receiver_3,syn-barg-002-a5,0.0,0.0,0.0,injected_unvalidated
bargaining,smtr_receiver,bargaining:2,0,receiver_1,syn-barg-002-a5,1.0,0.0,1.0,validated
bargaining,smtr_receiver,bargaining:2,0,receiver_2,syn-barg-002-a5,1.0,0.0,1.0,validated
bargaining,full_memory,bargaining:2,1,receiver_1,syn-barg-002-a1,0.0,1.0,-1.0,injected_unvalidated
bargaining,full_memory,bargaining:2,1,receiver_1,syn-barg-002-a2,0.0,1.0,-1.0,injected_unvalidated
bargaining,full_memory,bargaining:2,1,receiver_1,syn-barg-002-a3,0.0,0.0,0.0,injected_unvalidated
bargaining,full_memory,bargaining:2,1,receiver_1,syn-barg-002-a4,0.0,1.0,-1.0,injected_unvalidated
bargaining,full_memory,bargaining:2,1,receiver_1,syn-barg-002-a5,0.0,0.0,0.0,injected_unvalidated
bargaining,full_memory,bargaining:2,1,receiver_1,syn-barg-002-a6,0.0,1.0,-1.0,injected_unvalidated
bargaining,full_memory,bargaining:2,1,receiver_2,syn-barg-002-a1,1.0,1.0,0.0,injected_unvalidated
bargaining,full_memory,bargaining:2,1,receiver_2,syn-barg-002-a2,0.0,1.0,-1.0,injected_unvalidated
bargaining,full_memory,bargaining:2,1,receiver_2,syn-barg-002-a3,1.0,0.0,1.0,validated
bargaining,full_memory,bargaining:2,1,receiver_2,syn-barg-002-a4,0.0,1.0,-1.0,injected_unvalidated
bargaining,full_memory,bargaining:2,1,receiver_2,syn-barg-002-a5,0.0,0.0,0.0,injected_unvalidated
bargaining,full_memory,bargaining:2,1,receiver_2,syn-barg-002-a6,0.0,1.0,-1.0,injected_unvalidated
bargaining,full_memory,bargaining:2,1,receiver_3,syn-barg-002-a1,0.0,1.0,-1.0,injected_unvalidated
bargaining,full_memory,bargaining:2,1,receiver_3,syn-barg-002-a2,0.0,1.0,-1.0,injected_unvalidated
bargaining,full_memory,bargaining:2,1,receiver_3,syn-barg-002-a3,0.0,0.0,0.0,injected_unvalidated
bargaining,full_memory,bargaining:2,1,receiver_3,syn-barg-002-a4,0.0,1.0,-1.0,injected_unvalidated
bargaining,full_memory,bargaining:2,1,receiver_3,syn-barg-002-a5,1.0,0.0,1.0,validated
bargaining,full_memory,bargaining:2,1,receiver_3,syn-barg-002-a6,0.0,1.0,-1.0,injected_unvalidated
bargaining,retrieval,bargaining:2,1,receiver_1,syn-barg-002-a1,0.0,1.0,-1.0,injected_unvalidated
bargaining,retrieval,bargaining:2,1,receiver_1,syn-barg-002-a2,0.0,1.0,-1.0,injected_unvalidated
bargaining,retrieval,bargaining:2,1,receiver_1,syn-barg-002-a3,0.0,0.0,0.0,injected_unvalidated
bargaining,retrieval,bargaining:2,1,receiver_2,syn-barg-002-a1,1.0,1.0,0.0,injected_unvalidated
bargaining,retrieval,bargaining:2,1,receiver_2,syn-barg-002-a2,0.0,1.0,-1.0,injected_unvalidated
bargaining,retrieval,bargaining:2,1,receiver_2,syn-barg-002-a3,1.0,0.0,1.0,validated
bargaining,retrieval,bargaining:2,1,receiver_3,syn-barg-002-a1,0.0,1.0,-1.0,injected_unvalidated
bargaining,retrieval,bargaining:2,1,receiver_3,syn-barg-002-a2,0.0,1.0,-1.0,injected_unvalidated
bargaining,retrieval,bargaining:2,1,receiver_3,syn-barg-002-a3,0.0,0.0,0.0,injected_unvalidated
bargaining,smtr_uniform,bargaining:2,1,receiver_1,syn-barg-002-a5,0.0,0.0,0.0,injected_unvalidated
bargaining,smtr_uniform,bargaining:2,1,receiver_1,syn-barg-002-a3,0.0,0.0,0.0,injected_unvalidated
bargaining,smtr_uniform,bargaining:2,1,receiver_2,syn-barg-002-a5,0.0,0.0,0.0,injected_unvalidated
bargaining,smtr_uniform,bargaining:2,1,receiver_2,syn-barg-002-a3,1.0,0.0,1.0,validated
bargaining,smtr_uniform,bargaining:2,1,receiver_3,syn-barg-002-a5,1.0,0.0,1.0,validated
bargaining,smtr_uniform,bargaining:2,1,receiver_3,syn-barg-002-a3,0.0,0.0,0.0,injected_unvalidated
bargaining,smtr_receiver,bargaining:2,1,receiver_2,syn-barg-002-a3,1.0,0.0,1.0,validated
bargaining,smtr_receiver,bargaining:2,1,receiver_3,syn-barg-002-a5,1.0,0.0,1.0,validated
bargaining,full_memory,bargaining:2,2,receiver_1,syn-barg-002-a1,0.0,0.0,0.0,injected_unvalidated
bargaining,full_memory,bargaining:2,2,receiver_1,syn-barg-002-a2,0.0,0.0,0.0,injected_unvalidated
bargaining,full_memory,bargaining:2,2,receiver_1,syn-barg-002-a3,1.0,0.0,1.0,validated
bargaining,full_memory,bargaining:2,2,receiver_1,syn-barg-002-a4,0.0,0.0,0.0,injected_unvalidated
bargaining,full_memory,bargaining:2,2,receiver_1,syn-barg-002-a5,1.0,1.0,0.0,injected_unvalidated
bargaining,full_memory,bargaining:2,2,receiver_1,syn-barg-002-a6,1.0,1.0,0.0,injected_unvalidated
bargaining,full_memory,bargaining:2,2,receiver_2,syn-barg-002-a1,1.0,0.0,1.0,validated
bargaining,full_memory,bargaining:2,2,receiver_2,syn-barg-002-a2,0.0,0.0,0.0,injected_unvalidated
bargaining,full_memory,bargaining:2,2,receiver_2,syn-barg-002-a3,0.0,0.0,0.0,injected_unvalidated
bargaining,full_memory,bargaining:2,2,receiver_2,syn-barg-002-a4,0.0,1.0,-1.0,injected_unvalidated
bargaining,full_memory,bargaining:2,2,receiver_2,syn-barg-002-a5,1.0,1.0,0.0,injected_unvalidated
bargaining,full_memory,bargaining:2,2,receiver_2,syn-barg-002-a6,1.0,1.0,0.0,injected_unvalidated
bargaining,full_memory,bargaining:2,2,receiver_3,syn-barg-002-a1,0.0,0.0,0.0,injected_unvalidated
bargaining,full_memory,bargaining:2,2,receiver_3,syn-barg-002-a2,0.0,1.0,-1.0,injected_unvalidated
bargaining,full_memory,bargaining:2,2,receiver_3,syn-barg-002-a3,1.0,0.0,1.0,validated
bargaining,full_memory,bargaining:2,2,receiver_3,syn-barg-002-a4,0.0,1.0,-1.0,injected_unvalidated
bargaining,full_memory,bargaining:2,2,receiver_3,syn-barg-002-a5,1.0,1.0,0.0,injected_unvalidated
bargaining,full_memory,bargaining:2,2,receiver_3,syn-barg-002-a6,0.0,1.0,-1.0,injected_unvalidated
bargaining,retrieval,bargaining:2,2,receiver_1,syn-barg-002-a1,0.0,0.0,0.0,injected_unvalidated
bargaining,retrieval,bargaining:2,2,receiver_1,syn-barg-002-a2,0.0,0.0,0.0,injected_unvalidated
bargaining,retrieval,bargaining:2,2,receiver_1,syn-barg-002-a3,1.0,0.0,1.0,validated
bargaining,retrieval,bargaining:2,2,receiver_2,syn-barg-002-a1,1.0,0.0,1.0,validated
bargaining,retrieval,bargaining:2,2,receiver_2,syn-barg-002-a2,0.0,0.0,0.0,injected_unvalidated
bargaining,retrieval,bargaining:2,2,receiver_2,syn-barg-002-a3,0.0,0.0,0.0,injected_unvalidated
bargaining,retrieval,bargaining:2,2,receiver_3,syn-barg-002-a1,0.0,0.0,0.0,injected_unvalidated
bargaining,retrieval,bargaining:2,2,receiver_3,syn-barg-002-a2,0.0,1.0,-1.0,injected_unvalidated
bargaining,retrieval,bargaining:2,2,receiver_3,syn-barg-002-a3,1.0,0.0,1.0,validated
bargaining,smtr_uniform,bargaining:2,2,receiver_1,syn-barg-002-a3,1.0,0.0,1.0,validated
bargaining,smtr_uniform,bargaining:2,2,receiver_1,syn-barg-002-a1,0.0,0.0,0.0,injected_unvalidated
bargaining,smtr_uniform,bargaining:2,2,receiver_2,syn-barg-002-a3,0.0,0.0,0.0,injected_unvalidated
bargaining,smtr_uniform,bargaining:2,2,receiver_2,syn-barg-002-a1,1.0,0.0,1.0,validated
bargaining,smtr_uniform,bargaining:2,2,receiver_3,syn-barg-002-a3,1.0,0.0,1.0,validated
bargaining,smtr_uniform,bargaining:2,2,receiver_3,syn-barg-002-a1,0.0,0.0,0.0,injected_unvalidated
bargaining,smtr_receiver,bargaining:2,2,receiver_1,syn-barg-002-a3,1.0,0.0,1.0,validated
bargaining,smtr_receiver,bargaining:2,2,receiver_2,syn-barg-002-a1,1.0,0.0,1.0,validated
bargaining,smtr_receiver,bargaining:2,2,receiver_3,syn-barg-002-a3,1.0,0.0,1.0,validated
bargaining,full_memory,bargaining:21,0,receiver_1,syn-barg-021-a1,1.0,1.0,0.0,injected_unvalidated
bargaining,full_memory,bargaining:21,0,receiver_1,syn-barg-021-a2,0.0,0.0,0.0,injected_unvalidated
bargaining,full_memory,bargaining:21,0,receiver_1,syn-barg-021-a3,1.0,1.0,0.0,injected_unvalidated
bargaining,full_memory,bargaining:21,0,receiver_1,syn-barg-021-a4,1.0,1.0,0.0,injected_unvalidated
bargaining,full_memory,bargaining:21,0,receiver_1,syn-barg-021-a5,0.0,1.0,-1.0,injected_unvalidated
bargaining,full_memory,bargaining:21,0,receiver_1,syn-barg-021-a6,1.0,1.0,0.0,injected_unvalidated
bargaining,full_memory,bargaining:21,0,receiver_2,syn-barg-021-a1,1.0,1.0,0.0,injected_unvalidated
bargaining,full_memory,bargaining:21,0,receiver_2,syn-barg-021-a2,0.0,1.0,-1.0,injected_unvalidated
bargaining,full_memory,bargaining:21,0,receiver_2,syn-barg-021-a3,1.0,1.0,0.0,injected_unvalidated
bargaining,full_memory,bargaining:21,0,receiver_2,syn-barg-021-a4,1.0,1.0,0.0,injected_unvalidated
bargaining,full_memory,bargaining:21,0,receiver_2,syn-barg-021-a5,0.0,1.0,-1.0,injected_unvalidated
bargaining,full_memory,bargaining:21,0,receiver_2,syn-barg-021-a6,1.0,1.0,0.0,injected_unvalidated
bargaining,full_memory,bargaining:21,0,receiver_3,syn-barg-021-a1,1.0,1.0,0.0,injected_unvalidated
bargaining,full_memory,bargaining:21,0,receiver_3,syn-barg-021-a2,0.0,0.0,0.0,injected_unvalidated
bargaining,full_memory,bargaining:21,0,receiver_3,syn-barg-021-a3,1.0,1.0,0.0,injected_unvalidated
bargaining,full_memory,bargaining:21,0,receiver_3,syn-barg-021-a4,1.0,1.0,0.0,injected_unvalidated
bargaining,full_memory,bargaining:21,0,receiver_3,syn-barg-021-a5,0.0,1.0,-1.0,injected_unvalidated
bargaining,full_memory,bargaining:21,0,receiver_3,syn-barg-021-a6,1.0,1.0,0.0,injected_unvalidated
bargaining,retrieval,bargaining:21,0,receiver_1,syn-barg-021-a1,1.0,1.0,0.0,injected_unvalidated
bargaining,retrieval,bargaining:21,0,receiver_1,syn-barg-021-a2,0.0,0.0,0.0,injected_unvalidated
bargaining,retrieval,bargaining:21,0,receiver_1,syn-barg-021-a3,1.0,1.0,0.0,injected_unvalidated
bargaining,retrieval,bargaining:21,0,receiver_2,syn-barg-021-a1,1.0,1.0,0.0,injected_unvalidated
bargaining,retrieval,bargaining:21,0,receiver_2,syn-barg-021-a2,0.0,1.0,-1.0,injected_unvalidated
bargaining,retrieval,bargaining:21,0,receiver_2,syn-barg-021-a3,1.0,1.0,0.0,injected_unvalidated
bargaining,retrieval,bargaining:21,0,receiver_3,syn-barg-021-a1,1.0,1.0,0.0,injected_unvalidated
bargaining,retrieval,bargaining:21,0,receiver_3,syn-barg-021-a2,0.0,0.0,0.0,injected_unvalidated
bargaining,retrieval,bargaining:21,0,receiver_3,syn-barg-021-a3,1.0,1.0,0.0,injected_unvalidated
bargaining,full_memory,bargaining:21,1,receiver_1,syn-barg-021-a1,1.0,1.0,0.0,injected_unvalidated
bargaining,full_memory,bargaining:21,1,receiver_1,syn-barg-021-a2,1.0,0.0,1.0,validated
bargaining,full_memory,bargaining:21,1,receiver_1,syn-barg-021-a3,1.0,1.0,0.0,injected_unvalidated
bargaining,full_memory,bargaining:21,1,receiver_1,syn-barg-021-a4,0.0,0.0,0.0,injected_unvalidated
bargaining,full_memory,bargaining:21,1,receiver_1,syn-barg-021-a5,0.0,0.0,0.0,injected_unvalidated
bargaining,full_memory,bargaining:21,1,receiver_1,syn-barg-021-a6,0.0,1.0,-1.0,injected_unvalidated
bargaining,full_memory,bargaining:21,1,receiver_2,syn-barg-021-a1,1.0,1.0,0.0,injected_unvalidated
bargaining,full_memory,bargaining:21,1,receiver_2,syn-barg-021-a2,1.0,0.0,1.0,validated
bargaining,full_memory,bargaining:21,1,receiver_2,syn-barg-021-a3,1.0,1.0,0.0,injected_unvalidated
bargaining,full_memory,bargaining:21,1,receiver_2,syn-barg-021-a4,0.0,0.0,0.0,injected_unvalidated
bargaining,full_memory,bargaining:21,1,receiver_2,syn-barg-021-a5,0.0,0.0,0.0,injected_unvalidated
bargaining,full_memory,bargaining:21,1,receiver_2,syn-barg-021-a6,0.0,1.0,-1.0,injected_unvalidated
bargaining,full_memory,bargaining:21,1,receiver_3,syn-barg-021-a1,1.0,1.0,0.0,injected_unvalidated
bargaining,full_memory,bargaining:21,1,receiver_3,syn-barg-021-a2,1.0,0.0,1.0,validated
bargaining,full_memory,bargaining:21,1,receiver_3,syn-barg-021-a3,1.0,1.0,0.0,injected_unvalidated
bargaining,full_memory,bargaining:21,1,receiver_3,syn-barg-021-a4,0.0,0.0,0.0,injected_unvalidated
bargaining,full_memory,bargaining:21,1,receiver_3,syn-barg-021-a5,0.0,0.0,0.0,injected_unvalidated
bargaining,full_memory,bargaining:21,1,receiver_3,syn-barg-021-a6,0.0,1.0,-1.0,injected_unvalidated
bargaining,retrieval,bargaining:21,1,receiver_1,syn-barg-021-a1,1.0,1.0,0.0,injected_unvalidated
bargaining,retrieval,bargaining:21,1,receiver_1,syn-barg-021-a2,1.0,0.0,1.0,validated
bargaining,retrieval,bargaining:21,1,receiver_1,syn-barg-021-a3,1.0,1.0,0.0,injected_unvalidated
bargaining,retrieval,bargaining:21,1,receiver_2,syn-barg-021-a1,1.0,1.0,0.0,injected_unvalidated
bargaining,retrieval,bargaining:21,1,receiver_2,syn-barg-021-a2,1.0,0.0,1.0,validated
bargaining,retrieval,bargaining:21,1,receiver_2,syn-barg-021-a3,1.0,1.0,0.0,injected_unvalidated
bargaining,retrieval,bargaining:21,1,receiver_3,syn-barg-021-a1,1.0,1.0,0.0,injected_unvalidated
bargaining,retrieval,bargaining:21,1,receiver_3,syn-barg-021-a2,1.0,0.0,1.0,validated
bargaining,retrieval,bargaining:21,1,receiver_3,syn-barg-021-a3,1.0,1.0,0.0,injected_unvalidated
bargaining,smtr_uniform,bargaining:21,1,receiver_1,syn-barg-021-a2,1.0,0.0,1.0,validated
bargaining,smtr_uniform,bargaining:21,1,receiver_2,syn-barg-021-a2,1.0,0.0,1.0,validated
bargaining,smtr_uniform,bargaining:21,1,receiver_3,syn-barg-021-a2,1.0,0.0,1.0,validated
bargaining,smtr_receiver,bargaining:21,1,receiver_1,syn-barg-021-a2,1.0,0.0,1.0,validated
bargaining,smtr_receiver,bargaining:21,1,receiver_2,syn-barg-021-a2,1.0,0.0,1.0,validated
bargaining,smtr_receiver,bargaining:21,1,receiver_3,syn-barg-021-a2,1.0,0.0,1.0,validated
bargaining,full_memory,bargaining:21,2,receiver_1,syn-barg-021-a1,1.0,0.0,1.0,validated
bargaining,full_memory,bargaining:21,2,receiver_1,syn-barg-021-a2,0.0,0.0,0.0,injected_unvalidated
bargaining,full_memory,bargaining:21,2,receiver_1,syn-barg-021-a3,0.0,0.0,0.0,injected_unvalidated
bargaining,full_memory,bargaining:21,2,receiver_1,syn-barg-021-a4,0.0,0.0,0.0,injected_unvalidated
bargaining,full_memory,bargaining:21,2,receiver_1,syn-barg-021-a5,1.0,1.0,0.0,injected_unvalidated
bargaining,full_memory,bargaining:21,2,receiver_1,syn-barg-021-a6,0.0,0.0,0.0,injected_unvalidated
bargaining,full_memory,bargaining:21,2,receiver_2,syn-barg-021-a1,1.0,0.0,1.0,validated
bargaining,full_memory,bargaining:21,2,receiver_2,syn-barg-021-a2,0.0,1.0,-1.0,injected_unvalidated
bargaining,full_memory,bargaining:21,2,receiver_2,syn-barg-021-a3,0.0,0.0,0.0,injected_unvalidated
bargaining,full_memory,bargaining:21,2,receiver_2,syn-barg-021-a4,0.0,0.0,0.0,injected_unvalidated
bargaining,full_memory,bargaining:21,2,receiver_2,syn-barg-021-a5,1.0,1.0,0.0,injected_unvalidated
bargaining,full_memory,bargaining:21,2,receiver_2,syn-barg-021-a6,0.0,0.0,0.0,injected_unvalidated
bargaining,full_memory,bargaining:21,2,receiver_3,syn-barg-021-a1,0.0,0.0,0.0,injected_unvalidated
bargaining,full_memory,bargaining:21,2,receiver_3,syn-barg-021-a2,0.0,0.0,0.0,injected_unvalidated
bargaining,full_memory,bargaining:21,2,receiver_3,syn-barg-021-a3,0.0,0.0,0.0,injected_unvalidated
bargaining,full_memory,bargaining:21,2,receiver_3,syn-barg-021-a4,0.0,0.0,0.0,injected_unvalidated
bargaining,full_memory,bargaining:21,2,receiver_3,syn-barg-021-a5,1.0,1.0,0.0,injected_unvalidated
bargaining,full_memory,bargaining:21,2,receiver_3,syn-barg-021-a6,0.0,0.0,0.0,injected_unvalidated
bargaining,retrieval,bargaining:21,2,receiver_1,syn-barg-021-a1,1.0,0.0,1.0,validated
bargaining,retrieval,bargaining:21,2,receiver_1,syn-barg-021-a2,0.0,0.0,0.0,injected_unvalidated
bargaining,retrieval,bargaining:21,2,receiver_1,syn-barg-021-a3,0.0,0.0,0.0,injected_unvalidated
bargaining,retrieval,bargaining:21,2,receiver_2,syn-barg-021-a1,1.0,0.0,1.0,validated
bargaining,retrieval,bargaining:21,2,receiver_2,syn-barg-021-a2,0.0,1.0,-1.0,injected_unvalidated
bargaining,retrieval,bargaining:21,2,receiver_2,syn-barg-021-a3,0.0,0.0,0.0,injected_unvalidated
bargaining,retrieval,bargaining:21,2,receiver_3,syn-barg-021-a1,0.0,0.0,0.0,injected_unvalidated
bargaining,retrieval,bargaining:21,2,receiver_3,syn-barg-021-a2,0.0,0.0,0.0,injected_unvalidated
bargaining,retrieval,bargaining:21,2,receiver_3,syn-barg-021-a3,0.0,0.0,0.0,injected_unvalidated
bargaining,smtr_uniform,bargaining:21,2,receiver_1,syn-barg-021-a1,1.0,0.0,1.0,validated
bargaining,smtr_uniform,bargaining:21,2,receiver_2,syn-barg-021-a1,1.0,0.0,1.0,validated
bargaining,smtr_uniform,bargaining:21,2,receiver_3,syn-barg-021-a1,0.0,0.0,0.0,injected_unvalidated
bargaining,smtr_receiver,bargaining:21,2,receiver_1,syn-barg-021-a1,1.0,0.0,1.0,validated
bargaining,smtr_receiver,bargaining:21,2,receiver_2,syn-barg-021-a1,1.0,0.0,1.0,validated
bargaining,full_memory,bargaining:22,0,receiver_1,syn-barg-022-a1,1.0,1.0,0.0,injected_unvalidated
bargaining,full_memory,bargaining:22,0,receiver_1,syn-barg-022-a2,0.0,0.0,0.0,injected_unvalidated
bargaining,full_memory,bargaining:22,0,receiver_1,syn-barg-022-a3,0.0,1.0,-1.0,injected_unvalidated
bargaining,full_memory,bargaining:22,0,receiver_1,syn-barg-022-a4,1.0,0.0,1.0,validated
bargaining,full_memory,bargaining:22,0,receiver_1,syn-barg-022-a5,0.0,0.0,0.0,injected_unvalidated
bargaining,full_memory,bargaining:22,0,receiver_1,syn-barg-022-a6,0.0,1.0,-1.0,injected_unvalidated
bargaining,full_memory,bargaining:22,0,receiver_2,syn-barg-022-a1,1.0,1.0,0.0,injected_unvalidated
bargaining,full_memory,bargaining:22,0,receiver_2,syn-barg-022-a2,0.0,0.0,0.0,injected_unvalidated
bargaining,full_memory,bargaining:22,0,receiver_2,syn-barg-022-a3,1.0,1.0,0.0,injected_unvalidated
bargaining,full_memory,bargaining:22,0,receiver_2,syn-barg-022-a4,1.0,0.0,1.0,validated
bargaining,full_memory,bargaining:22,0,receiver_2,syn-barg-022-a5,1.0,0.0,1.0,validated
bargaining,full_memory,bargaining:22,0,receiver_2,syn-barg-022-a6,0.0,1.0,-1.0,injected_unvalidated
bargaining,full_memory,bargaining:22,0,receiver_3,syn-barg-022-a1,1.0,1.0,0.0,injected_unvalidated
bargaining,full_memory,bargaining:22,0,receiver_3,syn-barg-022-a2,1.0,0.0,1.0,validated
bargaining,full_memory,bargaining:22,0,receiver_3,syn-barg-022-a3,0.0,1.0,-1.0,injected_unvalidated
bargaining,full_memory,bargaining:22,0,receiver_3,syn-barg-022-a4,1.0,0.0,1.0,validated
bargaining,full_memory,bargaining:22,0,receiver_3,syn-barg-022-a5,0.0,0.0,0.0,injected_unvalidated
bargaining,full_memory,bargaining:22,0,receiver_3,syn-barg-022-a6,0.0,1.0,-1.0,injected_unvalidated
bargaining,retrieval,bargaining:22,0,receiver_1,syn-barg-022-a1,1.0,1.0,0.0,injected_unvalidated
bargaining,retrieval,bargaining:22,0,receiver_1,syn-barg-022-a2,0.0,0.0,0.0,injected_unvalidated
bargaining,retrieval,bargaining:22,0,receiver_1,syn-barg-022-a3,0.0,1.0,-1.0,injected_unvalidated
bargaining,retrieval,bargaining:22,0,receiver_2,syn-barg-022-a1,1.0,1.0,0.0,injected_unvalidated
bargaining,retrieval,bargaining:22,0,receiver_2,syn-barg-022-a2,0.0,0.0,0.0,injected_unvalidated
bargaining,retrieval,bargaining:22,0,receiver_2,syn-barg-022-a3,1.0,1.0,0.0,injected_unvalidated
bargaining,retrieval,bargaining:22,0,receiver_3,syn-barg-022-a1,1.0,1.0,0.0,injected_unvalidated
bargaining,retrieval,bargaining:22,0,receiver_3,syn-barg-022-a2,1.0,0.0,1.0,validated
bargaining,retrieval,bargaining:22,0,receiver_3,syn-barg-022-a3,0.0,1.0,-1.0,injected_unvalidated
bargaining,smtr_uniform,bargaining:22,0,receiver_1,syn-barg-022-a4,1.0,0.0,1.0,validated
bargaining,smtr_uniform,bargaining:22,0,receiver_1,syn-barg-022-a5,0.0,0.0,0.0,injected_unvalidated
bargaining,smtr_uniform,bargaining:22,0,receiver_1,syn-barg-022-a2,0.0,0.0,0.0,injected_unvalidated
bargaining,smtr_uniform,bargaining:22,0,receiver_2,syn-barg-022-a4,1.0,0.0,1.0,validated
bargaining,smtr_uniform,bargaining:22,0,receiver_2,syn-barg-022-a5,1.0,0.0,1.0,validated
bargaining,smtr_uniform,bargaining:22,0,receiver_2,syn-barg-022-a2,0.0,0.0,0.0,injected_unvalidated
bargaining,smtr_uniform,bargaining:22,0,receiver_3,syn-barg-022-a4,1.0,0.0,1.0,validated
bargaining,smtr_uniform,bargaining:22,0,receiver_3,syn-barg-022-a5,0.0,0.0,0.0,injected_unvalidated
bargaining,smtr_uniform,bargaining:22,0,receiver_3,syn-barg-022-a2,1.0,0.0,1.0,validated
bargaining,smtr_receiver,bargaining:22,0,receiver_1,syn-barg-022-a4,1.0,0.0,1.0,validated
bargaining,smtr_receiver,bargaining:22,0,receiver_2,syn-barg-022-a5,1.0,0.0,1.0,validated
bargaining,smtr_receiver,bargaining:22,0,receiver_2,syn-barg-022-a4,1.0,0.0,1.0,validated
bargaining,smtr_receiver,bargaining:22,0,receiver_3,syn-barg-022-a4,1.0,0.0,1.0,validated
bargaining,smtr_receiver,bargaining:22,0,receiver_3,syn-barg-022-a2,1.0,0.0,1.0,validated
bargaining,full_memory,bargaining:22,1,receiver_1,syn-barg-022-a1,1.0,1.0,0.0,injected_unvalidated
bargaining,full_memory,bargaining:22,1,receiver_1,syn-barg-022-a2,0.0,0.0,0.0,injected_unvalidated
bargaining,full_memory,bargaining:22,1,receiver_1,syn-barg-022-a3,1.0,1.0,0.0,injected_unvalidated
bargaining,full_memory,bargaining:22,1,receiver_1,syn-barg-022-a4,0.0,0.0,0.0,injected_unvalidated
bargaining,full_memory,bargaining:22,1,receiver_1,syn-barg-022-a5,1.0,0.0,1.0,validated
bargaining,full_memory,bargaining:22,1,receiver_1,syn-barg-022-a6,0.0,0.0,0.0,injected_unvalidated
bargaining,full_memory,bargaining:22,1,receiver_2,syn-barg-022-a1,1.0,1.0,0.0,injected_unvalidated
bargaining,full_memory,bargaining:22,1,receiver_2,syn-barg-022-a2,0.0,0.0,0.0,injected_unvalidated
bargaining,full_memory,bargaining:22,1,receiver_2,syn-barg-022-a3,1.0,1.0,0.0,injected_unvalidated
bargaining,full_memory,bargaining:22,1,receiver_2,syn-barg-022-a4,0.0,0.0,0.0,injected_unvalidated
bargaining,full_memory,bargaining:22,1,receiver_2,syn-barg-022-a5,0.0,0.0,0.0,injected_unvalidated
bargaining,full_memory,bargaining:22,1,receiver_2,syn-barg-022-a6,0.0,0.0,0.0,injected_unvalidated
bargaining,full_memory,bargaining:22,1,receiver_3,syn-barg-022-a1,1.0,1.0,0.0,injected_unvalidated
bargaining,full_memory,bargaining:22,1,receiver_3,syn-barg-022-a2,1.0,0.0,1.0,validated
bargaining,full_memory,bargaining:22,1,receiver_3,syn-barg-022-a3,1.0,1.0,0.0,injected_unvalidated
bargaining,full_memory,bargaining:22,1,receiver_3,syn-barg-022-a4,0.0,0.0,0.0,injected_unvalidated
bargaining,full_memory,bargaining:22,1,receiver_3,syn-barg-022-a5,0.0,0.0,0.0,injected_unvalidated
bargaining,full_memory,bargaining:22,1,receiver_3,syn-barg-022-a6,0.0,0.0,0.0,injected_unvalidated
bargaining,retrieval,bargaining:22,1,receiver_1,syn-barg-022-a1,1.0,1.0,0.0,injected_unvalidated
bargaining,retrieval,bargaining:22,1,receiver_1,syn-barg-022-a2,0.0,0.0,0.0,injected_unvalidated
bargaining,retrieval,bargaining:22,1,receiver_1,syn-barg-022-a3,1.0,1.0,0.0,injected_unvalidated
bargaining,retrieval,bargaining:22,1,receiver_2,syn-barg-022-a1,1.0,1.0,0.0,injected_unvalidated
bargaining,retrieval,bargaining:22,1,receiver_2,syn-barg-022-a2,0.0,0.0,0.0,injected_unvalidated
bargaining,retrieval,bargaining:22,1,receiver_2,syn-barg-022-a3,1.0,1.0,0.0,injected_unvalidated
bargaining,retrieval,bargaining:22,1,receiver_3,syn-barg-022-a1,1.0,1.0,0.0,injected_unvalidated
bargaining,retrieval,bargaining:22,1,receiver_3,syn-barg-022-a2,1.0,0.0,1.0,validated
bargaining,retrieval,bargaining:22,1,receiver_3,syn-barg-022-a3,1.0,1.0,0.0,injected_unvalidated
bargaining,smtr_uniform,bargaining:22,1,receiver_1,syn-barg-022-a5,1.0,0.0,1.0,validated
bargaining,smtr_uniform,bargaining:22,1,receiver_1,syn-barg-022-a2,0.0,0.0,0.0,injected_unvalidated
bargaining,smtr_uniform,bargaining:22,1,receiver_2,syn-barg-022-a5,0.0,0.0,0.0,injected_unvalidated
bargaining,smtr_uniform,bargaining:22,1,receiver_2,syn-barg-022-a2,0.0,0.0,0.0,injected_unvalidated
bargaining,smtr_uniform,bargaining:22,1,receiver_3,syn-barg-022-a5,0.0,0.0,0.0,injected_unvalidated
bargaining,smtr_uniform,bargaining:22,1,receiver_3,syn-barg-022-a2,1.0,0.0,1.0,validated
bargaining,smtr_receiver,bargaining:22,1,receiver_1,syn-barg-022-a5,1.0,0.0,1.0,validated
bargaining,smtr_receiver,bargaining:22,1,receiver_3,syn-barg-022-a2,1.0,0.0,1.0,validated
bargaining,full_memory,bargaining:22,2,receiver_1,syn-barg-022-a1,0.0,0.0,0.0,injected_unvalidated
bargaining,full_memory,bargaining:22,2,receiver_1,syn-barg-022-a2,0.0,0.0,0.0,injected_unvalidated
bargaining,full_memory,bargaining:22,2,receiver_1,syn-barg-022-a3,1.0,0.0,1.0,validated
bargaining,full_memory,bargaining:22,2,receiver_1,syn-barg-022-a4,0.0,0.0,0.0,injected_unvalidated
bargaining,full_memory,bargaining:22,2,receiver_1,syn-barg-022-a5,0.0,1.0,-1.0,injected_unvalidated
bargaining,full_memory,bargaining:22,2,receiver_1,syn-barg-022-a6,0.0,0.0,0.0,injected_unvalidated
bargaining,full_memory,bargaining:22,2,receiver_2,syn-barg-022-a1,0.0,0.0,0.0,injected_unvalidated
bargaining,full_memory,bargaining:22,2,receiver_2,syn-barg-022-a2,0.0,0.0,0.0,injected_unvalidated
bargaining,full_memory,bargaining:22,2,receiver_2,syn-barg-022-a3,0.0,0.0,0.0,injected_unvalidated
bargaining,full_memory,bargaining:22,2,receiver_2,syn-barg-022-a4,0.0,0.0,0.0,injected_unvalidated
bargaining,full_memory,bargaining:22,2,receiver_2,syn-barg-022-a5,1.0,1.0,0.0,injected_unvalidated
bargaining,full_memory,bargaining:22,2,receiver_2,syn-barg-022-a6,0.0,0.0,0.0,injected_unvalidated
bargaining,full_memory,bargaining:22,2,receiver_3,syn-barg-022-a1,0.0,0.0,0.0,injected_unvalidated
bargaining,full_memory,bargaining:22,2,receiver_3,syn-barg-022-a2,1.0,0.0,1.0,validated
bargaining,full_memory,bargaining:22,2,receiver_3,syn-barg-022-a3,0.0,0.0,0.0,injected_unvalidated
bargaining,full_memory,bargaining:22,2,receiver_3,syn-barg-022-a4,0.0,0.0,0.0,injected_unvalidated
bargaining,full_memory,bargaining:22,2,receiver_3,syn-barg-022-a5,1.0,1.0,0.0,injected_unvalidated
bargaining,full_memory,bargaining:22,2,receiver_3,syn-barg-022-a6,0.0,0.0,0.0,injected_unvalidated
bargaining,retrieval,bargaining:22,2,receiver_1,syn-barg-022-a1,0.0,0.0,0.0,injected_unvalidated
bargaining,retrieval,bargaining:22,2,receiver_1,syn-barg-022-a2,0.0,0.0,0.0,injected_unvalidated
bargaining,retrieval,bargaining:22,2,receiver_1,syn-barg-022-a3,1.0,0.0,1.0,validated
bargaining,retrieval,bargaining:22,2,receiver_2,syn-barg-022-a1,0.0,0.0,0.0,injected_unvalidated
bargaining,retrieval,bargaining:22,2,receiver_2,syn-barg-022-a2,0.0,0.0,0.0,injected_unvalidated
bargaining,retrieval,bargaining:22,2,receiver_2,syn-barg-022-a3,0.0,0.0,0.0,injected_unvalidated
bargaining,retrieval,bargaining:22,2,receiver_3,syn-barg-022-a1,0.0,0.0,0.0,injected_unvalidated
bargaining,retrieval,bargaining:22,2,receiver_3,syn-barg-022-a2,1.0,0.0,1.0,validated
bargaining,retrieval,bargaining:22,2,receiver_3,syn-barg-022-a3,0.0,0.0,0.0,injected_unvalidated
bargaining,smtr_uniform,bargaining:22,2,receiver_1,syn-barg-022-a3,1.0,0.0,1.0,validated
bargaining,smtr_uniform,bargaining:22,2,receiver_1,syn-barg-022-a2,0.0,0.0,0.0,injected_unvalidated
bargaining,smtr_uniform,bargaining:22,2,receiver_2,syn-barg-022-a3,0.0,0.0,0.0,injected_unvalidated
bargaining,smtr_uniform,bargaining:22,2,receiver_2,syn-barg-022-a2,0.0,0.0,0.0,injected_unvalidated
bargaining,smtr_uniform,bargaining:22,2,receiver_3,syn-barg-022-a3,0.0,0.0,0.0,injected_unvalidated
bargaining,smtr_uniform,bargaining:22,2,receiver_3,syn-barg-022-a2,1.0,0.0,1.0,validated
bargaining,smtr_receiver,bargaining:22,2,receiver_1,syn-barg-022-a3,1.0,0.0,1.0,validated
bargaining,smtr_receiver,bargaining:22,2,receiver_3,syn-barg-022-a2,1.0,0.0,1.0,validated
bargaining,full_memory,bargaining:26,0,receiver_1,syn-barg-026-a1,0.0,0.0,0.0,injected_unvalidated
bargaining,full_memory,bargaining:26,0,receiver_1,syn-barg-026-a2,1.0,1.0,0.0,injected_unvalidated
bargaining,full_memory,bargaining:26,0,receiver_1,syn-barg-026-a3,1.0,1.0,0.0,injected_unvalidated
bargaining,full_memory,bargaining:26,0,receiver_1,syn-barg-026-a4,1.0,0.0,1.0,validated
bargaining,full_memory,bargaining:26,0,receiver_1,syn-barg-026-a5,0.0,0.0,0.0,injected_unvalidated
bargaining,full_memory,bargaining:26,0,receiver_1,syn-barg-026-a6,1.0,0.0,1.0,validated
bargaining,full_memory,bargaining:26,0,receiver_2,syn-barg-026-a1,0.0,0.0,0.0,injected_unvalidated
bargaining,full_memory,bargaining:26,0,receiver_2,syn-barg-026-a2,1.0,1.0,0.0,injected_unvalidated
bargaining,full_memory,bargaining:26,0,receiver_2,syn-barg-026-a3,1.0,1.0,0.0,injected_unvalidated
bargaining,full_memory,bargaining:26,0,receiver_2,syn-barg-026-a4,1.0,0.0,1.0,validated
bargaining,full_memory,bargaining:26,0,receiver_2,syn-barg-026-a5,0.0,0.0,0.0,injected_unvalidated
bargaining,full_memory,bargaining:26,0,receiver_2,syn-barg-026-a6,1.0,0.0,1.0,validated
bargaining,full_memory,bargaining:26,0,receiver_3,syn-barg-026-a1,0.0,0.0,0.0,injected_unvalidated
bargaining,full_memory,bargaining:26,0,receiver_3,syn-barg-026-a2,1.0,1.0,0.0,injected_unvalidated
bargaining,full_memory,bargaining:26,0,receiver_3,syn-barg-026-a3,1.0,1.0,0.0,injected_unvalidated
bargaining,full_memory,bargaining:26,0,receiver_3,syn-barg-026-a4,1.0,0.0,1.0,validated
bargaining,full_memory,bargaining:26,0,receiver_3,syn-barg-026-a5,0.0,0.0,0.0,injected_unvalidated
bargaining,full_memory,bargaining:26,0,receiver_3,syn-barg-026-a6,1.0,0.0,1.0,validated
bargaining,retrieval,bargaining:26,0,receiver_1,syn-barg-026-a1,0.0,0.0,0.0,injected_unvalidated
bargaining,retrieval,bargaining:26,0,receiver_1,syn-barg-026-a2,1.0,1.0,0.0,injected_unvalidated
bargaining,retrieval,bargaining:26,0,receiver_1,syn-barg-026-a3,1.0,1.0,0.0,injected_unvalidated
bargaining,retrieval,bargaining:26,0,receiver_2,syn-barg-026-a1,0.0,0.0,0.0,injected_unvalidated
bargaining,retrieval,bargaining:26,0,receiver_2,syn-barg-026-a2,1.0,1.0,0.0,injected_unvalidated
bargaining,retrieval,bargaining:26,0,receiver_2,syn-barg-026-a3,1.0,1.0,0.0,injected_unvalidated
bargaining,retrieval,bargaining:26,0,receiver_3,syn-barg-026-a1,0.0,0.0,0.0,injected_unvalidated
bargaining,retrieval,bargaining:26,0,receiver_3,syn-barg-026-a2,1.0,1.0,0.0,injected_unvalidated
bargaining,retrieval,bargaining:26,0,receiver_3,syn-barg-026-a3,1.0,1.0,0.0,injected_unvalidated
bargaining,smtr_uniform,bargaining:26,0,receiver_1,syn-barg-026-a6,1.0,0.0,1.0,validated
bargaining,smtr_uniform,bargaining:26,0,receiver_1,syn-barg-026-a4,1.0,0.0,1.0,validated
bargaining,smtr_uniform,bargaining:26,0,receiver_2,syn-barg-026-a6,1.0,0.0,1.0,validated
bargaining,smtr_uniform,bargaining:26,0,receiver_2,syn-barg-026-a4,1.0,0.0,1.0,validated
bargaining,smtr_uniform,bargaining:26,0,receiver_3,syn-barg-026-a6,1.0,0.0,1.0,validated
bargaining,smtr_uniform,bargaining:26,0,receiver_3,syn-barg-026-a4,1.0,0.0,1.0,validated
bargaining,smtr_receiver,bargaining:26,0,receiver_1,syn-barg-026-a6,1.0,0.0,1.0,validated
bargaining,smtr_receiver,bargaining:26,0,receiver_1,syn-barg-026-a4,1.0,0.0,1.0,validated
bargaining,smtr_receiver,bargaining:26,0,receiver_2,syn-barg-026-a6,1.0,0.0,1.0,validated
bargaining,smtr_receiver,bargaining:26,0,receiver_2,syn-barg-026-a4,1.0,0.0,1.0,validated
bargaining,smtr_receiver,bargaining:26,0,receiver_3,syn-barg-026-a6,1.0,0.0,1.0,validated
bargaining,smtr_receiver,bargaining:26,0,receiver_3,syn-barg-026-a4,1.0,0.0,1.0,validated
bargaining,full_memory,bargaining:26,1,receiver_1,syn-barg-026-a1,0.0,0.0,0.0,injected_unvalidated
bargaining,full_memory,bargaining:26,1,receiver_1,syn-barg-026-a2,0.0,0.0,0.0,injected_unvalidated
bargaining,full_memory,bargaining:26,1,receiver_1,syn-barg-026-a3,0.0,0.0,0.0,injected_unvalidated
bargaining,full_memory,bargaining:26,1,receiver_1,syn-barg-026-a4,0.0,0.0,0.0,injected_unvalidated
bargaining,full_memory,bargaining:26,1,receiver_1,syn-barg-026-a5,1.0,1.0,0.0,injected_unvalidated
bargaining,full_memory,bargaining:26,1,receiver_1,syn-barg-026-a6,0.0,0.0,0.0,injected_unvalidated
bargaining,full_memory,bargaining:26,1,receiver_2,syn-barg-026-a1,0.0,0.0,0.0,injected_unvalidated
bargaining,full_memory,bargaining:26,1,receiver_2,syn-barg-026-a2,1.0,0.0,1.0,validated
bargaining,full_memory,bargaining:26,1,receiver_2,syn-barg-026-a3,0.0,0.0,0.0,injected_unvalidated
bargaining,full_memory,bargaining:26,1,receiver_2,syn-barg-026-a4,0.0,0.0,0.0,injected_unvalidated
bargaining,full_memory,bargaining:26,1,receiver_2,syn-barg-026-a5,1.0,1.0,0.0,injected_unvalidated
bargaining,full_memory,bargaining:26,1,receiver_2,syn-barg-026-a6,0.0,0.0,0.0,injected_unvalidated
bargaining,full_memory,bargaining:26,1,receiver_3,syn-barg-026-a1,0.0,0.0,0.0,injected_unvalidated
bargaining,full_memory,bargaining:26,1,receiver_3,syn-barg-026-a2,0.0,0.0,0.0,injected_unvalidated
bargaining,full_memory,bargaining:26,1,receiver_3,syn-barg-026-a3,0.0,0.0,0.0,injected_unvalidated
bargaining,full_memory,bargaining:26,1,receiver_3,syn-barg-026-a4,0.0,0.0,0.0,injected_unvalidated
bargaining,full_memory,bargaining:26,1,receiver_3,syn-barg-026-a5,1.0,1.0,0.0,injected_unvalidated
bargaining,full_memory,bargaining:26,1,receiver_3,syn-barg-026-a6,0.0,0.0,0.0,injected_unvalidated
bargaining,retrieval,bargaining:26,1,receiver_1,syn-barg-026-a1,0.0,0.0,0.0,injected_unvalidated
bargaining,retrieval,bargaining:26,1,receiver_1,syn-barg-026-a2,0.0,0.0,0.0,injected_unvalidated
bargaining,retrieval,bargaining:26,1,receiver_1,syn-barg-026-a3,0.0,0.0,0.0,injected_unvalidated
bargaining,retrieval,bargaining:26,1,receiver_2,syn-barg-026-a1,0.0,0.0,0.0,injected_unvalidated
bargaining,retrieval,bargaining:26,1,receiver_2,syn-barg-026-a2,1.0,0.0,1.0,validated
bargaining,retrieval,bargaining:26,1,receiver_2,syn-barg-026-a3,0.0,0.0,0.0,injected_unvalidated
bargaining,retrieval,bargaining:26,1,receiver_3,syn-barg-026-a1,0.0,0.0,0.0,injected_unvalidated
bargaining,retrieval,bargaining:26,1,receiver_3,syn-barg-026-a2,0.0,0.0,0.0,injected_unvalidated
bargaining,retrieval,bargaining:26,1,receiver_3,syn-barg-026-a3,0.0,0.0,0.0,injected_unvalidated
bargaining,smtr_uniform,bargaining:26,1,receiver_1,syn-barg-026-a2,0.0,0.0,0.0,injected_unvalidated
bargaining,smtr_uniform,bargaining:26,1,receiver_2,syn-barg-026-a2,1.0,0.0,1.0,validated
bargaining,smtr_uniform,bargaining:26,1,receiver_3,syn-barg-026-a2,0.0,0.0,0.0,injected_unvalidated
bargaining,smtr_receiver,bargaining:26,1,receiver_2,syn-barg-026-a2,1.0,0.0,1.0,validated
bargaining,full_memory,bargaining:26,2,receiver_1,syn-barg-026-a1,1.0,0.0,1.0,validated
bargaining,full_memory,bargaining:26,2,receiver_1,syn-barg-026-a2,1.0,0.0,1.0,validated
bargaining,full_memory,bargaining:26,2,receiver_1,syn-barg-026-a3,1.0,1.0,0.0,injected_unvalidated
bargaining,full_memory,bargaining:26,2,receiver_1,syn-barg-026-a4,0.0,0.0,0.0,injected_unvalidated
bargaining,full_memory,bargaining:26,2,receiver_1,syn-barg-026-a5,1.0,1.0,0.0,injected_unvalidated
bargaining,full_memory,bargaining:26,2,receiver_1,syn-barg-026-a6,0.0,1.0,-1.0,injected_unvalidated
bargaining,full_memory,bargaining:26,2,receiver_2,syn-barg-026-a1,1.0,0.0,1.0,validated
bargaining,full_memory,bargaining:26,2,receiver_2,syn-barg-026-a2,0.0,0.0,0.0,injected_unvalidated
bargaining,full_memory,bargaining:26,2,receiver_2,syn-barg-026-a3,1.0,1.0,0.0,injected_unvalidated
bargaining,full_memory,bargaining:26,2,receiver_2,syn-barg-026-a4,0.0,0.0,0.0,injected_unvalidated
bargaining,full_memory,bargaining:26,2,receiver_2,syn-barg-026-a5,1.0,1.0,0.0,injected_unvalidated
bargaining,full_memory,bargaining:26,2,receiver_2,syn-barg-026-a6,0.0,1.0,-1.0,injected_unvalidated
bargaining,full_memory,bargaining:26,2,receiver_3,syn-barg-026-a1,1.0,0.0,1.0,validated
bargaining,full_memory,bargaining:26,2,receiver_3,syn-barg-026-a2,0.0,0.0,0.0,injected_unvalidated
bargaining,full_memory,bargaining:26,2,receiver_3,syn-barg-026-a3,1.0,1.0,0.0,injected_unvalidated
bargaining,full_memory,bargaining:26,2,receiver_3,syn-barg-026-a4,0.0,0.0,0.0,injected_unvalidated
bargaining,full_memory,bargaining:26,2,receiver_3,syn-barg-026-a5,1.0,1.0,0.0,injected_unvalidated
bargaining,full_memory,bargaining:26,2,receiver_3,syn-barg-026-a6,0.0,1.0,-1.0,injected_unvalidated
bargaining,retrieval,bargaining:26,2,receiver_1,syn-barg-026-a1,1.0,0.0,1.0,validated
bargaining,retrieval,bargaining:26,2,receiver_1,syn-barg-026-a2,1.0,0.0,1.0,validated
bargaining,retrieval,bargaining:26,2,receiver_1,syn-barg-026-a3,1.0,1.0,0.0,injected_unvalidated
bargaining,retrieval,bargaining:26,2,receiver_2,syn-barg-026-a1,1.0,0.0,1.0,validated
bargaining,retrieval,bargaining:26,2,receiver_2,syn-barg-026-a2,0.0,0.0,0.0,injected_unvalidated
bargaining,retrieval,bargaining:26,2,receiver_2,syn-barg-026-a3,1.0,1.0,0.0,injected_unvalidated
bargaining,retrieval,bargaining:26,2,receiver_3,syn-barg-026-a1,1.0,0.0,1.0,validated
bargaining,retrieval,bargaining:26,2,receiver_3,syn-barg-026-a2,0.0,0.0,0.0,injected_unvalidated
bargaining,retrieval,bargaining:26,2,receiver_3,syn-barg-026-a3,1.0,1.0,0.0,injected_unvalidated
bargaining,smtr_uniform,bargaining:26,2,receiver_1,syn-barg-026-a1,1.0,0.0,1.0,validated
bargaining,smtr_uniform,bargaining:26,2,receiver_1,syn-barg-026-a2,1.0,0.0,1.0,validated
bargaining,smtr_uniform,bargaining:26,2,receiver_2,syn-barg-026-a1,1.0,0.0,1.0,validated
bargaining,smtr_uniform,bargaining:26,2,receiver_2,syn-barg-026-a2,0.0,0.0,0.0,injected_unvalidated
bargaining,smtr_uniform,bargaining:26,2,receiver_3,syn-barg-026-a1,1.0,0.0,1.0,validated
bargaining,smtr_uniform,bargaining:26,2,receiver_3,syn-barg-026-a2,0.0,0.0,0.0,injected_unvalidated
bargaining,smtr_receiver,bargaining:26,2,receiver_1,syn-barg-026-a2,1.0,0.0,1.0,validated
bargaining,smtr_receiver,bargaining:26,2,receiver_1,syn-barg-026-a1,1.0,0.0,1.0,validated
bargaining,smtr_receiver,bargaining:26,2,receiver_2,syn-barg-026-a1,1.0,0.0,1.0,validated
bargaining,smtr_receiver,bargaining:26,2,receiver_3,syn-barg-026-a1,1.0,0.0,1.0,validated
bargaining,full_memory,bargaining:27,0,receiver_1,syn-barg-027-a1,0.0,0.0,0.0,injected_unvalidated
bargaining,full_memory,bargaining:27,0,receiver_1,syn-barg-027-a2,0.0,0.0,0.0,injected_unvalidated
bargaining,full_memory,bargaining:27,0,receiver_1,syn-barg-027-a3,0.0,1.0,-1.0,injected_unvalidated
bargaining,full_memory,bargaining:27,0,receiver_1,syn-barg-027-a4,0.0,0.0,0.0,injected_unvalidated
bargaining,full_memory,bargaining:27,0,receiver_1,syn-barg-027-a5,0.0,0.0,0.0,injected_unvalidated
bargaining,full_memory,bargaining:27,0,receiver_1,syn-barg-027-a6,0.0,0.0,0.0,injected_unvalidated
bargaining,full_memory,bargaining:27,0,receiver_2,syn-barg-027-a1,0.0,0.0,0.0,injected_unvalidated
bargaining,full_memory,bargaining:27,0,receiver_2,syn-barg-027-a2,0.0,0.0,0.0,injected_unvalidated
bargaining,full_memory,bargaining:27,0,receiver_2,syn-barg-027-a3,0.0,1.0,-1.0,injected_unvalidated
bargaining,full_memory,bargaining:27,0,receiver_2,syn-barg-027-a4,0.0,0.0,0.0,injected_unvalidated
bargaining,full_memory,bargaining:27,0,receiver_2,syn-barg-027-a5,0.0,0.0,0.0,injected_unvalidated
bargaining,full_memory,bargaining:27,0,receiver_2,syn-barg-027-a6,0.0,0.0,0.0,injected_unvalidated
bargaining,full_memory,bargaining:27,0,receiver_3,syn-barg-027-a1,0.0,0.0,0.0,injected_unvalidated
bargaining,full_memory,bargaining:27,0,receiver_3,syn-barg-027-a2,0.0,0.0,0.0,injected_unvalidated
bargaining,full_memory,bargaining:27,0,receiver_3,syn-barg-027-a3,0.0,1.0,-1.0,injected_unvalidated
bargaining,full_memory,bargaining:27,0,receiver_3,syn-barg-027-a4,0.0,0.0,0.0,injected_unvalidated
bargaining,full_memory,bargaining:27,0,receiver_3,syn-barg-027-a5,0.0,0.0,0.0,injected_unvalidated
bargaining,full_memory,bargaining:27,0,receiver_3,syn-barg-027-a6,0.0,0.0,0.0,injected_unvalidated
bargaining,retrieval,bargaining:27,0,receiver_1,syn-barg-027-a1,0.0,0.0,0.0,injected_unvalidated
bargaining,retrieval,bargaining:27,0,receiver_1,syn-barg-027-a2,0.0,0.0,0.0,injected_unvalidated
bargaining,retrieval,bargaining:27,0,receiver_1,syn-barg-027-a3,0.0,1.0,-1.0,injected_unvalidated
bargaining,retrieval,bargaining:27,0,receiver_2,syn-barg-027-a1,0.0,0.0,0.0,injected_unvalidated
bargaining,retrieval,bargaining:27,0,receiver_2,syn-barg-027-a2,0.0,0.0,0.0,injected_unvalidated
bargaining,retrieval,bargaining:27,0,receiver_2,syn-barg-027-a3,0.0,1.0,-1.0,injected_unvalidated
bargaining,retrieval,bargaining:27,0,receiver_3,syn-barg-027-a1,0.0,0.0,0.0,injected_unvalidated
bargaining,retrieval,bargaining:27,0,receiver_3,syn-barg-027-a2,0.0,0.0,0.0,injected_unvalidated
bargaining,retrieval,bargaining:27,0,receiver_3,syn-barg-027-a3,0.0,1.0,-1.0,injected_unvalidated
bargaining,full_memory,bargaining:27,1,receiver_1,syn-barg-027-a1,0.0,0.0,0.0,injected_unvalidated
bargaining,full_memory,bargaining:27,1,receiver_1,syn-barg-027-a2,1.0,0.0,1.0,validated
bargaining,full_memory,bargaining:27,1,receiver_1,syn-barg-027-a3,0.0,0.0,0.0,injected_unvalidated
bargaining,full_memory,bargaining:27,1,receiver_1,syn-barg-027-a4,0.0,0.0,0.0,injected_unvalidated
bargaining,full_memory,bargaining:27,1,receiver_1,syn-barg-027-a5,0.0,0.0,0.0,injected_unvalidated
bargaining,full_memory,bargaining:27,1,receiver_1,syn-barg-027-a6,0.0,0.0,0.0,injected_unvalidated
bargaining,full_memory,bargaining:27,1,receiver_2,syn-barg-027-a1,0.0,0.0,0.0,injected_unvalidated
bargaining,full_memory,bargaining:27,1,receiver_2,syn-barg-027-a2,0.0,0.0,0.0,injected_unvalidated
bargaining,full_memory,bargaining:27,1,receiver_2,syn-barg-027-a3,0.0,0.0,0.0,injected_unvalidated
bargaining,full_memory,bargaining:27,1,receiver_2,syn-barg-027-a4,0.0,0.0,0.0,injected_unvalidated
bargaining,full_memory,bargaining:27,1,receiver_2,syn-barg-027-a5,0.0,0.0,0.0,injected_unvalidated
bargaining,full_memory,bargaining:27,1,receiver_2,syn-barg-027-a6,0.0,0.0,0.0,injected_unvalidated
bargaining,full_memory,bargaining:27,1,receiver_3,syn-barg-027-a1,0.0,0.0,0.0,injected_unvalidated
bargaining,full_memory,bargaining:27,1,receiver_3,syn-barg-027-a2,1.0,0.0,1.0,validated
bargaining,full_memory,bargaining:27,1,receiver_3,syn-barg-027-a3,0.0,0.0,0.0,injected_unvalidated
bargaining,full_memory,bargaining:27,1,receiver_3,syn-barg-027-a4,0.0,0.0,0.0,injected_unvalidated
bargaining,full_memory,bargaining:27,1,receiver_3,syn-barg-027-a5,0.0,0.0,0.0,injected_unvalidated
bargaining,full_memory,bargaining:27,1,receiver_3,syn-barg-027-a6,0.0,0.0,0.0,injected_unvalidated
bargaining,retrieval,bargaining:27,1,receiver_1,syn-barg-027-a1,0.0,0.0,0.0,injected_unvalidated
bargaining,retrieval,bargaining:27,1,receiver_1,syn-barg-027-a2,1.0,0.0,1.0,validated
bargaining,retrieval,bargaining:27,1,receiver_1,syn-barg-027-a3,0.0,0.0,0.0,injected_unvalidated
bargaining,retrieval,bargaining:27,1,receiver_2,syn-barg-027-a1,0.0,0.0,0.0,injected_unvalidated
bargaining,retrieval,bargaining:27,1,receiver_2,syn-barg-027-a2,0.0,0.0,0.0,injected_unvalidated
bargaining,retrieval,bargaining:27,1,receiver_2,syn-barg-027-a3,0.0,0.0,0.0,injected_unvalidated
bargaining,retrieval,bargaining:27,1,receiver_3,syn-barg-027-a1,0.0,0.0,0.0,injected_unvalidated
bargaining,retrieval,bargaining:27,1,receiver_3,syn-barg-027-a2,1.0,0.0,1.0,validated
bargaining,retrieval,bargaining:27,1,receiver_3,syn-barg-027-a3,0.0,0.0,0.0,injected_unvalidated
bargaining,smtr_uniform,bargaining:27,1,receiver_1,syn-barg-027-a2,1.0,0.0,1.0,validated
bargaining,smtr_uniform,bargaining:27,1,receiver_2,syn-barg-027-a2,0.0,0.0,0.0,injected_unvalidated
bargaining,smtr_uniform,bargaining:27,1,receiver_3,syn-barg-027-a2,1.0,0.0,1.0,validated
bargaining,smtr_receiver,bargaining:27,1,receiver_1,syn-barg-027-a2,1.0,0.0,1.0,validated
bargaining,smtr_receiver,bargaining:27,1,receiver_3,syn-barg-027-a2,1.0,0.0,1.0,validated
bargaining,full_memory,bargaining:27,2,receiver_1,syn-barg-027-a1,0.0,0.0,0.0,injected_unvalidated
bargaining,full_memory,bargaining:27,2,receiver_1,syn-barg-027-a2,1.0,1.0,0.0,injected_unvalidated
bargaining,full_memory,bargaining:27,2,receiver_1,syn-barg-027-a3,0.0,0.0,0.0,injected_unvalidated
bargaining,full_memory,bargaining:27,2,receiver_1,syn-barg-027-a4,0.0,0.0,0.0,injected_unvalidated
bargaining,full_memory,bargaining:27,2,receiver_1,syn-barg-027-a5,1.0,1.0,0.0,injected_unvalidated
bargaining,full_memory,bargaining:27,2,receiver_1,syn-barg-027-a6,1.0,0.0,1.0,validated
bargaining,full_memory,bargaining:27,2,receiver_2,syn-barg-027-a1,0.0,0.0,0.0,injected_unvalidated
bargaining,full_memory,bargaining:27,2,receiver_2,syn-barg-027-a2,1.0,1.0,0.0,injected_unvalidated
bargaining,full_memory,bargaining:27,2,receiver_2,syn-barg-027-a3,0.0,0.0,0.0,injected_unvalidated
bargaining,full_memory,bargaining:27,2,receiver_2,syn-barg-027-a4,0.0,0.0,0.0,injected_unvalidated
bargaining,full_memory,bargaining:27,2,receiver_2,syn-barg-027-a5,1.0,1.0,0.0,injected_unvalidated
bargaining,full_memory,bargaining:27,2,receiver_2,syn-barg-027-a6,0.0,0.0,0.0,injected_unvalidated
bargaining,full_memory,bargaining:27,2,receiver_3,syn-barg-027-a1,0.0,0.0,0.0,injected_unvalidated
bargaining,full_memory,bargaining:27,2,receiver_3,syn-barg-027-a2,1.0,1.0,0.0,injected_unvalidated
bargaining,full_memory,bargaining:27,2,receiver_3,syn-barg-027-a3,0.0,0.0,0.0,injected_unvalidated
bargaining,full_memory,bargaining:27,2,receiver_3,syn-barg-027-a4,0.0,0.0,0.0,injected_unvalidated
bargaining,full_memory,bargaining:27,2,receiver_3,syn-barg-027-a5,1.0,1.0,0.0,injected_unvalidated
bargaining,full_memory,bargaining:27,2,receiver_3,syn-barg-027-a6,1.0,0.0,1.0,validated
bargaining,retrieval,bargaining:27,2,receiver_1,syn-barg-027-a1,0.0,0.0,0.0,injected_unvalidated
bargaining,retrieval,bargaining:27,2,receiver_1,syn-barg-027-a2,1.0,1.0,0.0,injected_unvalidated
bargaining,retrieval,bargaining:27,2,receiver_1,syn-barg-027-a3,0.0,0.0,0.0,injected_unvalidated
bargaining,retrieval,bargaining:27,2,receiver_2,syn-barg-027-a1,0.0,0.0,0.0,injected_unvalidated
bargaining,retrieval,bargaining:27,2,receiver_2,syn-barg-027-a2,1.0,1.0,0.0,injected_unvalidated
bargaining,retrieval,bargaining:27,2,receiver_2,syn-barg-027-a3,0.0,0.0,0.0,injected_unvalidated
bargaining,retrieval,bargaining:27,2,receiver_3,syn-barg-027-a1,0.0,0.0,0.0,injected_unvalidated
bargaining,retrieval,bargaining:27,2,receiver_3,syn-barg-027-a2,1.0,1.0,0.0,injected_unvalidated
bargaining,retrieval,bargaining:27,2,receiver_3,syn-barg-027-a3,0.0,0.0,0.0,injected_unvalidated
bargaining,smtr_uniform,bargaining:27,2,receiver_1,syn-barg-027-a6,1.0,0.0,1.0,validated
bargaining,smtr_uniform,bargaining:27,2,receiver_2,syn-barg-027-a6,0.0,0.0,0.0,injected_unvalidated
bargaining,smtr_uniform,bargaining:27,2,receiver_3,syn-barg-027-a6,1.0,0.0,1.0,validated
bargaining,smtr_receiver,bargaining:27,2,receiver_1,syn-barg-027-a6,1.0,0.0,1.0,validated
bargaining,smtr_receiver,bargaining:27,2,receiver_3,syn-barg-027-a6,1.0,0.0,1.0,validated
bargaining,full_memory,bargaining:3,0,receiver_1,syn-barg-003-a1,1.0,1.0,0.0,injected_unvalidated
bargaining,full_memory,bargaining:3,0,receiver_1,syn-barg-003-a2,1.0,0.0,1.0,validated
bargaining,full_memory,bargaining:3,0,receiver_1,syn-barg-003-a3,0.0,0.0,0.0,injected_unvalidated
bargaining,full_memory,bargaining:3,0,receiver_1,syn-barg-003-a4,0.0,0.0,0.0,injected_unvalidated
bargaining,full_memory,bargaining:3,0,receiver_1,syn-barg-003-a5,1.0,1.0,0.0,injected_unvalidated
bargaining,full_memory,bargaining:3,0,receiver_1,syn-barg-003-a6,1.0,1.0,0.0,injected_unvalidated
bargaining,full_memory,bargaining:3,0,receiver_2,syn-barg-003-a1,1.0,1.0,0.0,injected_unvalidated
bargaining,full_memory,bargaining:3,0,receiver_2,syn-barg-003-a2,1.0,0.0,1.0,validated
bargaining,full_memory,bargaining:3,0,receiver_2,syn-barg-003-a3,0.0,0.0,0.0,injected_unvalidated
bargaining,full_memory,bargaining:3,0,receiver_2,syn-barg-003-a4,0.0,0.0,0.0,injected_unvalidated
bargaining,full_memory,bargaining:3,0,receiver_2,syn-barg-003-a5,1.0,1.0,0.0,injected_unvalidated
bargaining,full_memory,bargaining:3,0,receiver_2,syn-barg-003-a6,1.0,1.0,0.0,injected_unvalidated
bargaining,full_memory,bargaining:3,0,receiver_3,syn-barg-003-a1,1.0,1.0,0.0,injected_unvalidated
bargaining,full_memory,bargaining:3,0,receiver_3,syn-barg-003-a2,1.0,0.0,1.0,validated
bargaining,full_memory,bargaining:3,0,receiver_3,syn-barg-003-a3,0.0,0.0,0.0,injected_unvalidated
bargaining,full_memory,bargaining:3,0,receiver_3,syn-barg-003-a4,0.0,0.0,0.0,injected_unvalidated
bargaining,full_memory,bargaining:3,0,receiver_3,syn-barg-003-a5,1.0,1.0,0.0,injected_unvalidated
bargaining,full_memory,bargaining:3,0,receiver_3,syn-barg-003-a6,1.0,1.0,0.0,injected_unvalidated
bargaining,retrieval,bargaining:3,0,receiver_1,syn-barg-003-a1,1.0,1.0,0.0,injected_unvalidated
bargaining,retrieval,bargaining:3,0,receiver_1,syn-barg-003-a2,1.0,0.0,1.0,validated
bargaining,retrieval,bargaining:3,0,receiver_1,syn-barg-003-a3,0.0,0.0,0.0,injected_unvalidated
bargaining,retrieval,bargaining:3,0,receiver_2,syn-barg-003-a1,1.0,1.0,0.0,injected_unvalidated
bargaining,retrieval,bargaining:3,0,receiver_2,syn-barg-003-a2,1.0,0.0,1.0,validated
bargaining,retrieval,bargaining:3,0,receiver_2,syn-barg-003-a3,0.0,0.0,0.0,injected_unvalidated
bargaining,retrieval,bargaining:3,0,receiver_3,syn-barg-003-a1,1.0,1.0,0.0,injected_unvalidated
bargaining,retrieval,bargaining:3,0,receiver_3,syn-barg-003-a2,1.0,0.0,1.0,validated
bargaining,retrieval,bargaining:3,0,receiver_3,syn-barg-003-a3,0.0,0.0,0.0,injected_unvalidated
bargaining,smtr_uniform,bargaining:3,0,receiver_1,syn-barg-003-a2,1.0,0.0,1.0,validated
bargaining,smtr_uniform,bargaining:3,0,receiver_2,syn-barg-003-a2,1.0,0.0,1.0,validated
bargaining,smtr_uniform,bargaining:3,0,receiver_3,syn-barg-003-a2,1.0,0.0,1.0,validated
bargaining,smtr_receiver,bargaining:3,0,receiver_1,syn-barg-003-a2,1.0,0.0,1.0,validated
bargaining,smtr_receiver,bargaining:3,0,receiver_2,syn-barg-003-a2,1.0,0.0,1.0,validated
bargaining,smtr_receiver,bargaining:3,0,receiver_3,syn-barg-003-a2,1.0,0.0,1.0,validated
bargaining,full_memory,bargaining:3,1,receiver_1,syn-barg-003-a1,0.0,0.0,0.0,injected_unvalidated
bargaining,full_memory,bargaining:3,1,receiver_1,syn-barg-003-a2,0.0,0.0,0.0,injected_unvalidated
bargaining,full_memory,bargaining:3,1,receiver_1,syn-barg-003-a3,1.0,1.0,0.0,injected_unvalidated
bargaining,full_memory,bargaining:3,1,receiver_1,syn-barg-003-a4,1.0,0.0,1.0,validated
bargaining,full_memory,bargaining:3,1,receiver_1,syn-barg-003-a5,0.0,1.0,-1.0,injected_unvalidated
bargaining,full_memory,bargaining:3,1,receiver_1,syn-barg-003-a6,0.0,0.0,0.0,injected_unvalidated
bargaining,full_memory,bargaining:3,1,receiver_2,syn-barg-003-a1,0.0,0.0,0.0,injected_unvalidated
bargaining,full_memory,bargaining:3,1,receiver_2,syn-barg-003-a2,0.0,0.0,0.0,injected_unvalidated
bargaining,full_memory,bargaining:3,1,receiver_2,syn-barg-003-a3,1.0,1.0,0.0,injected_unvalidated
bargaining,full_memory,bargaining:3,1,receiver_2,syn-barg-003-a4,1.0,0.0,1.0,validated
bargaining,full_memory,bargaining:3,1,receiver_2,syn-barg-003-a5,0.0,1.0,-1.0,injected_unvalidated
bargaining,full_memory,bargaining:3,1,receiver_2,syn-barg-003-a6,0.0,0.0,0.0,injected_unvalidated
bargaining,full_memory,bargaining:3,1,receiver_3,syn-barg-003-a1,0.0,0.0,0.0,injected_unvalidated
bargaining,full_memory,bargaining:3,1,receiver_3,syn-barg-003-a2,0.0,0.0,0.0,injected_unvalidated
bargaining,full_memory,bargaining:3,1,receiver_3,syn-barg-003-a3,1.0,1.0,0.0,injected_unvalidated
bargaining,full_memory,bargaining:3,1,receiver_3,syn-barg-003-a4,1.0,0.0,1.0,validated
bargaining,full_memory,bargaining:3,1,receiver_3,syn-barg-003-a5,0.0,1.0,-1.0,injected_unvalidated
bargaining,full_memory,bargaining:3,1,receiver_3,syn-barg-003-a6,0.0,0.0,0.0,injected_unvalidated
bargaining,retrieval,bargaining:3,1,receiver_1,syn-barg-003-a1,0.0,0.0,0.0,injected_unvalidated
bargaining,retrieval,bargaining:3,1,receiver_1,syn-barg-003-a2,0.0,0.0,0.0,injected_unvalidated
bargaining,retrieval,bargaining:3,1,receiver_1,syn-barg-003-a3,1.0,1.0,0.0,injected_unvalidated
bargaining,retrieval,bargaining:3,1,receiver_2,syn-barg-003-a1,0.0,0.0,0.0,injected_unvalidated
bargaining,retrieval,bargaining:3,1,receiver_2,syn-barg-003-a2,0.0,0.0,0.0,injected_unvalidated
bargaining,retrieval,bargaining:3,1,receiver_2,syn-barg-003-a3,1.0,1.0,0.0,injected_unvalidated
bargaining,retrieval,bargaining:3,1,receiver_3,syn-barg-003-a1,0.0,0.0,0.0,injected_unvalidated
bargaining,retrieval,bargaining:3,1,receiver_3,syn-barg-003-a2,0.0,0.0,0.0,injected_unvalidated
bargaining,retrieval,bargaining:3,1,receiver_3,syn-barg-003-a3,1.0,1.0,0.0,injected_unvalidated
bargaining,smtr_uniform,bargaining:3,1,receiver_1,syn-barg-003-a4,1.0,0.0,1.0,validated
bargaining,smtr_uniform,bargaining:3,1,receiver_2,syn-barg-003-a4,1.0,0.0,1.0,validated
bargaining,smtr_uniform,bargaining:3,1,receiver_3,syn-barg-003-a4,1.0,0.0,1.0,validated
bargaining,smtr_receiver,bargaining:3,1,receiver_1,syn-barg-003-a4,1.0,0.0,1.0,validated
bargaining,smtr_receiver,bargaining:3,1,receiver_2,syn-barg-003-a4,1.0,0.0,1.0,validated
bargaining,smtr_receiver,bargaining:3,1,receiver_3,syn-barg-003-a4,1.0,0.0,1.0,validated
bargaining,full_memory,bargaining:3,2,receiver_1,syn-barg-003-a1,0.0,0.0,0.0,injected_unvalidated
bargaining,full_memory,bargaining:3,2,receiver_1,syn-barg-003-a2,0.0,1.0,-1.0,injected_unvalidated
bargaining,full_memory,bargaining:3,2,receiver_1,syn-barg-003-a3,1.0,1.0,0.0,injected_unvalidated
bargaining,full_memory,bargaining:3,2,receiver_1,syn-barg-003-a4,0.0,0.0,0.0,injected_unvalidated
bargaining,full_memory,bargaining:3,2,receiver_1,syn-barg-003-a5,0.0,1.0,-1.0,injected_unvalidated
bargaining,full_memory,bargaining:3,2,receiver_1,syn-barg-003-a6,0.0,0.0,0.0,injected_unvalidated
bargaining,full_memory,bargaining:3,2,receiver_2,syn-barg-003-a1,0.0,0.0,0.0,injected_unvalidated
bargaining,full_memory,bargaining:3,2,receiver_2,syn-barg-003-a2,0.0,1.0,-1.0,injected_unvalidated
bargaining,full_memory,bargaining:3,2,receiver_2,syn-barg-003-a3,1.0,1.0,0.0,injected_unvalidated
bargaining,full_memory,bargaining:3,2,receiver_2,syn-barg-003-a4,0.0,0.0,0.0,injected_unvalidated
bargaining,full_memory,bargaining:3,2,receiver_2,syn-barg-003-a5,0.0,1.0,-1.0,injected_unvalidated
bargaining,full_memory,bargaining:3,2,receiver_2,syn-barg-003-a6,0.0,0.0,0.0,injected_unvalidated
bargaining,full_memory,bargaining:3,2,receiver_3,syn-barg-003-a1,0.0,0.0,0.0,injected_unvalidated
bargaining,full_memory,bargaining:3,2,receiver_3,syn-barg-003-a2,0.0,1.0,-1.0,injected_unvalidated
bargaining,full_memory,bargaining:3,2,receiver_3,syn-barg-003-a3,1.0,1.0,0.0,injected_unvalidated
bargaining,full_memory,bargaining:3,2,receiver_3,syn-barg-003-a4,0.0,0.0,0.0,injected_unvalidated
bargaining,full_memory,bargaining:3,2,receiver_3,syn-barg-003-a5,0.0,1.0,-1.0,injected_unvalidated
bargaining,full_memory,bargaining:3,2,receiver_3,syn-barg-003-a6,0.0,0.0,0.0,injected_unvalidated
bargaining,retrieval,bargaining:3,2,receiver_1,syn-barg-003-a1,0.0,0.0,0.0,injected_unvalidated
bargaining,retrieval,bargaining:3,2,receiver_1,syn-barg-003-a2,0.0,1.0,-1.0,injected_unvalidated
bargaining,retrieval,bargaining:3,2,receiver_1,syn-barg-003-a3,1.0,1.0,0.0,injected_unvalidated
bargaining,retrieval,bargaining:3,2,receiver_2,syn-barg-003-a1,0.0,0.0,0.0,injected_unvalidated
bargaining,retrieval,bargaining:3,2,receiver_2,syn-barg-003-a2,0.0,1.0,-1.0,injected_unvalidated
bargaining,retrieval,bargaining:3,2,receiver_2,syn-barg-003-a3,1.0,1.0,0.0,injected_unvalidated
bargaining,retrieval,bargaining:3,2,receiver_3,syn-barg-003-a1,0.0,0.0,0.0,injected_unvalidated
bargaining,retrieval,bargaining:3,2,receiver_3,syn-barg-003-a2,0.0,1.0,-1.0,injected_unvalidated
bargaining,retrieval,bargaining:3,2,receiver_3,syn-barg-003-a3,1.0,1.0,0.0,injected_unvalidated
bargaining,full_memory,bargaining:30,0,receiver_1,syn-barg-030-a1,1.0,1.0,0.0,injected_unvalidated
bargaining,full_memory,bargaining:30,0,receiver_1,syn-barg-030-a2,0.0,0.0,0.0,injected_unvalidated
bargaining,full_memory,bargaining:30,0,receiver_1,syn-barg-030-a3,0.0,1.0,-1.0,injected_unvalidated
bargaining,full_memory,bargaining:30,0,receiver_1,syn-barg-030-a4,1.0,1.0,0.0,injected_unvalidated
bargaining,full_memory,bargaining:30,0,receiver_1,syn-barg-030-a5,0.0,1.0,-1.0,injected_unvalidated
bargaining,full_memory,bargaining:30,0,receiver_1,syn-barg-030-a6,1.0,0.0,1.0,validated
bargaining,full_memory,bargaining:30,0,receiver_2,syn-barg-030-a1,1.0,1.0,0.0,injected_unvalidated
bargaining,full_memory,bargaining:30,0,receiver_2,syn-barg-030-a2,1.0,0.0,1.0,validated
bargaining,full_memory,bargaining:30,0,receiver_2,syn-barg-030-a3,0.0,1.0,-1.0,injected_unvalidated
bargaining,full_memory,bargaining:30,0,receiver_2,syn-barg-030-a4,1.0,1.0,0.0,injected_unvalidated
bargaining,full_memory,bargaining:30,0,receiver_2,syn-barg-030-a5,0.0,1.0,-1.0,injected_unvalidated
bargaining,full_memory,bargaining:30,0,receiver_2,syn-barg-030-a6,0.0,0.0,0.0,injected_unvalidated
bargaining,full_memory,bargaining:30,0,receiver_3,syn-barg-030-a1,1.0,1.0,0.0,injected_unvalidated
bargaining,full_memory,bargaining:30,0,receiver_3,syn-barg-030-a2,1.0,0.0,1.0,validated
bargaining,full_memory,bargaining:30,0,receiver_3,syn-barg-030-a3,0.0,1.0,-1.0,injected_unvalidated
bargaining,full_memory,bargaining:30,0,receiver_3,syn-barg-030-a4,0.0,1.0,-1.0,injected_unvalidated
bargaining,full_memory,bargaining:30,0,receiver_3,syn-barg-030-a5,0.0,1.0,-1.0,injected_unvalidated
bargaining,full_memory,bargaining:30,0,receiver_3,syn-barg-030-a6,1.0,0.0,1.0,validated
bargaining,retrieval,bargaining:30,0,receiver_1,syn-barg-030-a1,1.0,1.0,0.0,injected_unvalidated
bargaining,retrieval,bargaining:30,0,receiver_1,syn-barg-030-a2,0.0,0.0,0.0,injected_unvalidated
bargaining,retrieval,bargaining:30,0,receiver_1,syn-barg-030-a3,0.0,1.0,-1.0,injected_unvalidated
bargaining,retrieval,bargaining:30,0,receiver_2,syn-barg-030-a1,1.0,1.0,0.0,injected_unvalidated
bargaining,retrieval,bargaining:30,0,receiver_2,syn-barg-030-a2,1.0,0.0,1.0,validated
bargaining,retrieval,bargaining:30,0,receiver_2,syn-barg-030-a3,0.0,1.0,-1.0,injected_unvalidated
bargaining,retrieval,bargaining:30,0,receiver_3,syn-barg-030-a1,1.0,1.0,0.0,injected_unvalidated
bargaining,retrieval,bargaining:30,0,receiver_3,syn-barg-030-a2,1.0,0.0,1.0,validated
bargaining,retrieval,bargaining:30,0,receiver_3,syn-barg-030-a3,0.0,1.0,-1.0,injected_unvalidated
bargaining,smtr_uniform,bargaining:30,0,receiver_1,syn-barg-030-a6,1.0,0.0,1.0,validated
bargaining,smtr_uniform,bargaining:30,0,receiver_1,syn-barg-030-a2,0.0,0.0,0.0,injected_unvalidated
bargaining,smtr_uniform,bargaining:30,0,receiver_2,syn-barg-030-a6,0.0,0.0,0.0,injected_unvalidated
bargaining,smtr_uniform,bargaining:30,0,receiver_2,syn-barg-030-a2,1.0,0.0,1.0,validated
bargaining,smtr_uniform,bargaining:30,0,receiver_3,syn-barg-030-a6,1.0,0.0,1.0,validated
bargaining,smtr_uniform,bargaining:30,0,receiver_3,syn-barg-030-a2,1.0,0.0,1.0,validated
bargaining,smtr_receiver,bargaining:30,0,receiver_1,syn-barg-030-a6,1.0,0.0,1.0,validated
bargaining,smtr_receiver,bargaining:30,0,receiver_2,syn-barg-030-a2,1.0,0.0,1.0,validated
bargaining,smtr_receiver,bargaining:30,0,receiver_3,syn-barg-030-a6,1.0,0.0,1.0,validated
bargaining,smtr_receiver,bargaining:30,0,receiver_3,syn-barg-030-a2,1.0,0.0,1.0,validated
bargaining,full_memory,bargaining:30,1,receiver_1,syn-barg-030-a1,0.0,0.0,0.0,injected_unvalidated
bargaining,full_memory,bargaining:30,1,receiver_1,syn-barg-030-a2,0.0,0.0,0.0,injected_unvalidated
bargaining,full_memory,bargaining:30,1,receiver_1,syn-barg-030-a3,0.0,0.0,0.0,injected_unvalidated
bargaining,full_memory,bargaining:30,1,receiver_1,syn-barg-030-a4,0.0,0.0,0.0,injected_unvalidated
bargaining,full_memory,bargaining:30,1,receiver_1,syn-barg-030-a5,0.0,0.0,0.0,injected_unvalidated
bargaining,full_memory,bargaining:30,1,receiver_1,syn-barg-030-a6,0.0,0.0,0.0,injected_unvalidated
bargaining,full_memory,bargaining:30,1,receiver_2,syn-barg-030-a1,1.0,0.0,1.0,validated
bargaining,full_memory,bargaining:30,1,receiver_2,syn-barg-030-a2,1.0,0.0,1.0,validated
bargaining,full_memory,bargaining:30,1,receiver_2,syn-barg-030-a3,0.0,0.0,0.0,injected_unvalidated
bargaining,full_memory,bargaining:30,1,receiver_2,syn-barg-030-a4,0.0,0.0,0.0,injected_unvalidated
bargaining,full_memory,bargaining:30,1,receiver_2,syn-barg-030-a5,0.0,0.0,0.0,injected_unvalidated
bargaining,full_memory,bargaining:30,1,receiver_2,syn-barg-030-a6,0.0,0.0,0.0,injected_unvalidated
bargaining,full_memory,bargaining:30,1,receiver_3,syn-barg-030-a1,0.0,0.0,0.0,injected_unvalidated
bargaining,full_memory,bargaining:30,1,receiver_3,syn-barg-030-a2,1.0,0.0,1.0,validated
bargaining,full_memory,bargaining:30,1,receiver_3,syn-barg-030-a3,0.0,0.0,0.0,injected_unvalidated
bargaining,full_memory,bargaining:30,1,receiver_3,syn-barg-030-a4,0.0,1.0,-1.0,injected_unvalidated
bargaining,full_memory,bargaining:30,1,receiver_3,syn-barg-030-a5,0.0,0.0,0.0,injected_unvalidated
bargaining,full_memory,bargaining:30,1,receiver_3,syn-barg-030-a6,0.0,1.0,-1.0,injected_unvalidated
bargaining,retrieval,bargaining:30,1,receiver_1,syn-barg-030-a1,0.0,0.0,0.0,injected_unvalidated
bargaining,retrieval,bargaining:30,1,receiver_1,syn-barg-030-a2,0.0,0.0,0.0,injected_unvalidated
bargaining,retrieval,bargaining:30,1,receiver_1,syn-barg-030-a3,0.0,0.0,0.0,injected_unvalidated
bargaining,retrieval,bargaining:30,1,receiver_2,syn-barg-030-a1,1.0,0.0,1.0,validated
bargaining,retrieval,bargaining:30,1,receiver_2,syn-barg-030-a2,1.0,0.0,1.0,validated
bargaining,retrieval,bargaining:30,1,receiver_2,syn-barg-030-a3,0.0,0.0,0.0,injected_unvalidated
bargaining,retrieval,bargaining:30,1,receiver_3,syn-barg-030-a1,0.0,0.0,0.0,injected_unvalidated
bargaining,retrieval,bargaining:30,1,receiver_3,syn-barg-030-a2,1.0,0.0,1.0,validated
bargaining,retrieval,bargaining:30,1,receiver_3,syn-barg-030-a3,0.0,0.0,0.0,injected_unvalidated
bargaining,smtr_uniform,bargaining:30,1,receiver_1,syn-barg-030-a2,0.0,0.0,0.0,injected_unvalidated
bargaining,smtr_uniform,bargaining:30,1,receiver_1,syn-barg-030-a1,0.0,0.0,0.0,injected_unvalidated
bargaining,smtr_uniform,bargaining:30,1,receiver_2,syn-barg-030-a2,1.0,0.0,1.0,validated
bargaining,smtr_uniform,bargaining:30,1,receiver_2,syn-barg-030-a1,1.0,0.0,1.0,validated
bargaining,smtr_uniform,bargaining:30,1,receiver_3,syn-barg-030-a2,1.0,0.0,1.0,validated
bargaining,smtr_uniform,bargaining:30,1,receiver_3,syn-barg-030-a1,0.0,0.0,0.0,injected_unvalidated
bargaining,smtr_receiver,bargaining:30,1,receiver_2,syn-barg-030-a2,1.0,0.0,1.0,validated
bargaining,smtr_receiver,bargaining:30,1,receiver_2,syn-barg-030-a1,1.0,0.0,1.0,validated
bargaining,smtr_receiver,bargaining:30,1,receiver_3,syn-barg-030-a2,1.0,0.0,1.0,validated
bargaining,full_memory,bargaining:30,2,receiver_1,syn-barg-030-a1,1.0,1.0,0.0,injected_unvalidated
bargaining,full_memory,bargaining:30,2,receiver_1,syn-barg-030-a2,0.0,0.0,0.0,injected_unvalidated
bargaining,full_memory,bargaining:30,2,receiver_1,syn-barg-030-a3,1.0,0.0,1.0,validated
bargaining,full_memory,bargaining:30,2,receiver_1,syn-barg-030-a4,1.0,1.0,0.0,injected_unvalidated
bargaining,full_memory,bargaining:30,2,receiver_1,syn-barg-030-a5,0.0,0.0,0.0,injected_unvalidated
bargaining,full_memory,bargaining:30,2,receiver_1,syn-barg-030-a6,0.0,0.0,0.0,injected_unvalidated
bargaining,full_memory,bargaining:30,2,receiver_2,syn-barg-030-a1,1.0,1.0,0.0,injected_unvalidated
bargaining,full_memory,bargaining:30,2,receiver_2,syn-barg-030-a2,1.0,0.0,1.0,validated
bargaining,full_memory,bargaining:30,2,receiver_2,syn-barg-030-a3,1.0,0.0,1.0,validated
bargaining,full_memory,bargaining:30,2,receiver_2,syn-barg-030-a4,1.0,1.0,0.0,injected_unvalidated
bargaining,full_memory,bargaining:30,2,receiver_2,syn-barg-030-a5,0.0,0.0,0.0,injected_unvalidated
bargaining,full_memory,bargaining:30,2,receiver_2,syn-barg-030-a6,0.0,0.0,0.0,injected_unvalidated
bargaining,full_memory,bargaining:30,2,receiver_3,syn-barg-030-a1,1.0,1.0,0.0,injected_unvalidated
bargaining,full_memory,bargaining:30,2,receiver_3,syn-barg-030-a2,1.0,0.0,1.0,validated
bargaining,full_memory,bargaining:30,2,receiver_3,syn-barg-030-a3,1.0,0.0,1.0,validated
bargaining,full_memory,bargaining:30,2,receiver_3,syn-barg-030-a4,0.0,1.0,-1.0,injected_unvalidated
bargaining,full_memory,bargaining:30,2,receiver_3,syn-barg-030-a5,0.0,0.0,0.0,injected_unvalidated
bargaining,full_memory,bargaining:30,2,receiver_3,syn-barg-030-a6,0.0,1.0,-1.0,injected_unvalidated
bargaining,retrieval,bargaining:30,2,receiver_1,syn-barg-030-a1,1.0,1.0,0.0,injected_unvalidated
bargaining,retrieval,bargaining:30,2,receiver_1,syn-barg-030-a2,0.0,0.0,0.0,injected_unvalidated
bargaining,retrieval,bargaining:30,2,receiver_1,syn-barg-030-a3,1.0,0.0,1.0,validated
bargaining,retrieval,bargaining:30,2,receiver_2,syn-barg-030-a1,1.0,1.0,0.0,injected_unvalidated
bargaining,retrieval,bargaining:30,2,receiver_2,syn-barg-030-a2,1.0,0.0,1.0,validated
bargaining,retrieval,bargaining:30,2,receiver_2,syn-barg-030-a3,1.0,0.0,1.0,validated
bargaining,retrieval,bargaining:30,2,receiver_3,syn-barg-030-a1,1.0,1.0,0.0,injected_unvalidated
bargaining,retrieval,bargaining:30,2,receiver_3,syn-barg-030-a2,1.0,0.0,1.0,validated
bargaining,retrieval,bargaining:30,2,receiver_3,syn-barg-030-a3,1.0,0.0,1.0,validated
bargaining,smtr_uniform,bargaining:30,2,receiver_1,syn-barg-030-a3,1.0,0.0,1.0,validated
bargaining,smtr_uniform,bargaining:30,2,receiver_1,syn-barg-030-a2,0.0,0.0,0.0,injected_unvalidated
bargaining,smtr_uniform,bargaining:30,2,receiver_2,syn-barg-030-a3,1.0,0.0,1.0,validated
bargaining,smtr_uniform,bargaining:30,2,receiver_2,syn-barg-030-a2,1.0,0.0,1.0,validated
bargaining,smtr_uniform,bargaining:30,2,receiver_3,syn-barg-030-a3,1.0,0.0,1.0,validated
bargaining,smtr_uniform,bargaining:30,2,receiver_3,syn-barg-030-a2,1.0,0.0,1.0,validated
bargaining,smtr_receiver,bargaining:30,2,receiver_1,syn-barg-030-a3,1.0,0.0,1.0,validated
bargaining,smtr_receiver,bargaining:30,2,receiver_2,syn-barg-030-a3,1.0,0.0,1.0,validated
bargaining,smtr_receiver,bargaining:30,2,receiver_2,syn-barg-030-a2,1.0,0.0,1.0,validated
bargaining,smtr_receiver,bargaining:30,2,receiver_3,syn-barg-030-a3,1.0,0.0,1.0,validated
bargaining,smtr_receiver,bargaining:30,2,receiver_3,syn-barg-030-a2,1.0,0.0,1.0,validated
bargaining,full_memory,bargaining:31,0,receiver_1,syn-barg-031-a1,0.0,1.0,-1.0,injected_unvalidated
bargaining,full_memory,bargaining:31,0,receiver_1,syn-barg-031-a2,1.0,1.0,0.0,injected_unvalidated
bargaining,full_memory,bargaining:31,0,receiver_1,syn-barg-031-a3,1.0,0.0,1.0,validated
bargaining,full_memory,bargaining:31,0,receiver_1,syn-barg-031-a4,1.0,1.0,0.0,injected_unvalidated
bargaining,full_memory,bargaining:31,0,receiver_1,syn-barg-031-a5,0.0,0.0,0.0,injected_unvalidated
bargaining,full_memory,bargaining:31,0,receiver_1,syn-barg-031-a6,1.0,0.0,1.0,validated
bargaining,full_memory,bargaining:31,0,receiver_2,syn-barg-031-a1,1.0,1.0,0.0,injected_unvalidated
bargaining,full_memory,bargaining:31,0,receiver_2,syn-barg-031-a2,1.0,1.0,0.0,injected_unvalidated
bargaining,full_memory,bargaining:31,0,receiver_2,syn-barg-031-a3,1.0,0.0,1.0,validated
bargaining,full_memory,bargaining:31,0,receiver_2,syn-barg-031-a4,1.0,1.0,0.0,injected_unvalidated
bargaining,full_memory,bargaining:31,0,receiver_2,syn-barg-031-a5,0.0,1.0,-1.0,injected_unvalidated
bargaining,full_memory,bargaining:31,0,receiver_2,syn-barg-031-a6,1.0,0.0,1.0,validated
bargaining,full_memory,bargaining:31,0,receiver_3,syn-barg-031-a1,1.0,1.0,0.0,injected_unvalidated
bargaining,full_memory,bargaining:31,0,receiver_3,syn-barg-031-a2,1.0,1.0,0.0,injected_unvalidated
bargaining,full_memory,bargaining:31,0,receiver_3,syn-barg-031-a3,1.0,0.0,1.0,validated
bargaining,full_memory,bargaining:31,0,receiver_3,syn-barg-031-a4,1.0,1.0,0.0,injected_unvalidated
bargaining,full_memory,bargaining:31,0,receiver_3,syn-barg-031-a5,0.0,0.0,0.0,injected_unvalidated
bargaining,full_memory,bargaining:31,0,receiver_3,syn-barg-031-a6,0.0,0.0,0.0,injected_unvalidated
bargaining,retrieval,bargaining:31,0,receiver_1,syn-barg-031-a1,0.0,1.0,-1.0,injected_unvalidated
bargaining,retrieval,bargaining:31,0,receiver_1,syn-barg-031-a2,1.0,1.0,0.0,injected_unvalidated
bargaining,retrieval,bargaining:31,0,receiver_1,syn-barg-031-a3,1.0,0.0,1.0,validated
bargaining,retrieval,bargaining:31,0,receiver_2,syn-barg-031-a1,1.0,1.0,0.0,injected_unvalidated
bargaining,retrieval,bargaining:31,0,receiver_2,syn-barg-031-a2,1.0,1.0,0.0,injected_unvalidated
bargaining,retrieval,bargaining:31,0,receiver_2,syn-barg-031-a3,1.0,0.0,1.0,validated
bargaining,retrieval,bargaining:31,0,receiver_3,syn-barg-031-a1,1.0,1.0,0.0,injected_unvalidated
bargaining,retrieval,bargaining:31,0,receiver_3,syn-barg-031-a2,1.0,1.0,0.0,injected_unvalidated
bargaining,retrieval,bargaining:31,0,receiver_3,syn-barg-031-a3,1.0,0.0,1.0,validated
bargaining,smtr_uniform,bargaining:31,0,receiver_1,syn-barg-031-a3,1.0,0.0,1.0,validated
bargaining,smtr_uniform,bargaining:31,0,receiver_1,syn-barg-031-a6,1.0,0.0,1.0,validated
bargaining,smtr_uniform,bargaining:31,0,receiver_2,syn-barg-031-a3,1.0,0.0,1.0,validated
bargaining,smtr_uniform,bargaining:31,0,receiver_2,syn-barg-031-a6,1.0,0.0,1.0,validated
bargaining,smtr_uniform,bargaining:31,0,receiver_3,syn-barg-031-a3,1.0,0.0,1.0,validated
bargaining,smtr_uniform,bargaining:31,0,receiver_3,syn-barg-031-a6,0.0,0.0,0.0,injected_unvalidated
bargaining,smtr_receiver,bargaining:31,0,receiver_1,syn-barg-031-a6,1.0,0.0,1.0,validated
bargaining,smtr_receiver,bargaining:31,0,receiver_1,syn-barg-031-a3,1.0,0.0,1.0,validated
bargaining,smtr_receiver,bargaining:31,0,receiver_2,syn-barg-031-a6,1.0,0.0,1.0,validated
bargaining,smtr_receiver,bargaining:31,0,receiver_2,syn-barg-031-a3,1.0,0.0,1.0,validated
bargaining,smtr_receiver,bargaining:31,0,receiver_3,syn-barg-031-a3,1.0,0.0,1.0,validated
bargaining,full_memory,bargaining:31,1,receiver_1,syn-barg-031-a1,1.0,0.0,1.0,validated
bargaining,full_memory,bargaining:31,1,receiver_1,syn-barg-031-a2,0.0,0.0,0.0,injected_unvalidated
bargaining,full_memory,bargaining:31,1,receiver_1,syn-barg-031-a3,1.0,1.0,0.0,injected_unvalidated
bargaining,full_memory,bargaining:31,1,receiver_1,syn-barg-031-a4,1.0,1.0,0.0,injected_unvalidated
bargaining,full_memory,bargaining:31,1,receiver_1,syn-barg-031-a5,1.0,0.0,1.0,validated
bargaining,full_memory,bargaining:31,1,receiver_1,syn-barg-031-a6,1.0,0.0,1.0,validated
bargaining,full_memory,bargaining:31,1,receiver_2,syn-barg-031-a1,1.0,0.0,1.0,validated
bargaining,full_memory,bargaining:31,1,receiver_2,syn-barg-031-a2,1.0,0.0,1.0,validated
bargaining,full_memory,bargaining:31,1,receiver_2,syn-barg-031-a3,1.0,1.0,0.0,injected_unvalidated
bargaining,full_memory,bargaining:31,1,receiver_2,syn-barg-031-a4,1.0,1.0,0.0,injected_unvalidated
bargaining,full_memory,bargaining:31,1,receiver_2,syn-barg-031-a5,0.0,1.0,-1.0,injected_unvalidated
bargaining,full_memory,bargaining:31,1,receiver_2,syn-barg-031-a6,1.0,0.0,1.0,validated
bargaining,full_memory,bargaining:31,1,receiver_3,syn-barg-031-a1,1.0,0.0,1.0,validated
bargaining,full_memory,bargaining:31,1,receiver_3,syn-barg-031-a2,1.0,0.0,1.0,validated
bargaining,full_memory,bargaining:31,1,receiver_3,syn-barg-031-a3,1.0,1.0,0.0,injected_unvalidated
bargaining,full_memory,bargaining:31,1,receiver_3,syn-barg-031-a4,1.0,1.0,0.0,injected_unvalidated
bargaining,full_memory,bargaining:31,1,receiver_3,syn-barg-031-a5,1.0,0.0,1.0,validated
bargaining,full_memory,bargaining:31,1,receiver_3,syn-barg-031-a6,0.0,0.0,0.0,injected_unvalidated
bargaining,retrieval,bargaining:31,1,receiver_1,syn-barg-031-a1,1.0,0.0,1.0,validated
bargaining,retrieval,bargaining:31,1,receiver_1,syn-barg-031-a2,0.0,0.0,0.0,injected_unvalidated
bargaining,retrieval,bargaining:31,1,receiver_1,syn-barg-031-a3,1.0,1.0,0.0,injected_unvalidated
bargaining,retrieval,bargaining:31,1,receiver_2,syn-barg-031-a1,1.0,0.0,1.0,validated
bargaining,retrieval,bargaining:31,1,receiver_2,syn-barg-031-a2,1.0,0.0,1.0,validated
bargaining,retrieval,bargaining:31,1,receiver_2,syn-barg-031-a3,1.0,1.0,0.0,injected_unvalidated
bargaining,retrieval,bargaining:31,1,receiver_3,syn-barg-031-a1,1.0,0.0,1.0,validated
bargaining,retrieval,bargaining:31,1,receiver_3,syn-barg-031-a2,1.0,0.0,1.0,validated
bargaining,retrieval,bargaining:31,1,receiver_3,syn-barg-031-a3,1.0,1.0,0.0,injected_unvalidated
bargaining,smtr_uniform,bargaining:31,1,receiver_1,syn-barg-031-a1,1.0,0.0,1.0,validated
bargaining,smtr_uniform,bargaining:31,1,receiver_1,syn-barg-031-a6,1.0,0.0,1.0,validated
bargaining,smtr_uniform,bargaining:31,1,receiver_1,syn-barg-031-a2,0.0,0.0,0.0,injected_unvalidated
bargaining,smtr_uniform,bargaining:31,1,receiver_2,syn-barg-031-a1,1.0,0.0,1.0,validated
bargaining,smtr_uniform,bargaining:31,1,receiver_2,syn-barg-031-a6,1.0,0.0,1.0,validated
bargaining,smtr_uniform,bargaining:31,1,receiver_2,syn-barg-031-a2,1.0,0.0,1.0,validated
bargaining,smtr_uniform,bargaining:31,1,receiver_3,syn-barg-031-a1,1.0,0.0,1.0,validated
bargaining,smtr_uniform,bargaining:31,1,receiver_3,syn-barg-031-a6,0.0,0.0,0.0,injected_unvalidated
bargaining,smtr_uniform,bargaining:31,1,receiver_3,syn-barg-031-a2,1.0,0.0,1.0,validated
bargaining,smtr_receiver,bargaining:31,1,receiver_1,syn-barg-031-a6,1.0,0.0,1.0,validated
bargaining,smtr_receiver,bargaining:31,1,receiver_1,syn-barg-031-a5,1.0,0.0,1.0,validated
bargaining,smtr_receiver,bargaining:31,1,receiver_1,syn-barg-031-a1,1.0,0.0,1.0,validated
bargaining,smtr_receiver,bargaining:31,1,receiver_2,syn-barg-031-a6,1.0,0.0,1.0,validated
bargaining,smtr_receiver,bargaining:31,1,receiver_2,syn-barg-031-a2,1.0,0.0,1.0,validated
bargaining,smtr_receiver,bargaining:31,1,receiver_2,syn-barg-031-a1,1.0,0.0,1.0,validated
bargaining,smtr_receiver,bargaining:31,1,receiver_3,syn-barg-031-a5,1.0,0.0,1.0,validated
bargaining,smtr_receiver,bargaining:31,1,receiver_3,syn-barg-031-a2,1.0,0.0,1.0,validated
bargaining,smtr_receiver,bargaining:31,1,receiver_3,syn-barg-031-a1,1.0,0.0,1.0,validated
bargaining,full_memory,bargaining:31,2,receiver_1,syn-barg-031-a1,1.0,1.0,0.0,injected_unvalidated
bargaining,full_memory,bargaining:31,2,receiver_1,syn-barg-031-a2,0.0,0.0,0.0,injected_unvalidated
bargaining,full_memory,bargaining:31,2,receiver_1,syn-barg-031-a3,1.0,1.0,0.0,injected_unvalidated
bargaining,full_memory,bargaining:31,2,receiver_1,syn-barg-031-a4,0.0,0.0,0.0,injected_unvalidated
bargaining,full_memory,bargaining:31,2,receiver_1,syn-barg-031-a5,0.0,1.0,-1.0,injected_unvalidated
bargaining,full_memory,bargaining:31,2,receiver_1,syn-barg-031-a6,1.0,1.0,0.0,injected_unvalidated
bargaining,full_memory,bargaining:31,2,receiver_2,syn-barg-031-a1,1.0,1.0,0.0,injected_unvalidated
bargaining,full_memory,bargaining:31,2,receiver_2,syn-barg-031-a2,1.0,0.0,1.0,validated
bargaining,full_memory,bargaining:31,2,receiver_2,syn-barg-031-a3,1.0,1.0,0.0,injected_unvalidated
bargaining,full_memory,bargaining:31,2,receiver_2,syn-barg-031-a4,0.0,0.0,0.0,injected_unvalidated
bargaining,full_memory,bargaining:31,2,receiver_2,syn-barg-031-a5,1.0,1.0,0.0,injected_unvalidated
bargaining,full_memory,bargaining:31,2,receiver_2,syn-barg-031-a6,1.0,1.0,0.0,injected_unvalidated
bargaining,full_memory,bargaining:31,2,receiver_3,syn-barg-031-a1,1.0,1.0,0.0,injected_unvalidated
bargaining,full_memory,bargaining:31,2,receiver_3,syn-barg-031-a2,1.0,0.0,1.0,validated
bargaining,full_memory,bargaining:31,2,receiver_3,syn-barg-031-a3,1.0,1.0,0.0,injected_unvalidated
bargaining,full_memory,bargaining:31,2,receiver_3,syn-barg-031-a4,0.0,0.0,0.0,injected_unvalidated
bargaining,full_memory,bargaining:31,2,receiver_3,syn-barg-031-a5,0.0,1.0,-1.0,injected_unvalidated
bargaining,full_memory,bargaining:31,2,receiver_3,syn-barg-031-a6,1.0,1.0,0.0,injected_unvalidated
bargaining,retrieval,bargaining:31,2,receiver_1,syn-barg-031-a1,1.0,1.0,0.0,injected_unvalidated
bargaining,retrieval,bargaining:31,2,receiver_1,syn-barg-031-a2,0.0,0.0,0.0,injected_unvalidated
bargaining,retrieval,bargaining:31,2,receiver_1,syn-barg-031-a3,1.0,1.0,0.0,injected_unvalidated
bargaining,retrieval,bargaining:31,2,receiver_2,syn-barg-031-a1,1.0,1.0,0.0,injected_unvalidated
bargaining,retrieval,bargaining:31,2,receiver_2,syn-barg-031-a2,1.0,0.0,1.0,validated
bargaining,retrieval,bargaining:31,2,receiver_2,syn-barg-031-a3,1.0,1.0,0.0,injected_unvalidated
bargaining,retrieval,bargaining:31,2,receiver_3,syn-barg-031-a1,1.0,1.0,0.0,injected_unvalidated
bargaining,retrieval,bargaining:31,2,receiver_3,syn-barg-031-a2,1.0,0.0,1.0,validated
bargaining,retrieval,bargaining:31,2,receiver_3,syn-barg-031-a3,1.0,1.0,0.0,injected_unvalidated
bargaining,smtr_uniform,bargaining:31,2,receiver_1,syn-barg-031-a2,0.0,0.0,0.0,injected_unvalidated
bargaining,smtr_uniform,bargaining:31,2,receiver_2,syn-barg-031-a2,1.0,0.0,1.0,validated
bargaining,smtr_uniform,bargaining:31,2,receiver_3,syn-barg-031-a2,1.0,0.0,1.0,validated
bargaining,smtr_receiver,bargaining:31,2,receiver_2,syn-barg-031-a2,1.0,0.0,1.0,validated
bargaining,smtr_receiver,bargaining:31,2,receiver_3,syn-barg-031-a2,1.0,0.0,1.0,validated
bargaining,full_memory,bargaining:32,0,receiver_1,syn-barg-032-a1,0.0,1.0,-1.0,injected_unvalidated
bargaining,full_memory,bargaining:32,0,receiver_1,syn-barg-032-a2,1.0,1.0,0.0,injected_unvalidated
bargaining,full_memory,bargaining:32,0,receiver_1,syn-barg-032-a3,1.0,0.0,1.0,validated
bargaining,full_memory,bargaining:32,0,receiver_1,syn-barg-032-a4,0.0,1.0,-1.0,injected_unvalidated
bargaining,full_memory,bargaining:32,0,receiver_1,syn-barg-032-a5,0.0,0.0,0.0,injected_unvalidated
bargaining,full_memory,bargaining:32,0,receiver_1,syn-barg-032-a6,1.0,1.0,0.0,injected_unvalidated
bargaining,full_memory,bargaining:32,0,receiver_2,syn-barg-032-a1,1.0,1.0,0.0,injected_unvalidated
bargaining,full_memory,bargaining:32,0,receiver_2,syn-barg-032-a2,1.0,1.0,0.0,injected_unvalidated
bargaining,full_memory,bargaining:32,0,receiver_2,syn-barg-032-a3,1.0,0.0,1.0,validated
bargaining,full_memory,bargaining:32,0,receiver_2,syn-barg-032-a4,1.0,1.0,0.0,injected_unvalidated
bargaining,full_memory,bargaining:32,0,receiver_2,syn-barg-032-a5,0.0,0.0,0.0,injected_unvalidated
bargaining,full_memory,bargaining:32,0,receiver_2,syn-barg-032-a6,1.0,1.0,0.0,injected_unvalidated
bargaining,full_memory,bargaining:32,0,receiver_3,syn-barg-032-a1,0.0,1.0,-1.0,injected_unvalidated
bargaining,full_memory,bargaining:32,0,receiver_3,syn-barg-032-a2,1.0,1.0,0.0,injected_unvalidated
bargaining,full_memory,bargaining:32,0,receiver_3,syn-barg-032-a3,0.0,0.0,0.0,injected_unvalidated
bargaining,full_memory,bargaining:32,0,receiver_3,syn-barg-032-a4,0.0,1.0,-1.0,injected_unvalidated
bargaining,full_memory,bargaining:32,0,receiver_3,syn-barg-032-a5,0.0,0.0,0.0,injected_unvalidated
bargaining,full_memory,bargaining:32,0,receiver_3,syn-barg-032-a6,1.0,1.0,0.0,injected_unvalidated
bargaining,retrieval,bargaining:32,0,receiver_1,syn-barg-032-a1,0.0,1.0,-1.0,injected_unvalidated
bargaining,retrieval,bargaining:32,0,receiver_1,syn-barg-032-a2,1.0,1.0,0.0,injected_unvalidated
bargaining,retrieval,bargaining:32,0,receiver_1,syn-barg-032-a3,1.0,0.0,1.0,validated
bargaining,retrieval,bargaining:32,0,receiver_2,syn-barg-032-a1,1.0,1.0,0.0,injected_unvalidated
bargaining,retrieval,bargaining:32,0,receiver_2,syn-barg-032-a2,1.0,1.0,0.0,injected_unvalidated
bargaining,retrieval,bargaining:32,0,receiver_2,syn-barg-032-a3,1.0,0.0,1.0,validated
bargaining,retrieval,bargaining:32,0,receiver_3,syn-barg-032-a1,0.0,1.0,-1.0,injected_unvalidated
bargaining,retrieval,bargaining:32,0,receiver_3,syn-barg-032-a2,1.0,1.0,0.0,injected_unvalidated
bargaining,retrieval,bargaining:32,0,receiver_3,syn-barg-032-a3,0.0,0.0,0.0,injected_unvalidated
bargaining,smtr_uniform,bargaining:32,0,receiver_1,syn-barg-032-a3,1.0,0.0,1.0,validated
bargaining,smtr_uniform,bargaining:32,0,receiver_2,syn-barg-032-a3,1.0,0.0,1.0,validated
bargaining,smtr_uniform,bargaining:32,0,receiver_3,syn-barg-032-a3,0.0,0.0,0.0,injected_unvalidated
bargaining,smtr_receiver,bargaining:32,0,receiver_1,syn-barg-032-a3,1.0,0.0,1.0,validated
bargaining,smtr_receiver,bargaining:32,0,receiver_2,syn-barg-032-a3,1.0,0.0,1.0,validated
bargaining,full_memory,bargaining:32,1,receiver_1,syn-barg-032-a1,1.0,1.0,0.0,injected_unvalidated
bargaining,full_memory,bargaining:32,1,receiver_1,syn-barg-032-a2,0.0,1.0,-1.0,injected_unvalidated
bargaining,full_memory,bargaining:32,1,receiver_1,syn-barg-032-a3,1.0,0.0,1.0,validated
bargaining,full_memory,bargaining:32,1,receiver_1,syn-barg-032-a4,0.0,0.0,0.0,injected_unvalidated
bargaining,full_memory,bargaining:32,1,receiver_1,syn-barg-032-a5,0.0,0.0,0.0,injected_unvalidated
bargaining,full_memory,bargaining:32,1,receiver_1,syn-barg-032-a6,0.0,1.0,-1.0,injected_unvalidated
bargaining,full_memory,bargaining:32,1,receiver_2,syn-barg-032-a1,1.0,1.0,0.0,injected_unvalidated
bargaining,full_memory,bargaining:32,1,receiver_2,syn-barg-032-a2,0.0,1.0,-1.0,injected_unvalidated
bargaining,full_memory,bargaining:32,1,receiver_2,syn-barg-032-a3,1.0,0.0,1.0,validated
bargaining,full_memory,bargaining:32,1,receiver_2,syn-barg-032-a4,0.0,0.0,0.0,injected_unvalidated
bargaining,full_memory,bargaining:32,1,receiver_2,syn-barg-032-a5,0.0,0.0,0.0,injected_unvalidated
bargaining,full_memory,bargaining:32,1,receiver_2,syn-barg-032-a6,0.0,1.0,-1.0,injected_unvalidated
bargaining,full_memory,bargaining:32,1,receiver_3,syn-barg-032-a1,1.0,1.0,0.0,injected_unvalidated
bargaining,full_memory,bargaining:32,1,receiver_3,syn-barg-032-a2,0.0,1.0,-1.0,injected_unvalidated
bargaining,full_memory,bargaining:32,1,receiver_3,syn-barg-032-a3,0.0,0.0,0.0,injected_unvalidated
bargaining,full_memory,bargaining:32,1,receiver_3,syn-barg-032-a4,0.0,0.0,0.0,injected_unvalidated
bargaining,full_memory,bargaining:32,1,receiver_3,syn-barg-032-a5,0.0,0.0,0.0,injected_unvalidated
bargaining,full_memory,bargaining:32,1,receiver_3,syn-barg-032-a6,0.0,1.0,-1.0,injected_unvalidated
bargaining,retrieval,bargaining:32,1,receiver_1,syn-barg-032-a1,1.0,1.0,0.0,injected_unvalidated
bargaining,retrieval,bargaining:32,1,receiver_1,syn-barg-032-a2,0.0,1.0,-1.0,injected_unvalidated
bargaining,retrieval,bargaining:32,1,receiver_1,syn-barg-032-a3,1.0,0.0,1.0,validated
bargaining,retrieval,bargaining:32,1,receiver_2,syn-barg-032-a1,1.0,1.0,0.0,injected_unvalidated
bargaining,retrieval,bargaining:32,1,receiver_2,syn-barg-032-a2,0.0,1.0,-1.0,injected_unvalidated
bargaining,retrieval,bargaining:32,1,receiver_2,syn-barg-032-a3,1.0,0.0,1.0,validated
bargaining,retrieval,bargaining:32,1,receiver_3,syn-barg-032-a1,1.0,1.0,0.0,injected_unvalidated
bargaining,retrieval,bargaining:32,1,receiver_3,syn-barg-032-a2,0.0,1.0,-1.0,injected_unvalidated
bargaining,retrieval,bargaining:32,1,receiver_3,syn-barg-032-a3,0.0,0.0,0.0,injected_unvalidated
bargaining,smtr_uniform,bargaining:32,1,receiver_1,syn-barg-032-a3,1.0,0.0,1.0,validated
bargaining,smtr_uniform,bargaining:32,1,receiver_2,syn-barg-032-a3,1.0,0.0,1.0,validated
bargaining,smtr_uniform,bargaining:32,1,receiver_3,syn-barg-032-a3,0.0,0.0,0.0,injected_unvalidated
bargaining,smtr_receiver,bargaining:32,1,receiver_1,syn-barg-032-a3,1.0,0.0,1.0,validated
bargaining,smtr_receiver,bargaining:32,1,receiver_2,syn-barg-032-a3,1.0,0.0,1.0,validated
bargaining,full_memory,bargaining:32,2,receiver_1,syn-barg-032-a1,1.0,0.0,1.0,validated
bargaining,full_memory,bargaining:32,2,receiver_1,syn-barg-032-a2,0.0,0.0,0.0,injected_unvalidated
bargaining,full_memory,bargaining:32,2,receiver_1,syn-barg-032-a3,0.0,0.0,0.0,injected_unvalidated
bargaining,full_memory,bargaining:32,2,receiver_1,syn-barg-032-a4,0.0,1.0,-1.0,injected_unvalidated
bargaining,full_memory,bargaining:32,2,receiver_1,syn-barg-032-a5,0.0,1.0,-1.0,injected_unvalidated
bargaining,full_memory,bargaining:32,2,receiver_1,syn-barg-032-a6,1.0,1.0,0.0,injected_unvalidated
bargaining,full_memory,bargaining:32,2,receiver_2,syn-barg-032-a1,0.0,0.0,0.0,injected_unvalidated
bargaining,full_memory,bargaining:32,2,receiver_2,syn-barg-032-a2,0.0,0.0,0.0,injected_unvalidated
bargaining,full_memory,bargaining:32,2,receiver_2,syn-barg-032-a3,0.0,0.0,0.0,injected_unvalidated
bargaining,full_memory,bargaining:32,2,receiver_2,syn-barg-032-a4,1.0,1.0,0.0,injected_unvalidated
bargaining,full_memory,bargaining:32,2,receiver_2,syn-barg-032-a5,0.0,1.0,-1.0,injected_unvalidated
bargaining,full_memory,bargaining:32,2,receiver_2,syn-barg-032-a6,1.0,1.0,0.0,injected_unvalidated
bargaining,full_memory,bargaining:32,2,receiver_3,syn-barg-032-a1,1.0,0.0,1.0,validated
bargaining,full_memory,bargaining:32,2,receiver_3,syn-barg-032-a2,0.0,0.0,0.0,injected_unvalidated
bargaining,full_memory,bargaining:32,2,receiver_3,syn-barg-032-a3,0.0,0.0,0.0,injected_unvalidated
bargaining,full_memory,bargaining:32,2,receiver_3,syn-barg-032-a4,0.0,1.0,-1.0,injected_unvalidated
bargaining,full_memory,bargaining:32,2,receiver_3,syn-barg-032-a5,0.0,1.0,-1.0,injected_unvalidated
bargaining,full_memory,bargaining:32,2,receiver_3,syn-barg-032-a6,1.0,1.0,0.0,injected_unvalidated
bargaining,retrieval,bargaining:32,2,receiver_1,syn-barg-032-a1,1.0,0.0,1.0,validated
bargaining,retrieval,bargaining:32,2,receiver_1,syn-barg-032-a2,0.0,0.0,0.0,injected_unvalidated
bargaining,retrieval,bargaining:32,2,receiver_1,syn-barg-032-a3,0.0,0.0,0.0,injected_unvalidated
bargaining,retrieval,bargaining:32,2,receiver_2,syn-barg-032-a1,0.0,0.0,0.0,injected_unvalidated
bargaining,retrieval,bargaining:32,2,receiver_2,syn-barg-032-a2,0.0,0.0,0.0,injected_unvalidated
bargaining,retrieval,bargaining:32,2,receiver_2,syn-barg-032-a3,0.0,0.0,0.0,injected_unvalidated
bargaining,retrieval,bargaining:32,2,receiver_3,syn-barg-032-a1,1.0,0.0,1.0,validated
bargaining,retrieval,bargaining:32,2,receiver_3,syn-barg-032-a2,0.0,0.0,0.0,injected_unvalidated
bargaining,retrieval,bargaining:32,2,receiver_3,syn-barg-032-a3,0.0,0.0,0.0,injected_unvalidated
bargaining,smtr_uniform,bargaining:32,2,receiver_1,syn-barg-032-a1,1.0,0.0,1.0,validated
bargaining,smtr_uniform,bargaining:32,2,receiver_2,syn-barg-032-a1,0.0,0.0,0.0,injected_unvalidated
bargaining,smtr_uniform,bargaining:32,2,receiver_3,syn-barg-032-a1,1.0,0.0,1.0,validated
bargaining,smtr_receiver,bargaining:32,2,receiver_1,syn-barg-032-a1,1.0,0.0,1.0,validated
bargaining,smtr_receiver,bargaining:32,2,receiver_3,syn-barg-032-a1,1.0,0.0,1.0,validated
bargaining,full_memory,bargaining:33,0,receiver_1,syn-barg-033-a1,0.0,1.0,-1.0,injected_unvalidated
bargaining,full_memory,bargaining:33,0,receiver_1,syn-barg-033-a2,0.0,0.0,0.0,injected_unvalidated
bargaining,full_memory,bargaining:33,0,receiver_1,syn-barg-033-a3,0.0,1.0,-1.0,injected_unvalidated
bargaining,full_memory,bargaining:33,0,receiver_1,syn-barg-033-a4,1.0,1.0,0.0,injected_unvalidated
bargaining,full_memory,bargaining:33,0,receiver_1,syn-barg-033-a5,1.0,1.0,0.0,injected_unvalidated
bargaining,full_memory,bargaining:33,0,receiver_1,syn-barg-033-a6,1.0,0.0,1.0,validated
bargaining,full_memory,bargaining:33,0,receiver_2,syn-barg-033-a1,1.0,1.0,0.0,injected_unvalidated
bargaining,full_memory,bargaining:33,0,receiver_2,syn-barg-033-a2,1.0,0.0,1.0,validated
bargaining,full_memory,bargaining:33,0,receiver_2,syn-barg-033-a3,1.0,1.0,0.0,injected_unvalidated
bargaining,full_memory,bargaining:33,0,receiver_2,syn-barg-033-a4,1.0,1.0,0.0,injected_unvalidated
bargaining,full_memory,bargaining:33,0,receiver_2,syn-barg-033-a5,1.0,1.0,0.0,injected_unvalidated
bargaining,full_memory,bargaining:33,0,receiver_2,syn-barg-033-a6,1.0,0.0,1.0,validated
bargaining,full_memory,bargaining:33,0,receiver_3,syn-barg-033-a1,0.0,1.0,-1.0,injected_unvalidated
bargaining,full_memory,bargaining:33,0,receiver_3,syn-barg-033-a2,0.0,0.0,0.0,injected_unvalidated
bargaining,full_memory,bargaining:33,0,receiver_3,syn-barg-033-a3,0.0,1.0,-1.0,injected_unvalidated
bargaining,full_memory,bargaining:33,0,receiver_3,syn-barg-033-a4,1.0,1.0,0.0,injected_unvalidated
bargaining,full_memory,bargaining:33,0,receiver_3,syn-barg-033-a5,1.0,1.0,0.0,injected_unvalidated
bargaining,full_memory,bargaining:33,0,receiver_3,syn-barg-033-a6,1.0,0.0,1.0,validated
bargaining,retrieval,bargaining:33,0,receiver_1,syn-barg-033-a1,0.0,1.0,-1.0,injected_unvalidated
bargaining,retrieval,bargaining:33,0,receiver_1,syn-barg-033-a2,0.0,0.0,0.0,injected_unvalidated
bargaining,retrieval,bargaining:33,0,receiver_1,syn-barg-033-a3,0.0,1.0,-1.0,injected_unvalidated
bargaining,retrieval,bargaining:33,0,receiver_2,syn-barg-033-a1,1.0,1.0,0.0,injected_unvalidated
bargaining,retrieval,bargaining:33,0,receiver_2,syn-barg-033-a2,1.0,0.0,1.0,validated
bargaining,retrieval,bargaining:33,0,receiver_2,syn-barg-033-a3,1.0,1.0,0.0,injected_unvalidated
bargaining,retrieval,bargaining:33,0,receiver_3,syn-barg-033-a1,0.0,1.0,-1.0,injected_unvalidated
bargaining,retrieval,bargaining:33,0,receiver_3,syn-barg-033-a2,0.0,0.0,0.0,injected_unvalidated
bargaining,retrieval,bargaining:33,0,receiver_3,syn-barg-033-a3,0.0,1.0,-1.0,injected_unvalidated
bargaining,smtr_uniform,bargaining:33,0,receiver_1,syn-barg-033-a6,1.0,0.0,1.0,validated
bargaining,smtr_uniform,bargaining:33,0,receiver_1,syn-barg-033-a2,0.0,0.0,0.0,injected_unvalidated
bargaining,smtr_uniform,bargaining:33,0,receiver_2,syn-barg-033-a6,1.0,0.0,1.0,validated
bargaining,smtr_uniform,bargaining:33,0,receiver_2,syn-barg-033-a2,1.0,0.0,1.0,validated
bargaining,smtr_uniform,bargaining:33,0,receiver_3,syn-barg-033-a6,1.0,0.0,1.0,validated
bargaining,smtr_uniform,bargaining:33,0,receiver_3,syn-barg-033-a2,0.0,0.0,0.0,injected_unvalidated
bargaining,smtr_receiver,bargaining:33,0,receiver_1,syn-barg-033-a6,1.0,0.0,1.0,validated
bargaining,smtr_receiver,bargaining:33,0,receiver_2,syn-barg-033-a6,1.0,0.0,1.0,validated
bargaining,smtr_receiver,bargaining:33,0,receiver_2,syn-barg-033-a2,1.0,0.0,1.0,validated
bargaining,smtr_receiver,bargaining:33,0,receiver_3,syn-barg-033-a6,1.0,0.0,1.0,validated
bargaining,full_memory,bargaining:33,1,receiver_1,syn-barg-033-a1,0.0,0.0,0.0,injected_unvalidated
bargaining,full_memory,bargaining:33,1,receiver_1,syn-barg-033-a2,1.0,1.0,0.0,injected_unvalidated
bargaining,full_memory,bargaining:33,1,receiver_1,syn-barg-033-a3,1.0,1.0,0.0,injected_unvalidated
bargaining,full_memory,bargaining:33,1,receiver_1,syn-barg-033-a4,1.0,1.0,0.0,injected_unvalidated
bargaining,full_memory,bargaining:33,1,receiver_1,syn-barg-033-a5,0.0,1.0,-1.0,injected_unvalidated
bargaining,full_memory,bargaining:33,1,receiver_1,syn-barg-033-a6,0.0,0.0,0.0,injected_unvalidated
bargaining,full_memory,bargaining:33,1,receiver_2,syn-barg-033-a1,1.0,0.0,1.0,validated
bargaining,full_memory,bargaining:33,1,receiver_2,syn-barg-033-a2,1.0,1.0,0.0,injected_unvalidated
bargaining,full_memory,bargaining:33,1,receiver_2,syn-barg-033-a3,1.0,1.0,0.0,injected_unvalidated
bargaining,full_memory,bargaining:33,1,receiver_2,syn-barg-033-a4,1.0,1.0,0.0,injected_unvalidated
bargaining,full_memory,bargaining:33,1,receiver_2,syn-barg-033-a5,0.0,1.0,-1.0,injected_unvalidated
bargaining,full_memory,bargaining:33,1,receiver_2,syn-barg-033-a6,0.0,0.0,0.0,injected_unvalidated
bargaining,full_memory,bargaining:33,1,receiver_3,syn-barg-033-a1,0.0,0.0,0.0,injected_unvalidated
bargaining,full_memory,bargaining:33,1,receiver_3,syn-barg-033-a2,1.0,1.0,0.0,injected_unvalidated
bargaining,full_memory,bargaining:33,1,receiver_3,syn-barg-033-a3,1.0,1.0,0.0,injected_unvalidated
bargaining,full_memory,bargaining:33,1,receiver_3,syn-barg-033-a4,1.0,1.0,0.0,injected_unvalidated
bargaining,full_memory,bargaining:33,1,receiver_3,syn-barg-033-a5,0.0,1.0,-1.0,injected_unvalidated
bargaining,full_memory,bargaining:33,1,receiver_3,syn-barg-033-a6,0.0,0.0,0.0,injected_unvalidated
bargaining,retrieval,bargaining:33,1,receiver_1,syn-barg-033-a1,0.0,0.0,0.0,injected_unvalidated
bargaining,retrieval,bargaining:33,1,receiver_1,syn-barg-033-a2,1.0,1.0,0.0,injected_unvalidated
bargaining,retrieval,bargaining:33,1,receiver_1,syn-barg-033-a3,1.0,1.0,0.0,injected_unvalidated
bargaining,retrieval,bargaining:33,1,receiver_2,syn-barg-033-a1,1.0,0.0,1.0,validated
bargaining,retrieval,bargaining:33,1,receiver_2,syn-barg-033-a2,1.0,1.0,0.0,injected_unvalidated
bargaining,retrieval,bargaining:33,1,receiver_2,syn-barg-033-a3,1.0,1.0,0.0,injected_unvalidated
bargaining,retrieval,bargaining:33,1,receiver_3,syn-barg-033-a1,0.0,0.0,0.0,injected_unvalidated
bargaining,retrieval,bargaining:33,1,receiver_3,syn-barg-033-a2,1.0,1.0,0.0,injected_unvalidated
bargaining,retrieval,bargaining:33,1,receiver_3,syn-barg-033-a3,1.0,1.0,0.0,injected_unvalidated
bargaining,smtr_uniform,bargaining:33,1,receiver_1,syn-barg-033-a1,0.0,0.0,0.0,injected_unvalidated
bargaining,smtr_uniform,bargaining:33,1,receiver_2,syn-barg-033-a1,1.0,0.0,1.0,validated
bargaining,smtr_uniform,bargaining:33,1,receiver_3,syn-barg-033-a1,0.0,0.0,0.0,injected_unvalidated
bargaining,smtr_receiver,bargaining:33,1,receiver_2,syn-barg-033-a1,1.0,0.0,1.0,validated
bargaining,full_memory,bargaining:33,2,receiver_1,syn-barg-033-a1,1.0,0.0,1.0,validated
bargaining,full_memory,bargaining:33,2,receiver_1,syn-barg-033-a2,0.0,0.0,0.0,injected_unvalidated
bargaining,full_memory,bargaining:33,2,receiver_1,syn-barg-033-a3,1.0,1.0,0.0,injected_unvalidated
bargaining,full_memory,bargaining:33,2,receiver_1,syn-barg-033-a4,0.0,0.0,0.0,injected_unvalidated
bargaining,full_memory,bargaining:33,2,receiver_1,syn-barg-033-a5,0.0,0.0,0.0,injected_unvalidated
bargaining,full_memory,bargaining:33,2,receiver_1,syn-barg-033-a6,0.0,1.0,-1.0,injected_unvalidated
bargaining,full_memory,bargaining:33,2,receiver_2,syn-barg-033-a1,0.0,0.0,0.0,injected_unvalidated
bargaining,full_memory,bargaining:33,2,receiver_2,syn-barg-033-a2,1.0,0.0,1.0,validated
bargaining,full_memory,bargaining:33,2,receiver_2,syn-barg-033-a3,1.0,1.0,0.0,injected_unvalidated
bargaining,full_memory,bargaining:33,2,receiver_2,syn-barg-033-a4,0.0,0.0,0.0,injected_unvalidated
bargaining,full_memory,bargaining:33,2,receiver_2,syn-barg-033-a5,0.0,0.0,0.0,injected_unvalidated
bargaining,full_memory,bargaining:33,2,receiver_2,syn-barg-033-a6,0.0,1.0,-1.0,injected_unvalidated
bargaining,full_memory,bargaining:33,2,receiver_3,syn-barg-033-a1,1.0,0.0,1.0,validated
bargaining,full_memory,bargaining:33,2,receiver_3,syn-barg-033-a2,0.0,0.0,0.0,injected_unvalidated
bargaining,full_memory,bargaining:33,2,receiver_3,syn-barg-033-a3,1.0,1.0,0.0,injected_unvalidated
bargaining,full_memory,bargaining:33,2,receiver_3,syn-barg-033-a4,0.0,0.0,0.0,injected_unvalidated
bargaining,full_memory,bargaining:33,2,receiver_3,syn-barg-033-a5,0.0,0.0,0.0,injected_unvalidated
bargaining,full_memory,bargaining:33,2,receiver_3,syn-barg-033-a6,0.0,1.0,-1.0,injected_unvalidated
bargaining,retrieval,bargaining:33,2,receiver_1,syn-barg-033-a1,1.0,0.0,1.0,validated
bargaining,retrieval,bargaining:33,2,receiver_1,syn-barg-033-a2,0.0,0.0,0.0,injected_unvalidated
bargaining,retrieval,bargaining:33,2,receiver_1,syn-barg-033-a3,1.0,1.0,0.0,injected_unvalidated
bargaining,retrieval,bargaining:33,2,receiver_2,syn-barg-033-a1,0.0,0.0,0.0,injected_unvalidated
bargaining,retrieval,bargaining:33,2,receiver_2,syn-barg-033-a2,1.0,0.0,1.0,validated
bargaining,retrieval,bargaining:33,2,receiver_2,syn-barg-033-a3,1.0,1.0,0.0,injected_unvalidated
bargaining,retrieval,bargaining:33,2,receiver_3,syn-barg-033-a1,1.0,0.0,1.0,validated
bargaining,retrieval,bargaining:33,2,receiver_3,syn-barg-033-a2,0.0,0.0,0.0,injected_unvalidated
bargaining,retrieval,bargaining:33,2,receiver_3,syn-barg-033-a3,1.0,1.0,0.0,injected_unvalidated
bargaining,smtr_uniform,bargaining:33,2,receiver_1,syn-barg-033-a1,1.0,0.0,1.0,validated
bargaining,smtr_uniform,bargaining:33,2,receiver_1,syn-barg-033-a2,0.0,0.0,0.0,injected_unvalidated
bargaining,smtr_uniform,bargaining:33,2,receiver_2,syn-barg-033-a1,0.0,0.0,0.0,injected_unvalidated
bargaining,smtr_uniform,bargaining:33,2,receiver_2,syn-barg-033-a2,1.0,0.0,1.0,validated
bargaining,smtr_uniform,bargaining:33,2,receiver_3,syn-barg-033-a1,1.0,0.0,1.0,validated
bargaining,smtr_uniform,bargaining:33,2,receiver_3,syn-barg-033-a2,0.0,0.0,0.0,injected_unvalidated
bargaining,smtr_receiver,bargaining:33,2,receiver_1,syn-barg-033-a1,1.0,0.0,1.0,validated
bargaining,smtr_receiver,bargaining:33,2,receiver_2,syn-barg-033-a2,1.0,0.0,1.0,validated
bargaining,smtr_receiver,bargaining:33,2,receiver_3,syn-barg-033-a1,1.0,0.0,1.0,validated
bargaining,full_memory,bargaining:34,0,receiver_1,syn-barg-034-a1,1.0,1.0,0.0,injected_unvalidated
bargaining,full_memory,bargaining:34,0,receiver_1,syn-barg-034-a2,0.0,0.0,0.0,injected_unvalidated
bargaining,full_memory,bargaining:34,0,receiver_1,syn-barg-034-a3,0.0,1.0,-1.0,injected_unvalidated
bargaining,full_memory,bargaining:34,0,receiver_1,syn-barg-034-a4,0.0,1.0,-1.0,injected_unvalidated
bargaining,full_memory,bargaining:34,0,receiver_1,syn-barg-034-a5,0.0,0.0,0.0,injected_unvalidated
bargaining,full_memory,bargaining:34,0,receiver_1,syn-barg-034-a6,1.0,1.0,0.0,injected_unvalidated
bargaining,full_memory,bargaining:34,0,receiver_2,syn-barg-034-a1,1.0,1.0,0.0,injected_unvalidated
bargaining,full_memory,bargaining:34,0,receiver_2,syn-barg-034-a2,1.0,0.0,1.0,validated
bargaining,full_memory,bargaining:34,0,receiver_2,syn-barg-034-a3,0.0,1.0,-1.0,injected_unvalidated
bargaining,full_memory,bargaining:34,0,receiver_2,syn-barg-034-a4,0.0,1.0,-1.0,injected_unvalidated
bargaining,full_memory,bargaining:34,0,receiver_2,syn-barg-034-a5,0.0,0.0,0.0,injected_unvalidated
bargaining,full_memory,bargaining:34,0,receiver_2,syn-barg-034-a6,1.0,1.0,0.0,injected_unvalidated
bargaining,full_memory,bargaining:34,0,receiver_3,syn-barg-034-a1,1.0,1.0,0.0,injected_unvalidated
bargaining,full_memory,bargaining:34,0,receiver_3,syn-barg-034-a2,0.0,0.0,0.0,injected_unvalidated
bargaining,full_memory,bargaining:34,0,receiver_3,syn-barg-034-a3,0.0,1.0,-1.0,injected_unvalidated
bargaining,full_memory,bargaining:34,0,receiver_3,syn-barg-034-a4,0.0,1.0,-1.0,injected_unvalidated
bargaining,full_memory,bargaining:34,0,receiver_3,syn-barg-034-a5,0.0,0.0,0.0,injected_unvalidated
bargaining,full_memory,bargaining:34,0,receiver_3,syn-barg-034-a6,1.0,1.0,0.0,injected_unvalidated
bargaining,retrieval,bargaining:34,0,receiver_1,syn-barg-034-a1,1.0,1.0,0.0,injected_unvalidated
bargaining,retrieval,bargaining:34,0,receiver_1,syn-barg-034-a2,0.0,0.0,0.0,injected_unvalidated
bargaining,retrieval,bargaining:34,0,receiver_1,syn-barg-034-a3,0.0,1.0,-1.0,injected_unvalidated
bargaining,retrieval,bargaining:34,0,receiver_2,syn-barg-034-a1,1.0,1.0,0.0,injected_unvalidated
bargaining,retrieval,bargaining:34,0,receiver_2,syn-barg-034-a2,1.0,0.0,1.0,validated
bargaining,retrieval,bargaining:34,0,receiver_2,syn-barg-034-a3,0.0,1.0,-1.0,injected_unvalidated
bargaining,retrieval,bargaining:34,0,receiver_3,syn-barg-034-a1,1.0,1.0,0.0,injected_unvalidated
bargaining,retrieval,bargaining:34,0,receiver_3,syn-barg-034-a2,0.0,0.0,0.0,injected_unvalidated
bargaining,retrieval,bargaining:34,0,receiver_3,syn-barg-034-a3,0.0,1.0,-1.0,injected_unvalidated
bargaining,smtr_uniform,bargaining:34,0,receiver_1,syn-barg-034-a2,0.0,0.0,0.0,injected_unvalidated
bargaining,smtr_uniform,bargaining:34,0,receiver_2,syn-barg-034-a2,1.0,0.0,1.0,validated
bargaining,smtr_uniform,bargaining:34,0,receiver_3,syn-barg-034-a2,0.0,0.0,0.0,injected_unvalidated
bargaining,smtr_receiver,bargaining:34,0,receiver_2,syn-barg-034-a2,1.0,0.0,1.0,validated
bargaining,full_memory,bargaining:34,1,receiver_1,syn-barg-034-a1,1.0,0.0,1.0,validated
bargaining,full_memory,bargaining:34,1,receiver_1,syn-barg-034-a2,0.0,1.0,-1.0,injected_unvalidated
bargaining,full_memory,bargaining:34,1,receiver_1,syn-barg-034-a3,0.0,0.0,0.0,injected_unvalidated
bargaining,full_memory,bargaining:34,1,receiver_1,syn-barg-034-a4,1.0,1.0,0.0,injected_unvalidated
bargaining,full_memory,bargaining:34,1,receiver_1,syn-barg-034-a5,1.0,1.0,0.0,injected_unvalidated
bargaining,full_memory,bargaining:34,1,receiver_1,syn-barg-034-a6,1.0,0.0,1.0,validated
bargaining,full_memory,bargaining:34,1,receiver_2,syn-barg-034-a1,1.0,0.0,1.0,validated
bargaining,full_memory,bargaining:34,1,receiver_2,syn-barg-034-a2,1.0,1.0,0.0,injected_unvalidated
bargaining,full_memory,bargaining:34,1,receiver_2,syn-barg-034-a3,0.0,0.0,0.0,injected_unvalidated
bargaining,full_memory,bargaining:34,1,receiver_2,syn-barg-034-a4,1.0,1.0,0.0,injected_unvalidated
bargaining,full_memory,bargaining:34,1,receiver_2,syn-barg-034-a5,1.0,1.0,0.0,injected_unvalidated
bargaining,full_memory,bargaining:34,1,receiver_2,syn-barg-034-a6,0.0,0.0,0.0,injected_unvalidated
bargaining,full_memory,bargaining:34,1,receiver_3,syn-barg-034-a1,1.0,0.0,1.0,validated
bargaining,full_memory,bargaining:34,1,receiver_3,syn-barg-034-a2,0.0,1.0,-1.0,injected_unvalidated
bargaining,full_memory,bargaining:34,1,receiver_3,syn-barg-034-a3,0.0,0.0,0.0,injected_unvalidated
bargaining,full_memory,bargaining:34,1,receiver_3,syn-barg-034-a4,1.0,1.0,0.0,injected_unvalidated
bargaining,full_memory,bargaining:34,1,receiver_3,syn-barg-034-a5,1.0,1.0,0.0,injected_unvalidated
bargaining,full_memory,bargaining:34,1,receiver_3,syn-barg-034-a6,1.0,0.0,1.0,validated
bargaining,retrieval,bargaining:34,1,receiver_1,syn-barg-034-a1,1.0,0.0,1.0,validated
bargaining,retrieval,bargaining:34,1,receiver_1,syn-barg-034-a2,0.0,1.0,-1.0,injected_unvalidated
bargaining,retrieval,bargaining:34,1,receiver_1,syn-barg-034-a3,0.0,0.0,0.0,injected_unvalidated
bargaining,retrieval,bargaining:34,1,receiver_2,syn-barg-034-a1,1.0,0.0,1.0,validated
bargaining,retrieval,bargaining:34,1,receiver_2,syn-barg-034-a2,1.0,1.0,0.0,injected_unvalidated
bargaining,retrieval,bargaining:34,1,receiver_2,syn-barg-034-a3,0.0,0.0,0.0,injected_unvalidated
bargaining,retrieval,bargaining:34,1,receiver_3,syn-barg-034-a1,1.0,0.0,1.0,validated
bargaining,retrieval,bargaining:34,1,receiver_3,syn-barg-034-a2,0.0,1.0,-1.0,injected_unvalidated
bargaining,retrieval,bargaining:34,1,receiver_3,syn-barg-034-a3,0.0,0.0,0.0,injected_unvalidated
bargaining,smtr_uniform,bargaining:34,1,receiver_1,syn-barg-034-a1,1.0,0.0,1.0,validated
bargaining,smtr_uniform,bargaining:34,1,receiver_1,syn-barg-034-a6,1.0,0.0,1.0,validated
bargaining,smtr_uniform,bargaining:34,1,receiver_2,syn-barg-034-a1,1.0,0.0,1.0,validated
bargaining,smtr_uniform,bargaining:34,1,receiver_2,syn-barg-034-a6,0.0,0.0,0.0,injected_unvalidated
bargaining,smtr_uniform,bargaining:34,1,receiver_3,syn-barg-034-a1,1.0,0.0,1.0,validated
bargaining,smtr_uniform,bargaining:34,1,receiver_3,syn-barg-034-a6,1.0,0.0,1.0,validated
bargaining,smtr_receiver,bargaining:34,1,receiver_1,syn-barg-034-a6,1.0,0.0,1.0,validated
bargaining,smtr_receiver,bargaining:34,1,receiver_1,syn-barg-034-a1,1.0,0.0,1.0,validated
bargaining,smtr_receiver,bargaining:34,1,receiver_2,syn-barg-034-a1,1.0,0.0,1.0,validated
bargaining,smtr_receiver,bargaining:34,1,receiver_3,syn-barg-034-a6,1.0,0.0,1.0,validated
bargaining,smtr_receiver,bargaining:34,1,receiver_3,syn-barg-034-a1,1.0,0.0,1.0,validated
bargaining,full_memory,bargaining:34,2,receiver_1,syn-barg-034-a1,1.0,1.0,0.0,injected_unvalidated
bargaining,full_memory,bargaining:34,2,receiver_1,syn-barg-034-a2,0.0,1.0,-1.0,injected_unvalidated
bargaining,full_memory,bargaining:34,2,receiver_1,syn-barg-034-a3,0.0,0.0,0.0,injected_unvalidated
bargaining,full_memory,bargaining:34,2,receiver_1,syn-barg-034-a4,0.0,0.0,0.0,injected_unvalidated
bargaining,full_memory,bargaining:34,2,receiver_1,syn-barg-034-a5,1.0,0.0,1.0,validated
bargaining,full_memory,bargaining:34,2,receiver_1,syn-barg-034-a6,0.0,0.0,0.0,injected_unvalidated
bargaining,full_memory,bargaining:34,2,receiver_2,syn-barg-034-a1,1.0,1.0,0.0,injected_unvalidated
bargaining,full_memory,bargaining:34,2,receiver_2,syn-barg-034-a2,1.0,1.0,0.0,injected_unvalidated
bargaining,full_memory,bargaining:34,2,receiver_2,syn-barg-034-a3,0.0,0.0,0.0,injected_unvalidated
bargaining,full_memory,bargaining:34,2,receiver_2,syn-barg-034-a4,0.0,0.0,0.0,injected_unvalidated
bargaining,full_memory,bargaining:34,2,receiver_2,syn-barg-034-a5,1.0,0.0,1.0,validated
bargaining,full_memory,bargaining:34,2,receiver_2,syn-barg-034-a6,0.0,0.0,0.0,injected_unvalidated
bargaining,full_memory,bargaining:34,2,receiver_3,syn-barg-034-a1,1.0,1.0,0.0,injected_unvalidated
bargaining,full_memory,bargaining:34,2,receiver_3,syn-barg-034-a2,0.0,1.0,-1.0,injected_unvalidated
bargaining,full_memory,bargaining:34,2,receiver_3,syn-barg-034-a3,0.0,0.0,0.0,injected_unvalidated
bargaining,full_memory,bargaining:34,2,receiver_3,syn-barg-034-a4,0.0,0.0,0.0,injected_unvalidated
bargaining,full_memory,bargaining:34,2,receiver_3,syn-barg-034-a5,0.0,0.0,0.0,injected_unvalidated
bargaining,full_memory,bargaining:34,2,receiver_3,syn-barg-034-a6,0.0,0.0,0.0,injected_unvalidated
bargaining,retrieval,bargaining:34,2,receiver_1,syn-barg-034-a1,1.0,1.0,0.0,injected_unvalidated
bargaining,retrieval,bargaining:34,2,receiver_1,syn-barg-034-a2,0.0,1.0,-1.0,injected_unvalidated
bargaining,retrieval,bargaining:34,2,receiver_1,syn-barg-034-a3,0.0,0.0,0.0,injected_unvalidated
bargaining,retrieval,bargaining:34,2,receiver_2,syn-barg-034-a1,1.0,1.0,0.0,injected_unvalidated
bargaining,retrieval,bargaining:34,2,receiver_2,syn-barg-034-a2,1.0,1.0,0.0,injected_unvalidated
bargaining,retrieval,bargaining:34,2,receiver_2,syn-barg-034-a3,0.0,0.0,0.0,injected_unvalidated
bargaining,retrieval,bargaining:34,2,receiver_3,syn-barg-034-a1,1.0,1.0,0.0,injected_unvalidated
bargaining,retrieval,bargaining:34,2,receiver_3,syn-barg-034-a2,0.0,1.0,-1.0,injected_unvalidated
bargaining,retrieval,bargaining:34,2,receiver_3,syn-barg-034-a3,0.0,0.0,0.0,injected_unvalidated
bargaining,smtr_uniform,bargaining:34,2,receiver_1,syn-barg-034-a5,1.0,0.0,1.0,validated
bargaining,smtr_uniform,bargaining:34,2,receiver_2,syn-barg-034-a5,1.0,0.0,1.0,validated
bargaining,smtr_uniform,bargaining:34,2,receiver_3,syn-barg-034-a5,0.0,0.0,0.0,injected_unvalidated
bargaining,smtr_receiver,bargaining:34,2,receiver_1,syn-barg-034-a5,1.0,0.0,1.0,validated
bargaining,smtr_receiver,bargaining:34,2,receiver_2,syn-barg-034-a5,1.0,0.0,1.0,validated
bargaining,full_memory,bargaining:36,0,receiver_1,syn-barg-036-a1,0.0,0.0,0.0,injected_unvalidated
bargaining,full_memory,bargaining:36,0,receiver_1,syn-barg-036-a2,1.0,1.0,0.0,injected_unvalidated
bargaining,full_memory,bargaining:36,0,receiver_1,syn-barg-036-a3,1.0,1.0,0.0,injected_unvalidated
bargaining,full_memory,bargaining:36,0,receiver_1,syn-barg-036-a4,1.0,1.0,0.0,injected_unvalidated
bargaining,full_memory,bargaining:36,0,receiver_1,syn-barg-036-a5,1.0,1.0,0.0,injected_unvalidated
bargaining,full_memory,bargaining:36,0,receiver_1,syn-barg-036-a6,0.0,0.0,0.0,injected_unvalidated
bargaining,full_memory,bargaining:36,0,receiver_2,syn-barg-036-a1,1.0,0.0,1.0,validated
bargaining,full_memory,bargaining:36,0,receiver_2,syn-barg-036-a2,1.0,1.0,0.0,injected_unvalidated
bargaining,full_memory,bargaining:36,0,receiver_2,syn-barg-036-a3,1.0,1.0,0.0,injected_unvalidated
bargaining,full_memory,bargaining:36,0,receiver_2,syn-barg-036-a4,1.0,1.0,0.0,injected_unvalidated
bargaining,full_memory,bargaining:36,0,receiver_2,syn-barg-036-a5,1.0,1.0,0.0,injected_unvalidated
bargaining,full_memory,bargaining:36,0,receiver_2,syn-barg-036-a6,0.0,0.0,0.0,injected_unvalidated
bargaining,full_memory,bargaining:36,0,receiver_3,syn-barg-036-a1,1.0,0.0,1.0,validated
bargaining,full_memory,bargaining:36,0,receiver_3,syn-barg-036-a2,1.0,1.0,0.0,injected_unvalidated
bargaining,full_memory,bargaining:36,0,receiver_3,syn-barg-036-a3,1.0,1.0,0.0,injected_unvalidated
bargaining,full_memory,bargaining:36,0,receiver_3,syn-barg-036-a4,1.0,1.0,0.0,injected_unvalidated
bargaining,full_memory,bargaining:36,0,receiver_3,syn-barg-036-a5,1.0,1.0,0.0,injected_unvalidated
bargaining,full_memory,bargaining:36,0,receiver_3,syn-barg-036-a6,0.0,1.0,-1.0,injected_unvalidated
bargaining,retrieval,bargaining:36,0,receiver_1,syn-barg-036-a1,0.0,0.0,0.0,injected_unvalidated
bargaining,retrieval,bargaining:36,0,receiver_1,syn-barg-036-a2,1.0,1.0,0.0,injected_unvalidated
bargaining,retrieval,bargaining:36,0,receiver_1,syn-barg-036-a3,1.0,1.0,0.0,injected_unvalidated
bargaining,retrieval,bargaining:36,0,receiver_2,syn-barg-036-a1,1.0,0.0,1.0,validated
bargaining,retrieval,bargaining:36,0,receiver_2,syn-barg-036-a2,1.0,1.0,0.0,injected_unvalidated
bargaining,retrieval,bargaining:36,0,receiver_2,syn-barg-036-a3,1.0,1.0,0.0,injected_unvalidated
bargaining,retrieval,bargaining:36,0,receiver_3,syn-barg-036-a1,1.0,0.0,1.0,validated
bargaining,retrieval,bargaining:36,0,receiver_3,syn-barg-036-a2,1.0,1.0,0.0,injected_unvalidated
bargaining,retrieval,bargaining:36,0,receiver_3,syn-barg-036-a3,1.0,1.0,0.0,injected_unvalidated
bargaining,smtr_uniform,bargaining:36,0,receiver_1,syn-barg-036-a1,0.0,0.0,0.0,injected_unvalidated
bargaining,smtr_uniform,bargaining:36,0,receiver_2,syn-barg-036-a1,1.0,0.0,1.0,validated
bargaining,smtr_uniform,bargaining:36,0,receiver_3,syn-barg-036-a1,1.0,0.0,1.0,validated
bargaining,smtr_receiver,bargaining:36,0,receiver_2,syn-barg-036-a1,1.0,0.0,1.0,validated
bargaining,smtr_receiver,bargaining:36,0,receiver_3,syn-barg-036-a1,1.0,0.0,1.0,validated
bargaining,full_memory,bargaining:36,1,receiver_1,syn-barg-036-a1,1.0,1.0,0.0,injected_unvalidated
bargaining,full_memory,bargaining:36,1,receiver_1,syn-barg-036-a2,0.0,1.0,-1.0,injected_unvalidated
bargaining,full_memory,bargaining:36,1,receiver_1,syn-barg-036-a3,0.0,0.0,0.0,injected_unvalidated
bargaining,full_memory,bargaining:36,1,receiver_1,syn-barg-036-a4,0.0,0.0,0.0,injected_unvalidated
bargaining,full_memory,bargaining:36,1,receiver_1,syn-barg-036-a5,1.0,1.0,0.0,injected_unvalidated
bargaining,full_memory,bargaining:36,1,receiver_1,syn-barg-036-a6,1.0,0.0,1.0,validated
bargaining,full_memory,bargaining:36,1,receiver_2,syn-barg-036-a1,1.0,1.0,0.0,injected_unvalidated
bargaining,full_memory,bargaining:36,1,receiver_2,syn-barg-036-a2,1.0,1.0,0.0,injected_unvalidated
bargaining,full_memory,bargaining:36,1,receiver_2,syn-barg-036-a3,0.0,0.0,0.0,injected_unvalidated
bargaining,full_memory,bargaining:36,1,receiver_2,syn-barg-036-a4,1.0,0.0,1.0,validated
bargaining,full_memory,bargaining:36,1,receiver_2,syn-barg-036-a5,1.0,1.0,0.0,injected_unvalidated
bargaining,full_memory,bargaining:36,1,receiver_2,syn-barg-036-a6,1.0,0.0,1.0,validated
bargaining,full_memory,bargaining:36,1,receiver_3,syn-barg-036-a1,1.0,1.0,0.0,injected_unvalidated
bargaining,full_memory,bargaining:36,1,receiver_3,syn-barg-036-a2,0.0,1.0,-1.0,injected_unvalidated
bargaining,full_memory,bargaining:36,1,receiver_3,syn-barg-036-a3,0.0,0.0,0.0,injected_unvalidated
bargaining,full_memory,bargaining:36,1,receiver_3,syn-barg-036-a4,0.0,0.0,0.0,injected_unvalidated
bargaining,full_memory,bargaining:36,1,receiver_3,syn-barg-036-a5,1.0,1.0,0.0,injected_unvalidated
bargaining,full_memory,bargaining:36,1,receiver_3,syn-barg-036-a6,1.0,0.0,1.0,validated
bargaining,retrieval,bargaining:36,1,receiver_1,syn-barg-036-a1,1.0,1.0,0.0,injected_unvalidated
bargaining,retrieval,bargaining:36,1,receiver_1,syn-barg-036-a2,0.0,1.0,-1.0,injected_unvalidated
bargaining,retrieval,bargaining:36,1,receiver_1,syn-barg-036-a3,0.0,0.0,0.0,injected_unvalidated
bargaining,retrieval,bargaining:36,1,receiver_2,syn-barg-036-a1,1.0,1.0,0.0,injected_unvalidated
bargaining,retrieval,bargaining:36,1,receiver_2,syn-barg-036-a2,1.0,1.0,0.0,injected_unvalidated
bargaining,retrieval,bargaining:36,1,receiver_2,syn-barg-036-a3,0.0,0.0,0.0,injected_unvalidated
bargaining,retrieval,bargaining:36,1,receiver_3,syn-barg-036-a1,1.0,1.0,0.0,injected_unvalidated
bargaining,retrieval,bargaining:36,1,receiver_3,syn-barg-036-a2,0.0,1.0,-1.0,injected_unvalidated
bargaining,retrieval,bargaining:36,1,receiver_3,syn-barg-036-a3,0.0,0.0,0.0,injected_unvalidated
bargaining,smtr_uniform,bargaining:36,1,receiver_1,syn-barg-036-a6,1.0,0.0,1.0,validated
bargaining,smtr_uniform,bargaining:36,1,receiver_1,syn-barg-036-a4,0.0,0.0,0.0,injected_unvalidated
bargaining,smtr_uniform,bargaining:36,1,receiver_2,syn-barg-036-a6,1.0,0.0,1.0,validated
bargaining,smtr_uniform,bargaining:36,1,receiver_2,syn-barg-036-a4,1.0,0.0,1.0,validated
bargaining,smtr_uniform,bargaining:36,1,receiver_3,syn-barg-036-a6,1.0,0.0,1.0,validated
bargaining,smtr_uniform,bargaining:36,1,receiver_3,syn-barg-036-a4,0.0,0.0,0.0,injected_unvalidated
bargaining,smtr_receiver,bargaining:36,1,receiver_1,syn-barg-036-a6,1.0,0.0,1.0,validated
bargaining,smtr_receiver,bargaining:36,1,receiver_2,syn-barg-036-a6,1.0,0.0,1.0,validated
bargaining,smtr_receiver,bargaining:36,1,receiver_2,syn-barg-036-a4,1.0,0.0,1.0,validated
bargaining,smtr_receiver,bargaining:36,1,receiver_3,syn-barg-036-a6,1.0,0.0,1.0,validated
bargaining,full_memory,bargaining:36,2,receiver_1,syn-barg-036-a1,1.0,1.0,0.0,injected_unvalidated
bargaining,full_memory,bargaining:36,2,receiver_1,syn-barg-036-a2,0.0,1.0,-1.0,injected_unvalidated
bargaining,full_memory,bargaining:36,2,receiver_1,syn-barg-036-a3,1.0,1.0,0.0,injected_unvalidated
bargaining,full_memory,bargaining:36,2,receiver_1,syn-barg-036-a4,1.0,1.0,0.0,injected_unvalidated
bargaining,full_memory,bargaining:36,2,receiver_1,syn-barg-036-a5,1.0,1.0,0.0,injected_unvalidated
bargaining,full_memory,bargaining:36,2,receiver_1,syn-barg-036-a6,1.0,1.0,0.0,injected_unvalidated
bargaining,full_memory,bargaining:36,2,receiver_2,syn-barg-036-a1,1.0,1.0,0.0,injected_unvalidated
bargaining,full_memory,bargaining:36,2,receiver_2,syn-barg-036-a2,1.0,1.0,0.0,injected_unvalidated
bargaining,full_memory,bargaining:36,2,receiver_2,syn-barg-036-a3,1.0,1.0,0.0,injected_unvalidated
bargaining,full_memory,bargaining:36,2,receiver_2,syn-barg-036-a4,1.0,1.0,0.0,injected_unvalidated
bargaining,full_memory,bargaining:36,2,receiver_2,syn-barg-036-a5,1.0,1.0,0.0,injected_unvalidated
bargaining,full_memory,bargaining:36,2,receiver_2,syn-barg-036-a6,1.0,1.0,0.0,injected_unvalidated
bargaining,full_memory,bargaining:36,2,receiver_3,syn-barg-036-a1,1.0,1.0,0.0,injected_unvalidated
bargaining,full_memory,bargaining:36,2,receiver_3,syn-barg-036-a2,0.0,1.0,-1.0,injected_unvalidated
bargaining,full_memory,bargaining:36,2,receiver_3,syn-barg-036-a3,1.0,1.0,0.0,injected_unvalidated
bargaining,full_memory,bargaining:36,2,receiver_3,syn-barg-036-a4,1.0,1.0,0.0,injected_unvalidated
bargaining,full_memory,bargaining:36,2,receiver_3,syn-barg-036-a5,1.0,1.0,0.0,injected_unvalidated
bargaining,full_memory,bargaining:36,2,receiver_3,syn-barg-036-a6,0.0,1.0,-1.0,injected_unvalidated
bargaining,retrieval,bargaining:36,2,receiver_1,syn-barg-036-a1,1.0,1.0,0.0,injected_unvalidated
bargaining,retrieval,bargaining:36,2,receiver_1,syn-barg-036-a2,0.0,1.0,-1.0,injected_unvalidated
bargaining,retrieval,bargaining:36,2,receiver_1,syn-barg-036-a3,1.0,1.0,0.0,injected_unvalidated
bargaining,retrieval,bargaining:36,2,receiver_2,syn-barg-036-a1,1.0,1.0,0.0,injected_unvalidated
bargaining,retrieval,bargaining:36,2,receiver_2,syn-barg-036-a2,1.0,1.0,0.0,injected_unvalidated
bargaining,retrieval,bargaining:36,2,receiver_2,syn-barg-036-a3,1.0,1.0,0.0,injected_unvalidated
bargaining,retrieval,bargaining:36,2,receiver_3,syn-barg-036-a1,1.0,1.0,0.0,injected_unvalidated
bargaining,retrieval,bargaining:36,2,receiver_3,syn-barg-036-a2,0.0,1.0,-1.0,injected_unvalidated
bargaining,retrieval,bargaining:36,2,receiver_3,syn-barg-036-a3,1.0,1.0,0.0,injected_unvalidated
